trading_date,spread_mid,contracts,price_01,front_contract,contract_leg
2018-07-26,1.2,"sc1809,sc1810",501.9,sc1809,1-2
2018-07-27,1.7,"sc1809,sc1810",506.1,sc1809,1-2
2018-07-30,1.4,"sc1809,sc1810",507.1,sc1809,1-2
2018-07-31,1.8,"sc1809,sc1810",513.9,sc1809,1-2
2018-08-01,1.2,"sc1809,sc1810",506.0,sc1809,1-2
2018-08-02,1.1,"sc1809,sc1810",501.6,sc1809,1-2
2018-08-03,1.9,"sc1809,sc1810",508.8,sc1809,1-2
2018-08-06,1.7,"sc1809,sc1810",512.3,sc1809,1-2
2018-08-07,3.0,"sc1809,sc1810",534.1,sc1809,1-2
2018-08-08,5.5,"sc1809,sc1810",527.2,sc1809,1-2
2018-08-09,6.0,"sc1809,sc1810",518.9,sc1809,1-2
2018-08-10,8.5,"sc1809,sc1810",520.0,sc1809,1-2
2018-08-13,10.1,"sc1809,sc1810",522.5,sc1809,1-2
2018-08-14,8.0,"sc1809,sc1810",519.3,sc1809,1-2
2018-08-15,7.3,"sc1809,sc1810",519.4,sc1809,1-2
2018-08-16,8.2,"sc1809,sc1810",508.0,sc1809,1-2
2018-08-17,7.5,"sc1809,sc1810",505.2,sc1809,1-2
2018-08-20,0.1,"sc1809,sc1810",493.2,sc1809,1-2
2018-08-21,-10.1,"sc1809,sc1810",480.5,sc1809,1-2
2018-08-22,-10.1,"sc1809,sc1810",479.8,sc1809,1-2
2018-08-23,-9.3,"sc1809,sc1810",485.0,sc1809,1-2
2018-08-24,-11.6,"sc1809,sc1810",482.1,sc1809,1-2
2018-08-27,-11.9,"sc1809,sc1810",482.2,sc1809,1-2
2018-08-28,-7.5,"sc1809,sc1810",486.6,sc1809,1-2
2018-08-29,-7.4,"sc1809,sc1810",485.7,sc1809,1-2
2018-08-30,-9.6,"sc1809,sc1810",488.6,sc1809,1-2
2018-08-31,-16.5,"sc1809,sc1810",488.3,sc1809,1-2
2018-09-03,-6.9,"sc1810,sc1811",503.0,sc1810,1-2
2018-09-04,-8.7,"sc1810,sc1811",504.6,sc1810,1-2
2018-09-05,-9.6,"sc1810,sc1811",505.4,sc1810,1-2
2018-09-06,-9.8,"sc1810,sc1811",501.1,sc1810,1-2
2018-09-07,-9.1,"sc1810,sc1811",496.7,sc1810,1-2
2018-09-10,-8.6,"sc1810,sc1811",498.5,sc1810,1-2
2018-09-11,-10.8,"sc1810,sc1811",500.6,sc1810,1-2
2018-09-12,-17.2,"sc1810,sc1811",503.6,sc1810,1-2
2018-09-13,-7.2,"sc1810,sc1811",515.3,sc1810,1-2
2018-09-14,-15.3,"sc1810,sc1811",501.3,sc1810,1-2
2018-09-17,-4.7,"sc1810,sc1811",510.3,sc1810,1-2
2018-09-18,-7.3,"sc1810,sc1811",507.7,sc1810,1-2
2018-09-19,10.5,"sc1810,sc1811",528.5,sc1810,1-2
2018-09-20,8.0,"sc1810,sc1811",532.4,sc1810,1-2
2018-09-21,-9.8,"sc1811,sc1812",521.7,sc1811,1-2
2018-09-25,-9.0,"sc1811,sc1812",540.6,sc1811,1-2
2018-09-26,-10.6,"sc1811,sc1812",542.6,sc1811,1-2
2018-09-27,-9.4,"sc1811,sc1812",545.3,sc1811,1-2
2018-09-28,-8.0,"sc1811,sc1812",548.3,sc1811,1-2
2018-10-08,-8.5,"sc1811,sc1812",561.2,sc1811,1-2
2018-10-10,-4.0,"sc1811,sc1812",583.0,sc1811,1-2
2018-10-11,-3.2,"sc1811,sc1812",579.7,sc1811,1-2
2018-10-12,-7.1,"sc1811,sc1812",562.6,sc1811,1-2
2018-10-15,-5.9,"sc1811,sc1812",563.6,sc1811,1-2
2018-10-16,-10.0,"sc1811,sc1812",555.3,sc1811,1-2
2018-10-17,-13.6,"sc1811,sc1812",543.4,sc1811,1-2
2018-10-18,6.2,"sc1811,sc1812",559.3,sc1811,1-2
2018-10-19,-2.2,"sc1811,sc1812",551.4,sc1811,1-2
2018-10-22,-7.1,"sc1811,sc1812",549.7,sc1811,1-2
2018-10-23,-2.2,"sc1811,sc1812",552.7,sc1811,1-2
2018-10-24,33.5,"sc1811,sc1812",572.0,sc1811,1-2
2018-10-25,16.2,"sc1811,sc1812",554.4,sc1811,1-2
2018-10-26,38.1,"sc1811,sc1812",577.5,sc1811,1-2
2018-10-29,36.4,"sc1811,sc1812",576.7,sc1811,1-2
2018-10-30,37.6,"sc1811,sc1812",576.7,sc1811,1-2
2018-10-31,40.8,"sc1811,sc1812",573.3,sc1811,1-2
2018-11-01,-6.6,"sc1812,sc1901",527.8,sc1812,1-2
2018-11-02,-4.9,"sc1812,sc1901",513.7,sc1812,1-2
2018-11-05,-5.0,"sc1812,sc1901",507.8,sc1812,1-2
2018-11-06,-5.6,"sc1812,sc1901",512.2,sc1812,1-2
2018-11-07,-5.0,"sc1812,sc1901",504.4,sc1812,1-2
2018-11-08,-3.8,"sc1812,sc1901",502.7,sc1812,1-2
2018-11-09,-4.4,"sc1812,sc1901",497.8,sc1812,1-2
2018-11-12,-5.5,"sc1812,sc1901",492.9,sc1812,1-2
2018-11-13,-6.8,"sc1812,sc1901",491.9,sc1812,1-2
2018-11-14,-4.3,"sc1812,sc1901",473.8,sc1812,1-2
2018-11-15,-7.7,"sc1812,sc1901",461.7,sc1812,1-2
2018-11-16,-8.0,"sc1812,sc1901",465.0,sc1812,1-2
2018-11-19,-8.1,"sc1812,sc1901",466.7,sc1812,1-2
2018-11-20,-8.1,"sc1812,sc1901",459.7,sc1812,1-2
2018-11-21,-7.6,"sc1812,sc1901",441.8,sc1812,1-2
2018-11-22,-8.6,"sc1812,sc1901",438.6,sc1812,1-2
2018-11-23,-8.7,"sc1812,sc1901",432.0,sc1812,1-2
2018-11-26,-7.8,"sc1812,sc1901",411.4,sc1812,1-2
2018-11-27,-13.0,"sc1812,sc1901",409.1,sc1812,1-2
2018-11-28,-10.6,"sc1812,sc1901",413.0,sc1812,1-2
2018-11-29,-9.8,"sc1812,sc1901",407.2,sc1812,1-2
2018-11-30,-19.3,"sc1812,sc1901",396.7,sc1812,1-2
2018-12-03,-5.9,"sc1901,sc1902",419.4,sc1901,1-2
2018-12-04,-5.2,"sc1901,sc1902",428.6,sc1901,1-2
2018-12-05,-5.1,"sc1901,sc1902",428.3,sc1901,1-2
2018-12-06,-4.5,"sc1901,sc1902",428.0,sc1901,1-2
2018-12-07,-5.0,"sc1901,sc1902",413.3,sc1901,1-2
2018-12-10,-5.3,"sc1901,sc1902",431.1,sc1901,1-2
2018-12-11,-5.6,"sc1901,sc1902",421.8,sc1901,1-2
2018-12-12,-4.9,"sc1901,sc1902",423.7,sc1901,1-2
2018-12-13,-3.8,"sc1901,sc1902",424.6,sc1901,1-2
2018-12-14,-3.1,"sc1901,sc1902",422.5,sc1901,1-2
2018-12-17,-4.0,"sc1901,sc1902",419.0,sc1901,1-2
2018-12-18,-5.4,"sc1901,sc1902",411.6,sc1901,1-2
2018-12-19,-5.8,"sc1901,sc1902",395.1,sc1901,1-2
2018-12-20,0.3,"sc1901,sc1902",398.1,sc1901,1-2
2018-12-21,10.2,"sc1901,sc1902",400.9,sc1901,1-2
2018-12-24,12.4,"sc1901,sc1902",394.5,sc1901,1-2
2018-12-25,13.8,"sc1901,sc1902",385.0,sc1901,1-2
2018-12-26,13.0,"sc1901,sc1902",374.7,sc1901,1-2
2018-12-27,10.2,"sc1901,sc1902",381.0,sc1901,1-2
2018-12-28,4.2,"sc1901,sc1902",377.0,sc1901,1-2
2019-01-02,-4.0,"sc1902,sc1903",370.7,sc1902,1-2
2019-01-03,-4.5,"sc1902,sc1903",379.8,sc1902,1-2
2019-01-04,-5.2,"sc1902,sc1903",388.7,sc1902,1-2
2019-01-07,-4.7,"sc1902,sc1903",401.4,sc1902,1-2
2019-01-08,-3.2,"sc1902,sc1903",405.1,sc1902,1-2
2019-01-09,-0.8,"sc1902,sc1903",412.2,sc1902,1-2
2019-01-10,0.6,"sc1902,sc1903",423.6,sc1902,1-2
2019-01-11,0.3,"sc1902,sc1903",424.5,sc1902,1-2
2019-01-14,-2.9,"sc1902,sc1903",416.3,sc1902,1-2
2019-01-15,-3.5,"sc1902,sc1903",412.4,sc1902,1-2
2019-01-16,-9.3,"sc1902,sc1903",410.5,sc1902,1-2
2019-01-17,-10.9,"sc1902,sc1903",411.8,sc1902,1-2
2019-01-18,-15.9,"sc1902,sc1903",410.5,sc1902,1-2
2019-01-21,-22.3,"sc1902,sc1903",414.6,sc1902,1-2
2019-01-22,-21.3,"sc1902,sc1903",417.2,sc1902,1-2
2019-01-23,-1.0,"sc1902,sc1903",427.6,sc1902,1-2
2019-01-24,-4.2,"sc1902,sc1903",423.6,sc1902,1-2
2019-01-25,-5.5,"sc1902,sc1903",422.6,sc1902,1-2
2019-01-28,-0.9,"sc1903,sc1904",427.8,sc1903,1-2
2019-01-29,-0.6,"sc1903,sc1904",417.9,sc1903,1-2
2019-01-30,1.4,"sc1903,sc1904",425.2,sc1903,1-2
2019-01-31,1.8,"sc1903,sc1904",431.4,sc1903,1-2
2019-02-01,2.3,"sc1903,sc1904",429.8,sc1903,1-2
2019-02-11,0.1,"sc1903,sc1904",428.2,sc1903,1-2
2019-02-12,-2.4,"sc1903,sc1904",428.7,sc1903,1-2
2019-02-13,-4.0,"sc1903,sc1904",433.3,sc1903,1-2
2019-02-14,-5.4,"sc1903,sc1904",435.9,sc1903,1-2
2019-02-15,-5.3,"sc1903,sc1904",441.7,sc1903,1-2
2019-02-18,-7.0,"sc1903,sc1904",450.6,sc1903,1-2
2019-02-20,-7.2,"sc1903,sc1904",451.2,sc1903,1-2
2019-02-21,-7.9,"sc1903,sc1904",449.6,sc1903,1-2
2019-02-22,-8.1,"sc1903,sc1904",446.4,sc1903,1-2
2019-02-25,-8.2,"sc1903,sc1904",446.3,sc1903,1-2
2019-02-26,-8.5,"sc1903,sc1904",426.8,sc1903,1-2
2019-02-27,-9.7,"sc1903,sc1904",427.3,sc1903,1-2
2019-02-28,-11.4,"sc1903,sc1904",430.1,sc1903,1-2
2019-03-01,-3.6,"sc1904,sc1905",443.0,sc1904,1-2
2019-03-04,-2.3,"sc1904,sc1905",438.4,sc1904,1-2
2019-03-05,-2.8,"sc1904,sc1905",438.4,sc1904,1-2
2019-03-06,-2.3,"sc1904,sc1905",433.8,sc1904,1-2
2019-03-07,-1.1,"sc1904,sc1905",439.7,sc1904,1-2
2019-03-08,-2.1,"sc1904,sc1905",439.9,sc1904,1-2
2019-03-11,-4.2,"sc1904,sc1905",432.9,sc1904,1-2
2019-03-12,-5.3,"sc1904,sc1905",444.9,sc1904,1-2
2019-03-13,-5.6,"sc1904,sc1905",444.2,sc1904,1-2
2019-03-14,-3.3,"sc1904,sc1905",450.4,sc1904,1-2
2019-03-15,-1.6,"sc1904,sc1905",452.2,sc1904,1-2
2019-03-18,0.9,"sc1904,sc1905",450.1,sc1904,1-2
2019-03-19,6.0,"sc1904,sc1905",461.8,sc1904,1-2
2019-03-20,7.5,"sc1904,sc1905",462.5,sc1904,1-2
2019-03-21,6.2,"sc1904,sc1905",466.3,sc1904,1-2
2019-03-22,7.1,"sc1904,sc1905",467.7,sc1904,1-2
2019-03-25,7.7,"sc1904,sc1905",459.0,sc1904,1-2
2019-03-26,5.1,"sc1904,sc1905",459.1,sc1904,1-2
2019-03-27,4.4,"sc1904,sc1905",463.3,sc1904,1-2
2019-03-28,6.0,"sc1904,sc1905",462.2,sc1904,1-2
2019-03-29,-0.9,"sc1904,sc1905",453.5,sc1904,1-2
2019-04-01,1.5,"sc1905,sc1906",459.4,sc1905,1-2
2019-04-02,1.8,"sc1905,sc1906",467.5,sc1905,1-2
2019-04-03,2.2,"sc1905,sc1906",471.7,sc1905,1-2
2019-04-04,1.5,"sc1905,sc1906",469.5,sc1905,1-2
2019-04-08,-0.4,"sc1905,sc1906",478.2,sc1905,1-2
2019-04-09,0.4,"sc1905,sc1906",479.3,sc1905,1-2
2019-04-10,0.0,"sc1905,sc1906",475.7,sc1905,1-2
2019-04-11,0.6,"sc1905,sc1906",480.3,sc1905,1-2
2019-04-12,-0.2,"sc1905,sc1906",475.8,sc1905,1-2
2019-04-15,-0.5,"sc1905,sc1906",473.7,sc1905,1-2
2019-04-16,-3.4,"sc1905,sc1906",468.2,sc1905,1-2
2019-04-17,-3.1,"sc1905,sc1906",470.7,sc1905,1-2
2019-04-18,-2.0,"sc1905,sc1906",472.0,sc1905,1-2
2019-04-19,-2.0,"sc1905,sc1906",472.5,sc1905,1-2
2019-04-22,-1.7,"sc1905,sc1906",480.3,sc1905,1-2
2019-04-23,-4.8,"sc1905,sc1906",489.0,sc1905,1-2
2019-04-24,-4.5,"sc1905,sc1906",493.2,sc1905,1-2
2019-04-25,-5.4,"sc1905,sc1906",494.7,sc1905,1-2
2019-04-26,-4.1,"sc1905,sc1906",499.5,sc1905,1-2
2019-04-29,0.9,"sc1905,sc1906",485.7,sc1905,1-2
2019-04-30,2.7,"sc1905,sc1906",488.1,sc1905,1-2
2019-05-06,0.7,"sc1906,sc1907",472.5,sc1906,1-2
2019-05-07,1.1,"sc1906,sc1907",483.5,sc1906,1-2
2019-05-08,1.7,"sc1906,sc1907",480.2,sc1906,1-2
2019-05-09,2.1,"sc1906,sc1907",482.6,sc1906,1-2
2019-05-10,1.8,"sc1906,sc1907",486.1,sc1906,1-2
2019-05-13,1.4,"sc1906,sc1907",491.3,sc1906,1-2
2019-05-14,1.6,"sc1906,sc1907",497.1,sc1906,1-2
2019-05-15,2.3,"sc1906,sc1907",501.2,sc1906,1-2
2019-05-16,1.8,"sc1906,sc1907",505.5,sc1906,1-2
2019-05-17,2.2,"sc1906,sc1907",512.3,sc1906,1-2
2019-05-20,2.5,"sc1906,sc1907",514.2,sc1906,1-2
2019-05-21,-1.4,"sc1906,sc1907",507.1,sc1906,1-2
2019-05-22,-2.1,"sc1906,sc1907",504.0,sc1906,1-2
2019-05-23,-3.0,"sc1906,sc1907",494.0,sc1906,1-2
2019-05-24,-1.2,"sc1906,sc1907",469.7,sc1906,1-2
2019-05-27,3.0,"sc1906,sc1907",473.7,sc1906,1-2
2019-05-28,-0.8,"sc1906,sc1907",475.0,sc1906,1-2
2019-05-29,-5.3,"sc1906,sc1907",470.2,sc1906,1-2
2019-05-30,-7.0,"sc1906,sc1907",466.1,sc1906,1-2
2019-05-31,1.2,"sc1906,sc1907",461.2,sc1906,1-2
2019-06-03,1.8,"sc1907,sc1908",435.2,sc1907,1-2
2019-06-04,-1.3,"sc1907,sc1908",425.5,sc1907,1-2
2019-06-05,-1.5,"sc1907,sc1908",426.2,sc1907,1-2
2019-06-06,-1.1,"sc1907,sc1908",417.6,sc1907,1-2
2019-06-10,-0.8,"sc1907,sc1908",434.5,sc1907,1-2
2019-06-11,-1.3,"sc1907,sc1908",429.9,sc1907,1-2
2019-06-12,-2.6,"sc1907,sc1908",426.1,sc1907,1-2
2019-06-13,-1.4,"sc1907,sc1908",420.2,sc1907,1-2
2019-06-14,-1.2,"sc1907,sc1908",425.5,sc1907,1-2
2019-06-17,-0.7,"sc1907,sc1908",427.3,sc1907,1-2
2019-06-18,-0.9,"sc1907,sc1908",419.6,sc1907,1-2
2019-06-19,-5.6,"sc1907,sc1908",420.0,sc1907,1-2
2019-06-20,-6.6,"sc1907,sc1908",418.9,sc1907,1-2
2019-06-21,-7.5,"sc1907,sc1908",431.6,sc1907,1-2
2019-06-24,-8.6,"sc1907,sc1908",436.8,sc1907,1-2
2019-06-25,-9.6,"sc1907,sc1908",431.2,sc1907,1-2
2019-06-26,-12.8,"sc1907,sc1908",432.9,sc1907,1-2
2019-06-27,-14.8,"sc1907,sc1908",435.9,sc1907,1-2
2019-06-28,-10.6,"sc1907,sc1908",437.4,sc1907,1-2
2019-07-01,-0.7,"sc1908,sc1909",447.3,sc1908,1-2
2019-07-02,-1.8,"sc1908,sc1909",442.0,sc1908,1-2
2019-07-03,-3.8,"sc1908,sc1909",430.2,sc1908,1-2
2019-07-04,-2.6,"sc1908,sc1909",431.9,sc1908,1-2
2019-07-05,-3.0,"sc1908,sc1909",431.3,sc1908,1-2
2019-07-08,-2.8,"sc1908,sc1909",439.1,sc1908,1-2
2019-07-09,-0.9,"sc1908,sc1909",443.9,sc1908,1-2
2019-07-10,-0.9,"sc1908,sc1909",441.6,sc1908,1-2
2019-07-11,-0.9,"sc1908,sc1909",455.7,sc1908,1-2
2019-07-12,-1.1,"sc1908,sc1909",457.8,sc1908,1-2
2019-07-15,-1.5,"sc1908,sc1909",454.8,sc1908,1-2
2019-07-16,-2.3,"sc1908,sc1909",453.0,sc1908,1-2
2019-07-17,-4.3,"sc1908,sc1909",443.7,sc1908,1-2
2019-07-18,-5.2,"sc1908,sc1909",433.5,sc1908,1-2
2019-07-19,-6.9,"sc1908,sc1909",421.6,sc1908,1-2
2019-07-22,-7.0,"sc1908,sc1909",423.1,sc1908,1-2
2019-07-23,-7.0,"sc1908,sc1909",427.4,sc1908,1-2
2019-07-24,-7.1,"sc1908,sc1909",430.4,sc1908,1-2
2019-07-25,-7.1,"sc1908,sc1909",433.4,sc1908,1-2
2019-07-26,-6.3,"sc1908,sc1909",435.8,sc1908,1-2
2019-07-29,-5.8,"sc1908,sc1909",435.5,sc1908,1-2
2019-07-30,-16.3,"sc1908,sc1909",425.2,sc1908,1-2
2019-07-31,-17.2,"sc1908,sc1909",427.5,sc1908,1-2
2019-08-01,-3.3,"sc1909,sc1910",444.0,sc1909,1-2
2019-08-02,-2.8,"sc1909,sc1910",432.1,sc1909,1-2
2019-08-05,-2.6,"sc1909,sc1910",433.5,sc1909,1-2
2019-08-06,-1.9,"sc1909,sc1910",429.4,sc1909,1-2
2019-08-07,-1.6,"sc1909,sc1910",423.3,sc1909,1-2
2019-08-08,-0.9,"sc1909,sc1910",408.6,sc1909,1-2
2019-08-09,0.1,"sc1909,sc1910",409.9,sc1909,1-2
2019-08-12,1.1,"sc1909,sc1910",418.8,sc1909,1-2
2019-08-13,0.8,"sc1909,sc1910",419.7,sc1909,1-2
2019-08-14,2.3,"sc1909,sc1910",430.9,sc1909,1-2
2019-08-15,2.1,"sc1909,sc1910",420.5,sc1909,1-2
2019-08-16,4.1,"sc1909,sc1910",418.6,sc1909,1-2
2019-08-19,6.6,"sc1909,sc1910",425.7,sc1909,1-2
2019-08-20,7.3,"sc1909,sc1910",432.8,sc1909,1-2
2019-08-21,5.8,"sc1909,sc1910",429.5,sc1909,1-2
2019-08-22,5.3,"sc1909,sc1910",432.7,sc1909,1-2
2019-08-23,2.9,"sc1909,sc1910",428.5,sc1909,1-2
2019-08-26,1.5,"sc1909,sc1910",422.8,sc1909,1-2
2019-08-27,2.6,"sc1909,sc1910",425.2,sc1909,1-2
2019-08-28,-0.8,"sc1909,sc1910",423.0,sc1909,1-2
2019-08-29,-1.7,"sc1909,sc1910",429.0,sc1909,1-2
2019-08-30,-24.7,"sc1909,sc1910",411.8,sc1909,1-2
2019-09-02,3.9,"sc1910,sc1911",432.7,sc1910,1-2
2019-09-03,3.6,"sc1910,sc1911",430.3,sc1910,1-2
2019-09-04,3.9,"sc1910,sc1911",425.5,sc1910,1-2
2019-09-05,4.1,"sc1910,sc1911",439.2,sc1910,1-2
2019-09-06,4.2,"sc1910,sc1911",445.1,sc1910,1-2
2019-09-09,5.9,"sc1910,sc1911",444.6,sc1910,1-2
2019-09-10,2.1,"sc1910,sc1911",450.1,sc1910,1-2
2019-09-11,11.0,"sc1910,sc1911",460.9,sc1910,1-2
2019-09-12,10.1,"sc1910,sc1911",450.3,sc1910,1-2
2019-09-16,6.6,"sc1910,sc1911",479.8,sc1910,1-2
2019-09-17,11.6,"sc1910,sc1911",496.7,sc1910,1-2
2019-09-18,14.9,"sc1910,sc1911",487.2,sc1910,1-2
2019-09-19,10.2,"sc1910,sc1911",473.5,sc1910,1-2
2019-09-20,-5.7,"sc1910,sc1911",458.5,sc1910,1-2
2019-09-23,5.9,"sc1910,sc1911",472.7,sc1910,1-2
2019-09-24,5.5,"sc1911,sc1912",464.3,sc1911,1-2
2019-09-25,5.9,"sc1911,sc1912",457.2,sc1911,1-2
2019-09-26,5.8,"sc1911,sc1912",449.8,sc1911,1-2
2019-09-27,5.3,"sc1911,sc1912",448.7,sc1911,1-2
2019-09-30,4.9,"sc1911,sc1912",448.1,sc1911,1-2
2019-10-08,4.2,"sc1911,sc1912",437.6,sc1911,1-2
2019-10-09,5.6,"sc1911,sc1912",447.0,sc1911,1-2
2019-10-10,6.5,"sc1911,sc1912",451.7,sc1911,1-2
2019-10-11,7.3,"sc1911,sc1912",458.1,sc1911,1-2
2019-10-14,6.5,"sc1911,sc1912",471.7,sc1911,1-2
2019-10-15,7.5,"sc1911,sc1912",466.6,sc1911,1-2
2019-10-16,9.6,"sc1911,sc1912",465.1,sc1911,1-2
2019-10-17,2.8,"sc1911,sc1912",451.4,sc1911,1-2
2019-10-18,0.2,"sc1911,sc1912",445.1,sc1911,1-2
2019-10-21,-2.7,"sc1911,sc1912",443.2,sc1911,1-2
2019-10-22,-5.5,"sc1911,sc1912",437.2,sc1911,1-2
2019-10-23,-5.5,"sc1911,sc1912",438.6,sc1911,1-2
2019-10-24,-5.6,"sc1911,sc1912",441.3,sc1911,1-2
2019-10-25,-1.5,"sc1911,sc1912",451.1,sc1911,1-2
2019-10-28,-6.6,"sc1911,sc1912",447.9,sc1911,1-2
2019-10-29,1.0,"sc1911,sc1912",456.7,sc1911,1-2
2019-10-30,-3.6,"sc1911,sc1912",451.1,sc1911,1-2
2019-10-31,1.4,"sc1911,sc1912",452.8,sc1911,1-2
2019-11-01,4.0,"sc1912,sc2001",444.3,sc1912,1-2
2019-11-04,3.4,"sc1912,sc2001",449.3,sc1912,1-2
2019-11-05,4.6,"sc1912,sc2001",458.4,sc1912,1-2
2019-11-06,4.1,"sc1912,sc2001",459.6,sc1912,1-2
2019-11-07,2.7,"sc1912,sc2001",456.4,sc1912,1-2
2019-11-08,2.4,"sc1912,sc2001",456.0,sc1912,1-2
2019-11-11,1.7,"sc1912,sc2001",452.8,sc1912,1-2
2019-11-12,1.3,"sc1912,sc2001",455.9,sc1912,1-2
2019-11-13,-0.2,"sc1912,sc2001",453.9,sc1912,1-2
2019-11-14,-0.2,"sc1912,sc2001",453.4,sc1912,1-2
2019-11-15,-0.7,"sc1912,sc2001",453.9,sc1912,1-2
2019-11-18,0.3,"sc1912,sc2001",453.7,sc1912,1-2
2019-11-19,1.6,"sc1912,sc2001",454.0,sc1912,1-2
2019-11-20,4.2,"sc1912,sc2001",451.2,sc1912,1-2
2019-11-21,5.0,"sc1912,sc2001",454.8,sc1912,1-2
2019-11-22,-3.6,"sc1912,sc2001",453.8,sc1912,1-2
2019-11-25,-5.2,"sc1912,sc2001",456.1,sc1912,1-2
2019-11-26,-6.7,"sc1912,sc2001",454.6,sc1912,1-2
2019-11-27,-6.2,"sc1912,sc2001",456.2,sc1912,1-2
2019-11-28,-14.6,"sc1912,sc2001",447.3,sc1912,1-2
2019-11-29,-10.9,"sc1912,sc2001",451.2,sc1912,1-2
2019-12-02,4.3,"sc2001,sc2002",454.8,sc2001,1-2
2019-12-03,4.2,"sc2001,sc2002",451.7,sc2001,1-2
2019-12-04,3.4,"sc2001,sc2002",449.2,sc2001,1-2
2019-12-05,1.7,"sc2001,sc2002",456.3,sc2001,1-2
2019-12-06,0.9,"sc2001,sc2002",458.0,sc2001,1-2
2019-12-09,2.8,"sc2001,sc2002",464.8,sc2001,1-2
2019-12-10,2.8,"sc2001,sc2002",469.2,sc2001,1-2
2019-12-11,4.1,"sc2001,sc2002",470.9,sc2001,1-2
2019-12-12,1.2,"sc2001,sc2002",466.1,sc2001,1-2
2019-12-13,-4.0,"sc2001,sc2002",462.2,sc2001,1-2
2019-12-16,-3.1,"sc2001,sc2002",467.4,sc2001,1-2
2019-12-17,-1.7,"sc2001,sc2002",470.2,sc2001,1-2
2019-12-18,5.4,"sc2001,sc2002",480.4,sc2001,1-2
2019-12-19,-0.8,"sc2001,sc2002",476.3,sc2001,1-2
2019-12-20,-12.0,"sc2001,sc2002",468.0,sc2001,1-2
2019-12-23,1.8,"sc2002,sc2003",478.1,sc2002,1-2
2019-12-24,2.5,"sc2002,sc2003",479.1,sc2002,1-2
2019-12-25,2.5,"sc2002,sc2003",483.6,sc2002,1-2
2019-12-26,2.2,"sc2002,sc2003",484.4,sc2002,1-2
2019-12-27,1.6,"sc2002,sc2003",487.1,sc2002,1-2
2019-12-30,1.9,"sc2002,sc2003",490.2,sc2002,1-2
2019-12-31,1.3,"sc2002,sc2003",487.5,sc2002,1-2
2020-01-02,0.6,"sc2002,sc2003",481.7,sc2002,1-2
2020-01-03,1.0,"sc2002,sc2003",486.5,sc2002,1-2
2020-01-06,0.1,"sc2002,sc2003",507.8,sc2002,1-2
2020-01-07,-6.6,"sc2002,sc2003",499.9,sc2002,1-2
2020-01-08,-7.3,"sc2002,sc2003",498.4,sc2002,1-2
2020-01-09,-7.0,"sc2002,sc2003",483.2,sc2002,1-2
2020-01-10,-8.3,"sc2002,sc2003",470.9,sc2002,1-2
2020-01-13,-8.7,"sc2002,sc2003",468.8,sc2002,1-2
2020-01-14,-11.5,"sc2002,sc2003",458.6,sc2002,1-2
2020-01-15,-8.1,"sc2002,sc2003",458.0,sc2002,1-2
2020-01-16,-9.9,"sc2002,sc2003",453.3,sc2002,1-2
2020-01-17,4.5,"sc2003,sc2004",465.3,sc2003,1-2
2020-01-20,4.0,"sc2003,sc2004",466.1,sc2003,1-2
2020-01-21,2.6,"sc2003,sc2004",464.0,sc2003,1-2
2020-01-22,1.0,"sc2003,sc2004",461.0,sc2003,1-2
2020-01-23,0.4,"sc2003,sc2004",451.1,sc2003,1-2
2020-02-03,1.0,"sc2003,sc2004",431.3,sc2003,1-2
2020-02-04,-2.5,"sc2003,sc2004",396.5,sc2003,1-2
2020-02-05,-3.3,"sc2003,sc2004",396.8,sc2003,1-2
2020-02-06,-5.4,"sc2003,sc2004",402.3,sc2003,1-2
2020-02-07,-6.2,"sc2003,sc2004",398.4,sc2003,1-2
2020-02-10,-6.3,"sc2003,sc2004",393.5,sc2003,1-2
2020-02-11,-6.7,"sc2003,sc2004",391.7,sc2003,1-2
2020-02-12,-7.4,"sc2003,sc2004",394.5,sc2003,1-2
2020-02-13,-7.7,"sc2003,sc2004",400.0,sc2003,1-2
2020-02-14,-8.0,"sc2003,sc2004",399.6,sc2003,1-2
2020-02-17,-8.2,"sc2003,sc2004",401.5,sc2003,1-2
2020-02-18,-8.5,"sc2003,sc2004",399.2,sc2003,1-2
2020-02-19,-7.9,"sc2003,sc2004",403.8,sc2003,1-2
2020-02-20,-7.8,"sc2003,sc2004",411.9,sc2003,1-2
2020-02-21,-7.9,"sc2003,sc2004",408.9,sc2003,1-2
2020-02-24,-8.1,"sc2003,sc2004",393.1,sc2003,1-2
2020-02-25,-9.2,"sc2003,sc2004",388.3,sc2003,1-2
2020-02-26,-9.0,"sc2003,sc2004",377.9,sc2003,1-2
2020-02-27,-8.8,"sc2003,sc2004",360.3,sc2003,1-2
2020-02-28,-10.4,"sc2003,sc2004",347.0,sc2003,1-2
2020-03-02,-7.1,"sc2004,sc2005",359.7,sc2004,1-2
2020-03-03,-5.9,"sc2004,sc2005",372.4,sc2004,1-2
2020-03-04,-6.9,"sc2004,sc2005",368.5,sc2004,1-2
2020-03-05,-7.5,"sc2004,sc2005",366.6,sc2004,1-2
2020-03-06,-7.7,"sc2004,sc2005",351.9,sc2004,1-2
2020-03-09,-7.1,"sc2004,sc2005",340.4,sc2004,1-2
2020-03-10,-6.8,"sc2004,sc2005",325.5,sc2004,1-2
2020-03-11,-7.9,"sc2004,sc2005",275.2,sc2004,1-2
2020-03-12,-7.6,"sc2004,sc2005",252.6,sc2004,1-2
2020-03-13,-7.2,"sc2004,sc2005",252.7,sc2004,1-2
2020-03-16,-7.2,"sc2004,sc2005",250.1,sc2004,1-2
2020-03-17,-7.2,"sc2004,sc2005",239.4,sc2004,1-2
2020-03-18,-6.6,"sc2004,sc2005",232.3,sc2004,1-2
2020-03-19,-7.2,"sc2004,sc2005",215.0,sc2004,1-2
2020-03-20,-8.2,"sc2004,sc2005",232.9,sc2004,1-2
2020-03-23,-6.2,"sc2004,sc2005",229.8,sc2004,1-2
2020-03-24,-7.3,"sc2004,sc2005",245.4,sc2004,1-2
2020-03-25,-7.2,"sc2004,sc2005",251.4,sc2004,1-2
2020-03-26,-6.9,"sc2004,sc2005",249.1,sc2004,1-2
2020-03-27,-7.6,"sc2004,sc2005",243.8,sc2004,1-2
2020-03-30,-3.2,"sc2004,sc2005",239.1,sc2004,1-2
2020-03-31,-12.9,"sc2004,sc2005",245.1,sc2004,1-2
2020-04-01,-6.0,"sc2005,sc2006",256.9,sc2005,1-2
2020-04-02,-6.9,"sc2005,sc2006",267.4,sc2005,1-2
2020-04-03,-7.0,"sc2005,sc2006",278.3,sc2005,1-2
2020-04-07,-6.8,"sc2005,sc2006",289.2,sc2005,1-2
2020-04-08,-7.1,"sc2005,sc2006",285.9,sc2005,1-2
2020-04-09,-6.9,"sc2005,sc2006",293.4,sc2005,1-2
2020-04-10,-7.0,"sc2005,sc2006",285.0,sc2005,1-2
2020-04-13,-7.3,"sc2005,sc2006",286.5,sc2005,1-2
2020-04-14,-7.8,"sc2005,sc2006",276.3,sc2005,1-2
2020-04-15,-7.5,"sc2005,sc2006",267.7,sc2005,1-2
2020-04-16,-9.0,"sc2005,sc2006",258.4,sc2005,1-2
2020-04-17,-7.0,"sc2005,sc2006",245.3,sc2005,1-2
2020-04-20,-7.2,"sc2005,sc2006",234.2,sc2005,1-2
2020-04-21,-6.6,"sc2005,sc2006",228.2,sc2005,1-2
2020-04-22,-5.3,"sc2005,sc2006",205.4,sc2005,1-2
2020-04-23,-7.5,"sc2005,sc2006",213.7,sc2005,1-2
2020-04-24,-6.9,"sc2005,sc2006",225.2,sc2005,1-2
2020-04-27,-7.1,"sc2005,sc2006",212.7,sc2005,1-2
2020-04-28,-6.7,"sc2005,sc2006",202.2,sc2005,1-2
2020-04-29,-9.3,"sc2005,sc2006",212.9,sc2005,1-2
2020-04-30,-7.3,"sc2005,sc2006",227.2,sc2005,1-2
2020-05-06,-18.1,"sc2006,sc2007",248.2,sc2006,1-2
2020-05-07,-14.9,"sc2006,sc2007",246.8,sc2006,1-2
2020-05-08,-14.1,"sc2006,sc2007",247.1,sc2006,1-2
2020-05-11,-15.2,"sc2006,sc2007",243.7,sc2006,1-2
2020-05-12,-15.7,"sc2006,sc2007",241.1,sc2006,1-2
2020-05-13,-15.3,"sc2006,sc2007",237.4,sc2006,1-2
2020-05-14,-15.7,"sc2006,sc2007",231.6,sc2006,1-2
2020-05-15,-16.5,"sc2006,sc2007",238.7,sc2006,1-2
2020-05-18,-15.3,"sc2006,sc2007",246.7,sc2006,1-2
2020-05-19,-14.2,"sc2006,sc2007",258.5,sc2006,1-2
2020-05-20,-13.6,"sc2006,sc2007",254.3,sc2006,1-2
2020-05-21,-13.2,"sc2006,sc2007",261.8,sc2006,1-2
2020-05-22,-13.3,"sc2006,sc2007",258.5,sc2006,1-2
2020-05-25,-14.2,"sc2006,sc2007",253.8,sc2006,1-2
2020-05-26,-14.2,"sc2006,sc2007",259.2,sc2006,1-2
2020-05-27,-14.3,"sc2006,sc2007",258.4,sc2006,1-2
2020-05-28,-15.7,"sc2006,sc2007",258.0,sc2006,1-2
2020-05-29,-14.3,"sc2006,sc2007",261.1,sc2006,1-2
2020-06-01,-14.4,"sc2007,sc2008",276.8,sc2007,1-2
2020-06-02,-14.4,"sc2007,sc2008",278.3,sc2007,1-2
2020-06-03,-13.1,"sc2007,sc2008",286.7,sc2007,1-2
2020-06-04,-14.4,"sc2007,sc2008",284.3,sc2007,1-2
2020-06-05,-14.4,"sc2007,sc2008",282.2,sc2007,1-2
2020-06-08,-14.5,"sc2007,sc2008",292.1,sc2007,1-2
2020-06-09,-14.6,"sc2007,sc2008",290.4,sc2007,1-2
2020-06-10,-14.4,"sc2007,sc2008",288.3,sc2007,1-2
2020-06-11,-14.5,"sc2007,sc2008",285.4,sc2007,1-2
2020-06-12,-14.7,"sc2007,sc2008",270.5,sc2007,1-2
2020-06-15,-15.2,"sc2007,sc2008",267.8,sc2007,1-2
2020-06-16,-15.2,"sc2007,sc2008",270.2,sc2007,1-2
2020-06-17,-14.9,"sc2007,sc2008",279.5,sc2007,1-2
2020-06-18,-14.8,"sc2007,sc2008",279.7,sc2007,1-2
2020-06-19,-14.5,"sc2007,sc2008",281.9,sc2007,1-2
2020-06-22,-14.2,"sc2007,sc2008",284.4,sc2007,1-2
2020-06-23,-13.7,"sc2007,sc2008",285.0,sc2007,1-2
2020-06-24,-13.2,"sc2007,sc2008",285.4,sc2007,1-2
2020-06-29,-13.5,"sc2007,sc2008",273.2,sc2007,1-2
2020-06-30,-11.3,"sc2007,sc2008",281.2,sc2007,1-2
2020-07-01,-12.3,"sc2008,sc2009",292.0,sc2008,1-2
2020-07-02,-11.8,"sc2008,sc2009",294.5,sc2008,1-2
2020-07-03,-11.7,"sc2008,sc2009",298.6,sc2008,1-2
2020-07-06,-11.9,"sc2008,sc2009",296.8,sc2008,1-2
2020-07-07,-13.0,"sc2008,sc2009",297.8,sc2008,1-2
2020-07-08,-12.2,"sc2008,sc2009",298.7,sc2008,1-2
2020-07-09,-12.9,"sc2008,sc2009",299.1,sc2008,1-2
2020-07-10,-13.0,"sc2008,sc2009",293.8,sc2008,1-2
2020-07-13,-12.7,"sc2008,sc2009",296.2,sc2008,1-2
2020-07-14,-13.0,"sc2008,sc2009",293.5,sc2008,1-2
2020-07-15,-12.5,"sc2008,sc2009",294.9,sc2008,1-2
2020-07-16,-12.9,"sc2008,sc2009",293.1,sc2008,1-2
2020-07-17,-12.8,"sc2008,sc2009",289.6,sc2008,1-2
2020-07-20,-12.9,"sc2008,sc2009",284.0,sc2008,1-2
2020-07-21,-13.6,"sc2008,sc2009",284.8,sc2008,1-2
2020-07-22,-13.4,"sc2008,sc2009",289.2,sc2008,1-2
2020-07-23,-13.3,"sc2008,sc2009",286.6,sc2008,1-2
2020-07-24,-13.3,"sc2008,sc2009",286.2,sc2008,1-2
2020-07-27,-13.0,"sc2008,sc2009",282.1,sc2008,1-2
2020-07-28,-12.9,"sc2008,sc2009",278.4,sc2008,1-2
2020-07-29,-13.3,"sc2008,sc2009",276.7,sc2008,1-2
2020-07-30,-13.4,"sc2008,sc2009",279.5,sc2008,1-2
2020-07-31,-12.4,"sc2008,sc2009",274.1,sc2008,1-2
2020-08-03,-10.1,"sc2009,sc2010",281.7,sc2009,1-2
2020-08-04,-9.7,"sc2009,sc2010",282.3,sc2009,1-2
2020-08-05,-9.5,"sc2009,sc2010",280.7,sc2009,1-2
2020-08-06,-9.7,"sc2009,sc2010",282.5,sc2009,1-2
2020-08-07,-9.6,"sc2009,sc2010",282.5,sc2009,1-2
2020-08-10,-9.6,"sc2009,sc2010",281.9,sc2009,1-2
2020-08-11,-9.5,"sc2009,sc2010",284.6,sc2009,1-2
2020-08-12,-9.7,"sc2009,sc2010",284.2,sc2009,1-2
2020-08-13,-9.7,"sc2009,sc2010",283.6,sc2009,1-2
2020-08-14,-9.9,"sc2009,sc2010",282.3,sc2009,1-2
2020-08-17,-10.0,"sc2009,sc2010",280.2,sc2009,1-2
2020-08-18,-10.0,"sc2009,sc2010",279.1,sc2009,1-2
2020-08-19,-10.3,"sc2009,sc2010",277.3,sc2009,1-2
2020-08-20,-10.8,"sc2009,sc2010",278.4,sc2009,1-2
2020-08-21,-10.0,"sc2009,sc2010",276.0,sc2009,1-2
2020-08-24,-9.9,"sc2009,sc2010",277.9,sc2009,1-2
2020-08-25,-10.0,"sc2009,sc2010",280.3,sc2009,1-2
2020-08-26,-10.0,"sc2009,sc2010",284.9,sc2009,1-2
2020-08-27,-10.6,"sc2009,sc2010",284.3,sc2009,1-2
2020-08-28,-11.1,"sc2009,sc2010",282.4,sc2009,1-2
2020-08-31,-12.3,"sc2009,sc2010",283.3,sc2009,1-2
2020-09-01,-14.3,"sc2010,sc2011",295.7,sc2010,1-2
2020-09-02,-14.4,"sc2010,sc2011",293.5,sc2010,1-2
2020-09-03,-14.3,"sc2010,sc2011",288.2,sc2010,1-2
2020-09-04,-14.3,"sc2010,sc2011",285.0,sc2010,1-2
2020-09-07,-14.6,"sc2010,sc2011",279.3,sc2010,1-2
2020-09-08,-14.8,"sc2010,sc2011",273.9,sc2010,1-2
2020-09-09,-14.6,"sc2010,sc2011",251.4,sc2010,1-2
2020-09-10,-15.7,"sc2010,sc2011",250.6,sc2010,1-2
2020-09-11,-15.8,"sc2010,sc2011",247.6,sc2010,1-2
2020-09-14,-15.7,"sc2010,sc2011",245.8,sc2010,1-2
2020-09-15,-15.6,"sc2010,sc2011",245.5,sc2010,1-2
2020-09-16,-15.5,"sc2010,sc2011",251.3,sc2010,1-2
2020-09-17,-15.5,"sc2010,sc2011",256.2,sc2010,1-2
2020-09-18,-15.3,"sc2010,sc2011",260.0,sc2010,1-2
2020-09-21,-15.4,"sc2010,sc2011",263.9,sc2010,1-2
2020-09-22,-15.0,"sc2010,sc2011",252.9,sc2010,1-2
2020-09-23,-12.1,"sc2010,sc2011",253.6,sc2010,1-2
2020-09-24,-12.1,"sc2011,sc2012",265.1,sc2011,1-2
2020-09-25,-11.9,"sc2011,sc2012",265.7,sc2011,1-2
2020-09-28,-12.2,"sc2011,sc2012",265.0,sc2011,1-2
2020-09-29,-12.4,"sc2011,sc2012",264.8,sc2011,1-2
2020-09-30,-12.7,"sc2011,sc2012",257.8,sc2011,1-2
2020-10-09,-12.5,"sc2011,sc2012",263.5,sc2011,1-2
2020-10-12,-12.7,"sc2011,sc2012",263.2,sc2011,1-2
2020-10-13,-12.7,"sc2011,sc2012",259.5,sc2011,1-2
2020-10-14,-12.6,"sc2011,sc2012",258.0,sc2011,1-2
2020-10-15,-12.4,"sc2011,sc2012",260.8,sc2011,1-2
2020-10-16,-12.8,"sc2011,sc2012",258.7,sc2011,1-2
2020-10-19,-12.8,"sc2011,sc2012",260.2,sc2011,1-2
2020-10-20,-12.6,"sc2011,sc2012",258.8,sc2011,1-2
2020-10-21,-12.9,"sc2011,sc2012",257.3,sc2011,1-2
2020-10-22,-12.6,"sc2011,sc2012",254.2,sc2011,1-2
2020-10-23,-12.6,"sc2011,sc2012",254.1,sc2011,1-2
2020-10-26,-12.6,"sc2011,sc2012",248.5,sc2011,1-2
2020-10-27,-11.9,"sc2011,sc2012",243.7,sc2011,1-2
2020-10-28,-12.3,"sc2011,sc2012",243.4,sc2011,1-2
2020-10-29,-13.4,"sc2011,sc2012",228.0,sc2011,1-2
2020-10-30,-10.4,"sc2011,sc2012",218.3,sc2011,1-2
2020-11-02,-9.6,"sc2012,sc2101",224.9,sc2012,1-2
2020-11-03,-8.2,"sc2012,sc2101",230.2,sc2012,1-2
2020-11-04,-9.5,"sc2012,sc2101",234.8,sc2012,1-2
2020-11-05,-9.6,"sc2012,sc2101",236.5,sc2012,1-2
2020-11-06,-9.1,"sc2012,sc2101",235.3,sc2012,1-2
2020-11-09,-8.9,"sc2012,sc2101",234.2,sc2012,1-2
2020-11-10,-8.5,"sc2012,sc2101",247.7,sc2012,1-2
2020-11-11,-8.7,"sc2012,sc2101",251.4,sc2012,1-2
2020-11-12,-9.3,"sc2012,sc2101",253.7,sc2012,1-2
2020-11-13,-8.7,"sc2012,sc2101",252.4,sc2012,1-2
2020-11-16,-7.3,"sc2012,sc2101",251.0,sc2012,1-2
2020-11-17,-9.2,"sc2012,sc2101",252.3,sc2012,1-2
2020-11-18,-9.9,"sc2012,sc2101",250.0,sc2012,1-2
2020-11-19,-9.8,"sc2012,sc2101",251.0,sc2012,1-2
2020-11-20,-10.0,"sc2012,sc2101",251.6,sc2012,1-2
2020-11-23,-10.3,"sc2012,sc2101",253.4,sc2012,1-2
2020-11-24,-10.2,"sc2012,sc2101",259.5,sc2012,1-2
2020-11-25,-10.9,"sc2012,sc2101",279.0,sc2012,1-2
2020-11-26,-10.9,"sc2012,sc2101",280.2,sc2012,1-2
2020-11-27,-11.0,"sc2012,sc2101",278.3,sc2012,1-2
2020-11-30,-17.4,"sc2012,sc2101",271.8,sc2012,1-2
2020-12-01,-12.7,"sc2101,sc2102",286.4,sc2101,1-2
2020-12-02,-12.8,"sc2101,sc2102",285.1,sc2101,1-2
2020-12-03,-12.3,"sc2101,sc2102",288.5,sc2101,1-2
2020-12-04,-12.7,"sc2101,sc2102",291.1,sc2101,1-2
2020-12-07,-12.9,"sc2101,sc2102",294.0,sc2101,1-2
2020-12-08,-12.9,"sc2101,sc2102",291.9,sc2101,1-2
2020-12-09,-12.7,"sc2101,sc2102",285.0,sc2101,1-2
2020-12-10,-12.5,"sc2101,sc2102",284.8,sc2101,1-2
2020-12-11,-13.2,"sc2101,sc2102",291.1,sc2101,1-2
2020-12-14,-13.8,"sc2101,sc2102",289.4,sc2101,1-2
2020-12-15,-13.6,"sc2101,sc2102",287.8,sc2101,1-2
2020-12-16,-11.0,"sc2101,sc2102",290.9,sc2101,1-2
2020-12-17,-10.6,"sc2101,sc2102",297.4,sc2101,1-2
2020-12-18,-13.4,"sc2101,sc2102",302.7,sc2101,1-2
2020-12-21,-12.2,"sc2101,sc2102",303.5,sc2101,1-2
2020-12-22,-11.0,"sc2101,sc2102",295.4,sc2101,1-2
2020-12-23,-10.8,"sc2101,sc2102",284.6,sc2101,1-2
2020-12-24,-10.3,"sc2101,sc2102",291.6,sc2101,1-2
2020-12-25,-6.3,"sc2102,sc2103",307.3,sc2102,1-2
2020-12-28,-5.7,"sc2102,sc2103",309.1,sc2102,1-2
2020-12-29,-5.3,"sc2102,sc2103",307.2,sc2102,1-2
2020-12-30,-6.2,"sc2102,sc2103",304.7,sc2102,1-2
2020-12-31,-6.9,"sc2102,sc2103",303.2,sc2102,1-2
2021-01-04,-6.1,"sc2102,sc2103",315.0,sc2102,1-2
2021-01-05,-6.2,"sc2102,sc2103",312.9,sc2102,1-2
2021-01-06,-5.7,"sc2102,sc2103",319.8,sc2102,1-2
2021-01-07,-5.9,"sc2102,sc2103",328.1,sc2102,1-2
2021-01-08,-6.7,"sc2102,sc2103",332.6,sc2102,1-2
2021-01-11,-7.1,"sc2102,sc2103",336.0,sc2102,1-2
2021-01-12,-7.0,"sc2102,sc2103",333.2,sc2102,1-2
2021-01-13,-7.6,"sc2102,sc2103",339.7,sc2102,1-2
2021-01-14,-8.2,"sc2102,sc2103",335.5,sc2102,1-2
2021-01-15,-8.9,"sc2102,sc2103",333.4,sc2102,1-2
2021-01-18,-6.1,"sc2102,sc2103",326.0,sc2102,1-2
2021-01-19,-5.8,"sc2102,sc2103",329.9,sc2102,1-2
2021-01-20,-2.6,"sc2102,sc2103",337.2,sc2102,1-2
2021-01-21,-5.1,"sc2102,sc2103",336.1,sc2102,1-2
2021-01-22,-6.0,"sc2102,sc2103",331.7,sc2102,1-2
2021-01-25,-8.6,"sc2102,sc2103",324.0,sc2102,1-2
2021-01-26,-7.8,"sc2102,sc2103",322.4,sc2102,1-2
2021-01-27,-5.3,"sc2102,sc2103",327.2,sc2102,1-2
2021-01-28,-1.2,"sc2102,sc2103",333.4,sc2102,1-2
2021-01-29,0.1,"sc2102,sc2103",336.1,sc2102,1-2
2021-02-01,-5.5,"sc2103,sc2104",336.1,sc2103,1-2
2021-02-02,-6.4,"sc2103,sc2104",340.3,sc2103,1-2
2021-02-03,-6.4,"sc2103,sc2104",347.1,sc2103,1-2
2021-02-04,-5.8,"sc2103,sc2104",353.3,sc2103,1-2
2021-02-05,-6.1,"sc2103,sc2104",356.6,sc2103,1-2
2021-02-08,-6.3,"sc2103,sc2104",361.8,sc2103,1-2
2021-02-09,-5.9,"sc2103,sc2104",368.0,sc2103,1-2
2021-02-10,-5.1,"sc2103,sc2104",367.0,sc2103,1-2
2021-02-18,-3.4,"sc2103,sc2104",395.8,sc2103,1-2
2021-02-19,-3.2,"sc2103,sc2104",388.9,sc2103,1-2
2021-02-22,-4.4,"sc2103,sc2104",386.2,sc2103,1-2
2021-02-23,-6.4,"sc2103,sc2104",397.6,sc2103,1-2
2021-02-24,-5.3,"sc2103,sc2104",400.9,sc2103,1-2
2021-02-25,-0.2,"sc2103,sc2104",416.2,sc2103,1-2
2021-02-26,-12.0,"sc2103,sc2104",399.0,sc2103,1-2
2021-03-01,-5.8,"sc2104,sc2105",407.6,sc2104,1-2
2021-03-02,-6.2,"sc2104,sc2105",397.7,sc2104,1-2
2021-03-03,-5.7,"sc2104,sc2105",392.7,sc2104,1-2
2021-03-04,-5.7,"sc2104,sc2105",397.4,sc2104,1-2
2021-03-05,-4.9,"sc2104,sc2105",413.0,sc2104,1-2
2021-03-08,-3.7,"sc2104,sc2105",435.8,sc2104,1-2
2021-03-09,-4.5,"sc2104,sc2105",427.6,sc2104,1-2
2021-03-10,-5.7,"sc2104,sc2105",417.8,sc2104,1-2
2021-03-11,-5.1,"sc2104,sc2105",416.0,sc2104,1-2
2021-03-12,-5.0,"sc2104,sc2105",421.8,sc2104,1-2
2021-03-15,-6.0,"sc2104,sc2105",420.4,sc2104,1-2
2021-03-16,-6.3,"sc2104,sc2105",411.3,sc2104,1-2
2021-03-17,-6.7,"sc2104,sc2105",409.3,sc2104,1-2
2021-03-18,-4.6,"sc2104,sc2105",408.0,sc2104,1-2
2021-03-19,-4.3,"sc2104,sc2105",390.9,sc2104,1-2
2021-03-22,-6.9,"sc2104,sc2105",381.1,sc2104,1-2
2021-03-23,-4.5,"sc2104,sc2105",387.9,sc2104,1-2
2021-03-24,-3.2,"sc2104,sc2105",376.8,sc2104,1-2
2021-03-25,-4.8,"sc2104,sc2105",382.5,sc2104,1-2
2021-03-26,-7.3,"sc2104,sc2105",373.9,sc2104,1-2
2021-03-29,-7.9,"sc2104,sc2105",384.1,sc2104,1-2
2021-03-30,-7.5,"sc2104,sc2105",388.3,sc2104,1-2
2021-03-31,-12.0,"sc2104,sc2105",384.1,sc2104,1-2
2021-04-01,-4.1,"sc2105,sc2106",393.4,sc2105,1-2
2021-04-02,-4.4,"sc2105,sc2106",399.1,sc2105,1-2
2021-04-06,-4.6,"sc2105,sc2106",388.0,sc2105,1-2
2021-04-07,-4.0,"sc2105,sc2106",388.6,sc2105,1-2
2021-04-08,-4.2,"sc2105,sc2106",384.8,sc2105,1-2
2021-04-09,-3.3,"sc2105,sc2106",386.7,sc2105,1-2
2021-04-12,-2.3,"sc2105,sc2106",387.2,sc2105,1-2
2021-04-13,-1.3,"sc2105,sc2106",390.6,sc2105,1-2
2021-04-14,-1.4,"sc2105,sc2106",393.7,sc2105,1-2
2021-04-15,-2.5,"sc2105,sc2106",407.4,sc2105,1-2
2021-04-16,-4.4,"sc2105,sc2106",410.4,sc2105,1-2
2021-04-19,-4.3,"sc2105,sc2106",408.7,sc2105,1-2
2021-04-20,-0.1,"sc2105,sc2106",413.4,sc2105,1-2
2021-04-21,5.1,"sc2105,sc2106",409.8,sc2105,1-2
2021-04-22,5.9,"sc2105,sc2106",402.9,sc2105,1-2
2021-04-23,4.8,"sc2105,sc2106",402.0,sc2105,1-2
2021-04-26,6.9,"sc2105,sc2106",407.3,sc2105,1-2
2021-04-27,5.7,"sc2105,sc2106",405.6,sc2105,1-2
2021-04-28,-6.3,"sc2105,sc2106",397.2,sc2105,1-2
2021-04-29,-4.9,"sc2105,sc2106",407.9,sc2105,1-2
2021-04-30,-9.5,"sc2105,sc2106",409.5,sc2105,1-2
2021-05-06,1.2,"sc2106,sc2107",429.8,sc2106,1-2
2021-05-07,-0.3,"sc2106,sc2107",424.1,sc2106,1-2
2021-05-10,-1.1,"sc2106,sc2107",424.3,sc2106,1-2
2021-05-11,-1.4,"sc2106,sc2107",420.8,sc2106,1-2
2021-05-12,-2.8,"sc2106,sc2107",421.5,sc2106,1-2
2021-05-13,-1.9,"sc2106,sc2107",429.0,sc2106,1-2
2021-05-14,0.0,"sc2106,sc2107",417.1,sc2106,1-2
2021-05-17,0.8,"sc2106,sc2107",425.7,sc2106,1-2
2021-05-18,0.9,"sc2106,sc2107",434.2,sc2106,1-2
2021-05-19,2.0,"sc2106,sc2107",429.5,sc2106,1-2
2021-05-20,-2.6,"sc2106,sc2107",409.5,sc2106,1-2
2021-05-21,-1.9,"sc2106,sc2107",403.2,sc2106,1-2
2021-05-24,-2.3,"sc2106,sc2107",408.2,sc2106,1-2
2021-05-25,1.1,"sc2106,sc2107",423.4,sc2106,1-2
2021-05-26,2.5,"sc2106,sc2107",427.9,sc2106,1-2
2021-05-27,4.7,"sc2106,sc2107",428.8,sc2106,1-2
2021-05-28,2.4,"sc2106,sc2107",432.7,sc2106,1-2
2021-05-31,-1.5,"sc2106,sc2107",427.6,sc2106,1-2
2021-06-01,3.0,"sc2107,sc2108",433.9,sc2107,1-2
2021-06-02,2.7,"sc2107,sc2108",439.9,sc2107,1-2
2021-06-03,2.9,"sc2107,sc2108",445.4,sc2107,1-2
2021-06-04,2.8,"sc2107,sc2108",443.2,sc2107,1-2
2021-06-07,3.6,"sc2107,sc2108",447.3,sc2107,1-2
2021-06-08,3.1,"sc2107,sc2108",444.1,sc2107,1-2
2021-06-09,3.6,"sc2107,sc2108",449.4,sc2107,1-2
2021-06-10,3.1,"sc2107,sc2108",447.7,sc2107,1-2
2021-06-11,3.2,"sc2107,sc2108",450.2,sc2107,1-2
2021-06-15,2.8,"sc2107,sc2108",455.8,sc2107,1-2
2021-06-16,0.2,"sc2107,sc2108",459.2,sc2107,1-2
2021-06-17,-4.6,"sc2107,sc2108",454.1,sc2107,1-2
2021-06-18,-5.5,"sc2107,sc2108",443.0,sc2107,1-2
2021-06-21,-7.1,"sc2107,sc2108",443.5,sc2107,1-2
2021-06-22,-7.4,"sc2107,sc2108",449.4,sc2107,1-2
2021-06-23,-7.8,"sc2107,sc2108",453.3,sc2107,1-2
2021-06-24,-8.0,"sc2107,sc2108",457.6,sc2107,1-2
2021-06-25,-9.2,"sc2107,sc2108",457.2,sc2107,1-2
2021-06-28,-8.3,"sc2107,sc2108",459.6,sc2107,1-2
2021-06-29,-10.2,"sc2107,sc2108",449.3,sc2107,1-2
2021-06-30,-11.2,"sc2107,sc2108",449.2,sc2107,1-2
2021-07-01,-1.3,"sc2108,sc2109",460.4,sc2108,1-2
2021-07-02,-1.5,"sc2108,sc2109",467.8,sc2108,1-2
2021-07-05,-2.0,"sc2108,sc2109",468.4,sc2108,1-2
2021-07-06,-2.3,"sc2108,sc2109",473.1,sc2108,1-2
2021-07-07,-3.9,"sc2108,sc2109",455.8,sc2108,1-2
2021-07-08,-4.3,"sc2108,sc2109",442.1,sc2108,1-2
2021-07-09,-4.8,"sc2108,sc2109",441.9,sc2108,1-2
2021-07-12,-3.9,"sc2108,sc2109",451.1,sc2108,1-2
2021-07-13,-3.8,"sc2108,sc2109",450.9,sc2108,1-2
2021-07-14,-5.6,"sc2108,sc2109",458.2,sc2108,1-2
2021-07-15,-5.4,"sc2108,sc2109",449.6,sc2108,1-2
2021-07-16,-5.7,"sc2108,sc2109",438.6,sc2108,1-2
2021-07-19,-5.8,"sc2108,sc2109",431.7,sc2108,1-2
2021-07-20,-5.7,"sc2108,sc2109",410.0,sc2108,1-2
2021-07-21,-7.6,"sc2108,sc2109",406.4,sc2108,1-2
2021-07-22,-8.3,"sc2108,sc2109",416.6,sc2108,1-2
2021-07-23,-8.6,"sc2108,sc2109",427.2,sc2108,1-2
2021-07-26,-8.2,"sc2108,sc2109",432.4,sc2108,1-2
2021-07-27,-8.5,"sc2108,sc2109",439.0,sc2108,1-2
2021-07-28,-8.9,"sc2108,sc2109",439.5,sc2108,1-2
2021-07-29,-3.6,"sc2108,sc2109",447.9,sc2108,1-2
2021-07-30,-9.5,"sc2108,sc2109",445.2,sc2108,1-2
2021-08-02,-2.4,"sc2109,sc2110",452.9,sc2109,1-2
2021-08-03,-2.1,"sc2109,sc2110",440.7,sc2109,1-2
2021-08-04,-2.6,"sc2109,sc2110",433.5,sc2109,1-2
2021-08-05,-2.1,"sc2109,sc2110",428.3,sc2109,1-2
2021-08-06,-2.1,"sc2109,sc2110",429.1,sc2109,1-2
2021-08-09,-2.0,"sc2109,sc2110",425.0,sc2109,1-2
2021-08-10,-2.2,"sc2109,sc2110",418.0,sc2109,1-2
2021-08-11,-0.6,"sc2109,sc2110",430.6,sc2109,1-2
2021-08-12,-0.7,"sc2109,sc2110",430.4,sc2109,1-2
2021-08-13,-0.6,"sc2109,sc2110",431.4,sc2109,1-2
2021-08-16,-1.1,"sc2109,sc2110",428.4,sc2109,1-2
2021-08-17,0.5,"sc2109,sc2110",423.6,sc2109,1-2
2021-08-18,2.7,"sc2109,sc2110",423.9,sc2109,1-2
2021-08-19,5.3,"sc2109,sc2110",418.7,sc2109,1-2
2021-08-20,5.1,"sc2109,sc2110",407.8,sc2109,1-2
2021-08-23,2.6,"sc2109,sc2110",403.6,sc2109,1-2
2021-08-24,2.9,"sc2109,sc2110",421.4,sc2109,1-2
2021-08-25,1.8,"sc2109,sc2110",431.4,sc2109,1-2
2021-08-26,3.0,"sc2109,sc2110",435.8,sc2109,1-2
2021-08-27,5.2,"sc2109,sc2110",438.6,sc2109,1-2
2021-08-30,6.5,"sc2109,sc2110",445.3,sc2109,1-2
2021-08-31,10.3,"sc2109,sc2110",450.2,sc2109,1-2
2021-09-01,2.1,"sc2110,sc2111",440.5,sc2110,1-2
2021-09-02,2.4,"sc2110,sc2111",439.3,sc2110,1-2
2021-09-03,2.6,"sc2110,sc2111",456.2,sc2110,1-2
2021-09-06,2.6,"sc2110,sc2111",451.4,sc2110,1-2
2021-09-07,4.1,"sc2110,sc2111",453.8,sc2110,1-2
2021-09-08,5.4,"sc2110,sc2111",450.9,sc2110,1-2
2021-09-09,3.6,"sc2110,sc2111",454.8,sc2110,1-2
2021-09-10,8.5,"sc2110,sc2111",454.6,sc2110,1-2
2021-09-13,5.1,"sc2110,sc2111",461.2,sc2110,1-2
2021-09-14,1.5,"sc2110,sc2111",463.0,sc2110,1-2
2021-09-15,-1.2,"sc2110,sc2111",461.9,sc2110,1-2
2021-09-16,-4.8,"sc2110,sc2111",473.4,sc2110,1-2
2021-09-17,3.9,"sc2110,sc2111",477.1,sc2110,1-2
2021-09-22,-3.0,"sc2110,sc2111",469.0,sc2110,1-2
2021-09-23,-7.7,"sc2110,sc2111",469.4,sc2110,1-2
2021-09-24,4.4,"sc2111,sc2112",485.1,sc2111,1-2
2021-09-27,3.9,"sc2111,sc2112",492.1,sc2111,1-2
2021-09-28,4.1,"sc2111,sc2112",501.8,sc2111,1-2
2021-09-29,2.4,"sc2111,sc2112",495.4,sc2111,1-2
2021-09-30,2.3,"sc2111,sc2112",495.9,sc2111,1-2
2021-10-08,2.8,"sc2111,sc2112",527.1,sc2111,1-2
2021-10-11,1.2,"sc2111,sc2112",526.8,sc2111,1-2
2021-10-12,1.5,"sc2111,sc2112",531.6,sc2111,1-2
2021-10-13,0.5,"sc2111,sc2112",528.3,sc2111,1-2
2021-10-14,-2.3,"sc2111,sc2112",521.5,sc2111,1-2
2021-10-15,-4.6,"sc2111,sc2112",525.5,sc2111,1-2
2021-10-18,-3.8,"sc2111,sc2112",533.6,sc2111,1-2
2021-10-19,-3.7,"sc2111,sc2112",528.6,sc2111,1-2
2021-10-20,4.3,"sc2111,sc2112",531.2,sc2111,1-2
2021-10-21,-0.5,"sc2111,sc2112",531.5,sc2111,1-2
2021-10-22,0.8,"sc2111,sc2112",525.1,sc2111,1-2
2021-10-25,-2.5,"sc2111,sc2112",527.7,sc2111,1-2
2021-10-26,-6.6,"sc2111,sc2112",527.3,sc2111,1-2
2021-10-27,-7.0,"sc2111,sc2112",525.3,sc2111,1-2
2021-10-28,-9.4,"sc2111,sc2112",511.2,sc2111,1-2
2021-10-29,-23.9,"sc2111,sc2112",495.5,sc2111,1-2
2021-11-01,1.1,"sc2112,sc2201",521.7,sc2112,1-2
2021-11-02,1.8,"sc2112,sc2201",531.6,sc2112,1-2
2021-11-03,1.7,"sc2112,sc2201",526.7,sc2112,1-2
2021-11-04,1.7,"sc2112,sc2201",513.0,sc2112,1-2
2021-11-05,2.8,"sc2112,sc2201",513.6,sc2112,1-2
2021-11-08,5.3,"sc2112,sc2201",524.0,sc2112,1-2
2021-11-09,4.6,"sc2112,sc2201",526.3,sc2112,1-2
2021-11-10,4.2,"sc2112,sc2201",531.6,sc2112,1-2
2021-11-11,3.3,"sc2112,sc2201",525.9,sc2112,1-2
2021-11-12,3.1,"sc2112,sc2201",517.3,sc2112,1-2
2021-11-15,3.8,"sc2112,sc2201",513.4,sc2112,1-2
2021-11-16,3.7,"sc2112,sc2201",511.9,sc2112,1-2
2021-11-17,2.8,"sc2112,sc2201",515.0,sc2112,1-2
2021-11-18,11.3,"sc2112,sc2201",511.6,sc2112,1-2
2021-11-19,13.2,"sc2112,sc2201",513.5,sc2112,1-2
2021-11-22,13.3,"sc2112,sc2201",501.9,sc2112,1-2
2021-11-23,12.6,"sc2112,sc2201",504.8,sc2112,1-2
2021-11-24,10.3,"sc2112,sc2201",518.8,sc2112,1-2
2021-11-25,10.0,"sc2112,sc2201",521.7,sc2112,1-2
2021-11-26,-0.9,"sc2112,sc2201",505.0,sc2112,1-2
2021-11-29,22.9,"sc2112,sc2201",495.6,sc2112,1-2
2021-11-30,11.2,"sc2112,sc2201",478.8,sc2112,1-2
2021-12-01,1.0,"sc2201,sc2202",445.0,sc2201,1-2
2021-12-02,0.9,"sc2201,sc2202",444.1,sc2201,1-2
2021-12-03,2.1,"sc2201,sc2202",439.2,sc2201,1-2
2021-12-06,3.1,"sc2201,sc2202",450.6,sc2201,1-2
2021-12-07,3.1,"sc2201,sc2202",457.6,sc2201,1-2
2021-12-08,2.9,"sc2201,sc2202",473.8,sc2201,1-2
2021-12-09,3.1,"sc2201,sc2202",476.0,sc2201,1-2
2021-12-10,3.7,"sc2201,sc2202",472.9,sc2201,1-2
2021-12-13,2.9,"sc2201,sc2202",477.0,sc2201,1-2
2021-12-14,4.9,"sc2201,sc2202",474.2,sc2201,1-2
2021-12-15,-1.4,"sc2201,sc2202",460.0,sc2201,1-2
2021-12-16,2.8,"sc2201,sc2202",467.4,sc2201,1-2
2021-12-17,4.1,"sc2201,sc2202",474.7,sc2201,1-2
2021-12-20,6.3,"sc2201,sc2202",466.2,sc2201,1-2
2021-12-21,4.4,"sc2201,sc2202",453.1,sc2201,1-2
2021-12-22,-7.3,"sc2201,sc2202",456.2,sc2201,1-2
2021-12-23,2.0,"sc2202,sc2203",470.0,sc2202,1-2
2021-12-24,1.8,"sc2202,sc2203",475.6,sc2202,1-2
2021-12-27,1.5,"sc2202,sc2203",475.5,sc2202,1-2
2021-12-28,2.0,"sc2202,sc2203",487.0,sc2202,1-2
2021-12-29,2.6,"sc2202,sc2203",492.8,sc2202,1-2
2021-12-30,2.7,"sc2202,sc2203",494.5,sc2202,1-2
2021-12-31,2.3,"sc2202,sc2203",496.8,sc2202,1-2
2022-01-04,2.1,"sc2202,sc2203",496.9,sc2202,1-2
2022-01-05,2.3,"sc2202,sc2203",501.1,sc2202,1-2
2022-01-06,2.1,"sc2202,sc2203",504.6,sc2202,1-2
2022-01-07,2.1,"sc2202,sc2203",516.4,sc2202,1-2
2022-01-10,1.6,"sc2202,sc2203",511.1,sc2202,1-2
2022-01-11,2.8,"sc2202,sc2203",508.9,sc2202,1-2
2022-01-12,-1.1,"sc2202,sc2203",514.8,sc2202,1-2
2022-01-13,1.7,"sc2202,sc2203",526.0,sc2202,1-2
2022-01-14,5.4,"sc2202,sc2203",530.7,sc2202,1-2
2022-01-17,7.1,"sc2202,sc2203",538.5,sc2202,1-2
2022-01-18,5.0,"sc2202,sc2203",541.1,sc2202,1-2
2022-01-19,2.6,"sc2202,sc2203",547.6,sc2202,1-2
2022-01-20,1.1,"sc2202,sc2203",547.7,sc2202,1-2
2022-01-21,15.9,"sc2202,sc2203",557.1,sc2202,1-2
2022-01-24,3.3,"sc2203,sc2204",541.6,sc2203,1-2
2022-01-25,2.8,"sc2203,sc2204",530.4,sc2203,1-2
2022-01-26,2.7,"sc2203,sc2204",534.3,sc2203,1-2
2022-01-27,2.6,"sc2203,sc2204",545.5,sc2203,1-2
2022-01-28,-0.6,"sc2203,sc2204",542.0,sc2203,1-2
2022-02-07,-0.5,"sc2203,sc2204",567.3,sc2203,1-2
2022-02-08,-2.8,"sc2203,sc2204",558.7,sc2203,1-2
2022-02-09,-3.9,"sc2203,sc2204",547.5,sc2203,1-2
2022-02-10,-4.5,"sc2203,sc2204",549.1,sc2203,1-2
2022-02-11,-4.4,"sc2203,sc2204",553.3,sc2203,1-2
2022-02-14,-5.0,"sc2203,sc2204",562.5,sc2203,1-2
2022-02-15,-5.5,"sc2203,sc2204",566.5,sc2203,1-2
2022-02-16,-4.9,"sc2203,sc2204",554.8,sc2203,1-2
2022-02-17,-5.6,"sc2203,sc2204",560.8,sc2203,1-2
2022-02-18,-5.0,"sc2203,sc2204",559.7,sc2203,1-2
2022-02-21,-4.4,"sc2203,sc2204",561.4,sc2203,1-2
2022-02-22,-4.8,"sc2203,sc2204",580.9,sc2203,1-2
2022-02-23,-5.1,"sc2203,sc2204",585.3,sc2203,1-2
2022-02-24,-4.8,"sc2203,sc2204",593.9,sc2203,1-2
2022-02-25,-6.0,"sc2203,sc2204",613.8,sc2203,1-2
2022-02-28,-9.7,"sc2203,sc2204",591.8,sc2203,1-2
2022-03-01,13.6,"sc2204,sc2205",615.9,sc2204,1-2
2022-03-02,15.2,"sc2204,sc2205",654.2,sc2204,1-2
2022-03-03,18.4,"sc2204,sc2205",699.5,sc2204,1-2
2022-03-04,17.0,"sc2204,sc2205",704.8,sc2204,1-2
2022-03-07,16.5,"sc2204,sc2205",723.6,sc2204,1-2
2022-03-08,19.0,"sc2204,sc2205",765.8,sc2204,1-2
2022-03-09,17.3,"sc2204,sc2205",806.9,sc2204,1-2
2022-03-10,15.5,"sc2204,sc2205",726.1,sc2204,1-2
2022-03-11,10.7,"sc2204,sc2205",691.9,sc2204,1-2
2022-03-14,8.4,"sc2204,sc2205",683.0,sc2204,1-2
2022-03-15,6.1,"sc2204,sc2205",645.7,sc2204,1-2
2022-03-16,1.2,"sc2204,sc2205",622.9,sc2204,1-2
2022-03-17,-2.5,"sc2204,sc2205",615.8,sc2204,1-2
2022-03-18,-1.6,"sc2204,sc2205",657.0,sc2204,1-2
2022-03-21,10.5,"sc2204,sc2205",678.9,sc2204,1-2
2022-03-22,20.2,"sc2204,sc2205",722.8,sc2204,1-2
2022-03-23,17.0,"sc2204,sc2205",717.8,sc2204,1-2
2022-03-24,27.5,"sc2204,sc2205",760.1,sc2204,1-2
2022-03-25,30.4,"sc2204,sc2205",753.4,sc2204,1-2
2022-03-28,27.4,"sc2204,sc2205",742.4,sc2204,1-2
2022-03-29,21.5,"sc2204,sc2205",706.2,sc2204,1-2
2022-03-30,9.0,"sc2204,sc2205",678.2,sc2204,1-2
2022-03-31,-9.4,"sc2204,sc2205",675.2,sc2204,1-2
2022-04-01,5.4,"sc2205,sc2206",666.4,sc2205,1-2
2022-04-06,4.1,"sc2205,sc2206",675.4,sc2205,1-2
2022-04-07,-2.0,"sc2205,sc2206",643.1,sc2205,1-2
2022-04-08,-3.5,"sc2205,sc2206",617.3,sc2205,1-2
2022-04-11,-1.7,"sc2205,sc2206",625.8,sc2205,1-2
2022-04-12,-3.3,"sc2205,sc2206",618.4,sc2205,1-2
2022-04-13,-2.1,"sc2205,sc2206",649.9,sc2205,1-2
2022-04-14,-2.0,"sc2205,sc2206",665.8,sc2205,1-2
2022-04-15,-2.1,"sc2205,sc2206",679.7,sc2205,1-2
2022-04-18,-2.3,"sc2205,sc2206",694.1,sc2205,1-2
2022-04-19,3.1,"sc2205,sc2206",705.9,sc2205,1-2
2022-04-20,0.2,"sc2205,sc2206",674.5,sc2205,1-2
2022-04-21,-0.8,"sc2205,sc2206",674.4,sc2205,1-2
2022-04-22,0.7,"sc2205,sc2206",680.5,sc2205,1-2
2022-04-25,6.8,"sc2205,sc2206",662.4,sc2205,1-2
2022-04-26,5.9,"sc2205,sc2206",637.6,sc2205,1-2
2022-04-27,5.9,"sc2205,sc2206",663.8,sc2205,1-2
2022-04-28,8.5,"sc2205,sc2206",659.1,sc2205,1-2
2022-04-29,2.7,"sc2205,sc2206",671.2,sc2205,1-2
2022-05-05,-1.8,"sc2206,sc2207",692.4,sc2206,1-2
2022-05-06,-1.4,"sc2206,sc2207",696.4,sc2206,1-2
2022-05-09,-1.2,"sc2206,sc2207",705.6,sc2206,1-2
2022-05-10,-0.6,"sc2206,sc2207",669.8,sc2206,1-2
2022-05-11,-0.7,"sc2206,sc2207",656.1,sc2206,1-2
2022-05-12,-0.1,"sc2206,sc2207",680.0,sc2206,1-2
2022-05-13,-0.6,"sc2206,sc2207",692.4,sc2206,1-2
2022-05-16,1.8,"sc2206,sc2207",704.6,sc2206,1-2
2022-05-17,5.0,"sc2206,sc2207",721.8,sc2206,1-2
2022-05-18,6.3,"sc2206,sc2207",721.9,sc2206,1-2
2022-05-19,5.2,"sc2206,sc2207",698.6,sc2206,1-2
2022-05-20,6.3,"sc2206,sc2207",699.8,sc2206,1-2
2022-05-23,4.3,"sc2206,sc2207",706.2,sc2206,1-2
2022-05-24,5.6,"sc2206,sc2207",699.0,sc2206,1-2
2022-05-25,8.8,"sc2206,sc2207",710.8,sc2206,1-2
2022-05-26,7.3,"sc2206,sc2207",716.1,sc2206,1-2
2022-05-27,7.6,"sc2206,sc2207",740.4,sc2206,1-2
2022-05-30,-9.5,"sc2206,sc2207",724.3,sc2206,1-2
2022-05-31,-7.3,"sc2206,sc2207",737.3,sc2206,1-2
2022-06-01,4.7,"sc2207,sc2208",741.1,sc2207,1-2
2022-06-02,4.6,"sc2207,sc2208",728.8,sc2207,1-2
2022-06-06,3.5,"sc2207,sc2208",750.3,sc2207,1-2
2022-06-07,3.3,"sc2207,sc2208",748.7,sc2207,1-2
2022-06-08,2.9,"sc2207,sc2208",753.8,sc2207,1-2
2022-06-09,3.7,"sc2207,sc2208",771.4,sc2207,1-2
2022-06-10,3.1,"sc2207,sc2208",770.5,sc2207,1-2
2022-06-13,3.0,"sc2207,sc2208",756.8,sc2207,1-2
2022-06-14,7.6,"sc2207,sc2208",768.0,sc2207,1-2
2022-06-15,7.4,"sc2207,sc2208",770.6,sc2207,1-2
2022-06-16,4.3,"sc2207,sc2208",748.2,sc2207,1-2
2022-06-17,0.4,"sc2207,sc2208",731.7,sc2207,1-2
2022-06-20,2.2,"sc2207,sc2208",704.3,sc2207,1-2
2022-06-21,-1.0,"sc2207,sc2208",702.2,sc2207,1-2
2022-06-22,-1.9,"sc2207,sc2208",703.7,sc2207,1-2
2022-06-23,-2.3,"sc2207,sc2208",687.6,sc2207,1-2
2022-06-24,-2.1,"sc2207,sc2208",684.0,sc2207,1-2
2022-06-27,-4.5,"sc2207,sc2208",689.6,sc2207,1-2
2022-06-28,-5.7,"sc2207,sc2208",707.1,sc2207,1-2
2022-06-29,-14.1,"sc2207,sc2208",715.0,sc2207,1-2
2022-06-30,-1.8,"sc2207,sc2208",731.1,sc2207,1-2
2022-07-01,9.1,"sc2208,sc2209",704.4,sc2208,1-2
2022-07-04,9.6,"sc2208,sc2209",711.7,sc2208,1-2
2022-07-05,12.9,"sc2208,sc2209",727.5,sc2208,1-2
2022-07-06,15.6,"sc2208,sc2209",674.2,sc2208,1-2
2022-07-07,12.6,"sc2208,sc2209",644.9,sc2208,1-2
2022-07-08,16.1,"sc2208,sc2209",676.8,sc2208,1-2
2022-07-11,14.5,"sc2208,sc2209",686.1,sc2208,1-2
2022-07-12,13.1,"sc2208,sc2209",680.6,sc2208,1-2
2022-07-13,15.2,"sc2208,sc2209",650.2,sc2208,1-2
2022-07-14,18.3,"sc2208,sc2209",650.8,sc2208,1-2
2022-07-15,24.8,"sc2208,sc2209",641.1,sc2208,1-2
2022-07-18,29.8,"sc2208,sc2209",668.0,sc2208,1-2
2022-07-19,30.9,"sc2208,sc2209",697.5,sc2208,1-2
2022-07-20,40.5,"sc2208,sc2209",704.9,sc2208,1-2
2022-07-21,43.3,"sc2208,sc2209",706.9,sc2208,1-2
2022-07-22,43.2,"sc2208,sc2209",695.8,sc2208,1-2
2022-07-25,46.2,"sc2208,sc2209",697.9,sc2208,1-2
2022-07-26,42.7,"sc2208,sc2209",704.3,sc2208,1-2
2022-07-27,-3.3,"sc2208,sc2209",661.3,sc2208,1-2
2022-07-28,-2.3,"sc2208,sc2209",676.1,sc2208,1-2
2022-07-29,48.4,"sc2208,sc2209",730.3,sc2208,1-2
2022-08-01,20.9,"sc2209,sc2210",698.1,sc2209,1-2
2022-08-02,20.4,"sc2209,sc2210",672.7,sc2209,1-2
2022-08-03,16.1,"sc2209,sc2210",681.6,sc2209,1-2
2022-08-04,16.0,"sc2209,sc2210",667.1,sc2209,1-2
2022-08-05,18.0,"sc2209,sc2210",650.3,sc2209,1-2
2022-08-08,24.6,"sc2209,sc2210",659.6,sc2209,1-2
2022-08-09,21.0,"sc2209,sc2210",665.7,sc2209,1-2
2022-08-10,23.6,"sc2209,sc2210",676.5,sc2209,1-2
2022-08-11,25.6,"sc2209,sc2210",682.6,sc2209,1-2
2022-08-12,25.6,"sc2209,sc2210",698.9,sc2209,1-2
2022-08-15,28.3,"sc2209,sc2210",695.9,sc2209,1-2
2022-08-16,29.3,"sc2209,sc2210",685.6,sc2209,1-2
2022-08-17,28.9,"sc2209,sc2210",690.7,sc2209,1-2
2022-08-18,27.7,"sc2209,sc2210",698.6,sc2209,1-2
2022-08-19,33.4,"sc2209,sc2210",725.4,sc2209,1-2
2022-08-22,46.4,"sc2209,sc2210",749.9,sc2209,1-2
2022-08-23,45.1,"sc2209,sc2210",747.2,sc2209,1-2
2022-08-24,46.8,"sc2209,sc2210",765.8,sc2209,1-2
2022-08-25,49.0,"sc2209,sc2210",790.6,sc2209,1-2
2022-08-26,48.0,"sc2209,sc2210",787.3,sc2209,1-2
2022-08-29,-1.2,"sc2209,sc2210",726.4,sc2209,1-2
2022-08-30,-1.9,"sc2209,sc2210",738.7,sc2209,1-2
2022-08-31,7.8,"sc2209,sc2210",724.7,sc2209,1-2
2022-09-01,31.8,"sc2210,sc2211",705.5,sc2210,1-2
2022-09-02,39.8,"sc2210,sc2211",694.7,sc2210,1-2
2022-09-05,34.2,"sc2210,sc2211",696.2,sc2210,1-2
2022-09-06,37.1,"sc2210,sc2211",707.4,sc2210,1-2
2022-09-07,36.4,"sc2210,sc2211",688.4,sc2210,1-2
2022-09-08,42.3,"sc2210,sc2211",673.8,sc2210,1-2
2022-09-09,43.0,"sc2210,sc2211",670.0,sc2210,1-2
2022-09-13,54.8,"sc2210,sc2211",705.6,sc2210,1-2
2022-09-14,46.8,"sc2210,sc2211",691.6,sc2210,1-2
2022-09-15,50.8,"sc2210,sc2211",718.3,sc2210,1-2
2022-09-16,46.2,"sc2210,sc2211",712.2,sc2210,1-2
2022-09-19,61.0,"sc2210,sc2211",709.2,sc2210,1-2
2022-09-20,68.3,"sc2210,sc2211",707.4,sc2210,1-2
2022-09-21,32.3,"sc2210,sc2211",674.3,sc2210,1-2
2022-09-22,4.3,"sc2210,sc2211",653.6,sc2210,1-2
2022-09-23,-9.4,"sc2210,sc2211",645.8,sc2210,1-2
2022-09-26,11.8,"sc2211,sc2212",624.8,sc2211,1-2
2022-09-27,8.2,"sc2211,sc2212",612.0,sc2211,1-2
2022-09-28,8.3,"sc2211,sc2212",612.2,sc2211,1-2
2022-09-29,5.3,"sc2211,sc2212",628.6,sc2211,1-2
2022-09-30,3.8,"sc2211,sc2212",631.5,sc2211,1-2
2022-10-10,10.3,"sc2211,sc2212",699.6,sc2211,1-2
2022-10-11,8.2,"sc2211,sc2212",702.2,sc2211,1-2
2022-10-12,8.5,"sc2211,sc2212",688.2,sc2211,1-2
2022-10-13,13.2,"sc2211,sc2212",684.8,sc2211,1-2
2022-10-14,9.2,"sc2211,sc2212",689.7,sc2211,1-2
2022-10-17,6.5,"sc2211,sc2212",676.7,sc2211,1-2
2022-10-18,6.4,"sc2211,sc2212",677.9,sc2211,1-2
2022-10-19,3.8,"sc2211,sc2212",665.4,sc2211,1-2
2022-10-20,-0.4,"sc2211,sc2212",667.1,sc2211,1-2
2022-10-21,0.2,"sc2211,sc2212",669.6,sc2211,1-2
2022-10-24,-0.2,"sc2211,sc2212",670.1,sc2211,1-2
2022-10-25,-1.4,"sc2211,sc2212",669.9,sc2211,1-2
2022-10-26,-2.3,"sc2211,sc2212",671.3,sc2211,1-2
2022-10-27,-2.3,"sc2211,sc2212",677.4,sc2211,1-2
2022-10-28,-3.6,"sc2211,sc2212",684.9,sc2211,1-2
2022-10-31,4.1,"sc2211,sc2212",686.8,sc2211,1-2
2022-11-01,15.4,"sc2212,sc2301",685.5,sc2212,1-2
2022-11-02,11.7,"sc2212,sc2301",696.3,sc2212,1-2
2022-11-03,10.7,"sc2212,sc2301",698.4,sc2212,1-2
2022-11-04,12.0,"sc2212,sc2301",699.9,sc2212,1-2
2022-11-07,13.5,"sc2212,sc2301",715.4,sc2212,1-2
2022-11-08,12.4,"sc2212,sc2301",716.5,sc2212,1-2
2022-11-09,8.9,"sc2212,sc2301",700.6,sc2212,1-2
2022-11-10,7.1,"sc2212,sc2301",677.4,sc2212,1-2
2022-11-11,5.9,"sc2212,sc2301",673.8,sc2212,1-2
2022-11-14,4.8,"sc2212,sc2301",677.5,sc2212,1-2
2022-11-15,4.4,"sc2212,sc2301",658.4,sc2212,1-2
2022-11-16,4.7,"sc2212,sc2301",647.0,sc2212,1-2
2022-11-17,2.9,"sc2212,sc2301",636.7,sc2212,1-2
2022-11-18,1.3,"sc2212,sc2301",623.1,sc2212,1-2
2022-11-21,1.7,"sc2212,sc2301",601.6,sc2212,1-2
2022-11-22,1.5,"sc2212,sc2301",591.8,sc2212,1-2
2022-11-23,0.1,"sc2212,sc2301",601.9,sc2212,1-2
2022-11-24,0.1,"sc2212,sc2301",575.0,sc2212,1-2
2022-11-25,2.3,"sc2212,sc2301",576.1,sc2212,1-2
2022-11-28,-4.1,"sc2212,sc2301",556.0,sc2212,1-2
2022-11-29,-10.4,"sc2212,sc2301",554.9,sc2212,1-2
2022-11-30,7.7,"sc2212,sc2301",579.2,sc2212,1-2
2022-12-01,-3.5,"sc2301,sc2302",578.9,sc2301,1-2
2022-12-02,-3.8,"sc2301,sc2302",577.7,sc2301,1-2
2022-12-05,-4.4,"sc2301,sc2302",570.0,sc2301,1-2
2022-12-06,-4.8,"sc2301,sc2302",552.6,sc2301,1-2
2022-12-07,-6.0,"sc2301,sc2302",523.3,sc2301,1-2
2022-12-08,-6.3,"sc2301,sc2302",512.6,sc2301,1-2
2022-12-09,-6.4,"sc2301,sc2302",505.1,sc2301,1-2
2022-12-12,-7.1,"sc2301,sc2302",501.6,sc2301,1-2
2022-12-13,-7.7,"sc2301,sc2302",510.2,sc2301,1-2
2022-12-14,-7.8,"sc2301,sc2302",521.7,sc2301,1-2
2022-12-15,-8.3,"sc2301,sc2302",530.3,sc2301,1-2
2022-12-16,-8.3,"sc2301,sc2302",528.4,sc2301,1-2
2022-12-19,-8.5,"sc2301,sc2302",520.0,sc2301,1-2
2022-12-20,-8.4,"sc2301,sc2302",528.4,sc2301,1-2
2022-12-21,-7.8,"sc2301,sc2302",529.2,sc2301,1-2
2022-12-22,-10.4,"sc2301,sc2302",538.0,sc2301,1-2
2022-12-23,-5.0,"sc2302,sc2303",546.8,sc2302,1-2
2022-12-26,-3.7,"sc2302,sc2303",559.7,sc2302,1-2
2022-12-27,-5.1,"sc2302,sc2303",562.5,sc2302,1-2
2022-12-28,-4.4,"sc2302,sc2303",565.5,sc2302,1-2
2022-12-29,-5.3,"sc2302,sc2303",552.9,sc2302,1-2
2022-12-30,-6.8,"sc2302,sc2303",553.7,sc2302,1-2
2023-01-03,-5.9,"sc2302,sc2303",564.2,sc2302,1-2
2023-01-04,-5.6,"sc2302,sc2303",549.9,sc2302,1-2
2023-01-05,-5.5,"sc2302,sc2303",521.1,sc2302,1-2
2023-01-06,-0.8,"sc2302,sc2303",525.5,sc2302,1-2
2023-01-09,-1.9,"sc2302,sc2303",525.7,sc2302,1-2
2023-01-10,-2.3,"sc2302,sc2303",524.4,sc2302,1-2
2023-01-11,-2.5,"sc2302,sc2303",519.5,sc2302,1-2
2023-01-12,-3.0,"sc2302,sc2303",527.3,sc2302,1-2
2023-01-13,3.3,"sc2302,sc2303",538.8,sc2302,1-2
2023-01-16,-1.7,"sc2302,sc2303",539.4,sc2302,1-2
2023-01-17,-2.2,"sc2303,sc2304",544.2,sc2303,1-2
2023-01-18,-1.0,"sc2303,sc2304",559.6,sc2303,1-2
2023-01-19,-2.3,"sc2303,sc2304",556.2,sc2303,1-2
2023-01-20,-2.0,"sc2303,sc2304",559.8,sc2303,1-2
2023-01-30,-2.3,"sc2303,sc2304",560.0,sc2303,1-2
2023-01-31,-2.5,"sc2303,sc2304",546.6,sc2303,1-2
2023-02-01,-2.7,"sc2303,sc2304",548.4,sc2303,1-2
2023-02-02,-2.6,"sc2303,sc2304",540.8,sc2303,1-2
2023-02-03,-1.3,"sc2303,sc2304",532.3,sc2303,1-2
2023-02-06,-1.2,"sc2303,sc2304",526.5,sc2303,1-2
2023-02-07,-1.5,"sc2303,sc2304",523.8,sc2303,1-2
2023-02-08,-1.1,"sc2303,sc2304",537.9,sc2303,1-2
2023-02-09,0.8,"sc2303,sc2304",550.9,sc2303,1-2
2023-02-10,4.6,"sc2303,sc2304",552.6,sc2303,1-2
2023-02-13,5.4,"sc2303,sc2304",563.0,sc2303,1-2
2023-02-14,4.4,"sc2303,sc2304",566.3,sc2303,1-2
2023-02-15,6.4,"sc2303,sc2304",567.9,sc2303,1-2
2023-02-16,7.3,"sc2303,sc2304",572.4,sc2303,1-2
2023-02-17,8.9,"sc2303,sc2304",579.1,sc2303,1-2
2023-02-20,6.3,"sc2303,sc2304",559.1,sc2303,1-2
2023-02-21,3.3,"sc2303,sc2304",557.0,sc2303,1-2
2023-02-22,8.2,"sc2303,sc2304",556.1,sc2303,1-2
2023-02-23,11.2,"sc2303,sc2304",552.0,sc2303,1-2
2023-02-24,2.4,"sc2303,sc2304",548.6,sc2303,1-2
2023-02-27,11.4,"sc2303,sc2304",561.2,sc2303,1-2
2023-02-28,7.2,"sc2303,sc2304",553.0,sc2303,1-2
2023-03-01,0.7,"sc2304,sc2305",556.5,sc2304,1-2
2023-03-02,0.3,"sc2304,sc2305",556.0,sc2304,1-2
2023-03-03,1.2,"sc2304,sc2305",566.5,sc2304,1-2
2023-03-06,1.9,"sc2304,sc2305",568.7,sc2304,1-2
2023-03-07,2.2,"sc2304,sc2305",579.2,sc2304,1-2
2023-03-08,0.6,"sc2304,sc2305",571.1,sc2304,1-2
2023-03-09,0.3,"sc2304,sc2305",560.5,sc2304,1-2
2023-03-10,-0.4,"sc2304,sc2305",557.3,sc2304,1-2
2023-03-13,-1.7,"sc2304,sc2305",551.7,sc2304,1-2
2023-03-14,-3.2,"sc2304,sc2305",535.6,sc2304,1-2
2023-03-15,-2.7,"sc2304,sc2305",526.7,sc2304,1-2
2023-03-16,-4.8,"sc2304,sc2305",496.4,sc2304,1-2
2023-03-17,-4.9,"sc2304,sc2305",496.1,sc2304,1-2
2023-03-20,-3.8,"sc2304,sc2305",490.2,sc2304,1-2
2023-03-21,-5.0,"sc2304,sc2305",486.1,sc2304,1-2
2023-03-22,-4.2,"sc2304,sc2305",497.7,sc2304,1-2
2023-03-23,-3.2,"sc2304,sc2305",504.4,sc2304,1-2
2023-03-24,-3.8,"sc2304,sc2305",505.2,sc2304,1-2
2023-03-27,-3.3,"sc2304,sc2305",498.0,sc2304,1-2
2023-03-28,-1.4,"sc2304,sc2305",514.8,sc2304,1-2
2023-03-29,-0.1,"sc2304,sc2305",524.3,sc2304,1-2
2023-03-30,2.1,"sc2304,sc2305",525.8,sc2304,1-2
2023-03-31,4.1,"sc2304,sc2305",531.0,sc2304,1-2
2023-04-03,-1.5,"sc2305,sc2306",547.2,sc2305,1-2
2023-04-04,1.4,"sc2305,sc2306",576.9,sc2305,1-2
2023-04-06,1.3,"sc2305,sc2306",583.0,sc2305,1-2
2023-04-07,3.1,"sc2305,sc2306",586.9,sc2305,1-2
2023-04-10,4.8,"sc2305,sc2306",589.3,sc2305,1-2
2023-04-11,5.3,"sc2305,sc2306",586.3,sc2305,1-2
2023-04-12,6.8,"sc2305,sc2306",591.9,sc2305,1-2
2023-04-13,7.1,"sc2305,sc2306",601.8,sc2305,1-2
2023-04-14,4.6,"sc2305,sc2306",597.4,sc2305,1-2
2023-04-17,6.4,"sc2305,sc2306",599.2,sc2305,1-2
2023-04-18,11.7,"sc2305,sc2306",597.5,sc2305,1-2
2023-04-19,10.0,"sc2305,sc2306",593.6,sc2305,1-2
2023-04-20,9.9,"sc2305,sc2306",580.9,sc2305,1-2
2023-04-21,8.3,"sc2305,sc2306",566.6,sc2305,1-2
2023-04-24,5.8,"sc2305,sc2306",565.4,sc2305,1-2
2023-04-25,-0.4,"sc2305,sc2306",566.9,sc2305,1-2
2023-04-26,7.0,"sc2305,sc2306",561.8,sc2305,1-2
2023-04-27,-3.7,"sc2305,sc2306",534.9,sc2305,1-2
2023-04-28,17.5,"sc2305,sc2306",545.9,sc2305,1-2
2023-05-04,-1.6,"sc2306,sc2307",494.9,sc2306,1-2
2023-05-05,-2.3,"sc2306,sc2307",491.7,sc2306,1-2
2023-05-08,-1.4,"sc2306,sc2307",508.7,sc2306,1-2
2023-05-09,-1.3,"sc2306,sc2307",518.9,sc2306,1-2
2023-05-10,-1.3,"sc2306,sc2307",517.5,sc2306,1-2
2023-05-11,-2.4,"sc2306,sc2307",514.7,sc2306,1-2
2023-05-12,-3.6,"sc2306,sc2307",502.1,sc2306,1-2
2023-05-15,-3.5,"sc2306,sc2307",496.2,sc2306,1-2
2023-05-16,-3.0,"sc2306,sc2307",505.7,sc2306,1-2
2023-05-17,-2.4,"sc2306,sc2307",504.1,sc2306,1-2
2023-05-18,-3.2,"sc2306,sc2307",512.7,sc2306,1-2
2023-05-19,-3.5,"sc2306,sc2307",514.4,sc2306,1-2
2023-05-22,-3.8,"sc2306,sc2307",509.6,sc2306,1-2
2023-05-23,-2.5,"sc2306,sc2307",513.7,sc2306,1-2
2023-05-24,-0.4,"sc2306,sc2307",523.5,sc2306,1-2
2023-05-25,-0.3,"sc2306,sc2307",529.4,sc2306,1-2
2023-05-26,-1.3,"sc2306,sc2307",516.7,sc2306,1-2
2023-05-29,-2.2,"sc2306,sc2307",527.4,sc2306,1-2
2023-05-30,-0.3,"sc2306,sc2307",528.2,sc2306,1-2
2023-05-31,10.2,"sc2306,sc2307",517.5,sc2306,1-2
2023-06-01,-0.1,"sc2307,sc2308",501.9,sc2307,1-2
2023-06-02,-0.6,"sc2307,sc2308",511.8,sc2307,1-2
2023-06-05,-0.8,"sc2307,sc2308",523.7,sc2307,1-2
2023-06-06,-0.3,"sc2307,sc2308",528.0,sc2307,1-2
2023-06-07,-0.9,"sc2307,sc2308",524.1,sc2307,1-2
2023-06-08,0.7,"sc2307,sc2308",534.2,sc2307,1-2
2023-06-09,0.2,"sc2307,sc2308",527.3,sc2307,1-2
2023-06-12,-0.2,"sc2307,sc2308",523.1,sc2307,1-2
2023-06-13,-2.2,"sc2307,sc2308",506.3,sc2307,1-2
2023-06-14,-1.9,"sc2307,sc2308",519.6,sc2307,1-2
2023-06-15,-2.2,"sc2307,sc2308",517.6,sc2307,1-2
2023-06-16,-2.2,"sc2307,sc2308",525.1,sc2307,1-2
2023-06-19,-0.7,"sc2307,sc2308",530.0,sc2307,1-2
2023-06-20,-0.9,"sc2307,sc2308",533.6,sc2307,1-2
2023-06-21,-0.2,"sc2307,sc2308",542.5,sc2307,1-2
2023-06-26,0.0,"sc2307,sc2308",539.3,sc2307,1-2
2023-06-27,-1.6,"sc2307,sc2308",541.1,sc2307,1-2
2023-06-28,-0.6,"sc2307,sc2308",534.6,sc2307,1-2
2023-06-29,-1.7,"sc2307,sc2308",539.1,sc2307,1-2
2023-06-30,-3.4,"sc2307,sc2308",542.1,sc2307,1-2
2023-07-03,0.1,"sc2308,sc2309",551.7,sc2308,1-2
2023-07-04,-0.2,"sc2308,sc2309",551.0,sc2308,1-2
2023-07-05,-0.6,"sc2308,sc2309",553.8,sc2308,1-2
2023-07-06,-1.2,"sc2308,sc2309",558.8,sc2308,1-2
2023-07-07,-1.5,"sc2308,sc2309",556.5,sc2308,1-2
2023-07-10,-0.9,"sc2308,sc2309",565.3,sc2308,1-2
2023-07-11,0.4,"sc2308,sc2309",568.8,sc2308,1-2
2023-07-12,-0.4,"sc2308,sc2309",574.4,sc2308,1-2
2023-07-13,-0.6,"sc2308,sc2309",578.6,sc2308,1-2
2023-07-14,1.1,"sc2308,sc2309",584.9,sc2308,1-2
2023-07-17,3.2,"sc2308,sc2309",580.1,sc2308,1-2
2023-07-18,2.9,"sc2308,sc2309",577.2,sc2308,1-2
2023-07-19,1.9,"sc2308,sc2309",583.4,sc2308,1-2
2023-07-20,1.8,"sc2308,sc2309",589.1,sc2308,1-2
2023-07-21,0.2,"sc2308,sc2309",585.3,sc2308,1-2
2023-07-24,-1.6,"sc2308,sc2309",587.7,sc2308,1-2
2023-07-25,-1.1,"sc2308,sc2309",598.9,sc2308,1-2
2023-07-26,-1.0,"sc2308,sc2309",601.8,sc2308,1-2
2023-07-27,3.3,"sc2308,sc2309",606.8,sc2308,1-2
2023-07-28,3.4,"sc2308,sc2309",610.3,sc2308,1-2
2023-07-31,-3.5,"sc2308,sc2309",604.4,sc2308,1-2
2023-08-01,4.5,"sc2309,sc2310",618.2,sc2309,1-2
2023-08-02,4.5,"sc2309,sc2310",621.8,sc2309,1-2
2023-08-03,4.0,"sc2309,sc2310",610.6,sc2309,1-2
2023-08-04,4.6,"sc2309,sc2310",619.3,sc2309,1-2
2023-08-07,4.8,"sc2309,sc2310",627.5,sc2309,1-2
2023-08-08,4.6,"sc2309,sc2310",625.5,sc2309,1-2
2023-08-09,5.0,"sc2309,sc2310",626.9,sc2309,1-2
2023-08-10,5.8,"sc2309,sc2310",638.1,sc2309,1-2
2023-08-11,7.9,"sc2309,sc2310",639.4,sc2309,1-2
2023-08-14,20.1,"sc2309,sc2310",658.7,sc2309,1-2
2023-08-15,18.2,"sc2309,sc2310",658.7,sc2309,1-2
2023-08-16,13.7,"sc2309,sc2310",655.8,sc2309,1-2
2023-08-17,16.8,"sc2309,sc2310",655.6,sc2309,1-2
2023-08-18,18.4,"sc2309,sc2310",658.4,sc2309,1-2
2023-08-21,23.9,"sc2309,sc2310",667.6,sc2309,1-2
2023-08-22,26.9,"sc2309,sc2310",671.8,sc2309,1-2
2023-08-23,29.2,"sc2309,sc2310",665.6,sc2309,1-2
2023-08-24,43.1,"sc2309,sc2310",668.8,sc2309,1-2
2023-08-25,50.4,"sc2309,sc2310",678.7,sc2309,1-2
2023-08-28,54.6,"sc2309,sc2310",690.9,sc2309,1-2
2023-08-29,20.4,"sc2309,sc2310",657.4,sc2309,1-2
2023-08-30,-7.1,"sc2309,sc2310",632.0,sc2309,1-2
2023-08-31,-36.0,"sc2309,sc2310",607.6,sc2309,1-2
2023-09-01,7.9,"sc2310,sc2311",649.8,sc2310,1-2
2023-09-04,11.4,"sc2310,sc2311",666.2,sc2310,1-2
2023-09-05,10.3,"sc2310,sc2311",668.6,sc2310,1-2
2023-09-06,13.3,"sc2310,sc2311",690.0,sc2310,1-2
2023-09-07,10.4,"sc2310,sc2311",691.0,sc2310,1-2
2023-09-08,11.5,"sc2310,sc2311",693.8,sc2310,1-2
2023-09-11,14.5,"sc2310,sc2311",694.8,sc2310,1-2
2023-09-12,12.7,"sc2310,sc2311",696.3,sc2310,1-2
2023-09-13,13.0,"sc2310,sc2311",708.3,sc2310,1-2
2023-09-14,19.6,"sc2310,sc2311",717.7,sc2310,1-2
2023-09-15,29.3,"sc2310,sc2311",736.8,sc2310,1-2
2023-09-18,34.3,"sc2310,sc2311",733.1,sc2310,1-2
2023-09-19,36.5,"sc2310,sc2311",736.7,sc2310,1-2
2023-09-20,31.4,"sc2310,sc2311",728.9,sc2310,1-2
2023-09-21,33.0,"sc2310,sc2311",725.6,sc2310,1-2
2023-09-22,40.3,"sc2310,sc2311",736.5,sc2310,1-2
2023-09-25,40.9,"sc2310,sc2311",731.7,sc2310,1-2
2023-09-26,16.5,"sc2310,sc2311",702.4,sc2310,1-2
2023-09-27,-0.3,"sc2310,sc2311",695.9,sc2310,1-2
2023-09-28,-12.9,"sc2310,sc2311",700.9,sc2310,1-2
2023-10-09,8.6,"sc2311,sc2312",660.7,sc2311,1-2
2023-10-10,10.6,"sc2311,sc2312",660.8,sc2311,1-2
2023-10-11,9.3,"sc2311,sc2312",657.0,sc2311,1-2
2023-10-12,8.7,"sc2311,sc2312",650.1,sc2311,1-2
2023-10-13,7.6,"sc2311,sc2312",652.3,sc2311,1-2
2023-10-16,6.2,"sc2311,sc2312",676.5,sc2311,1-2
2023-10-17,5.1,"sc2311,sc2312",674.6,sc2311,1-2
2023-10-18,7.1,"sc2311,sc2312",681.5,sc2311,1-2
2023-10-19,5.3,"sc2311,sc2312",689.1,sc2311,1-2
2023-10-20,2.4,"sc2311,sc2312",694.0,sc2311,1-2
2023-10-23,3.7,"sc2311,sc2312",694.9,sc2311,1-2
2023-10-24,4.2,"sc2311,sc2312",682.7,sc2311,1-2
2023-10-25,3.3,"sc2311,sc2312",668.0,sc2311,1-2
2023-10-26,5.1,"sc2311,sc2312",674.5,sc2311,1-2
2023-10-27,8.9,"sc2311,sc2312",673.0,sc2311,1-2
2023-10-30,11.6,"sc2311,sc2312",678.3,sc2311,1-2
2023-10-31,16.2,"sc2311,sc2312",671.6,sc2311,1-2
2023-11-01,3.0,"sc2312,sc2401",649.8,sc2312,1-2
2023-11-02,1.9,"sc2312,sc2401",650.1,sc2312,1-2
2023-11-03,2.3,"sc2312,sc2401",653.5,sc2312,1-2
2023-11-06,3.4,"sc2312,sc2401",647.3,sc2312,1-2
2023-11-07,0.8,"sc2312,sc2401",636.5,sc2312,1-2
2023-11-08,0.0,"sc2312,sc2401",610.4,sc2312,1-2
2023-11-09,0.0,"sc2312,sc2401",596.2,sc2312,1-2
2023-11-10,-0.3,"sc2312,sc2401",596.9,sc2312,1-2
2023-11-13,-1.2,"sc2312,sc2401",598.9,sc2312,1-2
2023-11-14,-2.5,"sc2312,sc2401",602.7,sc2312,1-2
2023-11-15,-2.7,"sc2312,sc2401",604.1,sc2312,1-2
2023-11-16,-3.2,"sc2312,sc2401",590.4,sc2312,1-2
2023-11-17,-3.4,"sc2312,sc2401",568.9,sc2312,1-2
2023-11-20,-4.0,"sc2312,sc2401",576.7,sc2312,1-2
2023-11-21,-5.1,"sc2312,sc2401",587.4,sc2312,1-2
2023-11-22,-1.0,"sc2312,sc2401",589.2,sc2312,1-2
2023-11-23,-1.5,"sc2312,sc2401",571.9,sc2312,1-2
2023-11-24,-3.7,"sc2312,sc2401",575.9,sc2312,1-2
2023-11-27,-4.6,"sc2312,sc2401",573.3,sc2312,1-2
2023-11-28,-5.3,"sc2312,sc2401",566.9,sc2312,1-2
2023-11-29,-5.5,"sc2312,sc2401",573.7,sc2312,1-2
2023-11-30,-7.0,"sc2312,sc2401",577.1,sc2312,1-2
2023-12-01,-3.1,"sc2401,sc2402",579.3,sc2401,1-2
2023-12-04,-3.4,"sc2401,sc2402",566.0,sc2401,1-2
2023-12-05,-3.5,"sc2401,sc2402",556.7,sc2401,1-2
2023-12-06,-3.6,"sc2401,sc2402",554.3,sc2401,1-2
2023-12-07,-3.7,"sc2401,sc2402",536.6,sc2401,1-2
2023-12-08,0.8,"sc2401,sc2402",546.7,sc2401,1-2
2023-12-11,0.2,"sc2401,sc2402",551.5,sc2401,1-2
2023-12-12,-1.9,"sc2401,sc2402",550.8,sc2401,1-2
2023-12-13,-2.4,"sc2401,sc2402",530.2,sc2401,1-2
2023-12-14,-2.2,"sc2401,sc2402",529.5,sc2401,1-2
2023-12-15,-2.6,"sc2401,sc2402",542.9,sc2401,1-2
2023-12-18,-3.9,"sc2401,sc2402",542.5,sc2401,1-2
2023-12-19,-4.3,"sc2401,sc2402",553.8,sc2401,1-2
2023-12-20,-4.8,"sc2401,sc2402",556.1,sc2401,1-2
2023-12-21,-5.9,"sc2401,sc2402",560.2,sc2401,1-2
2023-12-22,-5.2,"sc2401,sc2402",554.9,sc2401,1-2
2023-12-25,-5.8,"sc2401,sc2402",552.7,sc2401,1-2
2023-12-26,-5.9,"sc2401,sc2402",553.7,sc2401,1-2
2023-12-27,-5.5,"sc2401,sc2402",567.3,sc2401,1-2
2023-12-28,-6.8,"sc2401,sc2402",560.2,sc2401,1-2
2023-12-29,0.8,"sc2401,sc2402",551.2,sc2401,1-2
2024-01-02,-3.3,"sc2402,sc2403",547.2,sc2402,1-2
2024-01-03,-3.1,"sc2402,sc2403",544.7,sc2402,1-2
2024-01-04,-3.2,"sc2402,sc2403",554.3,sc2402,1-2
2024-01-05,-3.5,"sc2402,sc2403",552.9,sc2402,1-2
2024-01-08,-2.4,"sc2402,sc2403",556.6,sc2402,1-2
2024-01-09,-3.3,"sc2402,sc2403",539.0,sc2402,1-2
2024-01-10,-3.0,"sc2402,sc2403",553.2,sc2402,1-2
2024-01-11,-1.7,"sc2402,sc2403",559.0,sc2402,1-2
2024-01-12,-1.3,"sc2402,sc2403",566.1,sc2402,1-2
2024-01-15,-2.3,"sc2402,sc2403",562.8,sc2402,1-2
2024-01-16,-3.8,"sc2402,sc2403",553.5,sc2402,1-2
2024-01-17,-4.0,"sc2402,sc2403",554.5,sc2402,1-2
2024-01-18,-4.1,"sc2402,sc2403",550.6,sc2402,1-2
2024-01-19,-4.3,"sc2402,sc2403",557.9,sc2402,1-2
2024-01-22,-4.8,"sc2402,sc2403",557.9,sc2402,1-2
2024-01-23,-5.1,"sc2402,sc2403",564.2,sc2402,1-2
2024-01-24,-5.2,"sc2402,sc2403",562.0,sc2402,1-2
2024-01-25,-5.0,"sc2402,sc2403",567.7,sc2402,1-2
2024-01-26,-5.2,"sc2402,sc2403",579.7,sc2402,1-2
2024-01-29,-4.8,"sc2402,sc2403",587.6,sc2402,1-2
2024-01-30,-3.7,"sc2402,sc2403",584.8,sc2402,1-2
2024-01-31,-6.6,"sc2402,sc2403",577.8,sc2402,1-2
2024-02-01,-2.4,"sc2403,sc2404",579.4,sc2403,1-2
2024-02-02,-3.0,"sc2403,sc2404",572.2,sc2403,1-2
2024-02-05,-3.5,"sc2403,sc2404",555.9,sc2403,1-2
2024-02-06,-4.6,"sc2403,sc2404",556.6,sc2403,1-2
2024-02-07,-4.5,"sc2403,sc2404",562.1,sc2403,1-2
2024-02-08,-5.0,"sc2403,sc2404",567.4,sc2403,1-2
2024-02-19,-4.9,"sc2403,sc2404",581.7,sc2403,1-2
2024-02-20,-5.7,"sc2403,sc2404",598.7,sc2403,1-2
2024-02-21,-6.1,"sc2403,sc2404",592.2,sc2403,1-2
2024-02-22,-5.8,"sc2403,sc2404",593.2,sc2403,1-2
2024-02-23,-4.8,"sc2403,sc2404",598.7,sc2403,1-2
2024-02-26,-0.3,"sc2403,sc2404",595.7,sc2403,1-2
2024-02-27,1.3,"sc2403,sc2404",600.4,sc2403,1-2
2024-02-28,6.6,"sc2403,sc2404",613.0,sc2403,1-2
2024-02-29,4.6,"sc2403,sc2404",613.1,sc2403,1-2
2024-03-01,9.3,"sc2404,sc2405",607.0,sc2404,1-2
2024-03-04,11.8,"sc2404,sc2405",617.9,sc2404,1-2
2024-03-05,12.1,"sc2404,sc2405",615.4,sc2404,1-2
2024-03-06,9.6,"sc2404,sc2405",608.9,sc2404,1-2
2024-03-07,8.1,"sc2404,sc2405",614.2,sc2404,1-2
2024-03-08,7.3,"sc2404,sc2405",613.6,sc2404,1-2
2024-03-11,7.6,"sc2404,sc2405",610.0,sc2404,1-2
2024-03-12,11.4,"sc2404,sc2405",616.1,sc2404,1-2
2024-03-13,13.8,"sc2404,sc2405",621.0,sc2404,1-2
2024-03-14,14.4,"sc2404,sc2405",630.5,sc2404,1-2
2024-03-15,19.4,"sc2404,sc2405",646.8,sc2404,1-2
2024-03-18,7.7,"sc2404,sc2405",635.7,sc2404,1-2
2024-03-19,1.1,"sc2404,sc2405",632.9,sc2404,1-2
2024-03-20,-1.5,"sc2404,sc2405",637.0,sc2404,1-2
2024-03-21,-1.6,"sc2404,sc2405",630.5,sc2404,1-2
2024-03-22,-0.3,"sc2404,sc2405",626.7,sc2404,1-2
2024-03-25,0.9,"sc2404,sc2405",631.8,sc2404,1-2
2024-03-26,0.2,"sc2404,sc2405",636.3,sc2404,1-2
2024-03-27,0.9,"sc2404,sc2405",632.5,sc2404,1-2
2024-03-28,1.9,"sc2404,sc2405",635.0,sc2404,1-2
2024-03-29,7.9,"sc2404,sc2405",651.3,sc2404,1-2
2024-04-01,2.9,"sc2405,sc2406",645.2,sc2405,1-2
2024-04-02,2.5,"sc2405,sc2406",647.0,sc2405,1-2
2024-04-03,2.9,"sc2405,sc2406",656.1,sc2405,1-2
2024-04-08,3.8,"sc2405,sc2406",660.8,sc2405,1-2
2024-04-09,4.3,"sc2405,sc2406",666.2,sc2405,1-2
2024-04-10,3.4,"sc2405,sc2406",662.2,sc2405,1-2
2024-04-11,3.0,"sc2405,sc2406",666.3,sc2405,1-2
2024-04-12,2.1,"sc2405,sc2406",667.7,sc2405,1-2
2024-04-15,1.5,"sc2405,sc2406",670.6,sc2405,1-2
2024-04-16,1.7,"sc2405,sc2406",663.9,sc2405,1-2
2024-04-17,2.3,"sc2405,sc2406",665.4,sc2405,1-2
2024-04-18,3.2,"sc2405,sc2406",652.0,sc2405,1-2
2024-04-19,2.1,"sc2405,sc2406",650.8,sc2405,1-2
2024-04-22,1.7,"sc2405,sc2406",643.0,sc2405,1-2
2024-04-23,3.3,"sc2405,sc2406",640.9,sc2405,1-2
2024-04-24,2.6,"sc2405,sc2406",646.7,sc2405,1-2
2024-04-25,3.5,"sc2405,sc2406",652.6,sc2405,1-2
2024-04-26,-2.8,"sc2405,sc2406",645.9,sc2405,1-2
2024-04-29,0.4,"sc2405,sc2406",652.5,sc2405,1-2
2024-04-30,3.4,"sc2405,sc2406",649.6,sc2405,1-2
2024-05-06,3.0,"sc2406,sc2407",634.0,sc2406,1-2
2024-05-07,2.5,"sc2406,sc2407",617.6,sc2406,1-2
2024-05-08,2.2,"sc2406,sc2407",615.5,sc2406,1-2
2024-05-09,1.2,"sc2406,sc2407",615.8,sc2406,1-2
2024-05-10,1.8,"sc2406,sc2407",620.1,sc2406,1-2
2024-05-13,2.0,"sc2406,sc2407",616.2,sc2406,1-2
2024-05-14,1.7,"sc2406,sc2407",618.2,sc2406,1-2
2024-05-15,2.4,"sc2406,sc2407",613.5,sc2406,1-2
2024-05-16,2.8,"sc2406,sc2407",610.3,sc2406,1-2
2024-05-17,2.9,"sc2406,sc2407",616.5,sc2406,1-2
2024-05-20,1.0,"sc2406,sc2407",619.6,sc2406,1-2
2024-05-21,-1.2,"sc2406,sc2407",616.6,sc2406,1-2
2024-05-22,-2.8,"sc2406,sc2407",607.8,sc2406,1-2
2024-05-23,-3.1,"sc2406,sc2407",600.9,sc2406,1-2
2024-05-24,-2.5,"sc2406,sc2407",599.3,sc2406,1-2
2024-05-27,-3.2,"sc2406,sc2407",602.1,sc2406,1-2
2024-05-28,-2.8,"sc2406,sc2407",608.4,sc2406,1-2
2024-05-29,-2.2,"sc2406,sc2407",616.2,sc2406,1-2
2024-05-30,4.8,"sc2406,sc2407",620.8,sc2406,1-2
2024-05-31,2.5,"sc2406,sc2407",607.9,sc2406,1-2
2024-06-03,0.3,"sc2407,sc2408",599.7,sc2407,1-2
2024-06-04,0.2,"sc2407,sc2408",578.6,sc2407,1-2
2024-06-05,0.4,"sc2407,sc2408",570.5,sc2407,1-2
2024-06-06,0.8,"sc2407,sc2408",575.3,sc2407,1-2
2024-06-07,0.8,"sc2407,sc2408",583.1,sc2407,1-2
2024-06-11,1.3,"sc2407,sc2408",589.2,sc2407,1-2
2024-06-12,1.6,"sc2407,sc2408",601.9,sc2407,1-2
2024-06-13,3.8,"sc2407,sc2408",605.7,sc2407,1-2
2024-06-14,4.2,"sc2407,sc2408",606.4,sc2407,1-2
2024-06-17,2.9,"sc2407,sc2408",605.1,sc2407,1-2
2024-06-18,5.7,"sc2407,sc2408",612.8,sc2407,1-2
2024-06-19,5.8,"sc2407,sc2408",620.6,sc2407,1-2
2024-06-20,6.0,"sc2407,sc2408",623.6,sc2407,1-2
2024-06-21,5.6,"sc2407,sc2408",626.0,sc2407,1-2
2024-06-24,7.0,"sc2407,sc2408",625.1,sc2407,1-2
2024-06-25,4.6,"sc2407,sc2408",626.6,sc2407,1-2
2024-06-26,5.6,"sc2407,sc2408",625.1,sc2407,1-2
2024-06-27,3.1,"sc2407,sc2408",621.2,sc2407,1-2
2024-06-28,-0.3,"sc2407,sc2408",625.0,sc2407,1-2
2024-07-01,2.0,"sc2408,sc2409",623.5,sc2408,1-2
2024-07-02,2.1,"sc2408,sc2409",631.1,sc2408,1-2
2024-07-03,2.6,"sc2408,sc2409",634.5,sc2408,1-2
2024-07-04,2.8,"sc2408,sc2409",634.3,sc2408,1-2
2024-07-05,2.4,"sc2408,sc2409",636.8,sc2408,1-2
2024-07-08,3.2,"sc2408,sc2409",634.2,sc2408,1-2
2024-07-09,3.2,"sc2408,sc2409",626.8,sc2408,1-2
2024-07-10,3.1,"sc2408,sc2409",620.2,sc2408,1-2
2024-07-11,2.5,"sc2408,sc2409",622.5,sc2408,1-2
2024-07-12,2.4,"sc2408,sc2409",620.7,sc2408,1-2
2024-07-15,1.5,"sc2408,sc2409",619.8,sc2408,1-2
2024-07-16,0.8,"sc2408,sc2409",615.9,sc2408,1-2
2024-07-17,-0.1,"sc2408,sc2409",608.1,sc2408,1-2
2024-07-18,0.1,"sc2408,sc2409",615.0,sc2408,1-2
2024-07-19,-1.3,"sc2408,sc2409",611.1,sc2408,1-2
2024-07-22,-2.6,"sc2408,sc2409",600.1,sc2408,1-2
2024-07-23,-2.9,"sc2408,sc2409",591.3,sc2408,1-2
2024-07-24,-3.7,"sc2408,sc2409",583.6,sc2408,1-2
2024-07-25,-4.2,"sc2408,sc2409",584.1,sc2408,1-2
2024-07-26,-3.6,"sc2408,sc2409",585.3,sc2408,1-2
2024-07-29,-1.3,"sc2408,sc2409",584.7,sc2408,1-2
2024-07-30,8.3,"sc2408,sc2409",586.3,sc2408,1-2
2024-07-31,7.2,"sc2408,sc2409",581.2,sc2408,1-2
2024-08-01,3.6,"sc2409,sc2410",587.9,sc2409,1-2
2024-08-02,4.2,"sc2409,sc2410",585.0,sc2409,1-2
2024-08-05,3.4,"sc2409,sc2410",555.7,sc2409,1-2
2024-08-06,2.3,"sc2409,sc2410",549.7,sc2409,1-2
2024-08-07,1.1,"sc2409,sc2410",546.3,sc2409,1-2
2024-08-08,0.6,"sc2409,sc2410",555.9,sc2409,1-2
2024-08-09,0.8,"sc2409,sc2410",560.4,sc2409,1-2
2024-08-12,0.3,"sc2409,sc2410",563.4,sc2409,1-2
2024-08-13,1.8,"sc2409,sc2410",576.4,sc2409,1-2
2024-08-14,2.9,"sc2409,sc2410",574.7,sc2409,1-2
2024-08-15,2.4,"sc2409,sc2410",568.8,sc2409,1-2
2024-08-16,0.9,"sc2409,sc2410",574.6,sc2409,1-2
2024-08-19,0.6,"sc2409,sc2410",563.2,sc2409,1-2
2024-08-20,-1.2,"sc2409,sc2410",551.5,sc2409,1-2
2024-08-21,-2.2,"sc2409,sc2410",545.2,sc2409,1-2
2024-08-22,-2.4,"sc2409,sc2410",538.9,sc2409,1-2
2024-08-23,-4.3,"sc2409,sc2410",540.2,sc2409,1-2
2024-08-26,-3.4,"sc2409,sc2410",552.6,sc2409,1-2
2024-08-27,-1.8,"sc2409,sc2410",566.9,sc2409,1-2
2024-08-28,-3.3,"sc2409,sc2410",557.6,sc2409,1-2
2024-08-29,-1.2,"sc2409,sc2410",551.9,sc2409,1-2
2024-08-30,5.4,"sc2409,sc2410",563.1,sc2409,1-2
2024-09-02,3.0,"sc2410,sc2411",542.6,sc2410,1-2
2024-09-03,3.6,"sc2410,sc2411",547.8,sc2410,1-2
2024-09-04,2.9,"sc2410,sc2411",526.2,sc2410,1-2
2024-09-05,3.6,"sc2410,sc2411",522.2,sc2410,1-2
2024-09-06,3.4,"sc2410,sc2411",520.5,sc2410,1-2
2024-09-09,2.0,"sc2410,sc2411",511.7,sc2410,1-2
2024-09-10,1.5,"sc2410,sc2411",510.9,sc2410,1-2
2024-09-11,2.4,"sc2410,sc2411",499.1,sc2410,1-2
2024-09-12,2.1,"sc2410,sc2411",505.1,sc2410,1-2
2024-09-13,0.7,"sc2410,sc2411",514.0,sc2410,1-2
2024-09-18,-0.9,"sc2410,sc2411",514.3,sc2410,1-2
2024-09-19,-2.3,"sc2410,sc2411",514.6,sc2410,1-2
2024-09-20,-2.4,"sc2410,sc2411",521.9,sc2410,1-2
2024-09-23,-2.5,"sc2410,sc2411",520.9,sc2410,1-2
2024-09-24,-2.9,"sc2410,sc2411",520.1,sc2410,1-2
2024-09-25,-5.0,"sc2410,sc2411",526.2,sc2410,1-2
2024-09-26,-1.2,"sc2410,sc2411",532.0,sc2410,1-2
2024-09-27,-2.2,"sc2410,sc2411",518.9,sc2410,1-2
2024-09-30,-7.3,"sc2410,sc2411",520.7,sc2410,1-2
2024-10-08,20.9,"sc2411,sc2412",551.1,sc2411,1-2
2024-10-09,12.2,"sc2411,sc2412",564.0,sc2411,1-2
2024-10-10,9.1,"sc2411,sc2412",554.3,sc2411,1-2
2024-10-11,10.1,"sc2411,sc2412",570.3,sc2411,1-2
2024-10-14,13.6,"sc2411,sc2412",574.5,sc2411,1-2
2024-10-15,9.0,"sc2411,sc2412",558.8,sc2411,1-2
2024-10-16,4.4,"sc2411,sc2412",539.1,sc2411,1-2
2024-10-17,2.9,"sc2411,sc2412",537.7,sc2411,1-2
2024-10-18,2.4,"sc2411,sc2412",537.0,sc2411,1-2
2024-10-21,2.2,"sc2411,sc2412",529.3,sc2411,1-2
2024-10-22,2.6,"sc2411,sc2412",535.9,sc2411,1-2
2024-10-23,5.9,"sc2411,sc2412",550.4,sc2411,1-2
2024-10-24,9.3,"sc2411,sc2412",551.9,sc2411,1-2
2024-10-25,7.5,"sc2411,sc2412",543.8,sc2411,1-2
2024-10-28,0.5,"sc2411,sc2412",535.9,sc2411,1-2
2024-10-29,-3.9,"sc2411,sc2412",512.1,sc2411,1-2
2024-10-30,-4.5,"sc2411,sc2412",509.6,sc2411,1-2
2024-10-31,3.2,"sc2411,sc2412",524.2,sc2411,1-2
2024-11-01,4.3,"sc2412,sc2501",528.3,sc2412,1-2
2024-11-04,2.9,"sc2412,sc2501",530.3,sc2412,1-2
2024-11-05,2.8,"sc2412,sc2501",536.3,sc2412,1-2
2024-11-06,2.3,"sc2412,sc2501",538.6,sc2412,1-2
2024-11-07,3.0,"sc2412,sc2501",540.4,sc2412,1-2
2024-11-08,2.5,"sc2412,sc2501",539.0,sc2412,1-2
2024-11-11,1.5,"sc2412,sc2501",532.2,sc2412,1-2
2024-11-12,1.4,"sc2412,sc2501",521.6,sc2412,1-2
2024-11-13,3.3,"sc2412,sc2501",525.7,sc2412,1-2
2024-11-14,3.5,"sc2412,sc2501",523.6,sc2412,1-2
2024-11-15,3.0,"sc2412,sc2501",526.5,sc2412,1-2
2024-11-18,3.4,"sc2412,sc2501",520.0,sc2412,1-2
2024-11-19,3.0,"sc2412,sc2501",527.7,sc2412,1-2
2024-11-20,3.5,"sc2412,sc2501",531.5,sc2412,1-2
2024-11-21,6.5,"sc2412,sc2501",536.0,sc2412,1-2
2024-11-22,7.8,"sc2412,sc2501",543.9,sc2412,1-2
2024-11-25,2.9,"sc2412,sc2501",542.6,sc2412,1-2
2024-11-26,2.0,"sc2412,sc2501",533.0,sc2412,1-2
2024-11-27,1.7,"sc2412,sc2501",531.6,sc2412,1-2
2024-11-28,3.8,"sc2412,sc2501",531.2,sc2412,1-2
2024-11-29,-8.5,"sc2412,sc2501",520.4,sc2412,1-2
2024-12-02,3.4,"sc2501,sc2502",529.9,sc2501,1-2
2024-12-03,3.6,"sc2501,sc2502",529.9,sc2501,1-2
2024-12-04,3.4,"sc2501,sc2502",538.2,sc2501,1-2
2024-12-05,3.8,"sc2501,sc2502",535.4,sc2501,1-2
2024-12-06,3.6,"sc2501,sc2502",528.3,sc2501,1-2
2024-12-09,2.6,"sc2501,sc2502",522.1,sc2501,1-2
2024-12-10,3.5,"sc2501,sc2502",529.5,sc2501,1-2
2024-12-11,2.9,"sc2501,sc2502",530.6,sc2501,1-2
2024-12-12,2.9,"sc2501,sc2502",537.7,sc2501,1-2
2024-12-13,5.1,"sc2501,sc2502",542.5,sc2501,1-2
2024-12-16,3.6,"sc2501,sc2502",548.9,sc2501,1-2
2024-12-17,2.4,"sc2501,sc2502",548.7,sc2501,1-2
2024-12-18,3.4,"sc2501,sc2502",543.8,sc2501,1-2
2024-12-19,4.2,"sc2501,sc2502",548.5,sc2501,1-2
2024-12-20,5.5,"sc2501,sc2502",546.1,sc2501,1-2
2024-12-23,4.5,"sc2501,sc2502",543.7,sc2501,1-2
2024-12-24,3.5,"sc2501,sc2502",542.5,sc2501,1-2
2024-12-25,2.8,"sc2501,sc2502",548.5,sc2501,1-2
2024-12-26,4.9,"sc2501,sc2502",551.9,sc2501,1-2
2024-12-27,4.9,"sc2501,sc2502",552.8,sc2501,1-2
2024-12-30,0.4,"sc2501,sc2502",550.0,sc2501,1-2
2024-12-31,-5.6,"sc2501,sc2502",549.8,sc2501,1-2
2025-01-02,3.4,"sc2502,sc2503",560.9,sc2502,1-2
2025-01-03,3.4,"sc2502,sc2503",571.1,sc2502,1-2
2025-01-06,4.8,"sc2502,sc2503",577.2,sc2502,1-2
2025-01-07,7.1,"sc2502,sc2503",579.6,sc2502,1-2
2025-01-08,12.2,"sc2502,sc2503",587.8,sc2502,1-2
2025-01-09,12.7,"sc2502,sc2503",583.6,sc2502,1-2
2025-01-10,11.1,"sc2502,sc2503",586.1,sc2502,1-2
2025-01-13,10.0,"sc2502,sc2503",613.7,sc2502,1-2
2025-01-14,10.4,"sc2502,sc2503",620.4,sc2502,1-2
2025-01-15,9.3,"sc2502,sc2503",630.8,sc2502,1-2
2025-01-16,11.2,"sc2502,sc2503",644.3,sc2502,1-2
2025-01-17,13.0,"sc2502,sc2503",642.2,sc2502,1-2
2025-01-20,16.0,"sc2502,sc2503",640.8,sc2502,1-2
2025-01-21,41.8,"sc2502,sc2503",661.0,sc2502,1-2
2025-01-22,63.1,"sc2502,sc2503",680.6,sc2502,1-2
2025-01-23,65.8,"sc2502,sc2503",683.2,sc2502,1-2
2025-01-24,38.2,"sc2502,sc2503",647.7,sc2502,1-2
2025-01-27,19.0,"sc2502,sc2503",621.0,sc2502,1-2
2025-02-05,11.7,"sc2503,sc2504",602.3,sc2503,1-2
2025-02-06,16.0,"sc2503,sc2504",598.2,sc2503,1-2
2025-02-07,17.3,"sc2503,sc2504",599.7,sc2503,1-2
2025-02-10,22.7,"sc2503,sc2504",606.4,sc2503,1-2
2025-02-11,28.6,"sc2503,sc2504",616.8,sc2503,1-2
2025-02-12,27.8,"sc2503,sc2504",620.5,sc2503,1-2
2025-02-13,28.4,"sc2503,sc2504",605.1,sc2503,1-2
2025-02-14,27.2,"sc2503,sc2504",594.0,sc2503,1-2
2025-02-17,40.2,"sc2503,sc2504",602.5,sc2503,1-2
2025-02-18,45.3,"sc2503,sc2504",605.6,sc2503,1-2
2025-02-19,51.5,"sc2503,sc2504",614.3,sc2503,1-2
2018-07-26,0.6,"sc1810,sc1811",501.9,sc1809,2-3
2018-07-27,0.4,"sc1810,sc1811",506.1,sc1809,2-3
2018-07-30,0.8,"sc1810,sc1811",507.1,sc1809,2-3
2018-07-31,0.5,"sc1810,sc1811",513.9,sc1809,2-3
2018-08-01,0.1,"sc1810,sc1811",506.0,sc1809,2-3
2018-08-02,0.2,"sc1810,sc1811",501.6,sc1809,2-3
2018-08-03,-0.5,"sc1810,sc1811",508.8,sc1809,2-3
2018-08-06,-0.5,"sc1810,sc1811",512.3,sc1809,2-3
2018-08-07,-0.8,"sc1810,sc1811",534.1,sc1809,2-3
2018-08-08,0.2,"sc1810,sc1811",527.2,sc1809,2-3
2018-08-09,0.0,"sc1810,sc1811",518.9,sc1809,2-3
2018-08-10,0.7,"sc1810,sc1811",520.0,sc1809,2-3
2018-08-13,0.3,"sc1810,sc1811",522.5,sc1809,2-3
2018-08-14,-0.5,"sc1810,sc1811",519.3,sc1809,2-3
2018-08-15,-1.2,"sc1810,sc1811",519.4,sc1809,2-3
2018-08-16,-0.5,"sc1810,sc1811",508.0,sc1809,2-3
2018-08-17,0.0,"sc1810,sc1811",505.2,sc1809,2-3
2018-08-20,0.5,"sc1810,sc1811",493.2,sc1809,2-3
2018-08-21,-5.6,"sc1810,sc1811",480.5,sc1809,2-3
2018-08-22,-9.0,"sc1810,sc1811",479.8,sc1809,2-3
2018-08-23,-7.5,"sc1810,sc1811",485.0,sc1809,2-3
2018-08-24,-7.8,"sc1810,sc1811",482.1,sc1809,2-3
2018-08-27,-10.0,"sc1810,sc1811",482.2,sc1809,2-3
2018-08-28,-9.6,"sc1810,sc1811",486.6,sc1809,2-3
2018-08-29,-9.3,"sc1810,sc1811",485.7,sc1809,2-3
2018-08-30,-8.3,"sc1810,sc1811",488.6,sc1809,2-3
2018-08-31,-7.5,"sc1810,sc1811",488.3,sc1809,2-3
2018-09-03,-11.5,"sc1811,sc1812",503.0,sc1810,2-3
2018-09-04,-10.0,"sc1811,sc1812",504.6,sc1810,2-3
2018-09-05,-9.7,"sc1811,sc1812",505.4,sc1810,2-3
2018-09-06,-9.7,"sc1811,sc1812",501.1,sc1810,2-3
2018-09-07,-10.6,"sc1811,sc1812",496.7,sc1810,2-3
2018-09-10,-10.6,"sc1811,sc1812",498.5,sc1810,2-3
2018-09-11,-10.7,"sc1811,sc1812",500.6,sc1810,2-3
2018-09-12,-12.2,"sc1811,sc1812",503.6,sc1810,2-3
2018-09-13,-11.8,"sc1811,sc1812",515.3,sc1810,2-3
2018-09-14,-11.5,"sc1811,sc1812",501.3,sc1810,2-3
2018-09-17,-11.2,"sc1811,sc1812",510.3,sc1810,2-3
2018-09-18,-10.3,"sc1811,sc1812",507.7,sc1810,2-3
2018-09-19,-10.3,"sc1811,sc1812",528.5,sc1810,2-3
2018-09-20,-8.0,"sc1811,sc1812",532.4,sc1810,2-3
2018-09-21,-0.2,"sc1812,sc1901",521.7,sc1811,2-3
2018-09-25,-0.1,"sc1812,sc1901",540.6,sc1811,2-3
2018-09-26,-0.3,"sc1812,sc1901",542.6,sc1811,2-3
2018-09-27,0.0,"sc1812,sc1901",545.3,sc1811,2-3
2018-09-28,0.2,"sc1812,sc1901",548.3,sc1811,2-3
2018-10-08,0.6,"sc1812,sc1901",561.2,sc1811,2-3
2018-10-10,0.6,"sc1812,sc1901",583.0,sc1811,2-3
2018-10-11,0.2,"sc1812,sc1901",579.7,sc1811,2-3
2018-10-12,-0.2,"sc1812,sc1901",562.6,sc1811,2-3
2018-10-15,-0.1,"sc1812,sc1901",563.6,sc1811,2-3
2018-10-16,-0.4,"sc1812,sc1901",555.3,sc1811,2-3
2018-10-17,-0.5,"sc1812,sc1901",543.4,sc1811,2-3
2018-10-18,-0.4,"sc1812,sc1901",559.3,sc1811,2-3
2018-10-19,-0.4,"sc1812,sc1901",551.4,sc1811,2-3
2018-10-22,-0.1,"sc1812,sc1901",549.7,sc1811,2-3
2018-10-23,0.1,"sc1812,sc1901",552.7,sc1811,2-3
2018-10-24,-0.6,"sc1812,sc1901",572.0,sc1811,2-3
2018-10-25,-0.8,"sc1812,sc1901",554.4,sc1811,2-3
2018-10-26,1.3,"sc1812,sc1901",577.5,sc1811,2-3
2018-10-29,0.7,"sc1812,sc1901",576.7,sc1811,2-3
2018-10-30,-3.0,"sc1812,sc1901",576.7,sc1811,2-3
2018-10-31,-5.0,"sc1812,sc1901",573.3,sc1811,2-3
2018-11-01,0.6,"sc1901,sc1902",527.8,sc1812,2-3
2018-11-02,0.8,"sc1901,sc1902",513.7,sc1812,2-3
2018-11-05,0.1,"sc1901,sc1902",507.8,sc1812,2-3
2018-11-06,-0.7,"sc1901,sc1902",512.2,sc1812,2-3
2018-11-07,-1.0,"sc1901,sc1902",504.4,sc1812,2-3
2018-11-08,-2.0,"sc1901,sc1902",502.7,sc1812,2-3
2018-11-09,-1.6,"sc1901,sc1902",497.8,sc1812,2-3
2018-11-12,-2.2,"sc1901,sc1902",492.9,sc1812,2-3
2018-11-13,-3.1,"sc1901,sc1902",491.9,sc1812,2-3
2018-11-14,-3.4,"sc1901,sc1902",473.8,sc1812,2-3
2018-11-15,-3.7,"sc1901,sc1902",461.7,sc1812,2-3
2018-11-16,-4.3,"sc1901,sc1902",465.0,sc1812,2-3
2018-11-19,-4.7,"sc1901,sc1902",466.7,sc1812,2-3
2018-11-20,-4.8,"sc1901,sc1902",459.7,sc1812,2-3
2018-11-21,-5.3,"sc1901,sc1902",441.8,sc1812,2-3
2018-11-22,-5.5,"sc1901,sc1902",438.6,sc1812,2-3
2018-11-23,-5.7,"sc1901,sc1902",432.0,sc1812,2-3
2018-11-26,-4.9,"sc1901,sc1902",411.4,sc1812,2-3
2018-11-27,-5.3,"sc1901,sc1902",409.1,sc1812,2-3
2018-11-28,-5.1,"sc1901,sc1902",413.0,sc1812,2-3
2018-11-29,-5.6,"sc1901,sc1902",407.2,sc1812,2-3
2018-11-30,-5.9,"sc1901,sc1902",396.7,sc1812,2-3
2018-12-03,-4.4,"sc1902,sc1903",419.4,sc1901,2-3
2018-12-04,-5.0,"sc1902,sc1903",428.6,sc1901,2-3
2018-12-05,-5.1,"sc1902,sc1903",428.3,sc1901,2-3
2018-12-06,-5.6,"sc1902,sc1903",428.0,sc1901,2-3
2018-12-07,-6.1,"sc1902,sc1903",413.3,sc1901,2-3
2018-12-10,-4.9,"sc1902,sc1903",431.1,sc1901,2-3
2018-12-11,-4.4,"sc1902,sc1903",421.8,sc1901,2-3
2018-12-12,-3.7,"sc1902,sc1903",423.7,sc1901,2-3
2018-12-13,-2.8,"sc1902,sc1903",424.6,sc1901,2-3
2018-12-14,-3.3,"sc1902,sc1903",422.5,sc1901,2-3
2018-12-17,-5.3,"sc1902,sc1903",419.0,sc1901,2-3
2018-12-18,-5.3,"sc1902,sc1903",411.6,sc1901,2-3
2018-12-19,-4.9,"sc1902,sc1903",395.1,sc1901,2-3
2018-12-20,-2.9,"sc1902,sc1903",398.1,sc1901,2-3
2018-12-21,-0.9,"sc1902,sc1903",400.9,sc1901,2-3
2018-12-24,-0.8,"sc1902,sc1903",394.5,sc1901,2-3
2018-12-25,2.3,"sc1902,sc1903",385.0,sc1901,2-3
2018-12-26,5.2,"sc1902,sc1903",374.7,sc1901,2-3
2018-12-27,-4.6,"sc1902,sc1903",381.0,sc1901,2-3
2018-12-28,-4.8,"sc1902,sc1903",377.0,sc1901,2-3
2019-01-02,-4.5,"sc1903,sc1904",370.7,sc1902,2-3
2019-01-03,-1.7,"sc1903,sc1904",379.8,sc1902,2-3
2019-01-04,-0.7,"sc1903,sc1904",388.7,sc1902,2-3
2019-01-07,-0.8,"sc1903,sc1904",401.4,sc1902,2-3
2019-01-08,-1.2,"sc1903,sc1904",405.1,sc1902,2-3
2019-01-09,-1.2,"sc1903,sc1904",412.2,sc1902,2-3
2019-01-10,-1.2,"sc1903,sc1904",423.6,sc1902,2-3
2019-01-11,-2.4,"sc1903,sc1904",424.5,sc1902,2-3
2019-01-14,-2.4,"sc1903,sc1904",416.3,sc1902,2-3
2019-01-15,-2.6,"sc1903,sc1904",412.4,sc1902,2-3
2019-01-16,-2.8,"sc1903,sc1904",410.5,sc1902,2-3
2019-01-17,-2.2,"sc1903,sc1904",411.8,sc1902,2-3
2019-01-18,-1.4,"sc1903,sc1904",410.5,sc1902,2-3
2019-01-21,-1.0,"sc1903,sc1904",414.6,sc1902,2-3
2019-01-22,-0.8,"sc1903,sc1904",417.2,sc1902,2-3
2019-01-23,-1.6,"sc1903,sc1904",427.6,sc1902,2-3
2019-01-24,-1.2,"sc1903,sc1904",423.6,sc1902,2-3
2019-01-25,-1.8,"sc1903,sc1904",422.6,sc1902,2-3
2019-01-28,-1.3,"sc1904,sc1905",427.8,sc1903,2-3
2019-01-29,-1.8,"sc1904,sc1905",417.9,sc1903,2-3
2019-01-30,-1.4,"sc1904,sc1905",425.2,sc1903,2-3
2019-01-31,-1.7,"sc1904,sc1905",431.4,sc1903,2-3
2019-02-01,-1.2,"sc1904,sc1905",429.8,sc1903,2-3
2019-02-11,-1.5,"sc1904,sc1905",428.2,sc1903,2-3
2019-02-12,-1.2,"sc1904,sc1905",428.7,sc1903,2-3
2019-02-13,-1.7,"sc1904,sc1905",433.3,sc1903,2-3
2019-02-14,-2.9,"sc1904,sc1905",435.9,sc1903,2-3
2019-02-15,-3.0,"sc1904,sc1905",441.7,sc1903,2-3
2019-02-18,-2.2,"sc1904,sc1905",450.6,sc1903,2-3
2019-02-20,-2.6,"sc1904,sc1905",451.2,sc1903,2-3
2019-02-21,-2.7,"sc1904,sc1905",449.6,sc1903,2-3
2019-02-22,-3.5,"sc1904,sc1905",446.4,sc1903,2-3
2019-02-25,-3.9,"sc1904,sc1905",446.3,sc1903,2-3
2019-02-26,-4.7,"sc1904,sc1905",426.8,sc1903,2-3
2019-02-27,-3.8,"sc1904,sc1905",427.3,sc1903,2-3
2019-02-28,-3.7,"sc1904,sc1905",430.1,sc1903,2-3
2019-03-01,-3.0,"sc1905,sc1906",443.0,sc1904,2-3
2019-03-04,-3.5,"sc1905,sc1906",438.4,sc1904,2-3
2019-03-05,-3.2,"sc1905,sc1906",438.4,sc1904,2-3
2019-03-06,-3.0,"sc1905,sc1906",433.8,sc1904,2-3
2019-03-07,-2.7,"sc1905,sc1906",439.7,sc1904,2-3
2019-03-08,-2.1,"sc1905,sc1906",439.9,sc1904,2-3
2019-03-11,-2.0,"sc1905,sc1906",432.9,sc1904,2-3
2019-03-12,-1.5,"sc1905,sc1906",444.9,sc1904,2-3
2019-03-13,-2.1,"sc1905,sc1906",444.2,sc1904,2-3
2019-03-14,-2.0,"sc1905,sc1906",450.4,sc1904,2-3
2019-03-15,-2.1,"sc1905,sc1906",452.2,sc1904,2-3
2019-03-18,-2.5,"sc1905,sc1906",450.1,sc1904,2-3
2019-03-19,-1.1,"sc1905,sc1906",461.8,sc1904,2-3
2019-03-20,-0.6,"sc1905,sc1906",462.5,sc1904,2-3
2019-03-21,1.6,"sc1905,sc1906",466.3,sc1904,2-3
2019-03-22,2.0,"sc1905,sc1906",467.7,sc1904,2-3
2019-03-25,1.2,"sc1905,sc1906",459.0,sc1904,2-3
2019-03-26,1.6,"sc1905,sc1906",459.1,sc1904,2-3
2019-03-27,2.5,"sc1905,sc1906",463.3,sc1904,2-3
2019-03-28,1.6,"sc1905,sc1906",462.2,sc1904,2-3
2019-03-29,1.2,"sc1905,sc1906",453.5,sc1904,2-3
2019-04-01,1.3,"sc1906,sc1907",459.4,sc1905,2-3
2019-04-02,1.2,"sc1906,sc1907",467.5,sc1905,2-3
2019-04-03,1.5,"sc1906,sc1907",471.7,sc1905,2-3
2019-04-04,1.7,"sc1906,sc1907",469.5,sc1905,2-3
2019-04-08,2.4,"sc1906,sc1907",478.2,sc1905,2-3
2019-04-09,1.5,"sc1906,sc1907",479.3,sc1905,2-3
2019-04-10,1.6,"sc1906,sc1907",475.7,sc1905,2-3
2019-04-11,1.7,"sc1906,sc1907",480.3,sc1905,2-3
2019-04-12,0.9,"sc1906,sc1907",475.8,sc1905,2-3
2019-04-15,0.5,"sc1906,sc1907",473.7,sc1905,2-3
2019-04-16,1.0,"sc1906,sc1907",468.2,sc1905,2-3
2019-04-17,1.2,"sc1906,sc1907",470.7,sc1905,2-3
2019-04-18,1.5,"sc1906,sc1907",472.0,sc1905,2-3
2019-04-19,1.4,"sc1906,sc1907",472.5,sc1905,2-3
2019-04-22,0.9,"sc1906,sc1907",480.3,sc1905,2-3
2019-04-23,1.2,"sc1906,sc1907",489.0,sc1905,2-3
2019-04-24,1.7,"sc1906,sc1907",493.2,sc1905,2-3
2019-04-25,1.8,"sc1906,sc1907",494.7,sc1905,2-3
2019-04-26,2.0,"sc1906,sc1907",499.5,sc1905,2-3
2019-04-29,2.0,"sc1906,sc1907",485.7,sc1905,2-3
2019-04-30,2.2,"sc1906,sc1907",488.1,sc1905,2-3
2019-05-06,2.5,"sc1907,sc1908",472.5,sc1906,2-3
2019-05-07,2.2,"sc1907,sc1908",483.5,sc1906,2-3
2019-05-08,1.8,"sc1907,sc1908",480.2,sc1906,2-3
2019-05-09,2.2,"sc1907,sc1908",482.6,sc1906,2-3
2019-05-10,2.2,"sc1907,sc1908",486.1,sc1906,2-3
2019-05-13,2.1,"sc1907,sc1908",491.3,sc1906,2-3
2019-05-14,-0.1,"sc1907,sc1908",497.1,sc1906,2-3
2019-05-15,1.9,"sc1907,sc1908",501.2,sc1906,2-3
2019-05-16,2.3,"sc1907,sc1908",505.5,sc1906,2-3
2019-05-17,2.0,"sc1907,sc1908",512.3,sc1906,2-3
2019-05-20,3.3,"sc1907,sc1908",514.2,sc1906,2-3
2019-05-21,3.5,"sc1907,sc1908",507.1,sc1906,2-3
2019-05-22,3.2,"sc1907,sc1908",504.0,sc1906,2-3
2019-05-23,3.1,"sc1907,sc1908",494.0,sc1906,2-3
2019-05-24,1.3,"sc1907,sc1908",469.7,sc1906,2-3
2019-05-27,1.3,"sc1907,sc1908",473.7,sc1906,2-3
2019-05-28,1.0,"sc1907,sc1908",475.0,sc1906,2-3
2019-05-29,1.0,"sc1907,sc1908",470.2,sc1906,2-3
2019-05-30,1.9,"sc1907,sc1908",466.1,sc1906,2-3
2019-05-31,0.5,"sc1907,sc1908",461.2,sc1906,2-3
2019-06-03,0.0,"sc1908,sc1909",435.2,sc1907,2-3
2019-06-04,-0.1,"sc1908,sc1909",425.5,sc1907,2-3
2019-06-05,-0.1,"sc1908,sc1909",426.2,sc1907,2-3
2019-06-06,-1.1,"sc1908,sc1909",417.6,sc1907,2-3
2019-06-10,-2.0,"sc1908,sc1909",434.5,sc1907,2-3
2019-06-11,-2.1,"sc1908,sc1909",429.9,sc1907,2-3
2019-06-12,-1.5,"sc1908,sc1909",426.1,sc1907,2-3
2019-06-13,-1.4,"sc1908,sc1909",420.2,sc1907,2-3
2019-06-14,-1.4,"sc1908,sc1909",425.5,sc1907,2-3
2019-06-17,-1.8,"sc1908,sc1909",427.3,sc1907,2-3
2019-06-18,-2.5,"sc1908,sc1909",419.6,sc1907,2-3
2019-06-19,-2.1,"sc1908,sc1909",420.0,sc1907,2-3
2019-06-20,-1.7,"sc1908,sc1909",418.9,sc1907,2-3
2019-06-21,0.5,"sc1908,sc1909",431.6,sc1907,2-3
2019-06-24,0.9,"sc1908,sc1909",436.8,sc1907,2-3
2019-06-25,-0.1,"sc1908,sc1909",431.2,sc1907,2-3
2019-06-26,-0.1,"sc1908,sc1909",432.9,sc1907,2-3
2019-06-27,1.6,"sc1908,sc1909",435.9,sc1907,2-3
2019-06-28,0.0,"sc1908,sc1909",437.4,sc1907,2-3
2019-07-01,0.6,"sc1909,sc1910",447.3,sc1908,2-3
2019-07-02,-0.3,"sc1909,sc1910",442.0,sc1908,2-3
2019-07-03,-0.6,"sc1909,sc1910",430.2,sc1908,2-3
2019-07-04,-0.5,"sc1909,sc1910",431.9,sc1908,2-3
2019-07-05,-0.5,"sc1909,sc1910",431.3,sc1908,2-3
2019-07-08,-0.1,"sc1909,sc1910",439.1,sc1908,2-3
2019-07-09,-0.1,"sc1909,sc1910",443.9,sc1908,2-3
2019-07-10,-0.6,"sc1909,sc1910",441.6,sc1908,2-3
2019-07-11,0.1,"sc1909,sc1910",455.7,sc1908,2-3
2019-07-12,-0.1,"sc1909,sc1910",457.8,sc1908,2-3
2019-07-15,-0.2,"sc1909,sc1910",454.8,sc1908,2-3
2019-07-16,-0.1,"sc1909,sc1910",453.0,sc1908,2-3
2019-07-17,0.0,"sc1909,sc1910",443.7,sc1908,2-3
2019-07-18,-0.5,"sc1909,sc1910",433.5,sc1908,2-3
2019-07-19,-1.5,"sc1909,sc1910",421.6,sc1908,2-3
2019-07-22,-1.4,"sc1909,sc1910",423.1,sc1908,2-3
2019-07-23,-1.4,"sc1909,sc1910",427.4,sc1908,2-3
2019-07-24,-0.8,"sc1909,sc1910",430.4,sc1908,2-3
2019-07-25,-0.4,"sc1909,sc1910",433.4,sc1908,2-3
2019-07-26,-0.1,"sc1909,sc1910",435.8,sc1908,2-3
2019-07-29,-0.7,"sc1909,sc1910",435.5,sc1908,2-3
2019-07-30,-2.3,"sc1909,sc1910",425.2,sc1908,2-3
2019-07-31,-2.8,"sc1909,sc1910",427.5,sc1908,2-3
2019-08-01,0.0,"sc1910,sc1911",444.0,sc1909,2-3
2019-08-02,-0.3,"sc1910,sc1911",432.1,sc1909,2-3
2019-08-05,-0.1,"sc1910,sc1911",433.5,sc1909,2-3
2019-08-06,-0.2,"sc1910,sc1911",429.4,sc1909,2-3
2019-08-07,0.4,"sc1910,sc1911",423.3,sc1909,2-3
2019-08-08,-0.4,"sc1910,sc1911",408.6,sc1909,2-3
2019-08-09,-0.1,"sc1910,sc1911",409.9,sc1909,2-3
2019-08-12,-0.2,"sc1910,sc1911",418.8,sc1909,2-3
2019-08-13,0.0,"sc1910,sc1911",419.7,sc1909,2-3
2019-08-14,0.1,"sc1910,sc1911",430.9,sc1909,2-3
2019-08-15,0.2,"sc1910,sc1911",420.5,sc1909,2-3
2019-08-16,0.9,"sc1910,sc1911",418.6,sc1909,2-3
2019-08-19,2.2,"sc1910,sc1911",425.7,sc1909,2-3
2019-08-20,2.4,"sc1910,sc1911",432.8,sc1909,2-3
2019-08-21,1.2,"sc1910,sc1911",429.5,sc1909,2-3
2019-08-22,0.4,"sc1910,sc1911",432.7,sc1909,2-3
2019-08-23,0.4,"sc1910,sc1911",428.5,sc1909,2-3
2019-08-26,0.9,"sc1910,sc1911",422.8,sc1909,2-3
2019-08-27,0.6,"sc1910,sc1911",425.2,sc1909,2-3
2019-08-28,0.5,"sc1910,sc1911",423.0,sc1909,2-3
2019-08-29,0.8,"sc1910,sc1911",429.0,sc1909,2-3
2019-08-30,2.2,"sc1910,sc1911",411.8,sc1909,2-3
2019-09-02,2.5,"sc1911,sc1912",432.7,sc1910,2-3
2019-09-03,2.7,"sc1911,sc1912",430.3,sc1910,2-3
2019-09-04,3.2,"sc1911,sc1912",425.5,sc1910,2-3
2019-09-05,2.3,"sc1911,sc1912",439.2,sc1910,2-3
2019-09-06,2.5,"sc1911,sc1912",445.1,sc1910,2-3
2019-09-09,2.9,"sc1911,sc1912",444.6,sc1910,2-3
2019-09-10,2.7,"sc1911,sc1912",450.1,sc1910,2-3
2019-09-11,3.8,"sc1911,sc1912",460.9,sc1910,2-3
2019-09-12,3.7,"sc1911,sc1912",450.3,sc1910,2-3
2019-09-16,4.7,"sc1911,sc1912",479.8,sc1910,2-3
2019-09-17,6.5,"sc1911,sc1912",496.7,sc1910,2-3
2019-09-18,7.7,"sc1911,sc1912",487.2,sc1910,2-3
2019-09-19,6.8,"sc1911,sc1912",473.5,sc1910,2-3
2019-09-20,5.1,"sc1911,sc1912",458.5,sc1910,2-3
2019-09-23,5.7,"sc1911,sc1912",472.7,sc1910,2-3
2019-09-24,6.0,"sc1912,sc2001",464.3,sc1911,2-3
2019-09-25,5.9,"sc1912,sc2001",457.2,sc1911,2-3
2019-09-26,5.8,"sc1912,sc2001",449.8,sc1911,2-3
2019-09-27,5.1,"sc1912,sc2001",448.7,sc1911,2-3
2019-09-30,5.3,"sc1912,sc2001",448.1,sc1911,2-3
2019-10-08,5.9,"sc1912,sc2001",437.6,sc1911,2-3
2019-10-09,6.9,"sc1912,sc2001",447.0,sc1911,2-3
2019-10-10,6.6,"sc1912,sc2001",451.7,sc1911,2-3
2019-10-11,6.9,"sc1912,sc2001",458.1,sc1911,2-3
2019-10-14,7.7,"sc1912,sc2001",471.7,sc1911,2-3
2019-10-15,7.6,"sc1912,sc2001",466.6,sc1911,2-3
2019-10-16,7.3,"sc1912,sc2001",465.1,sc1911,2-3
2019-10-17,6.1,"sc1912,sc2001",451.4,sc1911,2-3
2019-10-18,5.7,"sc1912,sc2001",445.1,sc1911,2-3
2019-10-21,5.5,"sc1912,sc2001",443.2,sc1911,2-3
2019-10-22,5.7,"sc1912,sc2001",437.2,sc1911,2-3
2019-10-23,5.0,"sc1912,sc2001",438.6,sc1911,2-3
2019-10-24,4.8,"sc1912,sc2001",441.3,sc1911,2-3
2019-10-25,5.1,"sc1912,sc2001",451.1,sc1911,2-3
2019-10-28,5.3,"sc1912,sc2001",447.9,sc1911,2-3
2019-10-29,5.7,"sc1912,sc2001",456.7,sc1911,2-3
2019-10-30,5.8,"sc1912,sc2001",451.1,sc1911,2-3
2019-10-31,4.7,"sc1912,sc2001",452.8,sc1911,2-3
2019-11-01,6.5,"sc2001,sc2002",444.3,sc1912,2-3
2019-11-04,6.5,"sc2001,sc2002",449.3,sc1912,2-3
2019-11-05,6.6,"sc2001,sc2002",458.4,sc1912,2-3
2019-11-06,6.7,"sc2001,sc2002",459.6,sc1912,2-3
2019-11-07,6.6,"sc2001,sc2002",456.4,sc1912,2-3
2019-11-08,5.7,"sc2001,sc2002",456.0,sc1912,2-3
2019-11-11,5.1,"sc2001,sc2002",452.8,sc1912,2-3
2019-11-12,4.4,"sc2001,sc2002",455.9,sc1912,2-3
2019-11-13,4.1,"sc2001,sc2002",453.9,sc1912,2-3
2019-11-14,3.5,"sc2001,sc2002",453.4,sc1912,2-3
2019-11-15,5.0,"sc2001,sc2002",453.9,sc1912,2-3
2019-11-18,3.6,"sc2001,sc2002",453.7,sc1912,2-3
2019-11-19,3.2,"sc2001,sc2002",454.0,sc1912,2-3
2019-11-20,3.0,"sc2001,sc2002",451.2,sc1912,2-3
2019-11-21,3.0,"sc2001,sc2002",454.8,sc1912,2-3
2019-11-22,4.1,"sc2001,sc2002",453.8,sc1912,2-3
2019-11-25,4.6,"sc2001,sc2002",456.1,sc1912,2-3
2019-11-26,4.4,"sc2001,sc2002",454.6,sc1912,2-3
2019-11-27,4.6,"sc2001,sc2002",456.2,sc1912,2-3
2019-11-28,4.0,"sc2001,sc2002",447.3,sc1912,2-3
2019-11-29,4.2,"sc2001,sc2002",451.2,sc1912,2-3
2019-12-02,4.7,"sc2002,sc2003",454.8,sc2001,2-3
2019-12-03,4.2,"sc2002,sc2003",451.7,sc2001,2-3
2019-12-04,3.6,"sc2002,sc2003",449.2,sc2001,2-3
2019-12-05,3.1,"sc2002,sc2003",456.3,sc2001,2-3
2019-12-06,3.4,"sc2002,sc2003",458.0,sc2001,2-3
2019-12-09,3.0,"sc2002,sc2003",464.8,sc2001,2-3
2019-12-10,2.5,"sc2002,sc2003",469.2,sc2001,2-3
2019-12-11,3.5,"sc2002,sc2003",470.9,sc2001,2-3
2019-12-12,3.5,"sc2002,sc2003",466.1,sc2001,2-3
2019-12-13,3.3,"sc2002,sc2003",462.2,sc2001,2-3
2019-12-16,3.1,"sc2002,sc2003",467.4,sc2001,2-3
2019-12-17,2.8,"sc2002,sc2003",470.2,sc2001,2-3
2019-12-18,1.6,"sc2002,sc2003",480.4,sc2001,2-3
2019-12-19,1.1,"sc2002,sc2003",476.3,sc2001,2-3
2019-12-20,2.0,"sc2002,sc2003",468.0,sc2001,2-3
2019-12-23,4.1,"sc2003,sc2004",478.1,sc2002,2-3
2019-12-24,4.2,"sc2003,sc2004",479.1,sc2002,2-3
2019-12-25,4.3,"sc2003,sc2004",483.6,sc2002,2-3
2019-12-26,4.2,"sc2003,sc2004",484.4,sc2002,2-3
2019-12-27,4.0,"sc2003,sc2004",487.1,sc2002,2-3
2019-12-30,4.6,"sc2003,sc2004",490.2,sc2002,2-3
2019-12-31,4.6,"sc2003,sc2004",487.5,sc2002,2-3
2020-01-02,4.1,"sc2003,sc2004",481.7,sc2002,2-3
2020-01-03,3.9,"sc2003,sc2004",486.5,sc2002,2-3
2020-01-06,4.2,"sc2003,sc2004",507.8,sc2002,2-3
2020-01-07,3.7,"sc2003,sc2004",499.9,sc2002,2-3
2020-01-08,3.5,"sc2003,sc2004",498.4,sc2002,2-3
2020-01-09,3.7,"sc2003,sc2004",483.2,sc2002,2-3
2020-01-10,3.4,"sc2003,sc2004",470.9,sc2002,2-3
2020-01-13,3.3,"sc2003,sc2004",468.8,sc2002,2-3
2020-01-14,3.8,"sc2003,sc2004",458.6,sc2002,2-3
2020-01-15,4.4,"sc2003,sc2004",458.0,sc2002,2-3
2020-01-16,4.5,"sc2003,sc2004",453.3,sc2002,2-3
2020-01-17,1.8,"sc2004,sc2005",465.3,sc2003,2-3
2020-01-20,2.1,"sc2004,sc2005",466.1,sc2003,2-3
2020-01-21,2.3,"sc2004,sc2005",464.0,sc2003,2-3
2020-01-22,1.3,"sc2004,sc2005",461.0,sc2003,2-3
2020-01-23,1.2,"sc2004,sc2005",451.1,sc2003,2-3
2020-02-03,17.6,"sc2004,sc2005",431.3,sc2003,2-3
2020-02-04,-3.3,"sc2004,sc2005",396.5,sc2003,2-3
2020-02-05,-1.7,"sc2004,sc2005",396.8,sc2003,2-3
2020-02-06,-1.2,"sc2004,sc2005",402.3,sc2003,2-3
2020-02-07,-1.5,"sc2004,sc2005",398.4,sc2003,2-3
2020-02-10,-1.1,"sc2004,sc2005",393.5,sc2003,2-3
2020-02-11,-0.8,"sc2004,sc2005",391.7,sc2003,2-3
2020-02-12,-0.3,"sc2004,sc2005",394.5,sc2003,2-3
2020-02-13,-0.4,"sc2004,sc2005",400.0,sc2003,2-3
2020-02-14,-0.8,"sc2004,sc2005",399.6,sc2003,2-3
2020-02-17,-2.9,"sc2004,sc2005",401.5,sc2003,2-3
2020-02-18,-3.4,"sc2004,sc2005",399.2,sc2003,2-3
2020-02-19,-3.0,"sc2004,sc2005",403.8,sc2003,2-3
2020-02-20,-2.3,"sc2004,sc2005",411.9,sc2003,2-3
2020-02-21,-2.5,"sc2004,sc2005",408.9,sc2003,2-3
2020-02-24,-4.1,"sc2004,sc2005",393.1,sc2003,2-3
2020-02-25,-4.6,"sc2004,sc2005",388.3,sc2003,2-3
2020-02-26,-5.0,"sc2004,sc2005",377.9,sc2003,2-3
2020-02-27,-5.9,"sc2004,sc2005",360.3,sc2003,2-3
2020-02-28,-5.8,"sc2004,sc2005",347.0,sc2003,2-3
2020-03-02,-2.9,"sc2005,sc2006",359.7,sc2004,2-3
2020-03-03,-2.5,"sc2005,sc2006",372.4,sc2004,2-3
2020-03-04,-2.8,"sc2005,sc2006",368.5,sc2004,2-3
2020-03-05,-2.7,"sc2005,sc2006",366.6,sc2004,2-3
2020-03-06,-4.0,"sc2005,sc2006",351.9,sc2004,2-3
2020-03-09,-4.5,"sc2005,sc2006",340.4,sc2004,2-3
2020-03-10,-4.4,"sc2005,sc2006",325.5,sc2004,2-3
2020-03-11,-6.3,"sc2005,sc2006",275.2,sc2004,2-3
2020-03-12,-6.8,"sc2005,sc2006",252.6,sc2004,2-3
2020-03-13,-7.0,"sc2005,sc2006",252.7,sc2004,2-3
2020-03-16,-6.4,"sc2005,sc2006",250.1,sc2004,2-3
2020-03-17,-5.1,"sc2005,sc2006",239.4,sc2004,2-3
2020-03-18,-5.6,"sc2005,sc2006",232.3,sc2004,2-3
2020-03-19,-6.1,"sc2005,sc2006",215.0,sc2004,2-3
2020-03-20,-6.4,"sc2005,sc2006",232.9,sc2004,2-3
2020-03-23,-6.7,"sc2005,sc2006",229.8,sc2004,2-3
2020-03-24,-5.9,"sc2005,sc2006",245.4,sc2004,2-3
2020-03-25,-5.4,"sc2005,sc2006",251.4,sc2004,2-3
2020-03-26,-5.6,"sc2005,sc2006",249.1,sc2004,2-3
2020-03-27,-5.6,"sc2005,sc2006",243.8,sc2004,2-3
2020-03-30,-6.2,"sc2005,sc2006",239.1,sc2004,2-3
2020-03-31,-6.5,"sc2005,sc2006",245.1,sc2004,2-3
2020-04-01,-6.6,"sc2006,sc2007",256.9,sc2005,2-3
2020-04-02,-6.5,"sc2006,sc2007",267.4,sc2005,2-3
2020-04-03,-6.7,"sc2006,sc2007",278.3,sc2005,2-3
2020-04-07,-6.2,"sc2006,sc2007",289.2,sc2005,2-3
2020-04-08,-6.2,"sc2006,sc2007",285.9,sc2005,2-3
2020-04-09,-5.2,"sc2006,sc2007",293.4,sc2005,2-3
2020-04-10,-6.8,"sc2006,sc2007",285.0,sc2005,2-3
2020-04-13,-7.2,"sc2006,sc2007",286.5,sc2005,2-3
2020-04-14,-7.6,"sc2006,sc2007",276.3,sc2005,2-3
2020-04-15,-8.7,"sc2006,sc2007",267.7,sc2005,2-3
2020-04-16,-11.7,"sc2006,sc2007",258.4,sc2005,2-3
2020-04-17,-12.7,"sc2006,sc2007",245.3,sc2005,2-3
2020-04-20,-12.6,"sc2006,sc2007",234.2,sc2005,2-3
2020-04-21,-13.1,"sc2006,sc2007",228.2,sc2005,2-3
2020-04-22,-12.2,"sc2006,sc2007",205.4,sc2005,2-3
2020-04-23,-15.1,"sc2006,sc2007",213.7,sc2005,2-3
2020-04-24,-14.2,"sc2006,sc2007",225.2,sc2005,2-3
2020-04-27,-15.6,"sc2006,sc2007",212.7,sc2005,2-3
2020-04-28,-21.0,"sc2006,sc2007",202.2,sc2005,2-3
2020-04-29,-21.5,"sc2006,sc2007",212.9,sc2005,2-3
2020-04-30,-17.9,"sc2006,sc2007",227.2,sc2005,2-3
2020-05-06,-13.9,"sc2007,sc2008",248.2,sc2006,2-3
2020-05-07,-13.6,"sc2007,sc2008",246.8,sc2006,2-3
2020-05-08,-13.5,"sc2007,sc2008",247.1,sc2006,2-3
2020-05-11,-15.5,"sc2007,sc2008",243.7,sc2006,2-3
2020-05-12,-16.1,"sc2007,sc2008",241.1,sc2006,2-3
2020-05-13,-16.7,"sc2007,sc2008",237.4,sc2006,2-3
2020-05-14,-17.1,"sc2007,sc2008",231.6,sc2006,2-3
2020-05-15,-16.2,"sc2007,sc2008",238.7,sc2006,2-3
2020-05-18,-14.2,"sc2007,sc2008",246.7,sc2006,2-3
2020-05-19,-12.8,"sc2007,sc2008",258.5,sc2006,2-3
2020-05-20,-14.7,"sc2007,sc2008",254.3,sc2006,2-3
2020-05-21,-14.1,"sc2007,sc2008",261.8,sc2006,2-3
2020-05-22,-14.9,"sc2007,sc2008",258.5,sc2006,2-3
2020-05-25,-15.2,"sc2007,sc2008",253.8,sc2006,2-3
2020-05-26,-14.8,"sc2007,sc2008",259.2,sc2006,2-3
2020-05-27,-15.4,"sc2007,sc2008",258.4,sc2006,2-3
2020-05-28,-14.8,"sc2007,sc2008",258.0,sc2006,2-3
2020-05-29,-15.2,"sc2007,sc2008",261.1,sc2006,2-3
2020-06-01,-12.9,"sc2008,sc2009",276.8,sc2007,2-3
2020-06-02,-13.3,"sc2008,sc2009",278.3,sc2007,2-3
2020-06-03,-11.0,"sc2008,sc2009",286.7,sc2007,2-3
2020-06-04,-12.4,"sc2008,sc2009",284.3,sc2007,2-3
2020-06-05,-12.6,"sc2008,sc2009",282.2,sc2007,2-3
2020-06-08,-11.6,"sc2008,sc2009",292.1,sc2007,2-3
2020-06-09,-12.3,"sc2008,sc2009",290.4,sc2007,2-3
2020-06-10,-12.5,"sc2008,sc2009",288.3,sc2007,2-3
2020-06-11,-12.1,"sc2008,sc2009",285.4,sc2007,2-3
2020-06-12,-12.9,"sc2008,sc2009",270.5,sc2007,2-3
2020-06-15,-13.6,"sc2008,sc2009",267.8,sc2007,2-3
2020-06-16,-13.8,"sc2008,sc2009",270.2,sc2007,2-3
2020-06-17,-13.6,"sc2008,sc2009",279.5,sc2007,2-3
2020-06-18,-13.6,"sc2008,sc2009",279.7,sc2007,2-3
2020-06-19,-13.5,"sc2008,sc2009",281.9,sc2007,2-3
2020-06-22,-13.1,"sc2008,sc2009",284.4,sc2007,2-3
2020-06-23,-13.3,"sc2008,sc2009",285.0,sc2007,2-3
2020-06-24,-13.2,"sc2008,sc2009",285.4,sc2007,2-3
2020-06-29,-13.1,"sc2008,sc2009",273.2,sc2007,2-3
2020-06-30,-12.3,"sc2008,sc2009",281.2,sc2007,2-3
2020-07-01,-8.4,"sc2009,sc2010",292.0,sc2008,2-3
2020-07-02,-8.0,"sc2009,sc2010",294.5,sc2008,2-3
2020-07-03,-7.9,"sc2009,sc2010",298.6,sc2008,2-3
2020-07-06,-8.6,"sc2009,sc2010",296.8,sc2008,2-3
2020-07-07,-8.8,"sc2009,sc2010",297.8,sc2008,2-3
2020-07-08,-8.8,"sc2009,sc2010",298.7,sc2008,2-3
2020-07-09,-8.8,"sc2009,sc2010",299.1,sc2008,2-3
2020-07-10,-9.3,"sc2009,sc2010",293.8,sc2008,2-3
2020-07-13,-9.2,"sc2009,sc2010",296.2,sc2008,2-3
2020-07-14,-9.3,"sc2009,sc2010",293.5,sc2008,2-3
2020-07-15,-9.3,"sc2009,sc2010",294.9,sc2008,2-3
2020-07-16,-8.6,"sc2009,sc2010",293.1,sc2008,2-3
2020-07-17,-9.2,"sc2009,sc2010",289.6,sc2008,2-3
2020-07-20,-9.6,"sc2009,sc2010",284.0,sc2008,2-3
2020-07-21,-9.3,"sc2009,sc2010",284.8,sc2008,2-3
2020-07-22,-9.1,"sc2009,sc2010",289.2,sc2008,2-3
2020-07-23,-9.4,"sc2009,sc2010",286.6,sc2008,2-3
2020-07-24,-9.3,"sc2009,sc2010",286.2,sc2008,2-3
2020-07-27,-9.5,"sc2009,sc2010",282.1,sc2008,2-3
2020-07-28,-9.7,"sc2009,sc2010",278.4,sc2008,2-3
2020-07-29,-9.6,"sc2009,sc2010",276.7,sc2008,2-3
2020-07-30,-9.4,"sc2009,sc2010",279.5,sc2008,2-3
2020-07-31,-10.0,"sc2009,sc2010",274.1,sc2008,2-3
2020-08-03,-13.1,"sc2010,sc2011",281.7,sc2009,2-3
2020-08-04,-13.4,"sc2010,sc2011",282.3,sc2009,2-3
2020-08-05,-12.8,"sc2010,sc2011",280.7,sc2009,2-3
2020-08-06,-12.6,"sc2010,sc2011",282.5,sc2009,2-3
2020-08-07,-13.0,"sc2010,sc2011",282.5,sc2009,2-3
2020-08-10,-13.0,"sc2010,sc2011",281.9,sc2009,2-3
2020-08-11,-12.7,"sc2010,sc2011",284.6,sc2009,2-3
2020-08-12,-12.9,"sc2010,sc2011",284.2,sc2009,2-3
2020-08-13,-12.9,"sc2010,sc2011",283.6,sc2009,2-3
2020-08-14,-13.2,"sc2010,sc2011",282.3,sc2009,2-3
2020-08-17,-13.6,"sc2010,sc2011",280.2,sc2009,2-3
2020-08-18,-14.7,"sc2010,sc2011",279.1,sc2009,2-3
2020-08-19,-14.5,"sc2010,sc2011",277.3,sc2009,2-3
2020-08-20,-14.4,"sc2010,sc2011",278.4,sc2009,2-3
2020-08-21,-14.9,"sc2010,sc2011",276.0,sc2009,2-3
2020-08-24,-13.8,"sc2010,sc2011",277.9,sc2009,2-3
2020-08-25,-13.4,"sc2010,sc2011",280.3,sc2009,2-3
2020-08-26,-13.3,"sc2010,sc2011",284.9,sc2009,2-3
2020-08-27,-13.6,"sc2010,sc2011",284.3,sc2009,2-3
2020-08-28,-13.7,"sc2010,sc2011",282.4,sc2009,2-3
2020-08-31,-13.6,"sc2010,sc2011",283.3,sc2009,2-3
2020-09-01,-11.3,"sc2011,sc2012",295.7,sc2010,2-3
2020-09-02,-10.9,"sc2011,sc2012",293.5,sc2010,2-3
2020-09-03,-11.1,"sc2011,sc2012",288.2,sc2010,2-3
2020-09-04,-11.0,"sc2011,sc2012",285.0,sc2010,2-3
2020-09-07,-11.6,"sc2011,sc2012",279.3,sc2010,2-3
2020-09-08,-11.3,"sc2011,sc2012",273.9,sc2010,2-3
2020-09-09,-11.9,"sc2011,sc2012",251.4,sc2010,2-3
2020-09-10,-12.5,"sc2011,sc2012",250.6,sc2010,2-3
2020-09-11,-12.6,"sc2011,sc2012",247.6,sc2010,2-3
2020-09-14,-12.7,"sc2011,sc2012",245.8,sc2010,2-3
2020-09-15,-12.7,"sc2011,sc2012",245.5,sc2010,2-3
2020-09-16,-11.7,"sc2011,sc2012",251.3,sc2010,2-3
2020-09-17,-11.2,"sc2011,sc2012",256.2,sc2010,2-3
2020-09-18,-10.9,"sc2011,sc2012",260.0,sc2010,2-3
2020-09-21,-10.3,"sc2011,sc2012",263.9,sc2010,2-3
2020-09-22,-11.1,"sc2011,sc2012",252.9,sc2010,2-3
2020-09-23,-11.7,"sc2011,sc2012",253.6,sc2010,2-3
2020-09-24,-9.2,"sc2012,sc2101",265.1,sc2011,2-3
2020-09-25,-9.0,"sc2012,sc2101",265.7,sc2011,2-3
2020-09-28,-9.4,"sc2012,sc2101",265.0,sc2011,2-3
2020-09-29,-9.2,"sc2012,sc2101",264.8,sc2011,2-3
2020-09-30,-9.2,"sc2012,sc2101",257.8,sc2011,2-3
2020-10-09,-9.4,"sc2012,sc2101",263.5,sc2011,2-3
2020-10-12,-9.3,"sc2012,sc2101",263.2,sc2011,2-3
2020-10-13,-9.6,"sc2012,sc2101",259.5,sc2011,2-3
2020-10-14,-9.4,"sc2012,sc2101",258.0,sc2011,2-3
2020-10-15,-9.3,"sc2012,sc2101",260.8,sc2011,2-3
2020-10-16,-9.4,"sc2012,sc2101",258.7,sc2011,2-3
2020-10-19,-9.5,"sc2012,sc2101",260.2,sc2011,2-3
2020-10-20,-9.6,"sc2012,sc2101",258.8,sc2011,2-3
2020-10-21,-9.7,"sc2012,sc2101",257.3,sc2011,2-3
2020-10-22,-9.9,"sc2012,sc2101",254.2,sc2011,2-3
2020-10-23,-9.6,"sc2012,sc2101",254.1,sc2011,2-3
2020-10-26,-9.9,"sc2012,sc2101",248.5,sc2011,2-3
2020-10-27,-9.8,"sc2012,sc2101",243.7,sc2011,2-3
2020-10-28,-9.5,"sc2012,sc2101",243.4,sc2011,2-3
2020-10-29,-9.8,"sc2012,sc2101",228.0,sc2011,2-3
2020-10-30,-9.7,"sc2012,sc2101",218.3,sc2011,2-3
2020-11-02,-12.1,"sc2101,sc2102",224.9,sc2012,2-3
2020-11-03,-11.2,"sc2101,sc2102",230.2,sc2012,2-3
2020-11-04,-12.3,"sc2101,sc2102",234.8,sc2012,2-3
2020-11-05,-12.1,"sc2101,sc2102",236.5,sc2012,2-3
2020-11-06,-11.7,"sc2101,sc2102",235.3,sc2012,2-3
2020-11-09,-12.1,"sc2101,sc2102",234.2,sc2012,2-3
2020-11-10,-10.8,"sc2101,sc2102",247.7,sc2012,2-3
2020-11-11,-10.9,"sc2101,sc2102",251.4,sc2012,2-3
2020-11-12,-11.6,"sc2101,sc2102",253.7,sc2012,2-3
2020-11-13,-11.7,"sc2101,sc2102",252.4,sc2012,2-3
2020-11-16,-11.1,"sc2101,sc2102",251.0,sc2012,2-3
2020-11-17,-10.5,"sc2101,sc2102",252.3,sc2012,2-3
2020-11-18,-10.1,"sc2101,sc2102",250.0,sc2012,2-3
2020-11-19,-10.6,"sc2101,sc2102",251.0,sc2012,2-3
2020-11-20,-10.6,"sc2101,sc2102",251.6,sc2012,2-3
2020-11-23,-10.9,"sc2101,sc2102",253.4,sc2012,2-3
2020-11-24,-10.8,"sc2101,sc2102",259.5,sc2012,2-3
2020-11-25,-11.7,"sc2101,sc2102",279.0,sc2012,2-3
2020-11-26,-12.4,"sc2101,sc2102",280.2,sc2012,2-3
2020-11-27,-12.3,"sc2101,sc2102",278.3,sc2012,2-3
2020-11-30,-12.3,"sc2101,sc2102",271.8,sc2012,2-3
2020-12-01,-8.9,"sc2102,sc2103",286.4,sc2101,2-3
2020-12-02,-9.2,"sc2102,sc2103",285.1,sc2101,2-3
2020-12-03,-8.7,"sc2102,sc2103",288.5,sc2101,2-3
2020-12-04,-8.4,"sc2102,sc2103",291.1,sc2101,2-3
2020-12-07,-8.4,"sc2102,sc2103",294.0,sc2101,2-3
2020-12-08,-9.0,"sc2102,sc2103",291.9,sc2101,2-3
2020-12-09,-9.3,"sc2102,sc2103",285.0,sc2101,2-3
2020-12-10,-8.8,"sc2102,sc2103",284.8,sc2101,2-3
2020-12-11,-8.4,"sc2102,sc2103",291.1,sc2101,2-3
2020-12-14,-7.8,"sc2102,sc2103",289.4,sc2101,2-3
2020-12-15,-8.1,"sc2102,sc2103",287.8,sc2101,2-3
2020-12-16,-7.8,"sc2102,sc2103",290.9,sc2101,2-3
2020-12-17,-6.7,"sc2102,sc2103",297.4,sc2101,2-3
2020-12-18,-5.4,"sc2102,sc2103",302.7,sc2101,2-3
2020-12-21,-5.2,"sc2102,sc2103",303.5,sc2101,2-3
2020-12-22,-6.0,"sc2102,sc2103",295.4,sc2101,2-3
2020-12-23,-6.8,"sc2102,sc2103",284.6,sc2101,2-3
2020-12-24,-6.9,"sc2102,sc2103",291.6,sc2101,2-3
2020-12-25,-5.1,"sc2103,sc2104",307.3,sc2102,2-3
2020-12-28,-4.6,"sc2103,sc2104",309.1,sc2102,2-3
2020-12-29,-4.4,"sc2103,sc2104",307.2,sc2102,2-3
2020-12-30,-4.6,"sc2103,sc2104",304.7,sc2102,2-3
2020-12-31,-4.7,"sc2103,sc2104",303.2,sc2102,2-3
2021-01-04,-4.0,"sc2103,sc2104",315.0,sc2102,2-3
2021-01-05,-4.1,"sc2103,sc2104",312.9,sc2102,2-3
2021-01-06,-3.6,"sc2103,sc2104",319.8,sc2102,2-3
2021-01-07,-3.2,"sc2103,sc2104",328.1,sc2102,2-3
2021-01-08,-2.8,"sc2103,sc2104",332.6,sc2102,2-3
2021-01-11,-3.0,"sc2103,sc2104",336.0,sc2102,2-3
2021-01-12,-3.0,"sc2103,sc2104",333.2,sc2102,2-3
2021-01-13,-2.7,"sc2103,sc2104",339.7,sc2102,2-3
2021-01-14,-3.8,"sc2103,sc2104",335.5,sc2102,2-3
2021-01-15,-5.2,"sc2103,sc2104",333.4,sc2102,2-3
2021-01-18,-6.9,"sc2103,sc2104",326.0,sc2102,2-3
2021-01-19,-6.3,"sc2103,sc2104",329.9,sc2102,2-3
2021-01-20,-5.6,"sc2103,sc2104",337.2,sc2102,2-3
2021-01-21,-5.2,"sc2103,sc2104",336.1,sc2102,2-3
2021-01-22,-5.7,"sc2103,sc2104",331.7,sc2102,2-3
2021-01-25,-6.3,"sc2103,sc2104",324.0,sc2102,2-3
2021-01-26,-5.7,"sc2103,sc2104",322.4,sc2102,2-3
2021-01-27,-5.3,"sc2103,sc2104",327.2,sc2102,2-3
2021-01-28,-4.9,"sc2103,sc2104",333.4,sc2102,2-3
2021-01-29,-5.0,"sc2103,sc2104",336.1,sc2102,2-3
2021-02-01,-3.3,"sc2104,sc2105",336.1,sc2103,2-3
2021-02-02,-3.0,"sc2104,sc2105",340.3,sc2103,2-3
2021-02-03,-3.0,"sc2104,sc2105",347.1,sc2103,2-3
2021-02-04,-2.9,"sc2104,sc2105",353.3,sc2103,2-3
2021-02-05,-3.0,"sc2104,sc2105",356.6,sc2103,2-3
2021-02-08,-2.9,"sc2104,sc2105",361.8,sc2103,2-3
2021-02-09,-3.2,"sc2104,sc2105",368.0,sc2103,2-3
2021-02-10,-3.7,"sc2104,sc2105",367.0,sc2103,2-3
2021-02-18,-2.3,"sc2104,sc2105",395.8,sc2103,2-3
2021-02-19,-2.6,"sc2104,sc2105",388.9,sc2103,2-3
2021-02-22,-3.0,"sc2104,sc2105",386.2,sc2103,2-3
2021-02-23,-3.9,"sc2104,sc2105",397.6,sc2103,2-3
2021-02-24,-4.3,"sc2104,sc2105",400.9,sc2103,2-3
2021-02-25,-4.0,"sc2104,sc2105",416.2,sc2103,2-3
2021-02-26,-4.9,"sc2104,sc2105",399.0,sc2103,2-3
2021-03-01,-3.1,"sc2105,sc2106",407.6,sc2104,2-3
2021-03-02,-3.3,"sc2105,sc2106",397.7,sc2104,2-3
2021-03-03,-4.1,"sc2105,sc2106",392.7,sc2104,2-3
2021-03-04,-4.4,"sc2105,sc2106",397.4,sc2104,2-3
2021-03-05,-4.2,"sc2105,sc2106",413.0,sc2104,2-3
2021-03-08,-2.9,"sc2105,sc2106",435.8,sc2104,2-3
2021-03-09,-3.1,"sc2105,sc2106",427.6,sc2104,2-3
2021-03-10,-3.7,"sc2105,sc2106",417.8,sc2104,2-3
2021-03-11,-3.4,"sc2105,sc2106",416.0,sc2104,2-3
2021-03-12,-3.3,"sc2105,sc2106",421.8,sc2104,2-3
2021-03-15,-3.5,"sc2105,sc2106",420.4,sc2104,2-3
2021-03-16,-4.0,"sc2105,sc2106",411.3,sc2104,2-3
2021-03-17,-3.7,"sc2105,sc2106",409.3,sc2104,2-3
2021-03-18,-3.3,"sc2105,sc2106",408.0,sc2104,2-3
2021-03-19,-3.6,"sc2105,sc2106",390.9,sc2104,2-3
2021-03-22,-3.8,"sc2105,sc2106",381.1,sc2104,2-3
2021-03-23,-3.9,"sc2105,sc2106",387.9,sc2104,2-3
2021-03-24,-4.5,"sc2105,sc2106",376.8,sc2104,2-3
2021-03-25,-4.1,"sc2105,sc2106",382.5,sc2104,2-3
2021-03-26,-4.2,"sc2105,sc2106",373.9,sc2104,2-3
2021-03-29,-4.3,"sc2105,sc2106",384.1,sc2104,2-3
2021-03-30,-4.3,"sc2105,sc2106",388.3,sc2104,2-3
2021-03-31,-3.8,"sc2105,sc2106",384.1,sc2104,2-3
2021-04-01,-2.3,"sc2106,sc2107",393.4,sc2105,2-3
2021-04-02,-2.8,"sc2106,sc2107",399.1,sc2105,2-3
2021-04-06,-3.6,"sc2106,sc2107",388.0,sc2105,2-3
2021-04-07,-3.1,"sc2106,sc2107",388.6,sc2105,2-3
2021-04-08,-3.3,"sc2106,sc2107",384.8,sc2105,2-3
2021-04-09,-2.6,"sc2106,sc2107",386.7,sc2105,2-3
2021-04-12,-1.9,"sc2106,sc2107",387.2,sc2105,2-3
2021-04-13,-1.1,"sc2106,sc2107",390.6,sc2105,2-3
2021-04-14,-0.9,"sc2106,sc2107",393.7,sc2105,2-3
2021-04-15,-1.0,"sc2106,sc2107",407.4,sc2105,2-3
2021-04-16,-1.7,"sc2106,sc2107",410.4,sc2105,2-3
2021-04-19,-1.2,"sc2106,sc2107",408.7,sc2105,2-3
2021-04-20,-1.1,"sc2106,sc2107",413.4,sc2105,2-3
2021-04-21,-1.8,"sc2106,sc2107",409.8,sc2105,2-3
2021-04-22,-1.5,"sc2106,sc2107",402.9,sc2105,2-3
2021-04-23,-1.5,"sc2106,sc2107",402.0,sc2105,2-3
2021-04-26,-1.5,"sc2106,sc2107",407.3,sc2105,2-3
2021-04-27,-1.5,"sc2106,sc2107",405.6,sc2105,2-3
2021-04-28,-1.5,"sc2106,sc2107",397.2,sc2105,2-3
2021-04-29,-0.3,"sc2106,sc2107",407.9,sc2105,2-3
2021-04-30,1.1,"sc2106,sc2107",409.5,sc2105,2-3
2021-05-06,1.3,"sc2107,sc2108",429.8,sc2106,2-3
2021-05-07,0.9,"sc2107,sc2108",424.1,sc2106,2-3
2021-05-10,0.5,"sc2107,sc2108",424.3,sc2106,2-3
2021-05-11,0.4,"sc2107,sc2108",420.8,sc2106,2-3
2021-05-12,-0.1,"sc2107,sc2108",421.5,sc2106,2-3
2021-05-13,0.0,"sc2107,sc2108",429.0,sc2106,2-3
2021-05-14,-0.2,"sc2107,sc2108",417.1,sc2106,2-3
2021-05-17,0.4,"sc2107,sc2108",425.7,sc2106,2-3
2021-05-18,0.7,"sc2107,sc2108",434.2,sc2106,2-3
2021-05-19,0.6,"sc2107,sc2108",429.5,sc2106,2-3
2021-05-20,-0.6,"sc2107,sc2108",409.5,sc2106,2-3
2021-05-21,-0.8,"sc2107,sc2108",403.2,sc2106,2-3
2021-05-24,-0.5,"sc2107,sc2108",408.2,sc2106,2-3
2021-05-25,0.4,"sc2107,sc2108",423.4,sc2106,2-3
2021-05-26,1.3,"sc2107,sc2108",427.9,sc2106,2-3
2021-05-27,2.3,"sc2107,sc2108",428.8,sc2106,2-3
2021-05-28,3.2,"sc2107,sc2108",432.7,sc2106,2-3
2021-05-31,2.8,"sc2107,sc2108",427.6,sc2106,2-3
2021-06-01,1.7,"sc2108,sc2109",433.9,sc2107,2-3
2021-06-02,1.8,"sc2108,sc2109",439.9,sc2107,2-3
2021-06-03,1.8,"sc2108,sc2109",445.4,sc2107,2-3
2021-06-04,1.8,"sc2108,sc2109",443.2,sc2107,2-3
2021-06-07,2.0,"sc2108,sc2109",447.3,sc2107,2-3
2021-06-08,1.7,"sc2108,sc2109",444.1,sc2107,2-3
2021-06-09,2.3,"sc2108,sc2109",449.4,sc2107,2-3
2021-06-10,2.2,"sc2108,sc2109",447.7,sc2107,2-3
2021-06-11,2.4,"sc2108,sc2109",450.2,sc2107,2-3
2021-06-15,3.1,"sc2108,sc2109",455.8,sc2107,2-3
2021-06-16,2.5,"sc2108,sc2109",459.2,sc2107,2-3
2021-06-17,2.0,"sc2108,sc2109",454.1,sc2107,2-3
2021-06-18,1.3,"sc2108,sc2109",443.0,sc2107,2-3
2021-06-21,1.4,"sc2108,sc2109",443.5,sc2107,2-3
2021-06-22,1.7,"sc2108,sc2109",449.4,sc2107,2-3
2021-06-23,1.9,"sc2108,sc2109",453.3,sc2107,2-3
2021-06-24,2.3,"sc2108,sc2109",457.6,sc2107,2-3
2021-06-25,2.3,"sc2108,sc2109",457.2,sc2107,2-3
2021-06-28,1.9,"sc2108,sc2109",459.6,sc2107,2-3
2021-06-29,0.5,"sc2108,sc2109",449.3,sc2107,2-3
2021-06-30,0.2,"sc2108,sc2109",449.2,sc2107,2-3
2021-07-01,0.6,"sc2109,sc2110",460.4,sc2108,2-3
2021-07-02,-0.1,"sc2109,sc2110",467.8,sc2108,2-3
2021-07-05,-0.5,"sc2109,sc2110",468.4,sc2108,2-3
2021-07-06,-0.8,"sc2109,sc2110",473.1,sc2108,2-3
2021-07-07,-1.0,"sc2109,sc2110",455.8,sc2108,2-3
2021-07-08,-1.4,"sc2109,sc2110",442.1,sc2108,2-3
2021-07-09,-1.2,"sc2109,sc2110",441.9,sc2108,2-3
2021-07-12,-0.5,"sc2109,sc2110",451.1,sc2108,2-3
2021-07-13,0.9,"sc2109,sc2110",450.9,sc2108,2-3
2021-07-14,1.3,"sc2109,sc2110",458.2,sc2108,2-3
2021-07-15,1.0,"sc2109,sc2110",449.6,sc2108,2-3
2021-07-16,-0.8,"sc2109,sc2110",438.6,sc2108,2-3
2021-07-19,-2.3,"sc2109,sc2110",431.7,sc2108,2-3
2021-07-20,-2.4,"sc2109,sc2110",410.0,sc2108,2-3
2021-07-21,-2.3,"sc2109,sc2110",406.4,sc2108,2-3
2021-07-22,-2.1,"sc2109,sc2110",416.6,sc2108,2-3
2021-07-23,-3.0,"sc2109,sc2110",427.2,sc2108,2-3
2021-07-26,-3.7,"sc2109,sc2110",432.4,sc2108,2-3
2021-07-27,-2.6,"sc2109,sc2110",439.0,sc2108,2-3
2021-07-28,-2.5,"sc2109,sc2110",439.5,sc2108,2-3
2021-07-29,-1.7,"sc2109,sc2110",447.9,sc2108,2-3
2021-07-30,-1.9,"sc2109,sc2110",445.2,sc2108,2-3
2021-08-02,0.3,"sc2110,sc2111",452.9,sc2109,2-3
2021-08-03,0.2,"sc2110,sc2111",440.7,sc2109,2-3
2021-08-04,-0.7,"sc2110,sc2111",433.5,sc2109,2-3
2021-08-05,-0.8,"sc2110,sc2111",428.3,sc2109,2-3
2021-08-06,-0.7,"sc2110,sc2111",429.1,sc2109,2-3
2021-08-09,-1.0,"sc2110,sc2111",425.0,sc2109,2-3
2021-08-10,-0.8,"sc2110,sc2111",418.0,sc2109,2-3
2021-08-11,-0.2,"sc2110,sc2111",430.6,sc2109,2-3
2021-08-12,-0.1,"sc2110,sc2111",430.4,sc2109,2-3
2021-08-13,-0.2,"sc2110,sc2111",431.4,sc2109,2-3
2021-08-16,-0.5,"sc2110,sc2111",428.4,sc2109,2-3
2021-08-17,-0.2,"sc2110,sc2111",423.6,sc2109,2-3
2021-08-18,-0.3,"sc2110,sc2111",423.9,sc2109,2-3
2021-08-19,-0.7,"sc2110,sc2111",418.7,sc2109,2-3
2021-08-20,-0.9,"sc2110,sc2111",407.8,sc2109,2-3
2021-08-23,-0.5,"sc2110,sc2111",403.6,sc2109,2-3
2021-08-24,1.5,"sc2110,sc2111",421.4,sc2109,2-3
2021-08-25,2.8,"sc2110,sc2111",431.4,sc2109,2-3
2021-08-26,2.0,"sc2110,sc2111",435.8,sc2109,2-3
2021-08-27,1.8,"sc2110,sc2111",438.6,sc2109,2-3
2021-08-30,2.0,"sc2110,sc2111",445.3,sc2109,2-3
2021-08-31,2.2,"sc2110,sc2111",450.2,sc2109,2-3
2021-09-01,1.9,"sc2111,sc2112",440.5,sc2110,2-3
2021-09-02,2.0,"sc2111,sc2112",439.3,sc2110,2-3
2021-09-03,2.0,"sc2111,sc2112",456.2,sc2110,2-3
2021-09-06,1.5,"sc2111,sc2112",451.4,sc2110,2-3
2021-09-07,2.4,"sc2111,sc2112",453.8,sc2110,2-3
2021-09-08,2.8,"sc2111,sc2112",450.9,sc2110,2-3
2021-09-09,2.9,"sc2111,sc2112",454.8,sc2110,2-3
2021-09-10,2.9,"sc2111,sc2112",454.6,sc2110,2-3
2021-09-13,3.6,"sc2111,sc2112",461.2,sc2110,2-3
2021-09-14,3.9,"sc2111,sc2112",463.0,sc2110,2-3
2021-09-15,4.4,"sc2111,sc2112",461.9,sc2110,2-3
2021-09-16,6.4,"sc2111,sc2112",473.4,sc2110,2-3
2021-09-17,5.2,"sc2111,sc2112",477.1,sc2110,2-3
2021-09-22,5.0,"sc2111,sc2112",469.0,sc2110,2-3
2021-09-23,4.6,"sc2111,sc2112",469.4,sc2110,2-3
2021-09-24,3.7,"sc2112,sc2201",485.1,sc2111,2-3
2021-09-27,3.7,"sc2112,sc2201",492.1,sc2111,2-3
2021-09-28,3.8,"sc2112,sc2201",501.8,sc2111,2-3
2021-09-29,2.6,"sc2112,sc2201",495.4,sc2111,2-3
2021-09-30,3.0,"sc2112,sc2201",495.9,sc2111,2-3
2021-10-08,3.8,"sc2112,sc2201",527.1,sc2111,2-3
2021-10-11,3.0,"sc2112,sc2201",526.8,sc2111,2-3
2021-10-12,3.3,"sc2112,sc2201",531.6,sc2111,2-3
2021-10-13,3.0,"sc2112,sc2201",528.3,sc2111,2-3
2021-10-14,1.4,"sc2112,sc2201",521.5,sc2111,2-3
2021-10-15,2.0,"sc2112,sc2201",525.5,sc2111,2-3
2021-10-18,3.7,"sc2112,sc2201",533.6,sc2111,2-3
2021-10-19,3.3,"sc2112,sc2201",528.6,sc2111,2-3
2021-10-20,3.6,"sc2112,sc2201",531.2,sc2111,2-3
2021-10-21,3.4,"sc2112,sc2201",531.5,sc2111,2-3
2021-10-22,2.3,"sc2112,sc2201",525.1,sc2111,2-3
2021-10-25,2.5,"sc2112,sc2201",527.7,sc2111,2-3
2021-10-26,2.3,"sc2112,sc2201",527.3,sc2111,2-3
2021-10-27,1.7,"sc2112,sc2201",525.3,sc2111,2-3
2021-10-28,1.6,"sc2112,sc2201",511.2,sc2111,2-3
2021-10-29,0.6,"sc2112,sc2201",495.5,sc2111,2-3
2021-11-01,2.8,"sc2201,sc2202",521.7,sc2112,2-3
2021-11-02,3.5,"sc2201,sc2202",531.6,sc2112,2-3
2021-11-03,3.3,"sc2201,sc2202",526.7,sc2112,2-3
2021-11-04,3.0,"sc2201,sc2202",513.0,sc2112,2-3
2021-11-05,3.0,"sc2201,sc2202",513.6,sc2112,2-3
2021-11-08,3.7,"sc2201,sc2202",524.0,sc2112,2-3
2021-11-09,3.5,"sc2201,sc2202",526.3,sc2112,2-3
2021-11-10,3.1,"sc2201,sc2202",531.6,sc2112,2-3
2021-11-11,2.7,"sc2201,sc2202",525.9,sc2112,2-3
2021-11-12,2.6,"sc2201,sc2202",517.3,sc2112,2-3
2021-11-15,2.6,"sc2201,sc2202",513.4,sc2112,2-3
2021-11-16,2.5,"sc2201,sc2202",511.9,sc2112,2-3
2021-11-17,2.5,"sc2201,sc2202",515.0,sc2112,2-3
2021-11-18,2.7,"sc2201,sc2202",511.6,sc2112,2-3
2021-11-19,3.8,"sc2201,sc2202",513.5,sc2112,2-3
2021-11-22,2.8,"sc2201,sc2202",501.9,sc2112,2-3
2021-11-23,2.7,"sc2201,sc2202",504.8,sc2112,2-3
2021-11-24,3.8,"sc2201,sc2202",518.8,sc2112,2-3
2021-11-25,3.6,"sc2201,sc2202",521.7,sc2112,2-3
2021-11-26,3.2,"sc2201,sc2202",505.0,sc2112,2-3
2021-11-29,2.7,"sc2201,sc2202",495.6,sc2112,2-3
2021-11-30,2.3,"sc2201,sc2202",478.8,sc2112,2-3
2021-12-01,0.2,"sc2202,sc2203",445.0,sc2201,2-3
2021-12-02,0.2,"sc2202,sc2203",444.1,sc2201,2-3
2021-12-03,1.1,"sc2202,sc2203",439.2,sc2201,2-3
2021-12-06,1.6,"sc2202,sc2203",450.6,sc2201,2-3
2021-12-07,1.5,"sc2202,sc2203",457.6,sc2201,2-3
2021-12-08,1.4,"sc2202,sc2203",473.8,sc2201,2-3
2021-12-09,1.8,"sc2202,sc2203",476.0,sc2201,2-3
2021-12-10,1.6,"sc2202,sc2203",472.9,sc2201,2-3
2021-12-13,1.6,"sc2202,sc2203",477.0,sc2201,2-3
2021-12-14,1.6,"sc2202,sc2203",474.2,sc2201,2-3
2021-12-15,1.2,"sc2202,sc2203",460.0,sc2201,2-3
2021-12-16,1.7,"sc2202,sc2203",467.4,sc2201,2-3
2021-12-17,2.5,"sc2202,sc2203",474.7,sc2201,2-3
2021-12-20,2.0,"sc2202,sc2203",466.2,sc2201,2-3
2021-12-21,1.7,"sc2202,sc2203",453.1,sc2201,2-3
2021-12-22,1.8,"sc2202,sc2203",456.2,sc2201,2-3
2021-12-23,2.0,"sc2203,sc2204",470.0,sc2202,2-3
2021-12-24,2.2,"sc2203,sc2204",475.6,sc2202,2-3
2021-12-27,1.8,"sc2203,sc2204",475.5,sc2202,2-3
2021-12-28,2.3,"sc2203,sc2204",487.0,sc2202,2-3
2021-12-29,2.6,"sc2203,sc2204",492.8,sc2202,2-3
2021-12-30,3.0,"sc2203,sc2204",494.5,sc2202,2-3
2021-12-31,3.1,"sc2203,sc2204",496.8,sc2202,2-3
2022-01-04,3.7,"sc2203,sc2204",496.9,sc2202,2-3
2022-01-05,2.9,"sc2203,sc2204",501.1,sc2202,2-3
2022-01-06,3.1,"sc2203,sc2204",504.6,sc2202,2-3
2022-01-07,3.7,"sc2203,sc2204",516.4,sc2202,2-3
2022-01-10,3.7,"sc2203,sc2204",511.1,sc2202,2-3
2022-01-11,3.8,"sc2203,sc2204",508.9,sc2202,2-3
2022-01-12,3.7,"sc2203,sc2204",514.8,sc2202,2-3
2022-01-13,4.2,"sc2203,sc2204",526.0,sc2202,2-3
2022-01-14,4.8,"sc2203,sc2204",530.7,sc2202,2-3
2022-01-17,5.3,"sc2203,sc2204",538.5,sc2202,2-3
2022-01-18,4.8,"sc2203,sc2204",541.1,sc2202,2-3
2022-01-19,5.0,"sc2203,sc2204",547.6,sc2202,2-3
2022-01-20,4.4,"sc2203,sc2204",547.7,sc2202,2-3
2022-01-21,3.7,"sc2203,sc2204",557.1,sc2202,2-3
2022-01-24,3.6,"sc2204,sc2205",541.6,sc2203,2-3
2022-01-25,3.3,"sc2204,sc2205",530.4,sc2203,2-3
2022-01-26,3.0,"sc2204,sc2205",534.3,sc2203,2-3
2022-01-27,3.3,"sc2204,sc2205",545.5,sc2203,2-3
2022-01-28,3.2,"sc2204,sc2205",542.0,sc2203,2-3
2022-02-07,2.5,"sc2204,sc2205",567.3,sc2203,2-3
2022-02-08,1.8,"sc2204,sc2205",558.7,sc2203,2-3
2022-02-09,1.5,"sc2204,sc2205",547.5,sc2203,2-3
2022-02-10,1.6,"sc2204,sc2205",549.1,sc2203,2-3
2022-02-11,1.9,"sc2204,sc2205",553.3,sc2203,2-3
2022-02-14,3.2,"sc2204,sc2205",562.5,sc2203,2-3
2022-02-15,3.8,"sc2204,sc2205",566.5,sc2203,2-3
2022-02-16,4.2,"sc2204,sc2205",554.8,sc2203,2-3
2022-02-17,4.4,"sc2204,sc2205",560.8,sc2203,2-3
2022-02-18,4.6,"sc2204,sc2205",559.7,sc2203,2-3
2022-02-21,5.1,"sc2204,sc2205",561.4,sc2203,2-3
2022-02-22,6.2,"sc2204,sc2205",580.9,sc2203,2-3
2022-02-23,7.9,"sc2204,sc2205",585.3,sc2203,2-3
2022-02-24,7.9,"sc2204,sc2205",593.9,sc2203,2-3
2022-02-25,11.8,"sc2204,sc2205",613.8,sc2203,2-3
2022-02-28,11.8,"sc2204,sc2205",591.8,sc2203,2-3
2022-03-01,11.1,"sc2205,sc2206",615.9,sc2204,2-3
2022-03-02,15.5,"sc2205,sc2206",654.2,sc2204,2-3
2022-03-03,17.7,"sc2205,sc2206",699.5,sc2204,2-3
2022-03-04,19.0,"sc2205,sc2206",704.8,sc2204,2-3
2022-03-07,16.8,"sc2205,sc2206",723.6,sc2204,2-3
2022-03-08,15.9,"sc2205,sc2206",765.8,sc2204,2-3
2022-03-09,17.1,"sc2205,sc2206",806.9,sc2204,2-3
2022-03-10,14.4,"sc2205,sc2206",726.1,sc2204,2-3
2022-03-11,12.1,"sc2205,sc2206",691.9,sc2204,2-3
2022-03-14,8.8,"sc2205,sc2206",683.0,sc2204,2-3
2022-03-15,7.7,"sc2205,sc2206",645.7,sc2204,2-3
2022-03-16,6.0,"sc2205,sc2206",622.9,sc2204,2-3
2022-03-17,5.6,"sc2205,sc2206",615.8,sc2204,2-3
2022-03-18,9.3,"sc2205,sc2206",657.0,sc2204,2-3
2022-03-21,12.0,"sc2205,sc2206",678.9,sc2204,2-3
2022-03-22,14.9,"sc2205,sc2206",722.8,sc2204,2-3
2022-03-23,14.8,"sc2205,sc2206",717.8,sc2204,2-3
2022-03-24,18.1,"sc2205,sc2206",760.1,sc2204,2-3
2022-03-25,17.7,"sc2205,sc2206",753.4,sc2204,2-3
2022-03-28,15.9,"sc2205,sc2206",742.4,sc2204,2-3
2022-03-29,13.3,"sc2205,sc2206",706.2,sc2204,2-3
2022-03-30,11.4,"sc2205,sc2206",678.2,sc2204,2-3
2022-03-31,10.3,"sc2205,sc2206",675.2,sc2204,2-3
2022-04-01,10.4,"sc2206,sc2207",666.4,sc2205,2-3
2022-04-06,8.7,"sc2206,sc2207",675.4,sc2205,2-3
2022-04-07,2.9,"sc2206,sc2207",643.1,sc2205,2-3
2022-04-08,-0.2,"sc2206,sc2207",617.3,sc2205,2-3
2022-04-11,0.3,"sc2206,sc2207",625.8,sc2205,2-3
2022-04-12,-0.7,"sc2206,sc2207",618.4,sc2205,2-3
2022-04-13,0.1,"sc2206,sc2207",649.9,sc2205,2-3
2022-04-14,0.2,"sc2206,sc2207",665.8,sc2205,2-3
2022-04-15,0.7,"sc2206,sc2207",679.7,sc2205,2-3
2022-04-18,2.0,"sc2206,sc2207",694.1,sc2205,2-3
2022-04-19,4.5,"sc2206,sc2207",705.9,sc2205,2-3
2022-04-20,2.1,"sc2206,sc2207",674.5,sc2205,2-3
2022-04-21,0.8,"sc2206,sc2207",674.4,sc2205,2-3
2022-04-22,1.8,"sc2206,sc2207",680.5,sc2205,2-3
2022-04-25,-0.8,"sc2206,sc2207",662.4,sc2205,2-3
2022-04-26,-1.6,"sc2206,sc2207",637.6,sc2205,2-3
2022-04-27,-1.2,"sc2206,sc2207",663.8,sc2205,2-3
2022-04-28,-0.8,"sc2206,sc2207",659.1,sc2205,2-3
2022-04-29,-0.4,"sc2206,sc2207",671.2,sc2205,2-3
2022-05-05,3.6,"sc2207,sc2208",692.4,sc2206,2-3
2022-05-06,3.8,"sc2207,sc2208",696.4,sc2206,2-3
2022-05-09,3.8,"sc2207,sc2208",705.6,sc2206,2-3
2022-05-10,3.4,"sc2207,sc2208",669.8,sc2206,2-3
2022-05-11,2.0,"sc2207,sc2208",656.1,sc2206,2-3
2022-05-12,2.4,"sc2207,sc2208",680.0,sc2206,2-3
2022-05-13,2.8,"sc2207,sc2208",692.4,sc2206,2-3
2022-05-16,3.0,"sc2207,sc2208",704.6,sc2206,2-3
2022-05-17,3.9,"sc2207,sc2208",721.8,sc2206,2-3
2022-05-18,4.3,"sc2207,sc2208",721.9,sc2206,2-3
2022-05-19,2.9,"sc2207,sc2208",698.6,sc2206,2-3
2022-05-20,2.9,"sc2207,sc2208",699.8,sc2206,2-3
2022-05-23,3.8,"sc2207,sc2208",706.2,sc2206,2-3
2022-05-24,3.0,"sc2207,sc2208",699.0,sc2206,2-3
2022-05-25,4.0,"sc2207,sc2208",710.8,sc2206,2-3
2022-05-26,5.5,"sc2207,sc2208",716.1,sc2206,2-3
2022-05-27,6.3,"sc2207,sc2208",740.4,sc2206,2-3
2022-05-30,5.4,"sc2207,sc2208",724.3,sc2206,2-3
2022-05-31,5.4,"sc2207,sc2208",737.3,sc2206,2-3
2022-06-01,8.0,"sc2208,sc2209",741.1,sc2207,2-3
2022-06-02,5.8,"sc2208,sc2209",728.8,sc2207,2-3
2022-06-06,4.9,"sc2208,sc2209",750.3,sc2207,2-3
2022-06-07,5.2,"sc2208,sc2209",748.7,sc2207,2-3
2022-06-08,5.4,"sc2208,sc2209",753.8,sc2207,2-3
2022-06-09,6.7,"sc2208,sc2209",771.4,sc2207,2-3
2022-06-10,6.3,"sc2208,sc2209",770.5,sc2207,2-3
2022-06-13,5.8,"sc2208,sc2209",756.8,sc2207,2-3
2022-06-14,7.3,"sc2208,sc2209",768.0,sc2207,2-3
2022-06-15,8.2,"sc2208,sc2209",770.6,sc2207,2-3
2022-06-16,7.8,"sc2208,sc2209",748.2,sc2207,2-3
2022-06-17,6.3,"sc2208,sc2209",731.7,sc2207,2-3
2022-06-20,4.8,"sc2208,sc2209",704.3,sc2207,2-3
2022-06-21,4.9,"sc2208,sc2209",702.2,sc2207,2-3
2022-06-22,6.9,"sc2208,sc2209",703.7,sc2207,2-3
2022-06-23,4.8,"sc2208,sc2209",687.6,sc2207,2-3
2022-06-24,4.2,"sc2208,sc2209",684.0,sc2207,2-3
2022-06-27,5.3,"sc2208,sc2209",689.6,sc2207,2-3
2022-06-28,6.8,"sc2208,sc2209",707.1,sc2207,2-3
2022-06-29,7.1,"sc2208,sc2209",715.0,sc2207,2-3
2022-06-30,8.6,"sc2208,sc2209",731.1,sc2207,2-3
2022-07-01,10.9,"sc2209,sc2210",704.4,sc2208,2-3
2022-07-04,11.6,"sc2209,sc2210",711.7,sc2208,2-3
2022-07-05,12.7,"sc2209,sc2210",727.5,sc2208,2-3
2022-07-06,14.3,"sc2209,sc2210",674.2,sc2208,2-3
2022-07-07,9.6,"sc2209,sc2210",644.9,sc2208,2-3
2022-07-08,12.3,"sc2209,sc2210",676.8,sc2208,2-3
2022-07-11,11.5,"sc2209,sc2210",686.1,sc2208,2-3
2022-07-12,11.3,"sc2209,sc2210",680.6,sc2208,2-3
2022-07-13,11.4,"sc2209,sc2210",650.2,sc2208,2-3
2022-07-14,10.8,"sc2209,sc2210",650.8,sc2208,2-3
2022-07-15,9.8,"sc2209,sc2210",641.1,sc2208,2-3
2022-07-18,12.5,"sc2209,sc2210",668.0,sc2208,2-3
2022-07-19,14.2,"sc2209,sc2210",697.5,sc2208,2-3
2022-07-20,14.0,"sc2209,sc2210",704.9,sc2208,2-3
2022-07-21,14.1,"sc2209,sc2210",706.9,sc2208,2-3
2022-07-22,14.6,"sc2209,sc2210",695.8,sc2208,2-3
2022-07-25,17.9,"sc2209,sc2210",697.9,sc2208,2-3
2022-07-26,20.1,"sc2209,sc2210",704.3,sc2208,2-3
2022-07-27,21.4,"sc2209,sc2210",661.3,sc2208,2-3
2022-07-28,21.5,"sc2209,sc2210",676.1,sc2208,2-3
2022-07-29,19.4,"sc2209,sc2210",730.3,sc2208,2-3
2022-08-01,15.3,"sc2210,sc2211",698.1,sc2209,2-3
2022-08-02,13.8,"sc2210,sc2211",672.7,sc2209,2-3
2022-08-03,10.2,"sc2210,sc2211",681.6,sc2209,2-3
2022-08-04,9.9,"sc2210,sc2211",667.1,sc2209,2-3
2022-08-05,9.1,"sc2210,sc2211",650.3,sc2209,2-3
2022-08-08,11.6,"sc2210,sc2211",659.6,sc2209,2-3
2022-08-09,14.5,"sc2210,sc2211",665.7,sc2209,2-3
2022-08-10,15.4,"sc2210,sc2211",676.5,sc2209,2-3
2022-08-11,15.8,"sc2210,sc2211",682.6,sc2209,2-3
2022-08-12,17.8,"sc2210,sc2211",698.9,sc2209,2-3
2022-08-15,19.0,"sc2210,sc2211",695.9,sc2209,2-3
2022-08-16,21.1,"sc2210,sc2211",685.6,sc2209,2-3
2022-08-17,22.6,"sc2210,sc2211",690.7,sc2209,2-3
2022-08-18,25.9,"sc2210,sc2211",698.6,sc2209,2-3
2022-08-19,30.1,"sc2210,sc2211",725.4,sc2209,2-3
2022-08-22,32.1,"sc2210,sc2211",749.9,sc2209,2-3
2022-08-23,29.2,"sc2210,sc2211",747.2,sc2209,2-3
2022-08-24,28.8,"sc2210,sc2211",765.8,sc2209,2-3
2022-08-25,42.6,"sc2210,sc2211",790.6,sc2209,2-3
2022-08-26,44.2,"sc2210,sc2211",787.3,sc2209,2-3
2022-08-29,39.1,"sc2210,sc2211",726.4,sc2209,2-3
2022-08-30,31.7,"sc2210,sc2211",738.7,sc2209,2-3
2022-08-31,27.0,"sc2210,sc2211",724.7,sc2209,2-3
2022-09-01,18.0,"sc2211,sc2212",705.5,sc2210,2-3
2022-09-02,16.0,"sc2211,sc2212",694.7,sc2210,2-3
2022-09-05,16.3,"sc2211,sc2212",696.2,sc2210,2-3
2022-09-06,17.3,"sc2211,sc2212",707.4,sc2210,2-3
2022-09-07,15.3,"sc2211,sc2212",688.4,sc2210,2-3
2022-09-08,13.3,"sc2211,sc2212",673.8,sc2210,2-3
2022-09-09,13.5,"sc2211,sc2212",670.0,sc2210,2-3
2022-09-13,19.8,"sc2211,sc2212",705.6,sc2210,2-3
2022-09-14,18.0,"sc2211,sc2212",691.6,sc2210,2-3
2022-09-15,24.3,"sc2211,sc2212",718.3,sc2210,2-3
2022-09-16,32.2,"sc2211,sc2212",712.2,sc2210,2-3
2022-09-19,25.2,"sc2211,sc2212",709.2,sc2210,2-3
2022-09-20,20.6,"sc2211,sc2212",707.4,sc2210,2-3
2022-09-21,19.9,"sc2211,sc2212",674.3,sc2210,2-3
2022-09-22,20.7,"sc2211,sc2212",653.6,sc2210,2-3
2022-09-23,18.7,"sc2211,sc2212",645.8,sc2210,2-3
2022-09-26,10.1,"sc2212,sc2301",624.8,sc2211,2-3
2022-09-27,8.6,"sc2212,sc2301",612.0,sc2211,2-3
2022-09-28,8.0,"sc2212,sc2301",612.2,sc2211,2-3
2022-09-29,8.4,"sc2212,sc2301",628.6,sc2211,2-3
2022-09-30,10.6,"sc2212,sc2301",631.5,sc2211,2-3
2022-10-10,13.0,"sc2212,sc2301",699.6,sc2211,2-3
2022-10-11,13.3,"sc2212,sc2301",702.2,sc2211,2-3
2022-10-12,14.4,"sc2212,sc2301",688.2,sc2211,2-3
2022-10-13,15.4,"sc2212,sc2301",684.8,sc2211,2-3
2022-10-14,17.7,"sc2212,sc2301",689.7,sc2211,2-3
2022-10-17,16.3,"sc2212,sc2301",676.7,sc2211,2-3
2022-10-18,17.4,"sc2212,sc2301",677.9,sc2211,2-3
2022-10-19,18.9,"sc2212,sc2301",665.4,sc2211,2-3
2022-10-20,19.0,"sc2212,sc2301",667.1,sc2211,2-3
2022-10-21,15.1,"sc2212,sc2301",669.6,sc2211,2-3
2022-10-24,16.0,"sc2212,sc2301",670.1,sc2211,2-3
2022-10-25,15.2,"sc2212,sc2301",669.9,sc2211,2-3
2022-10-26,14.4,"sc2212,sc2301",671.3,sc2211,2-3
2022-10-27,10.3,"sc2212,sc2301",677.4,sc2211,2-3
2022-10-28,11.1,"sc2212,sc2301",684.9,sc2211,2-3
2022-10-31,14.3,"sc2212,sc2301",686.8,sc2211,2-3
2022-11-01,12.3,"sc2301,sc2302",685.5,sc2212,2-3
2022-11-02,15.1,"sc2301,sc2302",696.3,sc2212,2-3
2022-11-03,15.1,"sc2301,sc2302",698.4,sc2212,2-3
2022-11-04,15.0,"sc2301,sc2302",699.9,sc2212,2-3
2022-11-07,17.1,"sc2301,sc2302",715.4,sc2212,2-3
2022-11-08,15.2,"sc2301,sc2302",716.5,sc2212,2-3
2022-11-09,12.8,"sc2301,sc2302",700.6,sc2212,2-3
2022-11-10,10.8,"sc2301,sc2302",677.4,sc2212,2-3
2022-11-11,10.5,"sc2301,sc2302",673.8,sc2212,2-3
2022-11-14,10.0,"sc2301,sc2302",677.5,sc2212,2-3
2022-11-15,5.4,"sc2301,sc2302",658.4,sc2212,2-3
2022-11-16,2.8,"sc2301,sc2302",647.0,sc2212,2-3
2022-11-17,1.8,"sc2301,sc2302",636.7,sc2212,2-3
2022-11-18,1.3,"sc2301,sc2302",623.1,sc2212,2-3
2022-11-21,0.5,"sc2301,sc2302",601.6,sc2212,2-3
2022-11-22,0.4,"sc2301,sc2302",591.8,sc2212,2-3
2022-11-23,0.6,"sc2301,sc2302",601.9,sc2212,2-3
2022-11-24,-0.4,"sc2301,sc2302",575.0,sc2212,2-3
2022-11-25,-2.0,"sc2301,sc2302",576.1,sc2212,2-3
2022-11-28,-3.8,"sc2301,sc2302",556.0,sc2212,2-3
2022-11-29,-3.1,"sc2301,sc2302",554.9,sc2212,2-3
2022-11-30,-3.7,"sc2301,sc2302",579.2,sc2212,2-3
2022-12-01,-3.8,"sc2302,sc2303",578.9,sc2301,2-3
2022-12-02,-3.7,"sc2302,sc2303",577.7,sc2301,2-3
2022-12-05,-4.1,"sc2302,sc2303",570.0,sc2301,2-3
2022-12-06,-4.6,"sc2302,sc2303",552.6,sc2301,2-3
2022-12-07,-4.6,"sc2302,sc2303",523.3,sc2301,2-3
2022-12-08,-4.9,"sc2302,sc2303",512.6,sc2301,2-3
2022-12-09,-5.3,"sc2302,sc2303",505.1,sc2301,2-3
2022-12-12,-5.2,"sc2302,sc2303",501.6,sc2301,2-3
2022-12-13,-6.3,"sc2302,sc2303",510.2,sc2301,2-3
2022-12-14,-6.5,"sc2302,sc2303",521.7,sc2301,2-3
2022-12-15,-5.9,"sc2302,sc2303",530.3,sc2301,2-3
2022-12-16,-6.4,"sc2302,sc2303",528.4,sc2301,2-3
2022-12-19,-6.8,"sc2302,sc2303",520.0,sc2301,2-3
2022-12-20,-6.3,"sc2302,sc2303",528.4,sc2301,2-3
2022-12-21,-5.7,"sc2302,sc2303",529.2,sc2301,2-3
2022-12-22,-4.8,"sc2302,sc2303",538.0,sc2301,2-3
2022-12-23,-2.5,"sc2303,sc2304",546.8,sc2302,2-3
2022-12-26,-1.7,"sc2303,sc2304",559.7,sc2302,2-3
2022-12-27,-1.4,"sc2303,sc2304",562.5,sc2302,2-3
2022-12-28,-0.4,"sc2303,sc2304",565.5,sc2302,2-3
2022-12-29,-1.7,"sc2303,sc2304",552.9,sc2302,2-3
2022-12-30,-1.1,"sc2303,sc2304",553.7,sc2302,2-3
2023-01-03,0.4,"sc2303,sc2304",564.2,sc2302,2-3
2023-01-04,-2.2,"sc2303,sc2304",549.9,sc2302,2-3
2023-01-05,-3.5,"sc2303,sc2304",521.1,sc2302,2-3
2023-01-06,-1.8,"sc2303,sc2304",525.5,sc2302,2-3
2023-01-09,-0.5,"sc2303,sc2304",525.7,sc2302,2-3
2023-01-10,-1.2,"sc2303,sc2304",524.4,sc2302,2-3
2023-01-11,-1.7,"sc2303,sc2304",519.5,sc2302,2-3
2023-01-12,-1.9,"sc2303,sc2304",527.3,sc2302,2-3
2023-01-13,-2.0,"sc2303,sc2304",538.8,sc2302,2-3
2023-01-16,-1.5,"sc2303,sc2304",539.4,sc2302,2-3
2023-01-17,-1.9,"sc2304,sc2305",544.2,sc2303,2-3
2023-01-18,-0.2,"sc2304,sc2305",559.6,sc2303,2-3
2023-01-19,-0.7,"sc2304,sc2305",556.2,sc2303,2-3
2023-01-20,-0.9,"sc2304,sc2305",559.8,sc2303,2-3
2023-01-30,-1.5,"sc2304,sc2305",560.0,sc2303,2-3
2023-01-31,-1.6,"sc2304,sc2305",546.6,sc2303,2-3
2023-02-01,-1.5,"sc2304,sc2305",548.4,sc2303,2-3
2023-02-02,-2.1,"sc2304,sc2305",540.8,sc2303,2-3
2023-02-03,-2.1,"sc2304,sc2305",532.3,sc2303,2-3
2023-02-06,-1.8,"sc2304,sc2305",526.5,sc2303,2-3
2023-02-07,-1.7,"sc2304,sc2305",523.8,sc2303,2-3
2023-02-08,-1.4,"sc2304,sc2305",537.9,sc2303,2-3
2023-02-09,-0.8,"sc2304,sc2305",550.9,sc2303,2-3
2023-02-10,-0.7,"sc2304,sc2305",552.6,sc2303,2-3
2023-02-13,0.3,"sc2304,sc2305",563.0,sc2303,2-3
2023-02-14,1.1,"sc2304,sc2305",566.3,sc2303,2-3
2023-02-15,2.4,"sc2304,sc2305",567.9,sc2303,2-3
2023-02-16,3.8,"sc2304,sc2305",572.4,sc2303,2-3
2023-02-17,5.4,"sc2304,sc2305",579.1,sc2303,2-3
2023-02-20,2.2,"sc2304,sc2305",559.1,sc2303,2-3
2023-02-21,0.9,"sc2304,sc2305",557.0,sc2303,2-3
2023-02-22,0.1,"sc2304,sc2305",556.1,sc2303,2-3
2023-02-23,-0.3,"sc2304,sc2305",552.0,sc2303,2-3
2023-02-24,-0.4,"sc2304,sc2305",548.6,sc2303,2-3
2023-02-27,0.2,"sc2304,sc2305",561.2,sc2303,2-3
2023-02-28,0.3,"sc2304,sc2305",553.0,sc2303,2-3
2023-03-01,0.7,"sc2305,sc2306",556.5,sc2304,2-3
2023-03-02,1.7,"sc2305,sc2306",556.0,sc2304,2-3
2023-03-03,2.7,"sc2305,sc2306",566.5,sc2304,2-3
2023-03-06,2.6,"sc2305,sc2306",568.7,sc2304,2-3
2023-03-07,2.4,"sc2305,sc2306",579.2,sc2304,2-3
2023-03-08,2.1,"sc2305,sc2306",571.1,sc2304,2-3
2023-03-09,0.3,"sc2305,sc2306",560.5,sc2304,2-3
2023-03-10,0.0,"sc2305,sc2306",557.3,sc2304,2-3
2023-03-13,-0.1,"sc2305,sc2306",551.7,sc2304,2-3
2023-03-14,-1.1,"sc2305,sc2306",535.6,sc2304,2-3
2023-03-15,-1.5,"sc2305,sc2306",526.7,sc2304,2-3
2023-03-16,-2.6,"sc2305,sc2306",496.4,sc2304,2-3
2023-03-17,-2.2,"sc2305,sc2306",496.1,sc2304,2-3
2023-03-20,-3.0,"sc2305,sc2306",490.2,sc2304,2-3
2023-03-21,-2.8,"sc2305,sc2306",486.1,sc2304,2-3
2023-03-22,-3.3,"sc2305,sc2306",497.7,sc2304,2-3
2023-03-23,-3.2,"sc2305,sc2306",504.4,sc2304,2-3
2023-03-24,-2.5,"sc2305,sc2306",505.2,sc2304,2-3
2023-03-27,-2.3,"sc2305,sc2306",498.0,sc2304,2-3
2023-03-28,-2.6,"sc2305,sc2306",514.8,sc2304,2-3
2023-03-29,-2.5,"sc2305,sc2306",524.3,sc2304,2-3
2023-03-30,-2.3,"sc2305,sc2306",525.8,sc2304,2-3
2023-03-31,-2.4,"sc2305,sc2306",531.0,sc2304,2-3
2023-04-03,-1.0,"sc2306,sc2307",547.2,sc2305,2-3
2023-04-04,1.2,"sc2306,sc2307",576.9,sc2305,2-3
2023-04-06,1.3,"sc2306,sc2307",583.0,sc2305,2-3
2023-04-07,1.6,"sc2306,sc2307",586.9,sc2305,2-3
2023-04-10,1.5,"sc2306,sc2307",589.3,sc2305,2-3
2023-04-11,2.1,"sc2306,sc2307",586.3,sc2305,2-3
2023-04-12,3.8,"sc2306,sc2307",591.9,sc2305,2-3
2023-04-13,3.7,"sc2306,sc2307",601.8,sc2305,2-3
2023-04-14,3.4,"sc2306,sc2307",597.4,sc2305,2-3
2023-04-17,3.9,"sc2306,sc2307",599.2,sc2305,2-3
2023-04-18,3.8,"sc2306,sc2307",597.5,sc2305,2-3
2023-04-19,3.6,"sc2306,sc2307",593.6,sc2305,2-3
2023-04-20,2.9,"sc2306,sc2307",580.9,sc2305,2-3
2023-04-21,3.4,"sc2306,sc2307",566.6,sc2305,2-3
2023-04-24,3.3,"sc2306,sc2307",565.4,sc2305,2-3
2023-04-25,2.7,"sc2306,sc2307",566.9,sc2305,2-3
2023-04-26,1.1,"sc2306,sc2307",561.8,sc2305,2-3
2023-04-27,-0.5,"sc2306,sc2307",534.9,sc2305,2-3
2023-04-28,-1.6,"sc2306,sc2307",545.9,sc2305,2-3
2023-05-04,-0.7,"sc2307,sc2308",494.9,sc2306,2-3
2023-05-05,-0.6,"sc2307,sc2308",491.7,sc2306,2-3
2023-05-08,-0.8,"sc2307,sc2308",508.7,sc2306,2-3
2023-05-09,-0.6,"sc2307,sc2308",518.9,sc2306,2-3
2023-05-10,-0.2,"sc2307,sc2308",517.5,sc2306,2-3
2023-05-11,-0.2,"sc2307,sc2308",514.7,sc2306,2-3
2023-05-12,-1.1,"sc2307,sc2308",502.1,sc2306,2-3
2023-05-15,-1.2,"sc2307,sc2308",496.2,sc2306,2-3
2023-05-16,-0.8,"sc2307,sc2308",505.7,sc2306,2-3
2023-05-17,-1.3,"sc2307,sc2308",504.1,sc2306,2-3
2023-05-18,-2.0,"sc2307,sc2308",512.7,sc2306,2-3
2023-05-19,-1.9,"sc2307,sc2308",514.4,sc2306,2-3
2023-05-22,-1.4,"sc2307,sc2308",509.6,sc2306,2-3
2023-05-23,-1.1,"sc2307,sc2308",513.7,sc2306,2-3
2023-05-24,-0.9,"sc2307,sc2308",523.5,sc2306,2-3
2023-05-25,0.1,"sc2307,sc2308",529.4,sc2306,2-3
2023-05-26,-0.1,"sc2307,sc2308",516.7,sc2306,2-3
2023-05-29,1.4,"sc2307,sc2308",527.4,sc2306,2-3
2023-05-30,1.1,"sc2307,sc2308",528.2,sc2306,2-3
2023-05-31,0.6,"sc2307,sc2308",517.5,sc2306,2-3
2023-06-01,-1.0,"sc2308,sc2309",501.9,sc2307,2-3
2023-06-02,-0.6,"sc2308,sc2309",511.8,sc2307,2-3
2023-06-05,-0.3,"sc2308,sc2309",523.7,sc2307,2-3
2023-06-06,-0.5,"sc2308,sc2309",528.0,sc2307,2-3
2023-06-07,-0.5,"sc2308,sc2309",524.1,sc2307,2-3
2023-06-08,0.2,"sc2308,sc2309",534.2,sc2307,2-3
2023-06-09,0.3,"sc2308,sc2309",527.3,sc2307,2-3
2023-06-12,0.0,"sc2308,sc2309",523.1,sc2307,2-3
2023-06-13,-1.1,"sc2308,sc2309",506.3,sc2307,2-3
2023-06-14,-0.3,"sc2308,sc2309",519.6,sc2307,2-3
2023-06-15,-0.6,"sc2308,sc2309",517.6,sc2307,2-3
2023-06-16,-0.1,"sc2308,sc2309",525.1,sc2307,2-3
2023-06-19,0.4,"sc2308,sc2309",530.0,sc2307,2-3
2023-06-20,-0.2,"sc2308,sc2309",533.6,sc2307,2-3
2023-06-21,0.7,"sc2308,sc2309",542.5,sc2307,2-3
2023-06-26,0.5,"sc2308,sc2309",539.3,sc2307,2-3
2023-06-27,1.0,"sc2308,sc2309",541.1,sc2307,2-3
2023-06-28,0.8,"sc2308,sc2309",534.6,sc2307,2-3
2023-06-29,0.8,"sc2308,sc2309",539.1,sc2307,2-3
2023-06-30,0.4,"sc2308,sc2309",542.1,sc2307,2-3
2023-07-03,3.4,"sc2309,sc2310",551.7,sc2308,2-3
2023-07-04,3.2,"sc2309,sc2310",551.0,sc2308,2-3
2023-07-05,2.8,"sc2309,sc2310",553.8,sc2308,2-3
2023-07-06,2.6,"sc2309,sc2310",558.8,sc2308,2-3
2023-07-07,2.2,"sc2309,sc2310",556.5,sc2308,2-3
2023-07-10,2.7,"sc2309,sc2310",565.3,sc2308,2-3
2023-07-11,3.3,"sc2309,sc2310",568.8,sc2308,2-3
2023-07-12,3.1,"sc2309,sc2310",574.4,sc2308,2-3
2023-07-13,2.8,"sc2309,sc2310",578.6,sc2308,2-3
2023-07-14,2.9,"sc2309,sc2310",584.9,sc2308,2-3
2023-07-17,2.8,"sc2309,sc2310",580.1,sc2308,2-3
2023-07-18,3.0,"sc2309,sc2310",577.2,sc2308,2-3
2023-07-19,3.0,"sc2309,sc2310",583.4,sc2308,2-3
2023-07-20,4.6,"sc2309,sc2310",589.1,sc2308,2-3
2023-07-21,4.1,"sc2309,sc2310",585.3,sc2308,2-3
2023-07-24,4.3,"sc2309,sc2310",587.7,sc2308,2-3
2023-07-25,4.3,"sc2309,sc2310",598.9,sc2308,2-3
2023-07-26,4.8,"sc2309,sc2310",601.8,sc2308,2-3
2023-07-27,4.7,"sc2309,sc2310",606.8,sc2308,2-3
2023-07-28,3.6,"sc2309,sc2310",610.3,sc2308,2-3
2023-07-31,3.4,"sc2309,sc2310",604.4,sc2308,2-3
2023-08-01,4.5,"sc2310,sc2311",618.2,sc2309,2-3
2023-08-02,5.0,"sc2310,sc2311",621.8,sc2309,2-3
2023-08-03,4.7,"sc2310,sc2311",610.6,sc2309,2-3
2023-08-04,4.9,"sc2310,sc2311",619.3,sc2309,2-3
2023-08-07,5.6,"sc2310,sc2311",627.5,sc2309,2-3
2023-08-08,5.4,"sc2310,sc2311",625.5,sc2309,2-3
2023-08-09,5.6,"sc2310,sc2311",626.9,sc2309,2-3
2023-08-10,6.1,"sc2310,sc2311",638.1,sc2309,2-3
2023-08-11,7.1,"sc2310,sc2311",639.4,sc2309,2-3
2023-08-14,9.9,"sc2310,sc2311",658.7,sc2309,2-3
2023-08-15,10.6,"sc2310,sc2311",658.7,sc2309,2-3
2023-08-16,13.0,"sc2310,sc2311",655.8,sc2309,2-3
2023-08-17,13.6,"sc2310,sc2311",655.6,sc2309,2-3
2023-08-18,13.9,"sc2310,sc2311",658.4,sc2309,2-3
2023-08-21,14.6,"sc2310,sc2311",667.6,sc2309,2-3
2023-08-22,13.4,"sc2310,sc2311",671.8,sc2309,2-3
2023-08-23,7.3,"sc2310,sc2311",665.6,sc2309,2-3
2023-08-24,6.8,"sc2310,sc2311",668.8,sc2309,2-3
2023-08-25,7.7,"sc2310,sc2311",678.7,sc2309,2-3
2023-08-28,9.3,"sc2310,sc2311",690.9,sc2309,2-3
2023-08-29,8.7,"sc2310,sc2311",657.4,sc2309,2-3
2023-08-30,8.4,"sc2310,sc2311",632.0,sc2309,2-3
2023-08-31,8.6,"sc2310,sc2311",607.6,sc2309,2-3
2023-09-01,8.5,"sc2311,sc2312",649.8,sc2310,2-3
2023-09-04,11.0,"sc2311,sc2312",666.2,sc2310,2-3
2023-09-05,9.0,"sc2311,sc2312",668.6,sc2310,2-3
2023-09-06,12.5,"sc2311,sc2312",690.0,sc2310,2-3
2023-09-07,11.7,"sc2311,sc2312",691.0,sc2310,2-3
2023-09-08,11.2,"sc2311,sc2312",693.8,sc2310,2-3
2023-09-11,10.3,"sc2311,sc2312",694.8,sc2310,2-3
2023-09-12,10.2,"sc2311,sc2312",696.3,sc2310,2-3
2023-09-13,13.2,"sc2311,sc2312",708.3,sc2310,2-3
2023-09-14,13.8,"sc2311,sc2312",717.7,sc2310,2-3
2023-09-15,14.1,"sc2311,sc2312",736.8,sc2310,2-3
2023-09-18,12.5,"sc2311,sc2312",733.1,sc2310,2-3
2023-09-19,11.3,"sc2311,sc2312",736.7,sc2310,2-3
2023-09-20,11.6,"sc2311,sc2312",728.9,sc2310,2-3
2023-09-21,11.9,"sc2311,sc2312",725.6,sc2310,2-3
2023-09-22,12.4,"sc2311,sc2312",736.5,sc2310,2-3
2023-09-25,11.7,"sc2311,sc2312",731.7,sc2310,2-3
2023-09-26,11.2,"sc2311,sc2312",702.4,sc2310,2-3
2023-09-27,11.5,"sc2311,sc2312",695.9,sc2310,2-3
2023-09-28,12.1,"sc2311,sc2312",700.9,sc2310,2-3
2023-10-09,11.0,"sc2312,sc2401",660.7,sc2311,2-3
2023-10-10,12.8,"sc2312,sc2401",660.8,sc2311,2-3
2023-10-11,11.6,"sc2312,sc2401",657.0,sc2311,2-3
2023-10-12,11.2,"sc2312,sc2401",650.1,sc2311,2-3
2023-10-13,10.1,"sc2312,sc2401",652.3,sc2311,2-3
2023-10-16,11.3,"sc2312,sc2401",676.5,sc2311,2-3
2023-10-17,9.5,"sc2312,sc2401",674.6,sc2311,2-3
2023-10-18,9.6,"sc2312,sc2401",681.5,sc2311,2-3
2023-10-19,10.0,"sc2312,sc2401",689.1,sc2311,2-3
2023-10-20,9.3,"sc2312,sc2401",694.0,sc2311,2-3
2023-10-23,9.0,"sc2312,sc2401",694.9,sc2311,2-3
2023-10-24,8.2,"sc2312,sc2401",682.7,sc2311,2-3
2023-10-25,7.6,"sc2312,sc2401",668.0,sc2311,2-3
2023-10-26,6.7,"sc2312,sc2401",674.5,sc2311,2-3
2023-10-27,4.8,"sc2312,sc2401",673.0,sc2311,2-3
2023-10-30,4.6,"sc2312,sc2401",678.3,sc2311,2-3
2023-10-31,3.6,"sc2312,sc2401",671.6,sc2311,2-3
2023-11-01,5.6,"sc2401,sc2402",649.8,sc2312,2-3
2023-11-02,6.0,"sc2401,sc2402",650.1,sc2312,2-3
2023-11-03,7.1,"sc2401,sc2402",653.5,sc2312,2-3
2023-11-06,7.3,"sc2401,sc2402",647.3,sc2312,2-3
2023-11-07,3.9,"sc2401,sc2402",636.5,sc2312,2-3
2023-11-08,1.3,"sc2401,sc2402",610.4,sc2312,2-3
2023-11-09,1.6,"sc2401,sc2402",596.2,sc2312,2-3
2023-11-10,1.4,"sc2401,sc2402",596.9,sc2312,2-3
2023-11-13,0.6,"sc2401,sc2402",598.9,sc2312,2-3
2023-11-14,0.6,"sc2401,sc2402",602.7,sc2312,2-3
2023-11-15,0.3,"sc2401,sc2402",604.1,sc2312,2-3
2023-11-16,-1.5,"sc2401,sc2402",590.4,sc2312,2-3
2023-11-17,-1.9,"sc2401,sc2402",568.9,sc2312,2-3
2023-11-20,-1.6,"sc2401,sc2402",576.7,sc2312,2-3
2023-11-21,-1.3,"sc2401,sc2402",587.4,sc2312,2-3
2023-11-22,-1.6,"sc2401,sc2402",589.2,sc2312,2-3
2023-11-23,-2.8,"sc2401,sc2402",571.9,sc2312,2-3
2023-11-24,-2.7,"sc2401,sc2402",575.9,sc2312,2-3
2023-11-27,-3.3,"sc2401,sc2402",573.3,sc2312,2-3
2023-11-28,-3.5,"sc2401,sc2402",566.9,sc2312,2-3
2023-11-29,-3.3,"sc2401,sc2402",573.7,sc2312,2-3
2023-11-30,-3.1,"sc2401,sc2402",577.1,sc2312,2-3
2023-12-01,-0.5,"sc2402,sc2403",579.3,sc2401,2-3
2023-12-04,-1.0,"sc2402,sc2403",566.0,sc2401,2-3
2023-12-05,-2.2,"sc2402,sc2403",556.7,sc2401,2-3
2023-12-06,-2.5,"sc2402,sc2403",554.3,sc2401,2-3
2023-12-07,-3.1,"sc2402,sc2403",536.6,sc2401,2-3
2023-12-08,-0.2,"sc2402,sc2403",546.7,sc2401,2-3
2023-12-11,-0.5,"sc2402,sc2403",551.5,sc2401,2-3
2023-12-12,-0.7,"sc2402,sc2403",550.8,sc2401,2-3
2023-12-13,-1.6,"sc2402,sc2403",530.2,sc2401,2-3
2023-12-14,-1.8,"sc2402,sc2403",529.5,sc2401,2-3
2023-12-15,-2.2,"sc2402,sc2403",542.9,sc2401,2-3
2023-12-18,-1.8,"sc2402,sc2403",542.5,sc2401,2-3
2023-12-19,-1.8,"sc2402,sc2403",553.8,sc2401,2-3
2023-12-20,-1.8,"sc2402,sc2403",556.1,sc2401,2-3
2023-12-21,-1.3,"sc2402,sc2403",560.2,sc2401,2-3
2023-12-22,-1.7,"sc2402,sc2403",554.9,sc2401,2-3
2023-12-25,-2.0,"sc2402,sc2403",552.7,sc2401,2-3
2023-12-26,-2.1,"sc2402,sc2403",553.7,sc2401,2-3
2023-12-27,-1.9,"sc2402,sc2403",567.3,sc2401,2-3
2023-12-28,-2.4,"sc2402,sc2403",560.2,sc2401,2-3
2023-12-29,-2.9,"sc2402,sc2403",551.2,sc2401,2-3
2024-01-02,-2.5,"sc2403,sc2404",547.2,sc2402,2-3
2024-01-03,-1.6,"sc2403,sc2404",544.7,sc2402,2-3
2024-01-04,-1.6,"sc2403,sc2404",554.3,sc2402,2-3
2024-01-05,-1.7,"sc2403,sc2404",552.9,sc2402,2-3
2024-01-08,-1.1,"sc2403,sc2404",556.6,sc2402,2-3
2024-01-09,-1.5,"sc2403,sc2404",539.0,sc2402,2-3
2024-01-10,-0.3,"sc2403,sc2404",553.2,sc2402,2-3
2024-01-11,1.0,"sc2403,sc2404",559.0,sc2402,2-3
2024-01-12,1.5,"sc2403,sc2404",566.1,sc2402,2-3
2024-01-15,0.2,"sc2403,sc2404",562.8,sc2402,2-3
2024-01-16,-0.8,"sc2403,sc2404",553.5,sc2402,2-3
2024-01-17,-0.9,"sc2403,sc2404",554.5,sc2402,2-3
2024-01-18,-0.6,"sc2403,sc2404",550.6,sc2402,2-3
2024-01-19,-0.4,"sc2403,sc2404",557.9,sc2402,2-3
2024-01-22,-0.8,"sc2403,sc2404",557.9,sc2402,2-3
2024-01-23,-0.3,"sc2403,sc2404",564.2,sc2402,2-3
2024-01-24,-0.4,"sc2403,sc2404",562.0,sc2402,2-3
2024-01-25,1.0,"sc2403,sc2404",567.7,sc2402,2-3
2024-01-26,2.9,"sc2403,sc2404",579.7,sc2402,2-3
2024-01-29,2.3,"sc2403,sc2404",587.6,sc2402,2-3
2024-01-30,-0.4,"sc2403,sc2404",584.8,sc2402,2-3
2024-01-31,-2.2,"sc2403,sc2404",577.8,sc2402,2-3
2024-02-01,0.1,"sc2404,sc2405",579.4,sc2403,2-3
2024-02-02,0.1,"sc2404,sc2405",572.2,sc2403,2-3
2024-02-05,-0.2,"sc2404,sc2405",555.9,sc2403,2-3
2024-02-06,0.2,"sc2404,sc2405",556.6,sc2403,2-3
2024-02-07,0.5,"sc2404,sc2405",562.1,sc2403,2-3
2024-02-08,0.9,"sc2404,sc2405",567.4,sc2403,2-3
2024-02-19,2.2,"sc2404,sc2405",581.7,sc2403,2-3
2024-02-20,5.1,"sc2404,sc2405",598.7,sc2403,2-3
2024-02-21,4.2,"sc2404,sc2405",592.2,sc2403,2-3
2024-02-22,4.1,"sc2404,sc2405",593.2,sc2403,2-3
2024-02-23,5.4,"sc2404,sc2405",598.7,sc2403,2-3
2024-02-26,5.2,"sc2404,sc2405",595.7,sc2403,2-3
2024-02-27,5.0,"sc2404,sc2405",600.4,sc2403,2-3
2024-02-28,6.7,"sc2404,sc2405",613.0,sc2403,2-3
2024-02-29,8.6,"sc2404,sc2405",613.1,sc2403,2-3
2024-03-01,4.5,"sc2405,sc2406",607.0,sc2404,2-3
2024-03-04,5.7,"sc2405,sc2406",617.9,sc2404,2-3
2024-03-05,5.2,"sc2405,sc2406",615.4,sc2404,2-3
2024-03-06,4.6,"sc2405,sc2406",608.9,sc2404,2-3
2024-03-07,5.2,"sc2405,sc2406",614.2,sc2404,2-3
2024-03-08,5.2,"sc2405,sc2406",613.6,sc2404,2-3
2024-03-11,6.5,"sc2405,sc2406",610.0,sc2404,2-3
2024-03-12,6.6,"sc2405,sc2406",616.1,sc2404,2-3
2024-03-13,7.6,"sc2405,sc2406",621.0,sc2404,2-3
2024-03-14,7.9,"sc2405,sc2406",630.5,sc2404,2-3
2024-03-15,9.8,"sc2405,sc2406",646.8,sc2404,2-3
2024-03-18,6.5,"sc2405,sc2406",635.7,sc2404,2-3
2024-03-19,5.7,"sc2405,sc2406",632.9,sc2404,2-3
2024-03-20,6.1,"sc2405,sc2406",637.0,sc2404,2-3
2024-03-21,5.7,"sc2405,sc2406",630.5,sc2404,2-3
2024-03-22,4.2,"sc2405,sc2406",626.7,sc2404,2-3
2024-03-25,3.8,"sc2405,sc2406",631.8,sc2404,2-3
2024-03-26,4.5,"sc2405,sc2406",636.3,sc2404,2-3
2024-03-27,4.0,"sc2405,sc2406",632.5,sc2404,2-3
2024-03-28,3.1,"sc2405,sc2406",635.0,sc2404,2-3
2024-03-29,3.6,"sc2405,sc2406",651.3,sc2404,2-3
2024-04-01,5.3,"sc2406,sc2407",645.2,sc2405,2-3
2024-04-02,5.5,"sc2406,sc2407",647.0,sc2405,2-3
2024-04-03,6.0,"sc2406,sc2407",656.1,sc2405,2-3
2024-04-08,5.8,"sc2406,sc2407",660.8,sc2405,2-3
2024-04-09,6.0,"sc2406,sc2407",666.2,sc2405,2-3
2024-04-10,6.7,"sc2406,sc2407",662.2,sc2405,2-3
2024-04-11,6.7,"sc2406,sc2407",666.3,sc2405,2-3
2024-04-12,6.1,"sc2406,sc2407",667.7,sc2405,2-3
2024-04-15,5.6,"sc2406,sc2407",670.6,sc2405,2-3
2024-04-16,5.1,"sc2406,sc2407",663.9,sc2405,2-3
2024-04-17,4.7,"sc2406,sc2407",665.4,sc2405,2-3
2024-04-18,4.6,"sc2406,sc2407",652.0,sc2405,2-3
2024-04-19,4.7,"sc2406,sc2407",650.8,sc2405,2-3
2024-04-22,5.1,"sc2406,sc2407",643.0,sc2405,2-3
2024-04-23,5.5,"sc2406,sc2407",640.9,sc2405,2-3
2024-04-24,5.5,"sc2406,sc2407",646.7,sc2405,2-3
2024-04-25,6.9,"sc2406,sc2407",652.6,sc2405,2-3
2024-04-26,6.3,"sc2406,sc2407",645.9,sc2405,2-3
2024-04-29,4.7,"sc2406,sc2407",652.5,sc2405,2-3
2024-04-30,2.8,"sc2406,sc2407",649.6,sc2405,2-3
2024-05-06,4.9,"sc2407,sc2408",634.0,sc2406,2-3
2024-05-07,3.9,"sc2407,sc2408",617.6,sc2406,2-3
2024-05-08,3.3,"sc2407,sc2408",615.5,sc2406,2-3
2024-05-09,3.3,"sc2407,sc2408",615.8,sc2406,2-3
2024-05-10,3.4,"sc2407,sc2408",620.1,sc2406,2-3
2024-05-13,3.5,"sc2407,sc2408",616.2,sc2406,2-3
2024-05-14,4.0,"sc2407,sc2408",618.2,sc2406,2-3
2024-05-15,3.8,"sc2407,sc2408",613.5,sc2406,2-3
2024-05-16,3.5,"sc2407,sc2408",610.3,sc2406,2-3
2024-05-17,3.5,"sc2407,sc2408",616.5,sc2406,2-3
2024-05-20,3.1,"sc2407,sc2408",619.6,sc2406,2-3
2024-05-21,2.3,"sc2407,sc2408",616.6,sc2406,2-3
2024-05-22,1.5,"sc2407,sc2408",607.8,sc2406,2-3
2024-05-23,0.8,"sc2407,sc2408",600.9,sc2406,2-3
2024-05-24,1.0,"sc2407,sc2408",599.3,sc2406,2-3
2024-05-27,1.9,"sc2407,sc2408",602.1,sc2406,2-3
2024-05-28,1.5,"sc2407,sc2408",608.4,sc2406,2-3
2024-05-29,1.4,"sc2407,sc2408",616.2,sc2406,2-3
2024-05-30,1.4,"sc2407,sc2408",620.8,sc2406,2-3
2024-05-31,0.5,"sc2407,sc2408",607.9,sc2406,2-3
2024-06-03,0.5,"sc2408,sc2409",599.7,sc2407,2-3
2024-06-04,0.7,"sc2408,sc2409",578.6,sc2407,2-3
2024-06-05,0.6,"sc2408,sc2409",570.5,sc2407,2-3
2024-06-06,1.1,"sc2408,sc2409",575.3,sc2407,2-3
2024-06-07,0.8,"sc2408,sc2409",583.1,sc2407,2-3
2024-06-11,1.0,"sc2408,sc2409",589.2,sc2407,2-3
2024-06-12,1.9,"sc2408,sc2409",601.9,sc2407,2-3
2024-06-13,1.9,"sc2408,sc2409",605.7,sc2407,2-3
2024-06-14,2.1,"sc2408,sc2409",606.4,sc2407,2-3
2024-06-17,3.1,"sc2408,sc2409",605.1,sc2407,2-3
2024-06-18,3.1,"sc2408,sc2409",612.8,sc2407,2-3
2024-06-19,2.7,"sc2408,sc2409",620.6,sc2407,2-3
2024-06-20,2.6,"sc2408,sc2409",623.6,sc2407,2-3
2024-06-21,2.8,"sc2408,sc2409",626.0,sc2407,2-3
2024-06-24,3.0,"sc2408,sc2409",625.1,sc2407,2-3
2024-06-25,3.1,"sc2408,sc2409",626.6,sc2407,2-3
2024-06-26,2.0,"sc2408,sc2409",625.1,sc2407,2-3
2024-06-27,1.5,"sc2408,sc2409",621.2,sc2407,2-3
2024-06-28,2.5,"sc2408,sc2409",625.0,sc2407,2-3
2024-07-01,3.3,"sc2409,sc2410",623.5,sc2408,2-3
2024-07-02,3.1,"sc2409,sc2410",631.1,sc2408,2-3
2024-07-03,2.8,"sc2409,sc2410",634.5,sc2408,2-3
2024-07-04,3.2,"sc2409,sc2410",634.3,sc2408,2-3
2024-07-05,2.7,"sc2409,sc2410",636.8,sc2408,2-3
2024-07-08,3.3,"sc2409,sc2410",634.2,sc2408,2-3
2024-07-09,3.3,"sc2409,sc2410",626.8,sc2408,2-3
2024-07-10,3.2,"sc2409,sc2410",620.2,sc2408,2-3
2024-07-11,3.5,"sc2409,sc2410",622.5,sc2408,2-3
2024-07-12,3.8,"sc2409,sc2410",620.7,sc2408,2-3
2024-07-15,4.1,"sc2409,sc2410",619.8,sc2408,2-3
2024-07-16,4.1,"sc2409,sc2410",615.9,sc2408,2-3
2024-07-17,4.4,"sc2409,sc2410",608.1,sc2408,2-3
2024-07-18,4.7,"sc2409,sc2410",615.0,sc2408,2-3
2024-07-19,4.3,"sc2409,sc2410",611.1,sc2408,2-3
2024-07-22,4.5,"sc2409,sc2410",600.1,sc2408,2-3
2024-07-23,3.7,"sc2409,sc2410",591.3,sc2408,2-3
2024-07-24,3.1,"sc2409,sc2410",583.6,sc2408,2-3
2024-07-25,3.9,"sc2409,sc2410",584.1,sc2408,2-3
2024-07-26,3.9,"sc2409,sc2410",585.3,sc2408,2-3
2024-07-29,4.1,"sc2409,sc2410",584.7,sc2408,2-3
2024-07-30,4.5,"sc2409,sc2410",586.3,sc2408,2-3
2024-07-31,3.8,"sc2409,sc2410",581.2,sc2408,2-3
2024-08-01,3.4,"sc2410,sc2411",587.9,sc2409,2-3
2024-08-02,3.4,"sc2410,sc2411",585.0,sc2409,2-3
2024-08-05,4.0,"sc2410,sc2411",555.7,sc2409,2-3
2024-08-06,4.2,"sc2410,sc2411",549.7,sc2409,2-3
2024-08-07,2.9,"sc2410,sc2411",546.3,sc2409,2-3
2024-08-08,2.8,"sc2410,sc2411",555.9,sc2409,2-3
2024-08-09,2.5,"sc2410,sc2411",560.4,sc2409,2-3
2024-08-12,2.2,"sc2410,sc2411",563.4,sc2409,2-3
2024-08-13,2.6,"sc2410,sc2411",576.4,sc2409,2-3
2024-08-14,3.1,"sc2410,sc2411",574.7,sc2409,2-3
2024-08-15,3.5,"sc2410,sc2411",568.8,sc2409,2-3
2024-08-16,3.2,"sc2410,sc2411",574.6,sc2409,2-3
2024-08-19,2.7,"sc2410,sc2411",563.2,sc2409,2-3
2024-08-20,1.9,"sc2410,sc2411",551.5,sc2409,2-3
2024-08-21,2.1,"sc2410,sc2411",545.2,sc2409,2-3
2024-08-22,1.7,"sc2410,sc2411",538.9,sc2409,2-3
2024-08-23,1.4,"sc2410,sc2411",540.2,sc2409,2-3
2024-08-26,2.9,"sc2410,sc2411",552.6,sc2409,2-3
2024-08-27,4.2,"sc2410,sc2411",566.9,sc2409,2-3
2024-08-28,4.0,"sc2410,sc2411",557.6,sc2409,2-3
2024-08-29,3.6,"sc2410,sc2411",551.9,sc2409,2-3
2024-08-30,4.2,"sc2410,sc2411",563.1,sc2409,2-3
2024-09-02,4.0,"sc2411,sc2412",542.6,sc2410,2-3
2024-09-03,4.1,"sc2411,sc2412",547.8,sc2410,2-3
2024-09-04,3.6,"sc2411,sc2412",526.2,sc2410,2-3
2024-09-05,3.7,"sc2411,sc2412",522.2,sc2410,2-3
2024-09-06,3.3,"sc2411,sc2412",520.5,sc2410,2-3
2024-09-09,3.1,"sc2411,sc2412",511.7,sc2410,2-3
2024-09-10,3.3,"sc2411,sc2412",510.9,sc2410,2-3
2024-09-11,3.0,"sc2411,sc2412",499.1,sc2410,2-3
2024-09-12,3.1,"sc2411,sc2412",505.1,sc2410,2-3
2024-09-13,3.0,"sc2411,sc2412",514.0,sc2410,2-3
2024-09-18,3.3,"sc2411,sc2412",514.3,sc2410,2-3
2024-09-19,2.9,"sc2411,sc2412",514.6,sc2410,2-3
2024-09-20,2.9,"sc2411,sc2412",521.9,sc2410,2-3
2024-09-23,2.9,"sc2411,sc2412",520.9,sc2410,2-3
2024-09-24,3.3,"sc2411,sc2412",520.1,sc2410,2-3
2024-09-25,6.8,"sc2411,sc2412",526.2,sc2410,2-3
2024-09-26,13.0,"sc2411,sc2412",532.0,sc2410,2-3
2024-09-27,15.0,"sc2411,sc2412",518.9,sc2410,2-3
2024-09-30,17.7,"sc2411,sc2412",520.7,sc2410,2-3
2024-10-08,6.5,"sc2412,sc2501",551.1,sc2411,2-3
2024-10-09,4.7,"sc2412,sc2501",564.0,sc2411,2-3
2024-10-10,3.3,"sc2412,sc2501",554.3,sc2411,2-3
2024-10-11,3.0,"sc2412,sc2501",570.3,sc2411,2-3
2024-10-14,4.9,"sc2412,sc2501",574.5,sc2411,2-3
2024-10-15,4.5,"sc2412,sc2501",558.8,sc2411,2-3
2024-10-16,3.5,"sc2412,sc2501",539.1,sc2411,2-3
2024-10-17,4.6,"sc2412,sc2501",537.7,sc2411,2-3
2024-10-18,5.0,"sc2412,sc2501",537.0,sc2411,2-3
2024-10-21,4.8,"sc2412,sc2501",529.3,sc2411,2-3
2024-10-22,3.8,"sc2412,sc2501",535.9,sc2411,2-3
2024-10-23,4.5,"sc2412,sc2501",550.4,sc2411,2-3
2024-10-24,5.6,"sc2412,sc2501",551.9,sc2411,2-3
2024-10-25,5.0,"sc2412,sc2501",543.8,sc2411,2-3
2024-10-28,5.0,"sc2412,sc2501",535.9,sc2411,2-3
2024-10-29,3.9,"sc2412,sc2501",512.1,sc2411,2-3
2024-10-30,4.7,"sc2412,sc2501",509.6,sc2411,2-3
2024-10-31,4.3,"sc2412,sc2501",524.2,sc2411,2-3
2024-11-01,2.6,"sc2501,sc2502",528.3,sc2412,2-3
2024-11-04,2.9,"sc2501,sc2502",530.3,sc2412,2-3
2024-11-05,3.7,"sc2501,sc2502",536.3,sc2412,2-3
2024-11-06,2.8,"sc2501,sc2502",538.6,sc2412,2-3
2024-11-07,1.8,"sc2501,sc2502",540.4,sc2412,2-3
2024-11-08,2.2,"sc2501,sc2502",539.0,sc2412,2-3
2024-11-11,2.0,"sc2501,sc2502",532.2,sc2412,2-3
2024-11-12,1.4,"sc2501,sc2502",521.6,sc2412,2-3
2024-11-13,1.7,"sc2501,sc2502",525.7,sc2412,2-3
2024-11-14,1.7,"sc2501,sc2502",523.6,sc2412,2-3
2024-11-15,1.4,"sc2501,sc2502",526.5,sc2412,2-3
2024-11-18,0.9,"sc2501,sc2502",520.0,sc2412,2-3
2024-11-19,1.0,"sc2501,sc2502",527.7,sc2412,2-3
2024-11-20,1.4,"sc2501,sc2502",531.5,sc2412,2-3
2024-11-21,1.9,"sc2501,sc2502",536.0,sc2412,2-3
2024-11-22,2.8,"sc2501,sc2502",543.9,sc2412,2-3
2024-11-25,3.0,"sc2501,sc2502",542.6,sc2412,2-3
2024-11-26,2.8,"sc2501,sc2502",533.0,sc2412,2-3
2024-11-27,3.0,"sc2501,sc2502",531.6,sc2412,2-3
2024-11-28,3.3,"sc2501,sc2502",531.2,sc2412,2-3
2024-11-29,3.2,"sc2501,sc2502",520.4,sc2412,2-3
2024-12-02,1.9,"sc2502,sc2503",529.9,sc2501,2-3
2024-12-03,2.2,"sc2502,sc2503",529.9,sc2501,2-3
2024-12-04,2.4,"sc2502,sc2503",538.2,sc2501,2-3
2024-12-05,2.1,"sc2502,sc2503",535.4,sc2501,2-3
2024-12-06,1.7,"sc2502,sc2503",528.3,sc2501,2-3
2024-12-09,1.5,"sc2502,sc2503",522.1,sc2501,2-3
2024-12-10,2.0,"sc2502,sc2503",529.5,sc2501,2-3
2024-12-11,2.4,"sc2502,sc2503",530.6,sc2501,2-3
2024-12-12,2.6,"sc2502,sc2503",537.7,sc2501,2-3
2024-12-13,2.9,"sc2502,sc2503",542.5,sc2501,2-3
2024-12-16,3.2,"sc2502,sc2503",548.9,sc2501,2-3
2024-12-17,3.2,"sc2502,sc2503",548.7,sc2501,2-3
2024-12-18,3.1,"sc2502,sc2503",543.8,sc2501,2-3
2024-12-19,3.1,"sc2502,sc2503",548.5,sc2501,2-3
2024-12-20,3.2,"sc2502,sc2503",546.1,sc2501,2-3
2024-12-23,3.5,"sc2502,sc2503",543.7,sc2501,2-3
2024-12-24,3.6,"sc2502,sc2503",542.5,sc2501,2-3
2024-12-25,3.7,"sc2502,sc2503",548.5,sc2501,2-3
2024-12-26,3.4,"sc2502,sc2503",551.9,sc2501,2-3
2024-12-27,4.5,"sc2502,sc2503",552.8,sc2501,2-3
2024-12-30,4.1,"sc2502,sc2503",550.0,sc2501,2-3
2024-12-31,4.0,"sc2502,sc2503",549.8,sc2501,2-3
2025-01-02,4.0,"sc2503,sc2504",560.9,sc2502,2-3
2025-01-03,3.8,"sc2503,sc2504",571.1,sc2502,2-3
2025-01-06,4.1,"sc2503,sc2504",577.2,sc2502,2-3
2025-01-07,4.2,"sc2503,sc2504",579.6,sc2502,2-3
2025-01-08,5.0,"sc2503,sc2504",587.8,sc2502,2-3
2025-01-09,4.6,"sc2503,sc2504",583.6,sc2502,2-3
2025-01-10,4.6,"sc2503,sc2504",586.1,sc2502,2-3
2025-01-13,7.3,"sc2503,sc2504",613.7,sc2502,2-3
2025-01-14,9.3,"sc2503,sc2504",620.4,sc2502,2-3
2025-01-15,12.1,"sc2503,sc2504",630.8,sc2502,2-3
2025-01-16,13.4,"sc2503,sc2504",644.3,sc2502,2-3
2025-01-17,11.8,"sc2503,sc2504",642.2,sc2502,2-3
2025-01-20,12.0,"sc2503,sc2504",640.8,sc2502,2-3
2025-01-21,15.1,"sc2503,sc2504",661.0,sc2502,2-3
2025-01-22,14.0,"sc2503,sc2504",680.6,sc2502,2-3
2025-01-23,13.7,"sc2503,sc2504",683.2,sc2502,2-3
2025-01-24,12.7,"sc2503,sc2504",647.7,sc2502,2-3
2025-01-27,10.6,"sc2503,sc2504",621.0,sc2502,2-3
2025-02-05,12.7,"sc2504,sc2505",602.3,sc2503,2-3
2025-02-06,11.8,"sc2504,sc2505",598.2,sc2503,2-3
2025-02-07,11.9,"sc2504,sc2505",599.7,sc2503,2-3
2025-02-10,13.0,"sc2504,sc2505",606.4,sc2503,2-3
2025-02-11,12.0,"sc2504,sc2505",616.8,sc2503,2-3
2025-02-12,10.3,"sc2504,sc2505",620.5,sc2503,2-3
2025-02-13,6.5,"sc2504,sc2505",605.1,sc2503,2-3
2025-02-14,6.4,"sc2504,sc2505",594.0,sc2503,2-3
2025-02-17,5.9,"sc2504,sc2505",602.5,sc2503,2-3
2025-02-18,4.7,"sc2504,sc2505",605.6,sc2503,2-3
2025-02-19,4.7,"sc2504,sc2505",614.3,sc2503,2-3
2018-07-26,1.2,"sc1811,sc1812",501.9,sc1809,3-4
2018-07-27,-0.6,"sc1811,sc1812",506.1,sc1809,3-4
2018-07-30,-0.7,"sc1811,sc1812",507.1,sc1809,3-4
2018-07-31,0.3,"sc1811,sc1812",513.9,sc1809,3-4
2018-08-01,-0.1,"sc1811,sc1812",506.0,sc1809,3-4
2018-08-02,0.4,"sc1811,sc1812",501.6,sc1809,3-4
2018-08-03,0.5,"sc1811,sc1812",508.8,sc1809,3-4
2018-08-06,-0.4,"sc1811,sc1812",512.3,sc1809,3-4
2018-08-07,1.8,"sc1811,sc1812",534.1,sc1809,3-4
2018-08-08,-0.6,"sc1811,sc1812",527.2,sc1809,3-4
2018-08-09,-0.3,"sc1811,sc1812",518.9,sc1809,3-4
2018-08-10,-0.5,"sc1811,sc1812",520.0,sc1809,3-4
2018-08-13,-0.4,"sc1811,sc1812",522.5,sc1809,3-4
2018-08-14,-0.7,"sc1811,sc1812",519.3,sc1809,3-4
2018-08-15,-0.9,"sc1811,sc1812",519.4,sc1809,3-4
2018-08-16,-0.5,"sc1811,sc1812",508.0,sc1809,3-4
2018-08-17,-0.7,"sc1811,sc1812",505.2,sc1809,3-4
2018-08-20,-0.7,"sc1811,sc1812",493.2,sc1809,3-4
2018-08-21,-1.5,"sc1811,sc1812",480.5,sc1809,3-4
2018-08-22,-1.6,"sc1811,sc1812",479.8,sc1809,3-4
2018-08-23,-7.5,"sc1811,sc1812",485.0,sc1809,3-4
2018-08-24,-8.4,"sc1811,sc1812",482.1,sc1809,3-4
2018-08-27,-7.0,"sc1811,sc1812",482.2,sc1809,3-4
2018-08-28,-9.1,"sc1811,sc1812",486.6,sc1809,3-4
2018-08-29,-8.7,"sc1811,sc1812",485.7,sc1809,3-4
2018-08-30,-10.1,"sc1811,sc1812",488.6,sc1809,3-4
2018-08-31,-10.7,"sc1811,sc1812",488.3,sc1809,3-4
2018-09-03,-0.1,"sc1812,sc1901",503.0,sc1810,3-4
2018-09-04,0.0,"sc1812,sc1901",504.6,sc1810,3-4
2018-09-05,-0.2,"sc1812,sc1901",505.4,sc1810,3-4
2018-09-06,-0.4,"sc1812,sc1901",501.1,sc1810,3-4
2018-09-07,-0.1,"sc1812,sc1901",496.7,sc1810,3-4
2018-09-10,-0.1,"sc1812,sc1901",498.5,sc1810,3-4
2018-09-11,-0.6,"sc1812,sc1901",500.6,sc1810,3-4
2018-09-12,-0.4,"sc1812,sc1901",503.6,sc1810,3-4
2018-09-13,0.0,"sc1812,sc1901",515.3,sc1810,3-4
2018-09-14,-0.1,"sc1812,sc1901",501.3,sc1810,3-4
2018-09-17,-0.5,"sc1812,sc1901",510.3,sc1810,3-4
2018-09-18,-0.3,"sc1812,sc1901",507.7,sc1810,3-4
2018-09-19,-0.2,"sc1812,sc1901",528.5,sc1810,3-4
2018-09-20,-0.2,"sc1812,sc1901",532.4,sc1810,3-4
2018-09-21,0.4,"sc1901,sc1902",521.7,sc1811,3-4
2018-09-25,2.6,"sc1901,sc1902",540.6,sc1811,3-4
2018-09-26,1.0,"sc1901,sc1902",542.6,sc1811,3-4
2018-09-27,1.4,"sc1901,sc1902",545.3,sc1811,3-4
2018-09-28,0.0,"sc1901,sc1902",548.3,sc1811,3-4
2018-10-08,1.1,"sc1901,sc1902",561.2,sc1811,3-4
2018-10-10,2.5,"sc1901,sc1902",583.0,sc1811,3-4
2018-10-11,-0.6,"sc1901,sc1902",579.7,sc1811,3-4
2018-10-12,1.4,"sc1901,sc1902",562.6,sc1811,3-4
2018-10-15,4.7,"sc1901,sc1902",563.6,sc1811,3-4
2018-10-16,4.2,"sc1901,sc1902",555.3,sc1811,3-4
2018-10-17,5.8,"sc1901,sc1902",543.4,sc1811,3-4
2018-10-18,4.9,"sc1901,sc1902",559.3,sc1811,3-4
2018-10-19,5.6,"sc1901,sc1902",551.4,sc1811,3-4
2018-10-22,5.6,"sc1901,sc1902",549.7,sc1811,3-4
2018-10-23,4.5,"sc1901,sc1902",552.7,sc1811,3-4
2018-10-24,1.2,"sc1901,sc1902",572.0,sc1811,3-4
2018-10-25,3.1,"sc1901,sc1902",554.4,sc1811,3-4
2018-10-26,3.9,"sc1901,sc1902",577.5,sc1811,3-4
2018-10-29,3.9,"sc1901,sc1902",576.7,sc1811,3-4
2018-10-30,2.8,"sc1901,sc1902",576.7,sc1811,3-4
2018-10-31,2.5,"sc1901,sc1902",573.3,sc1811,3-4
2018-11-01,-0.6,"sc1902,sc1903",527.8,sc1812,3-4
2018-11-02,0.1,"sc1902,sc1903",513.7,sc1812,3-4
2018-11-05,0.8,"sc1902,sc1903",507.8,sc1812,3-4
2018-11-06,-0.4,"sc1902,sc1903",512.2,sc1812,3-4
2018-11-07,-1.7,"sc1902,sc1903",504.4,sc1812,3-4
2018-11-08,-2.7,"sc1902,sc1903",502.7,sc1812,3-4
2018-11-09,-2.3,"sc1902,sc1903",497.8,sc1812,3-4
2018-11-12,-3.1,"sc1902,sc1903",492.9,sc1812,3-4
2018-11-13,-3.3,"sc1902,sc1903",491.9,sc1812,3-4
2018-11-14,0.5,"sc1902,sc1903",473.8,sc1812,3-4
2018-11-15,-2.4,"sc1902,sc1903",461.7,sc1812,3-4
2018-11-16,-2.2,"sc1902,sc1903",465.0,sc1812,3-4
2018-11-19,-3.5,"sc1902,sc1903",466.7,sc1812,3-4
2018-11-20,-3.8,"sc1902,sc1903",459.7,sc1812,3-4
2018-11-21,-4.2,"sc1902,sc1903",441.8,sc1812,3-4
2018-11-22,-3.7,"sc1902,sc1903",438.6,sc1812,3-4
2018-11-23,-3.9,"sc1902,sc1903",432.0,sc1812,3-4
2018-11-26,-5.0,"sc1902,sc1903",411.4,sc1812,3-4
2018-11-27,-4.1,"sc1902,sc1903",409.1,sc1812,3-4
2018-11-28,-3.9,"sc1902,sc1903",413.0,sc1812,3-4
2018-11-29,-4.0,"sc1902,sc1903",407.2,sc1812,3-4
2018-11-30,-4.0,"sc1902,sc1903",396.7,sc1812,3-4
2018-12-03,-2.9,"sc1903,sc1904",419.4,sc1901,3-4
2018-12-04,-3.1,"sc1903,sc1904",428.6,sc1901,3-4
2018-12-05,-3.1,"sc1903,sc1904",428.3,sc1901,3-4
2018-12-06,-3.1,"sc1903,sc1904",428.0,sc1901,3-4
2018-12-07,-3.2,"sc1903,sc1904",413.3,sc1901,3-4
2018-12-10,-3.5,"sc1903,sc1904",431.1,sc1901,3-4
2018-12-11,-3.3,"sc1903,sc1904",421.8,sc1901,3-4
2018-12-12,-2.7,"sc1903,sc1904",423.7,sc1901,3-4
2018-12-13,-2.8,"sc1903,sc1904",424.6,sc1901,3-4
2018-12-14,-2.4,"sc1903,sc1904",422.5,sc1901,3-4
2018-12-17,-3.0,"sc1903,sc1904",419.0,sc1901,3-4
2018-12-18,-3.6,"sc1903,sc1904",411.6,sc1901,3-4
2018-12-19,-3.9,"sc1903,sc1904",395.1,sc1901,3-4
2018-12-20,-3.8,"sc1903,sc1904",398.1,sc1901,3-4
2018-12-21,-3.8,"sc1903,sc1904",400.9,sc1901,3-4
2018-12-24,-4.0,"sc1903,sc1904",394.5,sc1901,3-4
2018-12-25,-4.8,"sc1903,sc1904",385.0,sc1901,3-4
2018-12-26,-4.1,"sc1903,sc1904",374.7,sc1901,3-4
2018-12-27,-4.3,"sc1903,sc1904",381.0,sc1901,3-4
2018-12-28,-4.5,"sc1903,sc1904",377.0,sc1901,3-4
2019-01-02,-2.6,"sc1904,sc1905",370.7,sc1902,3-4
2019-01-03,-2.8,"sc1904,sc1905",379.8,sc1902,3-4
2019-01-04,-2.7,"sc1904,sc1905",388.7,sc1902,3-4
2019-01-07,-1.8,"sc1904,sc1905",401.4,sc1902,3-4
2019-01-08,-1.7,"sc1904,sc1905",405.1,sc1902,3-4
2019-01-09,-1.7,"sc1904,sc1905",412.2,sc1902,3-4
2019-01-10,-1.6,"sc1904,sc1905",423.6,sc1902,3-4
2019-01-11,-1.7,"sc1904,sc1905",424.5,sc1902,3-4
2019-01-14,-1.7,"sc1904,sc1905",416.3,sc1902,3-4
2019-01-15,-1.7,"sc1904,sc1905",412.4,sc1902,3-4
2019-01-16,-1.2,"sc1904,sc1905",410.5,sc1902,3-4
2019-01-17,-1.3,"sc1904,sc1905",411.8,sc1902,3-4
2019-01-18,-0.9,"sc1904,sc1905",410.5,sc1902,3-4
2019-01-21,-0.8,"sc1904,sc1905",414.6,sc1902,3-4
2019-01-22,-0.5,"sc1904,sc1905",417.2,sc1902,3-4
2019-01-23,-0.5,"sc1904,sc1905",427.6,sc1902,3-4
2019-01-24,-0.8,"sc1904,sc1905",423.6,sc1902,3-4
2019-01-25,-1.2,"sc1904,sc1905",422.6,sc1902,3-4
2019-01-28,-1.0,"sc1905,sc1906",427.8,sc1903,3-4
2019-01-29,-1.3,"sc1905,sc1906",417.9,sc1903,3-4
2019-01-30,-1.5,"sc1905,sc1906",425.2,sc1903,3-4
2019-01-31,-1.1,"sc1905,sc1906",431.4,sc1903,3-4
2019-02-01,-0.6,"sc1905,sc1906",429.8,sc1903,3-4
2019-02-11,-0.4,"sc1905,sc1906",428.2,sc1903,3-4
2019-02-12,-0.2,"sc1905,sc1906",428.7,sc1903,3-4
2019-02-13,-0.3,"sc1905,sc1906",433.3,sc1903,3-4
2019-02-14,-0.3,"sc1905,sc1906",435.9,sc1903,3-4
2019-02-15,-0.5,"sc1905,sc1906",441.7,sc1903,3-4
2019-02-18,0.1,"sc1905,sc1906",450.6,sc1903,3-4
2019-02-20,-0.5,"sc1905,sc1906",451.2,sc1903,3-4
2019-02-21,-0.7,"sc1905,sc1906",449.6,sc1903,3-4
2019-02-22,-1.3,"sc1905,sc1906",446.4,sc1903,3-4
2019-02-25,-1.6,"sc1905,sc1906",446.3,sc1903,3-4
2019-02-26,-2.6,"sc1905,sc1906",426.8,sc1903,3-4
2019-02-27,-2.6,"sc1905,sc1906",427.3,sc1903,3-4
2019-02-28,-2.4,"sc1905,sc1906",430.1,sc1903,3-4
2019-03-01,-3.1,"sc1906,sc1907",443.0,sc1904,3-4
2019-03-04,-2.6,"sc1906,sc1907",438.4,sc1904,3-4
2019-03-05,-2.6,"sc1906,sc1907",438.4,sc1904,3-4
2019-03-06,-2.9,"sc1906,sc1907",433.8,sc1904,3-4
2019-03-07,-2.3,"sc1906,sc1907",439.7,sc1904,3-4
2019-03-08,-2.1,"sc1906,sc1907",439.9,sc1904,3-4
2019-03-11,-1.9,"sc1906,sc1907",432.9,sc1904,3-4
2019-03-12,-2.1,"sc1906,sc1907",444.9,sc1904,3-4
2019-03-13,-1.8,"sc1906,sc1907",444.2,sc1904,3-4
2019-03-14,-1.8,"sc1906,sc1907",450.4,sc1904,3-4
2019-03-15,-1.9,"sc1906,sc1907",452.2,sc1904,3-4
2019-03-18,-1.3,"sc1906,sc1907",450.1,sc1904,3-4
2019-03-19,-1.1,"sc1906,sc1907",461.8,sc1904,3-4
2019-03-20,-0.3,"sc1906,sc1907",462.5,sc1904,3-4
2019-03-21,0.2,"sc1906,sc1907",466.3,sc1904,3-4
2019-03-22,0.7,"sc1906,sc1907",467.7,sc1904,3-4
2019-03-25,0.9,"sc1906,sc1907",459.0,sc1904,3-4
2019-03-26,0.7,"sc1906,sc1907",459.1,sc1904,3-4
2019-03-27,0.4,"sc1906,sc1907",463.3,sc1904,3-4
2019-03-28,0.7,"sc1906,sc1907",462.2,sc1904,3-4
2019-03-29,0.4,"sc1906,sc1907",453.5,sc1904,3-4
2019-04-01,0.5,"sc1907,sc1908",459.4,sc1905,3-4
2019-04-02,0.8,"sc1907,sc1908",467.5,sc1905,3-4
2019-04-03,0.4,"sc1907,sc1908",471.7,sc1905,3-4
2019-04-04,0.4,"sc1907,sc1908",469.5,sc1905,3-4
2019-04-08,0.9,"sc1907,sc1908",478.2,sc1905,3-4
2019-04-09,1.0,"sc1907,sc1908",479.3,sc1905,3-4
2019-04-10,1.2,"sc1907,sc1908",475.7,sc1905,3-4
2019-04-11,1.2,"sc1907,sc1908",480.3,sc1905,3-4
2019-04-12,1.7,"sc1907,sc1908",475.8,sc1905,3-4
2019-04-15,1.6,"sc1907,sc1908",473.7,sc1905,3-4
2019-04-16,1.2,"sc1907,sc1908",468.2,sc1905,3-4
2019-04-17,1.3,"sc1907,sc1908",470.7,sc1905,3-4
2019-04-18,1.4,"sc1907,sc1908",472.0,sc1905,3-4
2019-04-19,1.2,"sc1907,sc1908",472.5,sc1905,3-4
2019-04-22,1.4,"sc1907,sc1908",480.3,sc1905,3-4
2019-04-23,2.0,"sc1907,sc1908",489.0,sc1905,3-4
2019-04-24,2.0,"sc1907,sc1908",493.2,sc1905,3-4
2019-04-25,2.0,"sc1907,sc1908",494.7,sc1905,3-4
2019-04-26,2.4,"sc1907,sc1908",499.5,sc1905,3-4
2019-04-29,2.0,"sc1907,sc1908",485.7,sc1905,3-4
2019-04-30,1.7,"sc1907,sc1908",488.1,sc1905,3-4
2019-05-06,1.6,"sc1908,sc1909",472.5,sc1906,3-4
2019-05-07,2.2,"sc1908,sc1909",483.5,sc1906,3-4
2019-05-08,2.2,"sc1908,sc1909",480.2,sc1906,3-4
2019-05-09,1.7,"sc1908,sc1909",482.6,sc1906,3-4
2019-05-10,2.0,"sc1908,sc1909",486.1,sc1906,3-4
2019-05-13,2.1,"sc1908,sc1909",491.3,sc1906,3-4
2019-05-14,0.7,"sc1908,sc1909",497.1,sc1906,3-4
2019-05-15,1.6,"sc1908,sc1909",501.2,sc1906,3-4
2019-05-16,2.6,"sc1908,sc1909",505.5,sc1906,3-4
2019-05-17,2.7,"sc1908,sc1909",512.3,sc1906,3-4
2019-05-20,3.0,"sc1908,sc1909",514.2,sc1906,3-4
2019-05-21,3.5,"sc1908,sc1909",507.1,sc1906,3-4
2019-05-22,3.2,"sc1908,sc1909",504.0,sc1906,3-4
2019-05-23,3.3,"sc1908,sc1909",494.0,sc1906,3-4
2019-05-24,2.6,"sc1908,sc1909",469.7,sc1906,3-4
2019-05-27,2.7,"sc1908,sc1909",473.7,sc1906,3-4
2019-05-28,1.4,"sc1908,sc1909",475.0,sc1906,3-4
2019-05-29,0.7,"sc1908,sc1909",470.2,sc1906,3-4
2019-05-30,1.8,"sc1908,sc1909",466.1,sc1906,3-4
2019-05-31,1.4,"sc1908,sc1909",461.2,sc1906,3-4
2019-06-03,0.8,"sc1909,sc1910",435.2,sc1907,3-4
2019-06-04,1.1,"sc1909,sc1910",425.5,sc1907,3-4
2019-06-05,1.1,"sc1909,sc1910",426.2,sc1907,3-4
2019-06-06,1.0,"sc1909,sc1910",417.6,sc1907,3-4
2019-06-10,0.6,"sc1909,sc1910",434.5,sc1907,3-4
2019-06-11,0.8,"sc1909,sc1910",429.9,sc1907,3-4
2019-06-12,2.2,"sc1909,sc1910",426.1,sc1907,3-4
2019-06-13,1.7,"sc1909,sc1910",420.2,sc1907,3-4
2019-06-14,1.8,"sc1909,sc1910",425.5,sc1907,3-4
2019-06-17,2.0,"sc1909,sc1910",427.3,sc1907,3-4
2019-06-18,2.4,"sc1909,sc1910",419.6,sc1907,3-4
2019-06-19,2.3,"sc1909,sc1910",420.0,sc1907,3-4
2019-06-20,2.4,"sc1909,sc1910",418.9,sc1907,3-4
2019-06-21,2.2,"sc1909,sc1910",431.6,sc1907,3-4
2019-06-24,2.8,"sc1909,sc1910",436.8,sc1907,3-4
2019-06-25,2.6,"sc1909,sc1910",431.2,sc1907,3-4
2019-06-26,2.4,"sc1909,sc1910",432.9,sc1907,3-4
2019-06-27,2.0,"sc1909,sc1910",435.9,sc1907,3-4
2019-06-28,1.9,"sc1909,sc1910",437.4,sc1907,3-4
2019-07-01,1.0,"sc1910,sc1911",447.3,sc1908,3-4
2019-07-02,1.4,"sc1910,sc1911",442.0,sc1908,3-4
2019-07-03,1.4,"sc1910,sc1911",430.2,sc1908,3-4
2019-07-04,1.6,"sc1910,sc1911",431.9,sc1908,3-4
2019-07-05,1.6,"sc1910,sc1911",431.3,sc1908,3-4
2019-07-08,1.8,"sc1910,sc1911",439.1,sc1908,3-4
2019-07-09,1.5,"sc1910,sc1911",443.9,sc1908,3-4
2019-07-10,1.3,"sc1910,sc1911",441.6,sc1908,3-4
2019-07-11,1.0,"sc1910,sc1911",455.7,sc1908,3-4
2019-07-12,1.3,"sc1910,sc1911",457.8,sc1908,3-4
2019-07-15,1.4,"sc1910,sc1911",454.8,sc1908,3-4
2019-07-16,1.3,"sc1910,sc1911",453.0,sc1908,3-4
2019-07-17,2.0,"sc1910,sc1911",443.7,sc1908,3-4
2019-07-18,1.6,"sc1910,sc1911",433.5,sc1908,3-4
2019-07-19,0.8,"sc1910,sc1911",421.6,sc1908,3-4
2019-07-22,0.5,"sc1910,sc1911",423.1,sc1908,3-4
2019-07-23,0.5,"sc1910,sc1911",427.4,sc1908,3-4
2019-07-24,1.0,"sc1910,sc1911",430.4,sc1908,3-4
2019-07-25,0.4,"sc1910,sc1911",433.4,sc1908,3-4
2019-07-26,0.7,"sc1910,sc1911",435.8,sc1908,3-4
2019-07-29,1.1,"sc1910,sc1911",435.5,sc1908,3-4
2019-07-30,0.9,"sc1910,sc1911",425.2,sc1908,3-4
2019-07-31,0.4,"sc1910,sc1911",427.5,sc1908,3-4
2019-08-01,0.6,"sc1911,sc1912",444.0,sc1909,3-4
2019-08-02,1.0,"sc1911,sc1912",432.1,sc1909,3-4
2019-08-05,1.3,"sc1911,sc1912",433.5,sc1909,3-4
2019-08-06,0.6,"sc1911,sc1912",429.4,sc1909,3-4
2019-08-07,0.9,"sc1911,sc1912",423.3,sc1909,3-4
2019-08-08,0.2,"sc1911,sc1912",408.6,sc1909,3-4
2019-08-09,0.3,"sc1911,sc1912",409.9,sc1909,3-4
2019-08-12,0.6,"sc1911,sc1912",418.8,sc1909,3-4
2019-08-13,0.6,"sc1911,sc1912",419.7,sc1909,3-4
2019-08-14,0.7,"sc1911,sc1912",430.9,sc1909,3-4
2019-08-15,0.8,"sc1911,sc1912",420.5,sc1909,3-4
2019-08-16,0.6,"sc1911,sc1912",418.6,sc1909,3-4
2019-08-19,1.4,"sc1911,sc1912",425.7,sc1909,3-4
2019-08-20,1.9,"sc1911,sc1912",432.8,sc1909,3-4
2019-08-21,1.4,"sc1911,sc1912",429.5,sc1909,3-4
2019-08-22,1.0,"sc1911,sc1912",432.7,sc1909,3-4
2019-08-23,1.4,"sc1911,sc1912",428.5,sc1909,3-4
2019-08-26,1.9,"sc1911,sc1912",422.8,sc1909,3-4
2019-08-27,1.4,"sc1911,sc1912",425.2,sc1909,3-4
2019-08-28,1.3,"sc1911,sc1912",423.0,sc1909,3-4
2019-08-29,1.4,"sc1911,sc1912",429.0,sc1909,3-4
2019-08-30,2.1,"sc1911,sc1912",411.8,sc1909,3-4
2019-09-02,1.7,"sc1912,sc2001",432.7,sc1910,3-4
2019-09-03,1.7,"sc1912,sc2001",430.3,sc1910,3-4
2019-09-04,1.1,"sc1912,sc2001",425.5,sc1910,3-4
2019-09-05,0.9,"sc1912,sc2001",439.2,sc1910,3-4
2019-09-06,0.5,"sc1912,sc2001",445.1,sc1910,3-4
2019-09-09,1.1,"sc1912,sc2001",444.6,sc1910,3-4
2019-09-10,1.4,"sc1912,sc2001",450.1,sc1910,3-4
2019-09-11,1.9,"sc1912,sc2001",460.9,sc1910,3-4
2019-09-12,1.9,"sc1912,sc2001",450.3,sc1910,3-4
2019-09-16,3.3,"sc1912,sc2001",479.8,sc1910,3-4
2019-09-17,6.8,"sc1912,sc2001",496.7,sc1910,3-4
2019-09-18,6.9,"sc1912,sc2001",487.2,sc1910,3-4
2019-09-19,6.6,"sc1912,sc2001",473.5,sc1910,3-4
2019-09-20,6.4,"sc1912,sc2001",458.5,sc1910,3-4
2019-09-23,6.2,"sc1912,sc2001",472.7,sc1910,3-4
2019-09-24,4.3,"sc2001,sc2002",464.3,sc1911,3-4
2019-09-25,4.2,"sc2001,sc2002",457.2,sc1911,3-4
2019-09-26,3.8,"sc2001,sc2002",449.8,sc1911,3-4
2019-09-27,4.5,"sc2001,sc2002",448.7,sc1911,3-4
2019-09-30,3.9,"sc2001,sc2002",448.1,sc1911,3-4
2019-10-08,4.3,"sc2001,sc2002",437.6,sc1911,3-4
2019-10-09,4.5,"sc2001,sc2002",447.0,sc1911,3-4
2019-10-10,5.4,"sc2001,sc2002",451.7,sc1911,3-4
2019-10-11,5.1,"sc2001,sc2002",458.1,sc1911,3-4
2019-10-14,5.8,"sc2001,sc2002",471.7,sc1911,3-4
2019-10-15,5.3,"sc2001,sc2002",466.6,sc1911,3-4
2019-10-16,5.0,"sc2001,sc2002",465.1,sc1911,3-4
2019-10-17,5.6,"sc2001,sc2002",451.4,sc1911,3-4
2019-10-18,5.8,"sc2001,sc2002",445.1,sc1911,3-4
2019-10-21,6.1,"sc2001,sc2002",443.2,sc1911,3-4
2019-10-22,6.0,"sc2001,sc2002",437.2,sc1911,3-4
2019-10-23,6.1,"sc2001,sc2002",438.6,sc1911,3-4
2019-10-24,6.2,"sc2001,sc2002",441.3,sc1911,3-4
2019-10-25,6.2,"sc2001,sc2002",451.1,sc1911,3-4
2019-10-28,5.9,"sc2001,sc2002",447.9,sc1911,3-4
2019-10-29,6.1,"sc2001,sc2002",456.7,sc1911,3-4
2019-10-30,5.9,"sc2001,sc2002",451.1,sc1911,3-4
2019-10-31,6.5,"sc2001,sc2002",452.8,sc1911,3-4
2019-11-01,4.9,"sc2002,sc2003",444.3,sc1912,3-4
2019-11-04,4.6,"sc2002,sc2003",449.3,sc1912,3-4
2019-11-05,4.3,"sc2002,sc2003",458.4,sc1912,3-4
2019-11-06,5.1,"sc2002,sc2003",459.6,sc1912,3-4
2019-11-07,5.5,"sc2002,sc2003",456.4,sc1912,3-4
2019-11-08,5.3,"sc2002,sc2003",456.0,sc1912,3-4
2019-11-11,5.4,"sc2002,sc2003",452.8,sc1912,3-4
2019-11-12,5.7,"sc2002,sc2003",455.9,sc1912,3-4
2019-11-13,5.8,"sc2002,sc2003",453.9,sc1912,3-4
2019-11-14,5.2,"sc2002,sc2003",453.4,sc1912,3-4
2019-11-15,3.8,"sc2002,sc2003",453.9,sc1912,3-4
2019-11-18,3.9,"sc2002,sc2003",453.7,sc1912,3-4
2019-11-19,4.8,"sc2002,sc2003",454.0,sc1912,3-4
2019-11-20,4.4,"sc2002,sc2003",451.2,sc1912,3-4
2019-11-21,4.4,"sc2002,sc2003",454.8,sc1912,3-4
2019-11-22,4.1,"sc2002,sc2003",453.8,sc1912,3-4
2019-11-25,4.8,"sc2002,sc2003",456.1,sc1912,3-4
2019-11-26,4.6,"sc2002,sc2003",454.6,sc1912,3-4
2019-11-27,4.3,"sc2002,sc2003",456.2,sc1912,3-4
2019-11-28,4.9,"sc2002,sc2003",447.3,sc1912,3-4
2019-11-29,4.7,"sc2002,sc2003",451.2,sc1912,3-4
2019-12-02,4.7,"sc2003,sc2004",454.8,sc2001,3-4
2019-12-03,4.4,"sc2003,sc2004",451.7,sc2001,3-4
2019-12-04,4.5,"sc2003,sc2004",449.2,sc2001,3-4
2019-12-05,3.8,"sc2003,sc2004",456.3,sc2001,3-4
2019-12-06,3.6,"sc2003,sc2004",458.0,sc2001,3-4
2019-12-09,4.0,"sc2003,sc2004",464.8,sc2001,3-4
2019-12-10,4.4,"sc2003,sc2004",469.2,sc2001,3-4
2019-12-11,4.6,"sc2003,sc2004",470.9,sc2001,3-4
2019-12-12,4.8,"sc2003,sc2004",466.1,sc2001,3-4
2019-12-13,4.8,"sc2003,sc2004",462.2,sc2001,3-4
2019-12-16,4.3,"sc2003,sc2004",467.4,sc2001,3-4
2019-12-17,3.9,"sc2003,sc2004",470.2,sc2001,3-4
2019-12-18,4.2,"sc2003,sc2004",480.4,sc2001,3-4
2019-12-19,4.3,"sc2003,sc2004",476.3,sc2001,3-4
2019-12-20,4.3,"sc2003,sc2004",468.0,sc2001,3-4
2019-12-23,3.5,"sc2004,sc2005",478.1,sc2002,3-4
2019-12-24,3.5,"sc2004,sc2005",479.1,sc2002,3-4
2019-12-25,3.5,"sc2004,sc2005",483.6,sc2002,3-4
2019-12-26,3.1,"sc2004,sc2005",484.4,sc2002,3-4
2019-12-27,3.6,"sc2004,sc2005",487.1,sc2002,3-4
2019-12-30,3.5,"sc2004,sc2005",490.2,sc2002,3-4
2019-12-31,3.4,"sc2004,sc2005",487.5,sc2002,3-4
2020-01-02,3.4,"sc2004,sc2005",481.7,sc2002,3-4
2020-01-03,4.2,"sc2004,sc2005",486.5,sc2002,3-4
2020-01-06,5.5,"sc2004,sc2005",507.8,sc2002,3-4
2020-01-07,5.4,"sc2004,sc2005",499.9,sc2002,3-4
2020-01-08,4.4,"sc2004,sc2005",498.4,sc2002,3-4
2020-01-09,3.6,"sc2004,sc2005",483.2,sc2002,3-4
2020-01-10,3.0,"sc2004,sc2005",470.9,sc2002,3-4
2020-01-13,2.8,"sc2004,sc2005",468.8,sc2002,3-4
2020-01-14,2.1,"sc2004,sc2005",458.6,sc2002,3-4
2020-01-15,1.9,"sc2004,sc2005",458.0,sc2002,3-4
2020-01-16,1.7,"sc2004,sc2005",453.3,sc2002,3-4
2020-01-17,1.6,"sc2005,sc2006",465.3,sc2003,3-4
2020-01-20,1.6,"sc2005,sc2006",466.1,sc2003,3-4
2020-01-21,1.5,"sc2005,sc2006",464.0,sc2003,3-4
2020-01-22,0.3,"sc2005,sc2006",461.0,sc2003,3-4
2020-01-23,0.7,"sc2005,sc2006",451.1,sc2003,3-4
2020-02-03,0.9,"sc2005,sc2006",431.3,sc2003,3-4
2020-02-04,-0.9,"sc2005,sc2006",396.5,sc2003,3-4
2020-02-05,-1.1,"sc2005,sc2006",396.8,sc2003,3-4
2020-02-06,-0.6,"sc2005,sc2006",402.3,sc2003,3-4
2020-02-07,-1.1,"sc2005,sc2006",398.4,sc2003,3-4
2020-02-10,-1.3,"sc2005,sc2006",393.5,sc2003,3-4
2020-02-11,-1.0,"sc2005,sc2006",391.7,sc2003,3-4
2020-02-12,0.2,"sc2005,sc2006",394.5,sc2003,3-4
2020-02-13,0.3,"sc2005,sc2006",400.0,sc2003,3-4
2020-02-14,0.3,"sc2005,sc2006",399.6,sc2003,3-4
2020-02-17,-0.2,"sc2005,sc2006",401.5,sc2003,3-4
2020-02-18,-0.8,"sc2005,sc2006",399.2,sc2003,3-4
2020-02-19,-1.3,"sc2005,sc2006",403.8,sc2003,3-4
2020-02-20,-0.8,"sc2005,sc2006",411.9,sc2003,3-4
2020-02-21,-0.2,"sc2005,sc2006",408.9,sc2003,3-4
2020-02-24,-1.6,"sc2005,sc2006",393.1,sc2003,3-4
2020-02-25,-2.0,"sc2005,sc2006",388.3,sc2003,3-4
2020-02-26,-2.9,"sc2005,sc2006",377.9,sc2003,3-4
2020-02-27,-2.6,"sc2005,sc2006",360.3,sc2003,3-4
2020-02-28,-2.5,"sc2005,sc2006",347.0,sc2003,3-4
2020-03-02,-1.7,"sc2006,sc2007",359.7,sc2004,3-4
2020-03-03,-1.9,"sc2006,sc2007",372.4,sc2004,3-4
2020-03-04,-2.2,"sc2006,sc2007",368.5,sc2004,3-4
2020-03-05,-2.4,"sc2006,sc2007",366.6,sc2004,3-4
2020-03-06,-3.3,"sc2006,sc2007",351.9,sc2004,3-4
2020-03-09,-3.3,"sc2006,sc2007",340.4,sc2004,3-4
2020-03-10,-3.1,"sc2006,sc2007",325.5,sc2004,3-4
2020-03-11,-6.3,"sc2006,sc2007",275.2,sc2004,3-4
2020-03-12,-7.4,"sc2006,sc2007",252.6,sc2004,3-4
2020-03-13,-7.6,"sc2006,sc2007",252.7,sc2004,3-4
2020-03-16,-7.4,"sc2006,sc2007",250.1,sc2004,3-4
2020-03-17,-7.8,"sc2006,sc2007",239.4,sc2004,3-4
2020-03-18,-7.6,"sc2006,sc2007",232.3,sc2004,3-4
2020-03-19,-7.4,"sc2006,sc2007",215.0,sc2004,3-4
2020-03-20,-7.1,"sc2006,sc2007",232.9,sc2004,3-4
2020-03-23,-6.9,"sc2006,sc2007",229.8,sc2004,3-4
2020-03-24,-6.7,"sc2006,sc2007",245.4,sc2004,3-4
2020-03-25,-6.4,"sc2006,sc2007",251.4,sc2004,3-4
2020-03-26,-7.1,"sc2006,sc2007",249.1,sc2004,3-4
2020-03-27,-6.6,"sc2006,sc2007",243.8,sc2004,3-4
2020-03-30,-7.2,"sc2006,sc2007",239.1,sc2004,3-4
2020-03-31,-6.6,"sc2006,sc2007",245.1,sc2004,3-4
2020-04-01,-7.7,"sc2007,sc2008",256.9,sc2005,3-4
2020-04-02,-7.6,"sc2007,sc2008",267.4,sc2005,3-4
2020-04-03,-7.4,"sc2007,sc2008",278.3,sc2005,3-4
2020-04-07,-7.3,"sc2007,sc2008",289.2,sc2005,3-4
2020-04-08,-7.1,"sc2007,sc2008",285.9,sc2005,3-4
2020-04-09,-6.2,"sc2007,sc2008",293.4,sc2005,3-4
2020-04-10,-7.2,"sc2007,sc2008",285.0,sc2005,3-4
2020-04-13,-7.3,"sc2007,sc2008",286.5,sc2005,3-4
2020-04-14,-7.8,"sc2007,sc2008",276.3,sc2005,3-4
2020-04-15,-9.0,"sc2007,sc2008",267.7,sc2005,3-4
2020-04-16,-11.9,"sc2007,sc2008",258.4,sc2005,3-4
2020-04-17,-14.3,"sc2007,sc2008",245.3,sc2005,3-4
2020-04-20,-14.6,"sc2007,sc2008",234.2,sc2005,3-4
2020-04-21,-14.7,"sc2007,sc2008",228.2,sc2005,3-4
2020-04-22,-13.0,"sc2007,sc2008",205.4,sc2005,3-4
2020-04-23,-16.3,"sc2007,sc2008",213.7,sc2005,3-4
2020-04-24,-16.7,"sc2007,sc2008",225.2,sc2005,3-4
2020-04-27,-18.6,"sc2007,sc2008",212.7,sc2005,3-4
2020-04-28,-22.0,"sc2007,sc2008",202.2,sc2005,3-4
2020-04-29,-21.2,"sc2007,sc2008",212.9,sc2005,3-4
2020-04-30,-16.5,"sc2007,sc2008",227.2,sc2005,3-4
2020-05-06,-15.9,"sc2008,sc2009",248.2,sc2006,3-4
2020-05-07,-15.3,"sc2008,sc2009",246.8,sc2006,3-4
2020-05-08,-14.8,"sc2008,sc2009",247.1,sc2006,3-4
2020-05-11,-15.8,"sc2008,sc2009",243.7,sc2006,3-4
2020-05-12,-15.8,"sc2008,sc2009",241.1,sc2006,3-4
2020-05-13,-16.1,"sc2008,sc2009",237.4,sc2006,3-4
2020-05-14,-16.9,"sc2008,sc2009",231.6,sc2006,3-4
2020-05-15,-15.6,"sc2008,sc2009",238.7,sc2006,3-4
2020-05-18,-14.3,"sc2008,sc2009",246.7,sc2006,3-4
2020-05-19,-12.5,"sc2008,sc2009",258.5,sc2006,3-4
2020-05-20,-13.3,"sc2008,sc2009",254.3,sc2006,3-4
2020-05-21,-11.5,"sc2008,sc2009",261.8,sc2006,3-4
2020-05-22,-12.3,"sc2008,sc2009",258.5,sc2006,3-4
2020-05-25,-13.2,"sc2008,sc2009",253.8,sc2006,3-4
2020-05-26,-12.6,"sc2008,sc2009",259.2,sc2006,3-4
2020-05-27,-13.6,"sc2008,sc2009",258.4,sc2006,3-4
2020-05-28,-13.0,"sc2008,sc2009",258.0,sc2006,3-4
2020-05-29,-12.5,"sc2008,sc2009",261.1,sc2006,3-4
2020-06-01,-8.4,"sc2009,sc2010",276.8,sc2007,3-4
2020-06-02,-8.9,"sc2009,sc2010",278.3,sc2007,3-4
2020-06-03,-7.7,"sc2009,sc2010",286.7,sc2007,3-4
2020-06-04,-8.3,"sc2009,sc2010",284.3,sc2007,3-4
2020-06-05,-8.5,"sc2009,sc2010",282.2,sc2007,3-4
2020-06-08,-7.8,"sc2009,sc2010",292.1,sc2007,3-4
2020-06-09,-8.1,"sc2009,sc2010",290.4,sc2007,3-4
2020-06-10,-8.3,"sc2009,sc2010",288.3,sc2007,3-4
2020-06-11,-8.2,"sc2009,sc2010",285.4,sc2007,3-4
2020-06-12,-8.8,"sc2009,sc2010",270.5,sc2007,3-4
2020-06-15,-9.8,"sc2009,sc2010",267.8,sc2007,3-4
2020-06-16,-9.9,"sc2009,sc2010",270.2,sc2007,3-4
2020-06-17,-9.4,"sc2009,sc2010",279.5,sc2007,3-4
2020-06-18,-9.2,"sc2009,sc2010",279.7,sc2007,3-4
2020-06-19,-8.5,"sc2009,sc2010",281.9,sc2007,3-4
2020-06-22,-8.4,"sc2009,sc2010",284.4,sc2007,3-4
2020-06-23,-9.7,"sc2009,sc2010",285.0,sc2007,3-4
2020-06-24,-9.5,"sc2009,sc2010",285.4,sc2007,3-4
2020-06-29,-8.8,"sc2009,sc2010",273.2,sc2007,3-4
2020-06-30,-8.5,"sc2009,sc2010",281.2,sc2007,3-4
2020-07-01,-7.6,"sc2010,sc2011",292.0,sc2008,3-4
2020-07-02,-7.4,"sc2010,sc2011",294.5,sc2008,3-4
2020-07-03,-7.1,"sc2010,sc2011",298.6,sc2008,3-4
2020-07-06,-8.0,"sc2010,sc2011",296.8,sc2008,3-4
2020-07-07,-8.4,"sc2010,sc2011",297.8,sc2008,3-4
2020-07-08,-8.5,"sc2010,sc2011",298.7,sc2008,3-4
2020-07-09,-8.2,"sc2010,sc2011",299.1,sc2008,3-4
2020-07-10,-8.8,"sc2010,sc2011",293.8,sc2008,3-4
2020-07-13,-9.0,"sc2010,sc2011",296.2,sc2008,3-4
2020-07-14,-9.4,"sc2010,sc2011",293.5,sc2008,3-4
2020-07-15,-9.4,"sc2010,sc2011",294.9,sc2008,3-4
2020-07-16,-9.6,"sc2010,sc2011",293.1,sc2008,3-4
2020-07-17,-10.4,"sc2010,sc2011",289.6,sc2008,3-4
2020-07-20,-11.1,"sc2010,sc2011",284.0,sc2008,3-4
2020-07-21,-10.9,"sc2010,sc2011",284.8,sc2008,3-4
2020-07-22,-10.5,"sc2010,sc2011",289.2,sc2008,3-4
2020-07-23,-10.8,"sc2010,sc2011",286.6,sc2008,3-4
2020-07-24,-10.7,"sc2010,sc2011",286.2,sc2008,3-4
2020-07-27,-10.9,"sc2010,sc2011",282.1,sc2008,3-4
2020-07-28,-12.0,"sc2010,sc2011",278.4,sc2008,3-4
2020-07-29,-12.4,"sc2010,sc2011",276.7,sc2008,3-4
2020-07-30,-12.3,"sc2010,sc2011",279.5,sc2008,3-4
2020-07-31,-12.6,"sc2010,sc2011",274.1,sc2008,3-4
2020-08-03,-12.0,"sc2011,sc2012",281.7,sc2009,3-4
2020-08-04,-12.7,"sc2011,sc2012",282.3,sc2009,3-4
2020-08-05,-12.8,"sc2011,sc2012",280.7,sc2009,3-4
2020-08-06,-12.2,"sc2011,sc2012",282.5,sc2009,3-4
2020-08-07,-12.6,"sc2011,sc2012",282.5,sc2009,3-4
2020-08-10,-12.5,"sc2011,sc2012",281.9,sc2009,3-4
2020-08-11,-12.2,"sc2011,sc2012",284.6,sc2009,3-4
2020-08-12,-12.1,"sc2011,sc2012",284.2,sc2009,3-4
2020-08-13,-12.1,"sc2011,sc2012",283.6,sc2009,3-4
2020-08-14,-12.2,"sc2011,sc2012",282.3,sc2009,3-4
2020-08-17,-12.4,"sc2011,sc2012",280.2,sc2009,3-4
2020-08-18,-12.4,"sc2011,sc2012",279.1,sc2009,3-4
2020-08-19,-12.3,"sc2011,sc2012",277.3,sc2009,3-4
2020-08-20,-12.1,"sc2011,sc2012",278.4,sc2009,3-4
2020-08-21,-12.3,"sc2011,sc2012",276.0,sc2009,3-4
2020-08-24,-11.8,"sc2011,sc2012",277.9,sc2009,3-4
2020-08-25,-11.8,"sc2011,sc2012",280.3,sc2009,3-4
2020-08-26,-11.5,"sc2011,sc2012",284.9,sc2009,3-4
2020-08-27,-11.4,"sc2011,sc2012",284.3,sc2009,3-4
2020-08-28,-11.5,"sc2011,sc2012",282.4,sc2009,3-4
2020-08-31,-11.5,"sc2011,sc2012",283.3,sc2009,3-4
2020-09-01,-7.4,"sc2012,sc2101",295.7,sc2010,3-4
2020-09-02,-6.7,"sc2012,sc2101",293.5,sc2010,3-4
2020-09-03,-7.4,"sc2012,sc2101",288.2,sc2010,3-4
2020-09-04,-6.8,"sc2012,sc2101",285.0,sc2010,3-4
2020-09-07,-7.3,"sc2012,sc2101",279.3,sc2010,3-4
2020-09-08,-7.1,"sc2012,sc2101",273.9,sc2010,3-4
2020-09-09,-9.0,"sc2012,sc2101",251.4,sc2010,3-4
2020-09-10,-9.4,"sc2012,sc2101",250.6,sc2010,3-4
2020-09-11,-9.7,"sc2012,sc2101",247.6,sc2010,3-4
2020-09-14,-9.2,"sc2012,sc2101",245.8,sc2010,3-4
2020-09-15,-9.3,"sc2012,sc2101",245.5,sc2010,3-4
2020-09-16,-9.0,"sc2012,sc2101",251.3,sc2010,3-4
2020-09-17,-8.8,"sc2012,sc2101",256.2,sc2010,3-4
2020-09-18,-8.7,"sc2012,sc2101",260.0,sc2010,3-4
2020-09-21,-8.5,"sc2012,sc2101",263.9,sc2010,3-4
2020-09-22,-9.1,"sc2012,sc2101",252.9,sc2010,3-4
2020-09-23,-9.0,"sc2012,sc2101",253.6,sc2010,3-4
2020-09-24,-10.9,"sc2101,sc2102",265.1,sc2011,3-4
2020-09-25,-11.0,"sc2101,sc2102",265.7,sc2011,3-4
2020-09-28,-11.2,"sc2101,sc2102",265.0,sc2011,3-4
2020-09-29,-10.8,"sc2101,sc2102",264.8,sc2011,3-4
2020-09-30,-11.4,"sc2101,sc2102",257.8,sc2011,3-4
2020-10-09,-11.3,"sc2101,sc2102",263.5,sc2011,3-4
2020-10-12,-11.0,"sc2101,sc2102",263.2,sc2011,3-4
2020-10-13,-10.4,"sc2101,sc2102",259.5,sc2011,3-4
2020-10-14,-9.8,"sc2101,sc2102",258.0,sc2011,3-4
2020-10-15,-9.8,"sc2101,sc2102",260.8,sc2011,3-4
2020-10-16,-10.1,"sc2101,sc2102",258.7,sc2011,3-4
2020-10-19,-9.8,"sc2101,sc2102",260.2,sc2011,3-4
2020-10-20,-9.9,"sc2101,sc2102",258.8,sc2011,3-4
2020-10-21,-10.7,"sc2101,sc2102",257.3,sc2011,3-4
2020-10-22,-10.7,"sc2101,sc2102",254.2,sc2011,3-4
2020-10-23,-11.2,"sc2101,sc2102",254.1,sc2011,3-4
2020-10-26,-12.0,"sc2101,sc2102",248.5,sc2011,3-4
2020-10-27,-12.2,"sc2101,sc2102",243.7,sc2011,3-4
2020-10-28,-12.2,"sc2101,sc2102",243.4,sc2011,3-4
2020-10-29,-12.6,"sc2101,sc2102",228.0,sc2011,3-4
2020-10-30,-13.0,"sc2101,sc2102",218.3,sc2011,3-4
2020-11-02,-9.8,"sc2102,sc2103",224.9,sc2012,3-4
2020-11-03,-9.1,"sc2102,sc2103",230.2,sc2012,3-4
2020-11-04,-9.3,"sc2102,sc2103",234.8,sc2012,3-4
2020-11-05,-9.2,"sc2102,sc2103",236.5,sc2012,3-4
2020-11-06,-8.8,"sc2102,sc2103",235.3,sc2012,3-4
2020-11-09,-9.5,"sc2102,sc2103",234.2,sc2012,3-4
2020-11-10,-8.5,"sc2102,sc2103",247.7,sc2012,3-4
2020-11-11,-8.9,"sc2102,sc2103",251.4,sc2012,3-4
2020-11-12,-9.3,"sc2102,sc2103",253.7,sc2012,3-4
2020-11-13,-9.2,"sc2102,sc2103",252.4,sc2012,3-4
2020-11-16,-8.2,"sc2102,sc2103",251.0,sc2012,3-4
2020-11-17,-7.9,"sc2102,sc2103",252.3,sc2012,3-4
2020-11-18,-7.5,"sc2102,sc2103",250.0,sc2012,3-4
2020-11-19,-7.6,"sc2102,sc2103",251.0,sc2012,3-4
2020-11-20,-7.4,"sc2102,sc2103",251.6,sc2012,3-4
2020-11-23,-7.3,"sc2102,sc2103",253.4,sc2012,3-4
2020-11-24,-6.7,"sc2102,sc2103",259.5,sc2012,3-4
2020-11-25,-5.5,"sc2102,sc2103",279.0,sc2012,3-4
2020-11-26,-6.8,"sc2102,sc2103",280.2,sc2012,3-4
2020-11-27,-7.5,"sc2102,sc2103",278.3,sc2012,3-4
2020-11-30,-8.0,"sc2102,sc2103",271.8,sc2012,3-4
2020-12-01,-6.7,"sc2103,sc2104",286.4,sc2101,3-4
2020-12-02,-6.8,"sc2103,sc2104",285.1,sc2101,3-4
2020-12-03,-6.7,"sc2103,sc2104",288.5,sc2101,3-4
2020-12-04,-6.4,"sc2103,sc2104",291.1,sc2101,3-4
2020-12-07,-6.3,"sc2103,sc2104",294.0,sc2101,3-4
2020-12-08,-6.5,"sc2103,sc2104",291.9,sc2101,3-4
2020-12-09,-6.9,"sc2103,sc2104",285.0,sc2101,3-4
2020-12-10,-6.8,"sc2103,sc2104",284.8,sc2101,3-4
2020-12-11,-6.7,"sc2103,sc2104",291.1,sc2101,3-4
2020-12-14,-6.6,"sc2103,sc2104",289.4,sc2101,3-4
2020-12-15,-7.0,"sc2103,sc2104",287.8,sc2101,3-4
2020-12-16,-6.9,"sc2103,sc2104",290.9,sc2101,3-4
2020-12-17,-5.7,"sc2103,sc2104",297.4,sc2101,3-4
2020-12-18,-4.1,"sc2103,sc2104",302.7,sc2101,3-4
2020-12-21,-4.2,"sc2103,sc2104",303.5,sc2101,3-4
2020-12-22,-4.7,"sc2103,sc2104",295.4,sc2101,3-4
2020-12-23,-5.4,"sc2103,sc2104",284.6,sc2101,3-4
2020-12-24,-5.5,"sc2103,sc2104",291.6,sc2101,3-4
2020-12-25,-4.9,"sc2104,sc2105",307.3,sc2102,3-4
2020-12-28,-4.5,"sc2104,sc2105",309.1,sc2102,3-4
2020-12-29,-4.6,"sc2104,sc2105",307.2,sc2102,3-4
2020-12-30,-4.7,"sc2104,sc2105",304.7,sc2102,3-4
2020-12-31,-4.8,"sc2104,sc2105",303.2,sc2102,3-4
2021-01-04,-3.9,"sc2104,sc2105",315.0,sc2102,3-4
2021-01-05,-3.9,"sc2104,sc2105",312.9,sc2102,3-4
2021-01-06,-3.2,"sc2104,sc2105",319.8,sc2102,3-4
2021-01-07,-2.0,"sc2104,sc2105",328.1,sc2102,3-4
2021-01-08,-0.3,"sc2104,sc2105",332.6,sc2102,3-4
2021-01-11,-0.3,"sc2104,sc2105",336.0,sc2102,3-4
2021-01-12,-1.0,"sc2104,sc2105",333.2,sc2102,3-4
2021-01-13,-0.5,"sc2104,sc2105",339.7,sc2102,3-4
2021-01-14,-1.2,"sc2104,sc2105",335.5,sc2102,3-4
2021-01-15,-2.3,"sc2104,sc2105",333.4,sc2102,3-4
2021-01-18,-3.9,"sc2104,sc2105",326.0,sc2102,3-4
2021-01-19,-2.9,"sc2104,sc2105",329.9,sc2102,3-4
2021-01-20,-2.0,"sc2104,sc2105",337.2,sc2102,3-4
2021-01-21,-1.4,"sc2104,sc2105",336.1,sc2102,3-4
2021-01-22,-2.0,"sc2104,sc2105",331.7,sc2102,3-4
2021-01-25,-3.4,"sc2104,sc2105",324.0,sc2102,3-4
2021-01-26,-3.4,"sc2104,sc2105",322.4,sc2102,3-4
2021-01-27,-3.5,"sc2104,sc2105",327.2,sc2102,3-4
2021-01-28,-3.3,"sc2104,sc2105",333.4,sc2102,3-4
2021-01-29,-3.3,"sc2104,sc2105",336.1,sc2102,3-4
2021-02-01,-1.3,"sc2105,sc2106",336.1,sc2103,3-4
2021-02-02,-0.8,"sc2105,sc2106",340.3,sc2103,3-4
2021-02-03,-0.9,"sc2105,sc2106",347.1,sc2103,3-4
2021-02-04,-0.8,"sc2105,sc2106",353.3,sc2103,3-4
2021-02-05,-0.9,"sc2105,sc2106",356.6,sc2103,3-4
2021-02-08,-0.6,"sc2105,sc2106",361.8,sc2103,3-4
2021-02-09,-0.6,"sc2105,sc2106",368.0,sc2103,3-4
2021-02-10,-1.0,"sc2105,sc2106",367.0,sc2103,3-4
2021-02-18,0.4,"sc2105,sc2106",395.8,sc2103,3-4
2021-02-19,-0.4,"sc2105,sc2106",388.9,sc2103,3-4
2021-02-22,-0.5,"sc2105,sc2106",386.2,sc2103,3-4
2021-02-23,-0.2,"sc2105,sc2106",397.6,sc2103,3-4
2021-02-24,-0.9,"sc2105,sc2106",400.9,sc2103,3-4
2021-02-25,-1.5,"sc2105,sc2106",416.2,sc2103,3-4
2021-02-26,-3.2,"sc2105,sc2106",399.0,sc2103,3-4
2021-03-01,-0.2,"sc2106,sc2107",407.6,sc2104,3-4
2021-03-02,-0.6,"sc2106,sc2107",397.7,sc2104,3-4
2021-03-03,-1.0,"sc2106,sc2107",392.7,sc2104,3-4
2021-03-04,-1.3,"sc2106,sc2107",397.4,sc2104,3-4
2021-03-05,-1.1,"sc2106,sc2107",413.0,sc2104,3-4
2021-03-08,-0.3,"sc2106,sc2107",435.8,sc2104,3-4
2021-03-09,-0.6,"sc2106,sc2107",427.6,sc2104,3-4
2021-03-10,-1.2,"sc2106,sc2107",417.8,sc2104,3-4
2021-03-11,-1.0,"sc2106,sc2107",416.0,sc2104,3-4
2021-03-12,-0.9,"sc2106,sc2107",421.8,sc2104,3-4
2021-03-15,-1.3,"sc2106,sc2107",420.4,sc2104,3-4
2021-03-16,-1.2,"sc2106,sc2107",411.3,sc2104,3-4
2021-03-17,-0.9,"sc2106,sc2107",409.3,sc2104,3-4
2021-03-18,-0.8,"sc2106,sc2107",408.0,sc2104,3-4
2021-03-19,-0.8,"sc2106,sc2107",390.9,sc2104,3-4
2021-03-22,-1.2,"sc2106,sc2107",381.1,sc2104,3-4
2021-03-23,-1.2,"sc2106,sc2107",387.9,sc2104,3-4
2021-03-24,-1.3,"sc2106,sc2107",376.8,sc2104,3-4
2021-03-25,-1.4,"sc2106,sc2107",382.5,sc2104,3-4
2021-03-26,-1.7,"sc2106,sc2107",373.9,sc2104,3-4
2021-03-29,-1.9,"sc2106,sc2107",384.1,sc2104,3-4
2021-03-30,-2.1,"sc2106,sc2107",388.3,sc2104,3-4
2021-03-31,-2.1,"sc2106,sc2107",384.1,sc2104,3-4
2021-04-01,-1.0,"sc2107,sc2108",393.4,sc2105,3-4
2021-04-02,-1.4,"sc2107,sc2108",399.1,sc2105,3-4
2021-04-06,-1.9,"sc2107,sc2108",388.0,sc2105,3-4
2021-04-07,-1.6,"sc2107,sc2108",388.6,sc2105,3-4
2021-04-08,-1.8,"sc2107,sc2108",384.8,sc2105,3-4
2021-04-09,-1.6,"sc2107,sc2108",386.7,sc2105,3-4
2021-04-12,-1.6,"sc2107,sc2108",387.2,sc2105,3-4
2021-04-13,-1.3,"sc2107,sc2108",390.6,sc2105,3-4
2021-04-14,-1.2,"sc2107,sc2108",393.7,sc2105,3-4
2021-04-15,-1.1,"sc2107,sc2108",407.4,sc2105,3-4
2021-04-16,-1.0,"sc2107,sc2108",410.4,sc2105,3-4
2021-04-19,-0.4,"sc2107,sc2108",408.7,sc2105,3-4
2021-04-20,-0.6,"sc2107,sc2108",413.4,sc2105,3-4
2021-04-21,-1.2,"sc2107,sc2108",409.8,sc2105,3-4
2021-04-22,-1.3,"sc2107,sc2108",402.9,sc2105,3-4
2021-04-23,-1.6,"sc2107,sc2108",402.0,sc2105,3-4
2021-04-26,-1.4,"sc2107,sc2108",407.3,sc2105,3-4
2021-04-27,-1.5,"sc2107,sc2108",405.6,sc2105,3-4
2021-04-28,-1.6,"sc2107,sc2108",397.2,sc2105,3-4
2021-04-29,-0.8,"sc2107,sc2108",407.9,sc2105,3-4
2021-04-30,1.1,"sc2107,sc2108",409.5,sc2105,3-4
2021-05-06,1.4,"sc2108,sc2109",429.8,sc2106,3-4
2021-05-07,1.5,"sc2108,sc2109",424.1,sc2106,3-4
2021-05-10,1.3,"sc2108,sc2109",424.3,sc2106,3-4
2021-05-11,1.1,"sc2108,sc2109",420.8,sc2106,3-4
2021-05-12,0.6,"sc2108,sc2109",421.5,sc2106,3-4
2021-05-13,0.6,"sc2108,sc2109",429.0,sc2106,3-4
2021-05-14,0.4,"sc2108,sc2109",417.1,sc2106,3-4
2021-05-17,0.5,"sc2108,sc2109",425.7,sc2106,3-4
2021-05-18,1.0,"sc2108,sc2109",434.2,sc2106,3-4
2021-05-19,0.9,"sc2108,sc2109",429.5,sc2106,3-4
2021-05-20,-0.5,"sc2108,sc2109",409.5,sc2106,3-4
2021-05-21,-0.8,"sc2108,sc2109",403.2,sc2106,3-4
2021-05-24,-0.6,"sc2108,sc2109",408.2,sc2106,3-4
2021-05-25,0.6,"sc2108,sc2109",423.4,sc2106,3-4
2021-05-26,1.2,"sc2108,sc2109",427.9,sc2106,3-4
2021-05-27,1.6,"sc2108,sc2109",428.8,sc2106,3-4
2021-05-28,2.4,"sc2108,sc2109",432.7,sc2106,3-4
2021-05-31,2.0,"sc2108,sc2109",427.6,sc2106,3-4
2021-06-01,1.3,"sc2109,sc2110",433.9,sc2107,3-4
2021-06-02,1.6,"sc2109,sc2110",439.9,sc2107,3-4
2021-06-03,1.8,"sc2109,sc2110",445.4,sc2107,3-4
2021-06-04,1.6,"sc2109,sc2110",443.2,sc2107,3-4
2021-06-07,1.9,"sc2109,sc2110",447.3,sc2107,3-4
2021-06-08,1.6,"sc2109,sc2110",444.1,sc2107,3-4
2021-06-09,2.0,"sc2109,sc2110",449.4,sc2107,3-4
2021-06-10,2.3,"sc2109,sc2110",447.7,sc2107,3-4
2021-06-11,2.7,"sc2109,sc2110",450.2,sc2107,3-4
2021-06-15,3.3,"sc2109,sc2110",455.8,sc2107,3-4
2021-06-16,2.8,"sc2109,sc2110",459.2,sc2107,3-4
2021-06-17,2.5,"sc2109,sc2110",454.1,sc2107,3-4
2021-06-18,1.7,"sc2109,sc2110",443.0,sc2107,3-4
2021-06-21,1.9,"sc2109,sc2110",443.5,sc2107,3-4
2021-06-22,2.3,"sc2109,sc2110",449.4,sc2107,3-4
2021-06-23,2.7,"sc2109,sc2110",453.3,sc2107,3-4
2021-06-24,3.3,"sc2109,sc2110",457.6,sc2107,3-4
2021-06-25,3.2,"sc2109,sc2110",457.2,sc2107,3-4
2021-06-28,2.9,"sc2109,sc2110",459.6,sc2107,3-4
2021-06-29,1.6,"sc2109,sc2110",449.3,sc2107,3-4
2021-06-30,1.4,"sc2109,sc2110",449.2,sc2107,3-4
2021-07-01,1.7,"sc2110,sc2111",460.4,sc2108,3-4
2021-07-02,1.6,"sc2110,sc2111",467.8,sc2108,3-4
2021-07-05,1.5,"sc2110,sc2111",468.4,sc2108,3-4
2021-07-06,1.3,"sc2110,sc2111",473.1,sc2108,3-4
2021-07-07,1.0,"sc2110,sc2111",455.8,sc2108,3-4
2021-07-08,0.6,"sc2110,sc2111",442.1,sc2108,3-4
2021-07-09,1.1,"sc2110,sc2111",441.9,sc2108,3-4
2021-07-12,1.4,"sc2110,sc2111",451.1,sc2108,3-4
2021-07-13,2.0,"sc2110,sc2111",450.9,sc2108,3-4
2021-07-14,2.4,"sc2110,sc2111",458.2,sc2108,3-4
2021-07-15,2.3,"sc2110,sc2111",449.6,sc2108,3-4
2021-07-16,1.0,"sc2110,sc2111",438.6,sc2108,3-4
2021-07-19,-0.2,"sc2110,sc2111",431.7,sc2108,3-4
2021-07-20,-0.3,"sc2110,sc2111",410.0,sc2108,3-4
2021-07-21,-0.6,"sc2110,sc2111",406.4,sc2108,3-4
2021-07-22,-0.6,"sc2110,sc2111",416.6,sc2108,3-4
2021-07-23,-0.7,"sc2110,sc2111",427.2,sc2108,3-4
2021-07-26,-0.9,"sc2110,sc2111",432.4,sc2108,3-4
2021-07-27,0.6,"sc2110,sc2111",439.0,sc2108,3-4
2021-07-28,0.6,"sc2110,sc2111",439.5,sc2108,3-4
2021-07-29,0.6,"sc2110,sc2111",447.9,sc2108,3-4
2021-07-30,0.5,"sc2110,sc2111",445.2,sc2108,3-4
2021-08-02,0.3,"sc2111,sc2112",452.9,sc2109,3-4
2021-08-03,0.3,"sc2111,sc2112",440.7,sc2109,3-4
2021-08-04,-0.5,"sc2111,sc2112",433.5,sc2109,3-4
2021-08-05,-0.7,"sc2111,sc2112",428.3,sc2109,3-4
2021-08-06,-0.7,"sc2111,sc2112",429.1,sc2109,3-4
2021-08-09,-1.0,"sc2111,sc2112",425.0,sc2109,3-4
2021-08-10,-0.9,"sc2111,sc2112",418.0,sc2109,3-4
2021-08-11,-0.1,"sc2111,sc2112",430.6,sc2109,3-4
2021-08-12,0.0,"sc2111,sc2112",430.4,sc2109,3-4
2021-08-13,-0.2,"sc2111,sc2112",431.4,sc2109,3-4
2021-08-16,-0.4,"sc2111,sc2112",428.4,sc2109,3-4
2021-08-17,-0.3,"sc2111,sc2112",423.6,sc2109,3-4
2021-08-18,-0.3,"sc2111,sc2112",423.9,sc2109,3-4
2021-08-19,0.0,"sc2111,sc2112",418.7,sc2109,3-4
2021-08-20,-0.6,"sc2111,sc2112",407.8,sc2109,3-4
2021-08-23,-0.3,"sc2111,sc2112",403.6,sc2109,3-4
2021-08-24,0.9,"sc2111,sc2112",421.4,sc2109,3-4
2021-08-25,2.0,"sc2111,sc2112",431.4,sc2109,3-4
2021-08-26,1.2,"sc2111,sc2112",435.8,sc2109,3-4
2021-08-27,1.1,"sc2111,sc2112",438.6,sc2109,3-4
2021-08-30,1.6,"sc2111,sc2112",445.3,sc2109,3-4
2021-08-31,1.7,"sc2111,sc2112",450.2,sc2109,3-4
2021-09-01,1.3,"sc2112,sc2201",440.5,sc2110,3-4
2021-09-02,1.8,"sc2112,sc2201",439.3,sc2110,3-4
2021-09-03,2.0,"sc2112,sc2201",456.2,sc2110,3-4
2021-09-06,1.8,"sc2112,sc2201",451.4,sc2110,3-4
2021-09-07,2.2,"sc2112,sc2201",453.8,sc2110,3-4
2021-09-08,2.3,"sc2112,sc2201",450.9,sc2110,3-4
2021-09-09,2.5,"sc2112,sc2201",454.8,sc2110,3-4
2021-09-10,2.6,"sc2112,sc2201",454.6,sc2110,3-4
2021-09-13,2.9,"sc2112,sc2201",461.2,sc2110,3-4
2021-09-14,3.3,"sc2112,sc2201",463.0,sc2110,3-4
2021-09-15,3.7,"sc2112,sc2201",461.9,sc2110,3-4
2021-09-16,5.5,"sc2112,sc2201",473.4,sc2110,3-4
2021-09-17,4.2,"sc2112,sc2201",477.1,sc2110,3-4
2021-09-22,4.1,"sc2112,sc2201",469.0,sc2110,3-4
2021-09-23,4.0,"sc2112,sc2201",469.4,sc2110,3-4
2021-09-24,3.5,"sc2201,sc2202",485.1,sc2111,3-4
2021-09-27,3.7,"sc2201,sc2202",492.1,sc2111,3-4
2021-09-28,3.5,"sc2201,sc2202",501.8,sc2111,3-4
2021-09-29,3.0,"sc2201,sc2202",495.4,sc2111,3-4
2021-09-30,3.1,"sc2201,sc2202",495.9,sc2111,3-4
2021-10-08,3.5,"sc2201,sc2202",527.1,sc2111,3-4
2021-10-11,3.1,"sc2201,sc2202",526.8,sc2111,3-4
2021-10-12,3.2,"sc2201,sc2202",531.6,sc2111,3-4
2021-10-13,3.4,"sc2201,sc2202",528.3,sc2111,3-4
2021-10-14,2.5,"sc2201,sc2202",521.5,sc2111,3-4
2021-10-15,3.0,"sc2201,sc2202",525.5,sc2111,3-4
2021-10-18,4.0,"sc2201,sc2202",533.6,sc2111,3-4
2021-10-19,4.5,"sc2201,sc2202",528.6,sc2111,3-4
2021-10-20,4.5,"sc2201,sc2202",531.2,sc2111,3-4
2021-10-21,4.2,"sc2201,sc2202",531.5,sc2111,3-4
2021-10-22,3.6,"sc2201,sc2202",525.1,sc2111,3-4
2021-10-25,3.9,"sc2201,sc2202",527.7,sc2111,3-4
2021-10-26,3.9,"sc2201,sc2202",527.3,sc2111,3-4
2021-10-27,3.5,"sc2201,sc2202",525.3,sc2111,3-4
2021-10-28,3.0,"sc2201,sc2202",511.2,sc2111,3-4
2021-10-29,2.3,"sc2201,sc2202",495.5,sc2111,3-4
2021-11-01,2.5,"sc2202,sc2203",521.7,sc2112,3-4
2021-11-02,3.5,"sc2202,sc2203",531.6,sc2112,3-4
2021-11-03,3.6,"sc2202,sc2203",526.7,sc2112,3-4
2021-11-04,3.2,"sc2202,sc2203",513.0,sc2112,3-4
2021-11-05,3.6,"sc2202,sc2203",513.6,sc2112,3-4
2021-11-08,4.0,"sc2202,sc2203",524.0,sc2112,3-4
2021-11-09,4.1,"sc2202,sc2203",526.3,sc2112,3-4
2021-11-10,3.8,"sc2202,sc2203",531.6,sc2112,3-4
2021-11-11,3.5,"sc2202,sc2203",525.9,sc2112,3-4
2021-11-12,3.3,"sc2202,sc2203",517.3,sc2112,3-4
2021-11-15,3.2,"sc2202,sc2203",513.4,sc2112,3-4
2021-11-16,3.0,"sc2202,sc2203",511.9,sc2112,3-4
2021-11-17,3.1,"sc2202,sc2203",515.0,sc2112,3-4
2021-11-18,3.0,"sc2202,sc2203",511.6,sc2112,3-4
2021-11-19,3.3,"sc2202,sc2203",513.5,sc2112,3-4
2021-11-22,2.6,"sc2202,sc2203",501.9,sc2112,3-4
2021-11-23,2.7,"sc2202,sc2203",504.8,sc2112,3-4
2021-11-24,3.4,"sc2202,sc2203",518.8,sc2112,3-4
2021-11-25,3.4,"sc2202,sc2203",521.7,sc2112,3-4
2021-11-26,2.9,"sc2202,sc2203",505.0,sc2112,3-4
2021-11-29,2.2,"sc2202,sc2203",495.6,sc2112,3-4
2021-11-30,1.8,"sc2202,sc2203",478.8,sc2112,3-4
2021-12-01,0.4,"sc2203,sc2204",445.0,sc2201,3-4
2021-12-02,-0.5,"sc2203,sc2204",444.1,sc2201,3-4
2021-12-03,-1.0,"sc2203,sc2204",439.2,sc2201,3-4
2021-12-06,-0.2,"sc2203,sc2204",450.6,sc2201,3-4
2021-12-07,-0.1,"sc2203,sc2204",457.6,sc2201,3-4
2021-12-08,0.3,"sc2203,sc2204",473.8,sc2201,3-4
2021-12-09,0.1,"sc2203,sc2204",476.0,sc2201,3-4
2021-12-10,0.4,"sc2203,sc2204",472.9,sc2201,3-4
2021-12-13,0.9,"sc2203,sc2204",477.0,sc2201,3-4
2021-12-14,0.9,"sc2203,sc2204",474.2,sc2201,3-4
2021-12-15,0.6,"sc2203,sc2204",460.0,sc2201,3-4
2021-12-16,1.3,"sc2203,sc2204",467.4,sc2201,3-4
2021-12-17,2.2,"sc2203,sc2204",474.7,sc2201,3-4
2021-12-20,1.9,"sc2203,sc2204",466.2,sc2201,3-4
2021-12-21,1.8,"sc2203,sc2204",453.1,sc2201,3-4
2021-12-22,1.9,"sc2203,sc2204",456.2,sc2201,3-4
2021-12-23,1.2,"sc2204,sc2205",470.0,sc2202,3-4
2021-12-24,1.6,"sc2204,sc2205",475.6,sc2202,3-4
2021-12-27,1.6,"sc2204,sc2205",475.5,sc2202,3-4
2021-12-28,2.1,"sc2204,sc2205",487.0,sc2202,3-4
2021-12-29,2.4,"sc2204,sc2205",492.8,sc2202,3-4
2021-12-30,2.8,"sc2204,sc2205",494.5,sc2202,3-4
2021-12-31,2.9,"sc2204,sc2205",496.8,sc2202,3-4
2022-01-04,2.0,"sc2204,sc2205",496.9,sc2202,3-4
2022-01-05,2.8,"sc2204,sc2205",501.1,sc2202,3-4
2022-01-06,2.8,"sc2204,sc2205",504.6,sc2202,3-4
2022-01-07,3.6,"sc2204,sc2205",516.4,sc2202,3-4
2022-01-10,3.6,"sc2204,sc2205",511.1,sc2202,3-4
2022-01-11,3.8,"sc2204,sc2205",508.9,sc2202,3-4
2022-01-12,4.0,"sc2204,sc2205",514.8,sc2202,3-4
2022-01-13,4.4,"sc2204,sc2205",526.0,sc2202,3-4
2022-01-14,4.7,"sc2204,sc2205",530.7,sc2202,3-4
2022-01-17,4.9,"sc2204,sc2205",538.5,sc2202,3-4
2022-01-18,4.9,"sc2204,sc2205",541.1,sc2202,3-4
2022-01-19,5.1,"sc2204,sc2205",547.6,sc2202,3-4
2022-01-20,4.7,"sc2204,sc2205",547.7,sc2202,3-4
2022-01-21,4.2,"sc2204,sc2205",557.1,sc2202,3-4
2022-01-24,4.1,"sc2205,sc2206",541.6,sc2203,3-4
2022-01-25,3.4,"sc2205,sc2206",530.4,sc2203,3-4
2022-01-26,3.2,"sc2205,sc2206",534.3,sc2203,3-4
2022-01-27,3.4,"sc2205,sc2206",545.5,sc2203,3-4
2022-01-28,3.5,"sc2205,sc2206",542.0,sc2203,3-4
2022-02-07,3.6,"sc2205,sc2206",567.3,sc2203,3-4
2022-02-08,2.7,"sc2205,sc2206",558.7,sc2203,3-4
2022-02-09,2.6,"sc2205,sc2206",547.5,sc2203,3-4
2022-02-10,2.6,"sc2205,sc2206",549.1,sc2203,3-4
2022-02-11,2.8,"sc2205,sc2206",553.3,sc2203,3-4
2022-02-14,3.5,"sc2205,sc2206",562.5,sc2203,3-4
2022-02-15,3.9,"sc2205,sc2206",566.5,sc2203,3-4
2022-02-16,4.2,"sc2205,sc2206",554.8,sc2203,3-4
2022-02-17,4.3,"sc2205,sc2206",560.8,sc2203,3-4
2022-02-18,4.7,"sc2205,sc2206",559.7,sc2203,3-4
2022-02-21,5.2,"sc2205,sc2206",561.4,sc2203,3-4
2022-02-22,6.0,"sc2205,sc2206",580.9,sc2203,3-4
2022-02-23,6.8,"sc2205,sc2206",585.3,sc2203,3-4
2022-02-24,6.8,"sc2205,sc2206",593.9,sc2203,3-4
2022-02-25,9.9,"sc2205,sc2206",613.8,sc2203,3-4
2022-02-28,9.3,"sc2205,sc2206",591.8,sc2203,3-4
2022-03-01,8.4,"sc2206,sc2207",615.9,sc2204,3-4
2022-03-02,12.9,"sc2206,sc2207",654.2,sc2204,3-4
2022-03-03,23.0,"sc2206,sc2207",699.5,sc2204,3-4
2022-03-04,18.6,"sc2206,sc2207",704.8,sc2204,3-4
2022-03-07,14.2,"sc2206,sc2207",723.6,sc2204,3-4
2022-03-08,15.8,"sc2206,sc2207",765.8,sc2204,3-4
2022-03-09,16.4,"sc2206,sc2207",806.9,sc2204,3-4
2022-03-10,14.4,"sc2206,sc2207",726.1,sc2204,3-4
2022-03-11,13.3,"sc2206,sc2207",691.9,sc2204,3-4
2022-03-14,10.7,"sc2206,sc2207",683.0,sc2204,3-4
2022-03-15,8.9,"sc2206,sc2207",645.7,sc2204,3-4
2022-03-16,7.9,"sc2206,sc2207",622.9,sc2204,3-4
2022-03-17,7.9,"sc2206,sc2207",615.8,sc2204,3-4
2022-03-18,11.4,"sc2206,sc2207",657.0,sc2204,3-4
2022-03-21,13.4,"sc2206,sc2207",678.9,sc2204,3-4
2022-03-22,15.8,"sc2206,sc2207",722.8,sc2204,3-4
2022-03-23,15.6,"sc2206,sc2207",717.8,sc2204,3-4
2022-03-24,18.4,"sc2206,sc2207",760.1,sc2204,3-4
2022-03-25,17.7,"sc2206,sc2207",753.4,sc2204,3-4
2022-03-28,16.5,"sc2206,sc2207",742.4,sc2204,3-4
2022-03-29,14.3,"sc2206,sc2207",706.2,sc2204,3-4
2022-03-30,12.6,"sc2206,sc2207",678.2,sc2204,3-4
2022-03-31,12.5,"sc2206,sc2207",675.2,sc2204,3-4
2022-04-01,10.8,"sc2207,sc2208",666.4,sc2205,3-4
2022-04-06,8.6,"sc2207,sc2208",675.4,sc2205,3-4
2022-04-07,4.4,"sc2207,sc2208",643.1,sc2205,3-4
2022-04-08,2.0,"sc2207,sc2208",617.3,sc2205,3-4
2022-04-11,3.0,"sc2207,sc2208",625.8,sc2205,3-4
2022-04-12,2.3,"sc2207,sc2208",618.4,sc2205,3-4
2022-04-13,2.3,"sc2207,sc2208",649.9,sc2205,3-4
2022-04-14,2.5,"sc2207,sc2208",665.8,sc2205,3-4
2022-04-15,3.3,"sc2207,sc2208",679.7,sc2205,3-4
2022-04-18,4.4,"sc2207,sc2208",694.1,sc2205,3-4
2022-04-19,5.8,"sc2207,sc2208",705.9,sc2205,3-4
2022-04-20,4.3,"sc2207,sc2208",674.5,sc2205,3-4
2022-04-21,2.9,"sc2207,sc2208",674.4,sc2205,3-4
2022-04-22,3.9,"sc2207,sc2208",680.5,sc2205,3-4
2022-04-25,1.9,"sc2207,sc2208",662.4,sc2205,3-4
2022-04-26,1.6,"sc2207,sc2208",637.6,sc2205,3-4
2022-04-27,3.0,"sc2207,sc2208",663.8,sc2205,3-4
2022-04-28,3.6,"sc2207,sc2208",659.1,sc2205,3-4
2022-04-29,4.0,"sc2207,sc2208",671.2,sc2205,3-4
2022-05-05,6.5,"sc2208,sc2209",692.4,sc2206,3-4
2022-05-06,6.6,"sc2208,sc2209",696.4,sc2206,3-4
2022-05-09,7.0,"sc2208,sc2209",705.6,sc2206,3-4
2022-05-10,7.3,"sc2208,sc2209",669.8,sc2206,3-4
2022-05-11,4.7,"sc2208,sc2209",656.1,sc2206,3-4
2022-05-12,4.1,"sc2208,sc2209",680.0,sc2206,3-4
2022-05-13,4.5,"sc2208,sc2209",692.4,sc2206,3-4
2022-05-16,4.5,"sc2208,sc2209",704.6,sc2206,3-4
2022-05-17,4.9,"sc2208,sc2209",721.8,sc2206,3-4
2022-05-18,6.0,"sc2208,sc2209",721.9,sc2206,3-4
2022-05-19,4.5,"sc2208,sc2209",698.6,sc2206,3-4
2022-05-20,4.4,"sc2208,sc2209",699.8,sc2206,3-4
2022-05-23,4.8,"sc2208,sc2209",706.2,sc2206,3-4
2022-05-24,4.3,"sc2208,sc2209",699.0,sc2206,3-4
2022-05-25,4.8,"sc2208,sc2209",710.8,sc2206,3-4
2022-05-26,5.4,"sc2208,sc2209",716.1,sc2206,3-4
2022-05-27,6.3,"sc2208,sc2209",740.4,sc2206,3-4
2022-05-30,6.3,"sc2208,sc2209",724.3,sc2206,3-4
2022-05-31,8.0,"sc2208,sc2209",737.3,sc2206,3-4
2022-06-01,9.4,"sc2209,sc2210",741.1,sc2207,3-4
2022-06-02,7.3,"sc2209,sc2210",728.8,sc2207,3-4
2022-06-06,6.5,"sc2209,sc2210",750.3,sc2207,3-4
2022-06-07,6.8,"sc2209,sc2210",748.7,sc2207,3-4
2022-06-08,7.3,"sc2209,sc2210",753.8,sc2207,3-4
2022-06-09,8.6,"sc2209,sc2210",771.4,sc2207,3-4
2022-06-10,8.3,"sc2209,sc2210",770.5,sc2207,3-4
2022-06-13,7.8,"sc2209,sc2210",756.8,sc2207,3-4
2022-06-14,9.0,"sc2209,sc2210",768.0,sc2207,3-4
2022-06-15,9.5,"sc2209,sc2210",770.6,sc2207,3-4
2022-06-16,9.5,"sc2209,sc2210",748.2,sc2207,3-4
2022-06-17,8.6,"sc2209,sc2210",731.7,sc2207,3-4
2022-06-20,7.8,"sc2209,sc2210",704.3,sc2207,3-4
2022-06-21,6.9,"sc2209,sc2210",702.2,sc2207,3-4
2022-06-22,8.1,"sc2209,sc2210",703.7,sc2207,3-4
2022-06-23,6.2,"sc2209,sc2210",687.6,sc2207,3-4
2022-06-24,5.7,"sc2209,sc2210",684.0,sc2207,3-4
2022-06-27,5.8,"sc2209,sc2210",689.6,sc2207,3-4
2022-06-28,7.6,"sc2209,sc2210",707.1,sc2207,3-4
2022-06-29,8.5,"sc2209,sc2210",715.0,sc2207,3-4
2022-06-30,10.0,"sc2209,sc2210",731.1,sc2207,3-4
2022-07-01,10.7,"sc2210,sc2211",704.4,sc2208,3-4
2022-07-04,11.3,"sc2210,sc2211",711.7,sc2208,3-4
2022-07-05,12.6,"sc2210,sc2211",727.5,sc2208,3-4
2022-07-06,12.9,"sc2210,sc2211",674.2,sc2208,3-4
2022-07-07,9.5,"sc2210,sc2211",644.9,sc2208,3-4
2022-07-08,10.5,"sc2210,sc2211",676.8,sc2208,3-4
2022-07-11,10.8,"sc2210,sc2211",686.1,sc2208,3-4
2022-07-12,10.8,"sc2210,sc2211",680.6,sc2208,3-4
2022-07-13,10.7,"sc2210,sc2211",650.2,sc2208,3-4
2022-07-14,9.8,"sc2210,sc2211",650.8,sc2208,3-4
2022-07-15,8.6,"sc2210,sc2211",641.1,sc2208,3-4
2022-07-18,11.4,"sc2210,sc2211",668.0,sc2208,3-4
2022-07-19,12.9,"sc2210,sc2211",697.5,sc2208,3-4
2022-07-20,10.8,"sc2210,sc2211",704.9,sc2208,3-4
2022-07-21,11.2,"sc2210,sc2211",706.9,sc2208,3-4
2022-07-22,11.7,"sc2210,sc2211",695.8,sc2208,3-4
2022-07-25,12.1,"sc2210,sc2211",697.9,sc2208,3-4
2022-07-26,12.0,"sc2210,sc2211",704.3,sc2208,3-4
2022-07-27,13.0,"sc2210,sc2211",661.3,sc2208,3-4
2022-07-28,13.0,"sc2210,sc2211",676.1,sc2208,3-4
2022-07-29,13.8,"sc2210,sc2211",730.3,sc2208,3-4
2022-08-01,10.2,"sc2211,sc2212",698.1,sc2209,3-4
2022-08-02,9.5,"sc2211,sc2212",672.7,sc2209,3-4
2022-08-03,8.1,"sc2211,sc2212",681.6,sc2209,3-4
2022-08-04,7.9,"sc2211,sc2212",667.1,sc2209,3-4
2022-08-05,7.9,"sc2211,sc2212",650.3,sc2209,3-4
2022-08-08,8.3,"sc2211,sc2212",659.6,sc2209,3-4
2022-08-09,9.4,"sc2211,sc2212",665.7,sc2209,3-4
2022-08-10,10.2,"sc2211,sc2212",676.5,sc2209,3-4
2022-08-11,10.5,"sc2211,sc2212",682.6,sc2209,3-4
2022-08-12,11.9,"sc2211,sc2212",698.9,sc2209,3-4
2022-08-15,12.6,"sc2211,sc2212",695.9,sc2209,3-4
2022-08-16,12.8,"sc2211,sc2212",685.6,sc2209,3-4
2022-08-17,16.4,"sc2211,sc2212",690.7,sc2209,3-4
2022-08-18,18.9,"sc2211,sc2212",698.6,sc2209,3-4
2022-08-19,23.3,"sc2211,sc2212",725.4,sc2209,3-4
2022-08-22,25.2,"sc2211,sc2212",749.9,sc2209,3-4
2022-08-23,23.8,"sc2211,sc2212",747.2,sc2209,3-4
2022-08-24,22.0,"sc2211,sc2212",765.8,sc2209,3-4
2022-08-25,22.1,"sc2211,sc2212",790.6,sc2209,3-4
2022-08-26,21.0,"sc2211,sc2212",787.3,sc2209,3-4
2022-08-29,20.4,"sc2211,sc2212",726.4,sc2209,3-4
2022-08-30,25.1,"sc2211,sc2212",738.7,sc2209,3-4
2022-08-31,18.9,"sc2211,sc2212",724.7,sc2209,3-4
2022-09-01,15.2,"sc2212,sc2301",705.5,sc2210,3-4
2022-09-02,15.5,"sc2212,sc2301",694.7,sc2210,3-4
2022-09-05,16.7,"sc2212,sc2301",696.2,sc2210,3-4
2022-09-06,16.2,"sc2212,sc2301",707.4,sc2210,3-4
2022-09-07,15.4,"sc2212,sc2301",688.4,sc2210,3-4
2022-09-08,14.0,"sc2212,sc2301",673.8,sc2210,3-4
2022-09-09,12.2,"sc2212,sc2301",670.0,sc2210,3-4
2022-09-13,14.7,"sc2212,sc2301",705.6,sc2210,3-4
2022-09-14,14.8,"sc2212,sc2301",691.6,sc2210,3-4
2022-09-15,19.1,"sc2212,sc2301",718.3,sc2210,3-4
2022-09-16,20.1,"sc2212,sc2301",712.2,sc2210,3-4
2022-09-19,15.3,"sc2212,sc2301",709.2,sc2210,3-4
2022-09-20,13.2,"sc2212,sc2301",707.4,sc2210,3-4
2022-09-21,13.0,"sc2212,sc2301",674.3,sc2210,3-4
2022-09-22,14.3,"sc2212,sc2301",653.6,sc2210,3-4
2022-09-23,12.8,"sc2212,sc2301",645.8,sc2210,3-4
2022-09-26,10.8,"sc2301,sc2302",624.8,sc2211,3-4
2022-09-27,9.2,"sc2301,sc2302",612.0,sc2211,3-4
2022-09-28,8.6,"sc2301,sc2302",612.2,sc2211,3-4
2022-09-29,8.8,"sc2301,sc2302",628.6,sc2211,3-4
2022-09-30,11.6,"sc2301,sc2302",631.5,sc2211,3-4
2022-10-10,13.2,"sc2301,sc2302",699.6,sc2211,3-4
2022-10-11,13.3,"sc2301,sc2302",702.2,sc2211,3-4
2022-10-12,13.1,"sc2301,sc2302",688.2,sc2211,3-4
2022-10-13,14.6,"sc2301,sc2302",684.8,sc2211,3-4
2022-10-14,14.1,"sc2301,sc2302",689.7,sc2211,3-4
2022-10-17,14.6,"sc2301,sc2302",676.7,sc2211,3-4
2022-10-18,16.6,"sc2301,sc2302",677.9,sc2211,3-4
2022-10-19,16.7,"sc2301,sc2302",665.4,sc2211,3-4
2022-10-20,14.2,"sc2301,sc2302",667.1,sc2211,3-4
2022-10-21,13.2,"sc2301,sc2302",669.6,sc2211,3-4
2022-10-24,13.1,"sc2301,sc2302",670.1,sc2211,3-4
2022-10-25,12.7,"sc2301,sc2302",669.9,sc2211,3-4
2022-10-26,11.7,"sc2301,sc2302",671.3,sc2211,3-4
2022-10-27,12.3,"sc2301,sc2302",677.4,sc2211,3-4
2022-10-28,13.2,"sc2301,sc2302",684.9,sc2211,3-4
2022-10-31,12.1,"sc2301,sc2302",686.8,sc2211,3-4
2022-11-01,11.5,"sc2302,sc2303",685.5,sc2212,3-4
2022-11-02,13.0,"sc2302,sc2303",696.3,sc2212,3-4
2022-11-03,14.6,"sc2302,sc2303",698.4,sc2212,3-4
2022-11-04,14.5,"sc2302,sc2303",699.9,sc2212,3-4
2022-11-07,16.2,"sc2302,sc2303",715.4,sc2212,3-4
2022-11-08,16.7,"sc2302,sc2303",716.5,sc2212,3-4
2022-11-09,14.9,"sc2302,sc2303",700.6,sc2212,3-4
2022-11-10,13.9,"sc2302,sc2303",677.4,sc2212,3-4
2022-11-11,12.1,"sc2302,sc2303",673.8,sc2212,3-4
2022-11-14,9.9,"sc2302,sc2303",677.5,sc2212,3-4
2022-11-15,7.4,"sc2302,sc2303",658.4,sc2212,3-4
2022-11-16,5.6,"sc2302,sc2303",647.0,sc2212,3-4
2022-11-17,4.0,"sc2302,sc2303",636.7,sc2212,3-4
2022-11-18,2.5,"sc2302,sc2303",623.1,sc2212,3-4
2022-11-21,2.6,"sc2302,sc2303",601.6,sc2212,3-4
2022-11-22,0.9,"sc2302,sc2303",591.8,sc2212,3-4
2022-11-23,1.5,"sc2302,sc2303",601.9,sc2212,3-4
2022-11-24,-0.8,"sc2302,sc2303",575.0,sc2212,3-4
2022-11-25,-2.5,"sc2302,sc2303",576.1,sc2212,3-4
2022-11-28,-3.2,"sc2302,sc2303",556.0,sc2212,3-4
2022-11-29,-3.2,"sc2302,sc2303",554.9,sc2212,3-4
2022-11-30,-4.1,"sc2302,sc2303",579.2,sc2212,3-4
2022-12-01,-0.7,"sc2303,sc2304",578.9,sc2301,3-4
2022-12-02,-2.0,"sc2303,sc2304",577.7,sc2301,3-4
2022-12-05,-1.8,"sc2303,sc2304",570.0,sc2301,3-4
2022-12-06,-2.0,"sc2303,sc2304",552.6,sc2301,3-4
2022-12-07,-2.5,"sc2303,sc2304",523.3,sc2301,3-4
2022-12-08,-2.6,"sc2303,sc2304",512.6,sc2301,3-4
2022-12-09,-3.0,"sc2303,sc2304",505.1,sc2301,3-4
2022-12-12,-3.5,"sc2303,sc2304",501.6,sc2301,3-4
2022-12-13,-3.4,"sc2303,sc2304",510.2,sc2301,3-4
2022-12-14,-3.4,"sc2303,sc2304",521.7,sc2301,3-4
2022-12-15,-3.2,"sc2303,sc2304",530.3,sc2301,3-4
2022-12-16,-3.2,"sc2303,sc2304",528.4,sc2301,3-4
2022-12-19,-3.3,"sc2303,sc2304",520.0,sc2301,3-4
2022-12-20,-2.5,"sc2303,sc2304",528.4,sc2301,3-4
2022-12-21,-2.4,"sc2303,sc2304",529.2,sc2301,3-4
2022-12-22,-2.6,"sc2303,sc2304",538.0,sc2301,3-4
2022-12-23,-0.2,"sc2304,sc2305",546.8,sc2302,3-4
2022-12-26,0.1,"sc2304,sc2305",559.7,sc2302,3-4
2022-12-27,-0.4,"sc2304,sc2305",562.5,sc2302,3-4
2022-12-28,0.0,"sc2304,sc2305",565.5,sc2302,3-4
2022-12-29,-0.1,"sc2304,sc2305",552.9,sc2302,3-4
2022-12-30,0.8,"sc2304,sc2305",553.7,sc2302,3-4
2023-01-03,2.0,"sc2304,sc2305",564.2,sc2302,3-4
2023-01-04,-0.2,"sc2304,sc2305",549.9,sc2302,3-4
2023-01-05,-1.3,"sc2304,sc2305",521.1,sc2302,3-4
2023-01-06,-2.0,"sc2304,sc2305",525.5,sc2302,3-4
2023-01-09,-1.9,"sc2304,sc2305",525.7,sc2302,3-4
2023-01-10,-1.7,"sc2304,sc2305",524.4,sc2302,3-4
2023-01-11,-2.3,"sc2304,sc2305",519.5,sc2302,3-4
2023-01-12,-2.6,"sc2304,sc2305",527.3,sc2302,3-4
2023-01-13,-2.8,"sc2304,sc2305",538.8,sc2302,3-4
2023-01-16,-2.3,"sc2304,sc2305",539.4,sc2302,3-4
2023-01-17,1.4,"sc2305,sc2306",544.2,sc2303,3-4
2023-01-18,1.9,"sc2305,sc2306",559.6,sc2303,3-4
2023-01-19,1.4,"sc2305,sc2306",556.2,sc2303,3-4
2023-01-20,1.5,"sc2305,sc2306",559.8,sc2303,3-4
2023-01-30,2.5,"sc2305,sc2306",560.0,sc2303,3-4
2023-01-31,1.9,"sc2305,sc2306",546.6,sc2303,3-4
2023-02-01,1.3,"sc2305,sc2306",548.4,sc2303,3-4
2023-02-02,1.0,"sc2305,sc2306",540.8,sc2303,3-4
2023-02-03,0.5,"sc2305,sc2306",532.3,sc2303,3-4
2023-02-06,0.4,"sc2305,sc2306",526.5,sc2303,3-4
2023-02-07,-0.2,"sc2305,sc2306",523.8,sc2303,3-4
2023-02-08,0.1,"sc2305,sc2306",537.9,sc2303,3-4
2023-02-09,1.3,"sc2305,sc2306",550.9,sc2303,3-4
2023-02-10,1.8,"sc2305,sc2306",552.6,sc2303,3-4
2023-02-13,2.3,"sc2305,sc2306",563.0,sc2303,3-4
2023-02-14,2.9,"sc2305,sc2306",566.3,sc2303,3-4
2023-02-15,3.4,"sc2305,sc2306",567.9,sc2303,3-4
2023-02-16,4.0,"sc2305,sc2306",572.4,sc2303,3-4
2023-02-17,3.9,"sc2305,sc2306",579.1,sc2303,3-4
2023-02-20,1.8,"sc2305,sc2306",559.1,sc2303,3-4
2023-02-21,0.2,"sc2305,sc2306",557.0,sc2303,3-4
2023-02-22,-0.3,"sc2305,sc2306",556.1,sc2303,3-4
2023-02-23,-0.9,"sc2305,sc2306",552.0,sc2303,3-4
2023-02-24,-0.7,"sc2305,sc2306",548.6,sc2303,3-4
2023-02-27,0.5,"sc2305,sc2306",561.2,sc2303,3-4
2023-02-28,-0.2,"sc2305,sc2306",553.0,sc2303,3-4
2023-03-01,0.3,"sc2306,sc2307",556.5,sc2304,3-4
2023-03-02,0.9,"sc2306,sc2307",556.0,sc2304,3-4
2023-03-03,1.6,"sc2306,sc2307",566.5,sc2304,3-4
2023-03-06,1.6,"sc2306,sc2307",568.7,sc2304,3-4
2023-03-07,1.9,"sc2306,sc2307",579.2,sc2304,3-4
2023-03-08,1.2,"sc2306,sc2307",571.1,sc2304,3-4
2023-03-09,0.6,"sc2306,sc2307",560.5,sc2304,3-4
2023-03-10,0.5,"sc2306,sc2307",557.3,sc2304,3-4
2023-03-13,0.4,"sc2306,sc2307",551.7,sc2304,3-4
2023-03-14,-0.1,"sc2306,sc2307",535.6,sc2304,3-4
2023-03-15,-0.8,"sc2306,sc2307",526.7,sc2304,3-4
2023-03-16,-1.4,"sc2306,sc2307",496.4,sc2304,3-4
2023-03-17,-0.9,"sc2306,sc2307",496.1,sc2304,3-4
2023-03-20,-1.2,"sc2306,sc2307",490.2,sc2304,3-4
2023-03-21,-0.8,"sc2306,sc2307",486.1,sc2304,3-4
2023-03-22,-0.8,"sc2306,sc2307",497.7,sc2304,3-4
2023-03-23,-0.8,"sc2306,sc2307",504.4,sc2304,3-4
2023-03-24,-0.7,"sc2306,sc2307",505.2,sc2304,3-4
2023-03-27,-1.3,"sc2306,sc2307",498.0,sc2304,3-4
2023-03-28,-1.8,"sc2306,sc2307",514.8,sc2304,3-4
2023-03-29,-2.0,"sc2306,sc2307",524.3,sc2304,3-4
2023-03-30,-2.0,"sc2306,sc2307",525.8,sc2304,3-4
2023-03-31,-1.7,"sc2306,sc2307",531.0,sc2304,3-4
2023-04-03,0.4,"sc2307,sc2308",547.2,sc2305,3-4
2023-04-04,2.3,"sc2307,sc2308",576.9,sc2305,3-4
2023-04-06,2.3,"sc2307,sc2308",583.0,sc2305,3-4
2023-04-07,2.1,"sc2307,sc2308",586.9,sc2305,3-4
2023-04-10,2.0,"sc2307,sc2308",589.3,sc2305,3-4
2023-04-11,2.2,"sc2307,sc2308",586.3,sc2305,3-4
2023-04-12,2.8,"sc2307,sc2308",591.9,sc2305,3-4
2023-04-13,2.9,"sc2307,sc2308",601.8,sc2305,3-4
2023-04-14,2.6,"sc2307,sc2308",597.4,sc2305,3-4
2023-04-17,2.5,"sc2307,sc2308",599.2,sc2305,3-4
2023-04-18,2.2,"sc2307,sc2308",597.5,sc2305,3-4
2023-04-19,2.3,"sc2307,sc2308",593.6,sc2305,3-4
2023-04-20,1.5,"sc2307,sc2308",580.9,sc2305,3-4
2023-04-21,1.4,"sc2307,sc2308",566.6,sc2305,3-4
2023-04-24,1.5,"sc2307,sc2308",565.4,sc2305,3-4
2023-04-25,1.8,"sc2307,sc2308",566.9,sc2305,3-4
2023-04-26,0.6,"sc2307,sc2308",561.8,sc2305,3-4
2023-04-27,0.2,"sc2307,sc2308",534.9,sc2305,3-4
2023-04-28,-0.5,"sc2307,sc2308",545.9,sc2305,3-4
2023-05-04,-1.0,"sc2308,sc2309",494.9,sc2306,3-4
2023-05-05,-1.1,"sc2308,sc2309",491.7,sc2306,3-4
2023-05-08,-0.8,"sc2308,sc2309",508.7,sc2306,3-4
2023-05-09,-0.6,"sc2308,sc2309",518.9,sc2306,3-4
2023-05-10,-0.1,"sc2308,sc2309",517.5,sc2306,3-4
2023-05-11,-0.3,"sc2308,sc2309",514.7,sc2306,3-4
2023-05-12,-0.9,"sc2308,sc2309",502.1,sc2306,3-4
2023-05-15,-0.8,"sc2308,sc2309",496.2,sc2306,3-4
2023-05-16,-0.6,"sc2308,sc2309",505.7,sc2306,3-4
2023-05-17,-0.7,"sc2308,sc2309",504.1,sc2306,3-4
2023-05-18,-0.9,"sc2308,sc2309",512.7,sc2306,3-4
2023-05-19,-1.0,"sc2308,sc2309",514.4,sc2306,3-4
2023-05-22,-0.3,"sc2308,sc2309",509.6,sc2306,3-4
2023-05-23,-0.2,"sc2308,sc2309",513.7,sc2306,3-4
2023-05-24,-0.1,"sc2308,sc2309",523.5,sc2306,3-4
2023-05-25,0.2,"sc2308,sc2309",529.4,sc2306,3-4
2023-05-26,-0.1,"sc2308,sc2309",516.7,sc2306,3-4
2023-05-29,0.1,"sc2308,sc2309",527.4,sc2306,3-4
2023-05-30,0.2,"sc2308,sc2309",528.2,sc2306,3-4
2023-05-31,-0.8,"sc2308,sc2309",517.5,sc2306,3-4
2023-06-01,-0.3,"sc2309,sc2310",501.9,sc2307,3-4
2023-06-02,0.2,"sc2309,sc2310",511.8,sc2307,3-4
2023-06-05,0.5,"sc2309,sc2310",523.7,sc2307,3-4
2023-06-06,0.4,"sc2309,sc2310",528.0,sc2307,3-4
2023-06-07,0.4,"sc2309,sc2310",524.1,sc2307,3-4
2023-06-08,0.7,"sc2309,sc2310",534.2,sc2307,3-4
2023-06-09,0.5,"sc2309,sc2310",527.3,sc2307,3-4
2023-06-12,1.0,"sc2309,sc2310",523.1,sc2307,3-4
2023-06-13,0.2,"sc2309,sc2310",506.3,sc2307,3-4
2023-06-14,0.8,"sc2309,sc2310",519.6,sc2307,3-4
2023-06-15,0.8,"sc2309,sc2310",517.6,sc2307,3-4
2023-06-16,1.1,"sc2309,sc2310",525.1,sc2307,3-4
2023-06-19,1.1,"sc2309,sc2310",530.0,sc2307,3-4
2023-06-20,0.6,"sc2309,sc2310",533.6,sc2307,3-4
2023-06-21,2.3,"sc2309,sc2310",542.5,sc2307,3-4
2023-06-26,3.1,"sc2309,sc2310",539.3,sc2307,3-4
2023-06-27,3.4,"sc2309,sc2310",541.1,sc2307,3-4
2023-06-28,3.4,"sc2309,sc2310",534.6,sc2307,3-4
2023-06-29,3.4,"sc2309,sc2310",539.1,sc2307,3-4
2023-06-30,3.7,"sc2309,sc2310",542.1,sc2307,3-4
2023-07-03,3.7,"sc2310,sc2311",551.7,sc2308,3-4
2023-07-04,3.8,"sc2310,sc2311",551.0,sc2308,3-4
2023-07-05,3.7,"sc2310,sc2311",553.8,sc2308,3-4
2023-07-06,3.4,"sc2310,sc2311",558.8,sc2308,3-4
2023-07-07,2.8,"sc2310,sc2311",556.5,sc2308,3-4
2023-07-10,3.1,"sc2310,sc2311",565.3,sc2308,3-4
2023-07-11,3.3,"sc2310,sc2311",568.8,sc2308,3-4
2023-07-12,3.8,"sc2310,sc2311",574.4,sc2308,3-4
2023-07-13,4.0,"sc2310,sc2311",578.6,sc2308,3-4
2023-07-14,3.9,"sc2310,sc2311",584.9,sc2308,3-4
2023-07-17,3.7,"sc2310,sc2311",580.1,sc2308,3-4
2023-07-18,4.1,"sc2310,sc2311",577.2,sc2308,3-4
2023-07-19,4.0,"sc2310,sc2311",583.4,sc2308,3-4
2023-07-20,4.5,"sc2310,sc2311",589.1,sc2308,3-4
2023-07-21,3.9,"sc2310,sc2311",585.3,sc2308,3-4
2023-07-24,4.5,"sc2310,sc2311",587.7,sc2308,3-4
2023-07-25,4.6,"sc2310,sc2311",598.9,sc2308,3-4
2023-07-26,4.2,"sc2310,sc2311",601.8,sc2308,3-4
2023-07-27,3.8,"sc2310,sc2311",606.8,sc2308,3-4
2023-07-28,3.9,"sc2310,sc2311",610.3,sc2308,3-4
2023-07-31,4.1,"sc2310,sc2311",604.4,sc2308,3-4
2023-08-01,3.6,"sc2311,sc2312",618.2,sc2309,3-4
2023-08-02,3.9,"sc2311,sc2312",621.8,sc2309,3-4
2023-08-03,3.8,"sc2311,sc2312",610.6,sc2309,3-4
2023-08-04,4.1,"sc2311,sc2312",619.3,sc2309,3-4
2023-08-07,4.7,"sc2311,sc2312",627.5,sc2309,3-4
2023-08-08,4.7,"sc2311,sc2312",625.5,sc2309,3-4
2023-08-09,5.0,"sc2311,sc2312",626.9,sc2309,3-4
2023-08-10,5.7,"sc2311,sc2312",638.1,sc2309,3-4
2023-08-11,6.4,"sc2311,sc2312",639.4,sc2309,3-4
2023-08-14,8.2,"sc2311,sc2312",658.7,sc2309,3-4
2023-08-15,8.3,"sc2311,sc2312",658.7,sc2309,3-4
2023-08-16,9.4,"sc2311,sc2312",655.8,sc2309,3-4
2023-08-17,9.5,"sc2311,sc2312",655.6,sc2309,3-4
2023-08-18,9.9,"sc2311,sc2312",658.4,sc2309,3-4
2023-08-21,11.0,"sc2311,sc2312",667.6,sc2309,3-4
2023-08-22,10.6,"sc2311,sc2312",671.8,sc2309,3-4
2023-08-23,7.1,"sc2311,sc2312",665.6,sc2309,3-4
2023-08-24,7.0,"sc2311,sc2312",668.8,sc2309,3-4
2023-08-25,7.3,"sc2311,sc2312",678.7,sc2309,3-4
2023-08-28,8.0,"sc2311,sc2312",690.9,sc2309,3-4
2023-08-29,7.9,"sc2311,sc2312",657.4,sc2309,3-4
2023-08-30,8.3,"sc2311,sc2312",632.0,sc2309,3-4
2023-08-31,8.5,"sc2311,sc2312",607.6,sc2309,3-4
2023-09-01,7.4,"sc2312,sc2401",649.8,sc2310,3-4
2023-09-04,8.5,"sc2312,sc2401",666.2,sc2310,3-4
2023-09-05,8.3,"sc2312,sc2401",668.6,sc2310,3-4
2023-09-06,10.4,"sc2312,sc2401",690.0,sc2310,3-4
2023-09-07,10.6,"sc2312,sc2401",691.0,sc2310,3-4
2023-09-08,10.1,"sc2312,sc2401",693.8,sc2310,3-4
2023-09-11,8.9,"sc2312,sc2401",694.8,sc2310,3-4
2023-09-12,8.6,"sc2312,sc2401",696.3,sc2310,3-4
2023-09-13,10.2,"sc2312,sc2401",708.3,sc2310,3-4
2023-09-14,10.5,"sc2312,sc2401",717.7,sc2310,3-4
2023-09-15,10.7,"sc2312,sc2401",736.8,sc2310,3-4
2023-09-18,9.9,"sc2312,sc2401",733.1,sc2310,3-4
2023-09-19,9.4,"sc2312,sc2401",736.7,sc2310,3-4
2023-09-20,8.9,"sc2312,sc2401",728.9,sc2310,3-4
2023-09-21,8.8,"sc2312,sc2401",725.6,sc2310,3-4
2023-09-22,9.1,"sc2312,sc2401",736.5,sc2310,3-4
2023-09-25,8.7,"sc2312,sc2401",731.7,sc2310,3-4
2023-09-26,8.1,"sc2312,sc2401",702.4,sc2310,3-4
2023-09-27,8.6,"sc2312,sc2401",695.9,sc2310,3-4
2023-09-28,12.1,"sc2312,sc2401",700.9,sc2310,3-4
2023-10-09,9.7,"sc2401,sc2402",660.7,sc2311,3-4
2023-10-10,10.0,"sc2401,sc2402",660.8,sc2311,3-4
2023-10-11,9.2,"sc2401,sc2402",657.0,sc2311,3-4
2023-10-12,8.8,"sc2401,sc2402",650.1,sc2311,3-4
2023-10-13,8.7,"sc2401,sc2402",652.3,sc2311,3-4
2023-10-16,10.6,"sc2401,sc2402",676.5,sc2311,3-4
2023-10-17,9.7,"sc2401,sc2402",674.6,sc2311,3-4
2023-10-18,9.8,"sc2401,sc2402",681.5,sc2311,3-4
2023-10-19,9.8,"sc2401,sc2402",689.1,sc2311,3-4
2023-10-20,9.5,"sc2401,sc2402",694.0,sc2311,3-4
2023-10-23,8.8,"sc2401,sc2402",694.9,sc2311,3-4
2023-10-24,8.0,"sc2401,sc2402",682.7,sc2311,3-4
2023-10-25,7.3,"sc2401,sc2402",668.0,sc2311,3-4
2023-10-26,6.9,"sc2401,sc2402",674.5,sc2311,3-4
2023-10-27,5.6,"sc2401,sc2402",673.0,sc2311,3-4
2023-10-30,4.6,"sc2401,sc2402",678.3,sc2311,3-4
2023-10-31,5.1,"sc2401,sc2402",671.6,sc2311,3-4
2023-11-01,5.7,"sc2402,sc2403",649.8,sc2312,3-4
2023-11-02,6.0,"sc2402,sc2403",650.1,sc2312,3-4
2023-11-03,6.3,"sc2402,sc2403",653.5,sc2312,3-4
2023-11-06,6.4,"sc2402,sc2403",647.3,sc2312,3-4
2023-11-07,4.4,"sc2402,sc2403",636.5,sc2312,3-4
2023-11-08,2.4,"sc2402,sc2403",610.4,sc2312,3-4
2023-11-09,1.7,"sc2402,sc2403",596.2,sc2312,3-4
2023-11-10,1.8,"sc2402,sc2403",596.9,sc2312,3-4
2023-11-13,1.6,"sc2402,sc2403",598.9,sc2312,3-4
2023-11-14,1.8,"sc2402,sc2403",602.7,sc2312,3-4
2023-11-15,1.2,"sc2402,sc2403",604.1,sc2312,3-4
2023-11-16,-0.2,"sc2402,sc2403",590.4,sc2312,3-4
2023-11-17,0.6,"sc2402,sc2403",568.9,sc2312,3-4
2023-11-20,0.5,"sc2402,sc2403",576.7,sc2312,3-4
2023-11-21,1.2,"sc2402,sc2403",587.4,sc2312,3-4
2023-11-22,0.3,"sc2402,sc2403",589.2,sc2312,3-4
2023-11-23,0.3,"sc2402,sc2403",571.9,sc2312,3-4
2023-11-24,0.4,"sc2402,sc2403",575.9,sc2312,3-4
2023-11-27,0.4,"sc2402,sc2403",573.3,sc2312,3-4
2023-11-28,0.5,"sc2402,sc2403",566.9,sc2312,3-4
2023-11-29,0.4,"sc2402,sc2403",573.7,sc2312,3-4
2023-11-30,-0.4,"sc2402,sc2403",577.1,sc2312,3-4
2023-12-01,0.4,"sc2403,sc2404",579.3,sc2401,3-4
2023-12-04,-0.3,"sc2403,sc2404",566.0,sc2401,3-4
2023-12-05,-0.5,"sc2403,sc2404",556.7,sc2401,3-4
2023-12-06,-1.1,"sc2403,sc2404",554.3,sc2401,3-4
2023-12-07,-1.2,"sc2403,sc2404",536.6,sc2401,3-4
2023-12-08,-0.2,"sc2403,sc2404",546.7,sc2401,3-4
2023-12-11,-0.5,"sc2403,sc2404",551.5,sc2401,3-4
2023-12-12,-0.4,"sc2403,sc2404",550.8,sc2401,3-4
2023-12-13,-1.2,"sc2403,sc2404",530.2,sc2401,3-4
2023-12-14,-1.6,"sc2403,sc2404",529.5,sc2401,3-4
2023-12-15,-1.1,"sc2403,sc2404",542.9,sc2401,3-4
2023-12-18,-0.7,"sc2403,sc2404",542.5,sc2401,3-4
2023-12-19,-0.6,"sc2403,sc2404",553.8,sc2401,3-4
2023-12-20,-0.8,"sc2403,sc2404",556.1,sc2401,3-4
2023-12-21,-0.2,"sc2403,sc2404",560.2,sc2401,3-4
2023-12-22,0.2,"sc2403,sc2404",554.9,sc2401,3-4
2023-12-25,-0.4,"sc2403,sc2404",552.7,sc2401,3-4
2023-12-26,-0.3,"sc2403,sc2404",553.7,sc2401,3-4
2023-12-27,-0.1,"sc2403,sc2404",567.3,sc2401,3-4
2023-12-28,-0.4,"sc2403,sc2404",560.2,sc2401,3-4
2023-12-29,-1.3,"sc2403,sc2404",551.2,sc2401,3-4
2024-01-02,-0.1,"sc2404,sc2405",547.2,sc2402,3-4
2024-01-03,-0.6,"sc2404,sc2405",544.7,sc2402,3-4
2024-01-04,-0.3,"sc2404,sc2405",554.3,sc2402,3-4
2024-01-05,-0.3,"sc2404,sc2405",552.9,sc2402,3-4
2024-01-08,-0.4,"sc2404,sc2405",556.6,sc2402,3-4
2024-01-09,-0.7,"sc2404,sc2405",539.0,sc2402,3-4
2024-01-10,0.0,"sc2404,sc2405",553.2,sc2402,3-4
2024-01-11,1.9,"sc2404,sc2405",559.0,sc2402,3-4
2024-01-12,2.1,"sc2404,sc2405",566.1,sc2402,3-4
2024-01-15,0.6,"sc2404,sc2405",562.8,sc2402,3-4
2024-01-16,0.7,"sc2404,sc2405",553.5,sc2402,3-4
2024-01-17,0.7,"sc2404,sc2405",554.5,sc2402,3-4
2024-01-18,0.7,"sc2404,sc2405",550.6,sc2402,3-4
2024-01-19,0.9,"sc2404,sc2405",557.9,sc2402,3-4
2024-01-22,0.6,"sc2404,sc2405",557.9,sc2402,3-4
2024-01-23,1.7,"sc2404,sc2405",564.2,sc2402,3-4
2024-01-24,1.2,"sc2404,sc2405",562.0,sc2402,3-4
2024-01-25,1.6,"sc2404,sc2405",567.7,sc2402,3-4
2024-01-26,1.0,"sc2404,sc2405",579.7,sc2402,3-4
2024-01-29,1.1,"sc2404,sc2405",587.6,sc2402,3-4
2024-01-30,0.2,"sc2404,sc2405",584.8,sc2402,3-4
2024-01-31,0.0,"sc2404,sc2405",577.8,sc2402,3-4
2024-02-01,1.2,"sc2405,sc2406",579.4,sc2403,3-4
2024-02-02,1.4,"sc2405,sc2406",572.2,sc2403,3-4
2024-02-05,1.0,"sc2405,sc2406",555.9,sc2403,3-4
2024-02-06,1.4,"sc2405,sc2406",556.6,sc2403,3-4
2024-02-07,2.0,"sc2405,sc2406",562.1,sc2403,3-4
2024-02-08,2.0,"sc2405,sc2406",567.4,sc2403,3-4
2024-02-19,3.3,"sc2405,sc2406",581.7,sc2403,3-4
2024-02-20,4.4,"sc2405,sc2406",598.7,sc2403,3-4
2024-02-21,3.8,"sc2405,sc2406",592.2,sc2403,3-4
2024-02-22,3.8,"sc2405,sc2406",593.2,sc2403,3-4
2024-02-23,5.3,"sc2405,sc2406",598.7,sc2403,3-4
2024-02-26,4.8,"sc2405,sc2406",595.7,sc2403,3-4
2024-02-27,4.3,"sc2405,sc2406",600.4,sc2403,3-4
2024-02-28,5.0,"sc2405,sc2406",613.0,sc2403,3-4
2024-02-29,5.0,"sc2405,sc2406",613.1,sc2403,3-4
2024-03-01,4.9,"sc2406,sc2407",607.0,sc2404,3-4
2024-03-04,5.8,"sc2406,sc2407",617.9,sc2404,3-4
2024-03-05,5.9,"sc2406,sc2407",615.4,sc2404,3-4
2024-03-06,5.1,"sc2406,sc2407",608.9,sc2404,3-4
2024-03-07,5.6,"sc2406,sc2407",614.2,sc2404,3-4
2024-03-08,5.3,"sc2406,sc2407",613.6,sc2404,3-4
2024-03-11,5.7,"sc2406,sc2407",610.0,sc2404,3-4
2024-03-12,6.4,"sc2406,sc2407",616.1,sc2404,3-4
2024-03-13,6.6,"sc2406,sc2407",621.0,sc2404,3-4
2024-03-14,5.8,"sc2406,sc2407",630.5,sc2404,3-4
2024-03-15,5.8,"sc2406,sc2407",646.8,sc2404,3-4
2024-03-18,5.4,"sc2406,sc2407",635.7,sc2404,3-4
2024-03-19,5.2,"sc2406,sc2407",632.9,sc2404,3-4
2024-03-20,5.7,"sc2406,sc2407",637.0,sc2404,3-4
2024-03-21,5.5,"sc2406,sc2407",630.5,sc2404,3-4
2024-03-22,5.7,"sc2406,sc2407",626.7,sc2404,3-4
2024-03-25,7.1,"sc2406,sc2407",631.8,sc2404,3-4
2024-03-26,6.0,"sc2406,sc2407",636.3,sc2404,3-4
2024-03-27,5.5,"sc2406,sc2407",632.5,sc2404,3-4
2024-03-28,6.5,"sc2406,sc2407",635.0,sc2404,3-4
2024-03-29,5.7,"sc2406,sc2407",651.3,sc2404,3-4
2024-04-01,5.8,"sc2407,sc2408",645.2,sc2405,3-4
2024-04-02,6.0,"sc2407,sc2408",647.0,sc2405,3-4
2024-04-03,6.6,"sc2407,sc2408",656.1,sc2405,3-4
2024-04-08,7.3,"sc2407,sc2408",660.8,sc2405,3-4
2024-04-09,7.0,"sc2407,sc2408",666.2,sc2405,3-4
2024-04-10,7.3,"sc2407,sc2408",662.2,sc2405,3-4
2024-04-11,7.4,"sc2407,sc2408",666.3,sc2405,3-4
2024-04-12,7.2,"sc2407,sc2408",667.7,sc2405,3-4
2024-04-15,6.0,"sc2407,sc2408",670.6,sc2405,3-4
2024-04-16,5.6,"sc2407,sc2408",663.9,sc2405,3-4
2024-04-17,5.2,"sc2407,sc2408",665.4,sc2405,3-4
2024-04-18,5.1,"sc2407,sc2408",652.0,sc2405,3-4
2024-04-19,4.6,"sc2407,sc2408",650.8,sc2405,3-4
2024-04-22,4.7,"sc2407,sc2408",643.0,sc2405,3-4
2024-04-23,4.7,"sc2407,sc2408",640.9,sc2405,3-4
2024-04-24,4.9,"sc2407,sc2408",646.7,sc2405,3-4
2024-04-25,5.3,"sc2407,sc2408",652.6,sc2405,3-4
2024-04-26,5.1,"sc2407,sc2408",645.9,sc2405,3-4
2024-04-29,4.9,"sc2407,sc2408",652.5,sc2405,3-4
2024-04-30,5.8,"sc2407,sc2408",649.6,sc2405,3-4
2024-05-06,5.1,"sc2408,sc2409",634.0,sc2406,3-4
2024-05-07,4.7,"sc2408,sc2409",617.6,sc2406,3-4
2024-05-08,4.3,"sc2408,sc2409",615.5,sc2406,3-4
2024-05-09,4.1,"sc2408,sc2409",615.8,sc2406,3-4
2024-05-10,4.4,"sc2408,sc2409",620.1,sc2406,3-4
2024-05-13,4.3,"sc2408,sc2409",616.2,sc2406,3-4
2024-05-14,4.3,"sc2408,sc2409",618.2,sc2406,3-4
2024-05-15,4.0,"sc2408,sc2409",613.5,sc2406,3-4
2024-05-16,3.5,"sc2408,sc2409",610.3,sc2406,3-4
2024-05-17,3.8,"sc2408,sc2409",616.5,sc2406,3-4
2024-05-20,3.3,"sc2408,sc2409",619.6,sc2406,3-4
2024-05-21,3.2,"sc2408,sc2409",616.6,sc2406,3-4
2024-05-22,2.6,"sc2408,sc2409",607.8,sc2406,3-4
2024-05-23,2.1,"sc2408,sc2409",600.9,sc2406,3-4
2024-05-24,1.6,"sc2408,sc2409",599.3,sc2406,3-4
2024-05-27,1.7,"sc2408,sc2409",602.1,sc2406,3-4
2024-05-28,2.1,"sc2408,sc2409",608.4,sc2406,3-4
2024-05-29,2.1,"sc2408,sc2409",616.2,sc2406,3-4
2024-05-30,2.0,"sc2408,sc2409",620.8,sc2406,3-4
2024-05-31,1.2,"sc2408,sc2409",607.9,sc2406,3-4
2024-06-03,2.4,"sc2409,sc2410",599.7,sc2407,3-4
2024-06-04,1.6,"sc2409,sc2410",578.6,sc2407,3-4
2024-06-05,1.7,"sc2409,sc2410",570.5,sc2407,3-4
2024-06-06,1.9,"sc2409,sc2410",575.3,sc2407,3-4
2024-06-07,2.0,"sc2409,sc2410",583.1,sc2407,3-4
2024-06-11,3.3,"sc2409,sc2410",589.2,sc2407,3-4
2024-06-12,3.1,"sc2409,sc2410",601.9,sc2407,3-4
2024-06-13,3.1,"sc2409,sc2410",605.7,sc2407,3-4
2024-06-14,3.0,"sc2409,sc2410",606.4,sc2407,3-4
2024-06-17,3.0,"sc2409,sc2410",605.1,sc2407,3-4
2024-06-18,3.0,"sc2409,sc2410",612.8,sc2407,3-4
2024-06-19,2.9,"sc2409,sc2410",620.6,sc2407,3-4
2024-06-20,2.4,"sc2409,sc2410",623.6,sc2407,3-4
2024-06-21,2.5,"sc2409,sc2410",626.0,sc2407,3-4
2024-06-24,2.7,"sc2409,sc2410",625.1,sc2407,3-4
2024-06-25,2.5,"sc2409,sc2410",626.6,sc2407,3-4
2024-06-26,2.6,"sc2409,sc2410",625.1,sc2407,3-4
2024-06-27,2.5,"sc2409,sc2410",621.2,sc2407,3-4
2024-06-28,3.6,"sc2409,sc2410",625.0,sc2407,3-4
2024-07-01,3.8,"sc2410,sc2411",623.5,sc2408,3-4
2024-07-02,4.2,"sc2410,sc2411",631.1,sc2408,3-4
2024-07-03,4.4,"sc2410,sc2411",634.5,sc2408,3-4
2024-07-04,4.6,"sc2410,sc2411",634.3,sc2408,3-4
2024-07-05,4.6,"sc2410,sc2411",636.8,sc2408,3-4
2024-07-08,4.7,"sc2410,sc2411",634.2,sc2408,3-4
2024-07-09,4.7,"sc2410,sc2411",626.8,sc2408,3-4
2024-07-10,4.2,"sc2410,sc2411",620.2,sc2408,3-4
2024-07-11,4.1,"sc2410,sc2411",622.5,sc2408,3-4
2024-07-12,4.3,"sc2410,sc2411",620.7,sc2408,3-4
2024-07-15,4.3,"sc2410,sc2411",619.8,sc2408,3-4
2024-07-16,4.2,"sc2410,sc2411",615.9,sc2408,3-4
2024-07-17,4.1,"sc2410,sc2411",608.1,sc2408,3-4
2024-07-18,4.4,"sc2410,sc2411",615.0,sc2408,3-4
2024-07-19,4.3,"sc2410,sc2411",611.1,sc2408,3-4
2024-07-22,4.5,"sc2410,sc2411",600.1,sc2408,3-4
2024-07-23,3.6,"sc2410,sc2411",591.3,sc2408,3-4
2024-07-24,2.9,"sc2410,sc2411",583.6,sc2408,3-4
2024-07-25,2.5,"sc2410,sc2411",584.1,sc2408,3-4
2024-07-26,2.4,"sc2410,sc2411",585.3,sc2408,3-4
2024-07-29,2.3,"sc2410,sc2411",584.7,sc2408,3-4
2024-07-30,2.6,"sc2410,sc2411",586.3,sc2408,3-4
2024-07-31,2.8,"sc2410,sc2411",581.2,sc2408,3-4
2024-08-01,3.4,"sc2411,sc2412",587.9,sc2409,3-4
2024-08-02,3.5,"sc2411,sc2412",585.0,sc2409,3-4
2024-08-05,3.5,"sc2411,sc2412",555.7,sc2409,3-4
2024-08-06,3.7,"sc2411,sc2412",549.7,sc2409,3-4
2024-08-07,3.4,"sc2411,sc2412",546.3,sc2409,3-4
2024-08-08,3.4,"sc2411,sc2412",555.9,sc2409,3-4
2024-08-09,3.2,"sc2411,sc2412",560.4,sc2409,3-4
2024-08-12,2.7,"sc2411,sc2412",563.4,sc2409,3-4
2024-08-13,3.0,"sc2411,sc2412",576.4,sc2409,3-4
2024-08-14,3.4,"sc2411,sc2412",574.7,sc2409,3-4
2024-08-15,3.3,"sc2411,sc2412",568.8,sc2409,3-4
2024-08-16,3.1,"sc2411,sc2412",574.6,sc2409,3-4
2024-08-19,3.0,"sc2411,sc2412",563.2,sc2409,3-4
2024-08-20,2.9,"sc2411,sc2412",551.5,sc2409,3-4
2024-08-21,2.9,"sc2411,sc2412",545.2,sc2409,3-4
2024-08-22,2.6,"sc2411,sc2412",538.9,sc2409,3-4
2024-08-23,2.6,"sc2411,sc2412",540.2,sc2409,3-4
2024-08-26,3.1,"sc2411,sc2412",552.6,sc2409,3-4
2024-08-27,3.3,"sc2411,sc2412",566.9,sc2409,3-4
2024-08-28,3.6,"sc2411,sc2412",557.6,sc2409,3-4
2024-08-29,3.5,"sc2411,sc2412",551.9,sc2409,3-4
2024-08-30,4.2,"sc2411,sc2412",563.1,sc2409,3-4
2024-09-02,3.4,"sc2412,sc2501",542.6,sc2410,3-4
2024-09-03,3.7,"sc2412,sc2501",547.8,sc2410,3-4
2024-09-04,2.6,"sc2412,sc2501",526.2,sc2410,3-4
2024-09-05,2.6,"sc2412,sc2501",522.2,sc2410,3-4
2024-09-06,2.7,"sc2412,sc2501",520.5,sc2410,3-4
2024-09-09,2.6,"sc2412,sc2501",511.7,sc2410,3-4
2024-09-10,2.6,"sc2412,sc2501",510.9,sc2410,3-4
2024-09-11,1.9,"sc2412,sc2501",499.1,sc2410,3-4
2024-09-12,2.8,"sc2412,sc2501",505.1,sc2410,3-4
2024-09-13,2.8,"sc2412,sc2501",514.0,sc2410,3-4
2024-09-18,2.7,"sc2412,sc2501",514.3,sc2410,3-4
2024-09-19,2.7,"sc2412,sc2501",514.6,sc2410,3-4
2024-09-20,3.2,"sc2412,sc2501",521.9,sc2410,3-4
2024-09-23,3.7,"sc2412,sc2501",520.9,sc2410,3-4
2024-09-24,3.5,"sc2412,sc2501",520.1,sc2410,3-4
2024-09-25,4.2,"sc2412,sc2501",526.2,sc2410,3-4
2024-09-26,6.5,"sc2412,sc2501",532.0,sc2410,3-4
2024-09-27,6.9,"sc2412,sc2501",518.9,sc2410,3-4
2024-09-30,6.6,"sc2412,sc2501",520.7,sc2410,3-4
2024-10-08,-3.0,"sc2501,sc2502",551.1,sc2411,3-4
2024-10-09,3.4,"sc2501,sc2502",564.0,sc2411,3-4
2024-10-10,3.0,"sc2501,sc2502",554.3,sc2411,3-4
2024-10-11,3.3,"sc2501,sc2502",570.3,sc2411,3-4
2024-10-14,3.9,"sc2501,sc2502",574.5,sc2411,3-4
2024-10-15,3.8,"sc2501,sc2502",558.8,sc2411,3-4
2024-10-16,2.8,"sc2501,sc2502",539.1,sc2411,3-4
2024-10-17,2.9,"sc2501,sc2502",537.7,sc2411,3-4
2024-10-18,2.9,"sc2501,sc2502",537.0,sc2411,3-4
2024-10-21,3.2,"sc2501,sc2502",529.3,sc2411,3-4
2024-10-22,3.2,"sc2501,sc2502",535.9,sc2411,3-4
2024-10-23,3.0,"sc2501,sc2502",550.4,sc2411,3-4
2024-10-24,3.7,"sc2501,sc2502",551.9,sc2411,3-4
2024-10-25,3.2,"sc2501,sc2502",543.8,sc2411,3-4
2024-10-28,3.0,"sc2501,sc2502",535.9,sc2411,3-4
2024-10-29,2.3,"sc2501,sc2502",512.1,sc2411,3-4
2024-10-30,2.2,"sc2501,sc2502",509.6,sc2411,3-4
2024-10-31,2.5,"sc2501,sc2502",524.2,sc2411,3-4
2024-11-01,2.7,"sc2502,sc2503",528.3,sc2412,3-4
2024-11-04,2.7,"sc2502,sc2503",530.3,sc2412,3-4
2024-11-05,3.4,"sc2502,sc2503",536.3,sc2412,3-4
2024-11-06,3.2,"sc2502,sc2503",538.6,sc2412,3-4
2024-11-07,2.9,"sc2502,sc2503",540.4,sc2412,3-4
2024-11-08,2.9,"sc2502,sc2503",539.0,sc2412,3-4
2024-11-11,2.6,"sc2502,sc2503",532.2,sc2412,3-4
2024-11-12,1.8,"sc2502,sc2503",521.6,sc2412,3-4
2024-11-13,1.7,"sc2502,sc2503",525.7,sc2412,3-4
2024-11-14,1.7,"sc2502,sc2503",523.6,sc2412,3-4
2024-11-15,1.7,"sc2502,sc2503",526.5,sc2412,3-4
2024-11-18,1.4,"sc2502,sc2503",520.0,sc2412,3-4
2024-11-19,1.4,"sc2502,sc2503",527.7,sc2412,3-4
2024-11-20,1.7,"sc2502,sc2503",531.5,sc2412,3-4
2024-11-21,1.7,"sc2502,sc2503",536.0,sc2412,3-4
2024-11-22,1.7,"sc2502,sc2503",543.9,sc2412,3-4
2024-11-25,1.9,"sc2502,sc2503",542.6,sc2412,3-4
2024-11-26,1.8,"sc2502,sc2503",533.0,sc2412,3-4
2024-11-27,1.5,"sc2502,sc2503",531.6,sc2412,3-4
2024-11-28,1.6,"sc2502,sc2503",531.2,sc2412,3-4
2024-11-29,1.6,"sc2502,sc2503",520.4,sc2412,3-4
2024-12-02,1.9,"sc2503,sc2504",529.9,sc2501,3-4
2024-12-03,2.2,"sc2503,sc2504",529.9,sc2501,3-4
2024-12-04,2.3,"sc2503,sc2504",538.2,sc2501,3-4
2024-12-05,2.4,"sc2503,sc2504",535.4,sc2501,3-4
2024-12-06,2.2,"sc2503,sc2504",528.3,sc2501,3-4
2024-12-09,1.8,"sc2503,sc2504",522.1,sc2501,3-4
2024-12-10,2.2,"sc2503,sc2504",529.5,sc2501,3-4
2024-12-11,2.5,"sc2503,sc2504",530.6,sc2501,3-4
2024-12-12,3.0,"sc2503,sc2504",537.7,sc2501,3-4
2024-12-13,2.9,"sc2503,sc2504",542.5,sc2501,3-4
2024-12-16,3.1,"sc2503,sc2504",548.9,sc2501,3-4
2024-12-17,3.0,"sc2503,sc2504",548.7,sc2501,3-4
2024-12-18,2.9,"sc2503,sc2504",543.8,sc2501,3-4
2024-12-19,3.2,"sc2503,sc2504",548.5,sc2501,3-4
2024-12-20,3.1,"sc2503,sc2504",546.1,sc2501,3-4
2024-12-23,3.0,"sc2503,sc2504",543.7,sc2501,3-4
2024-12-24,2.7,"sc2503,sc2504",542.5,sc2501,3-4
2024-12-25,2.8,"sc2503,sc2504",548.5,sc2501,3-4
2024-12-26,2.7,"sc2503,sc2504",551.9,sc2501,3-4
2024-12-27,3.4,"sc2503,sc2504",552.8,sc2501,3-4
2024-12-30,3.5,"sc2503,sc2504",550.0,sc2501,3-4
2024-12-31,3.4,"sc2503,sc2504",549.8,sc2501,3-4
2025-01-02,3.3,"sc2504,sc2505",560.9,sc2502,3-4
2025-01-03,3.5,"sc2504,sc2505",571.1,sc2502,3-4
2025-01-06,3.7,"sc2504,sc2505",577.2,sc2502,3-4
2025-01-07,4.5,"sc2504,sc2505",579.6,sc2502,3-4
2025-01-08,5.0,"sc2504,sc2505",587.8,sc2502,3-4
2025-01-09,4.2,"sc2504,sc2505",583.6,sc2502,3-4
2025-01-10,4.2,"sc2504,sc2505",586.1,sc2502,3-4
2025-01-13,7.8,"sc2504,sc2505",613.7,sc2502,3-4
2025-01-14,9.1,"sc2504,sc2505",620.4,sc2502,3-4
2025-01-15,14.2,"sc2504,sc2505",630.8,sc2502,3-4
2025-01-16,13.9,"sc2504,sc2505",644.3,sc2502,3-4
2025-01-17,12.7,"sc2504,sc2505",642.2,sc2502,3-4
2025-01-20,13.5,"sc2504,sc2505",640.8,sc2502,3-4
2025-01-21,13.8,"sc2504,sc2505",661.0,sc2502,3-4
2025-01-22,14.2,"sc2504,sc2505",680.6,sc2502,3-4
2025-01-23,12.6,"sc2504,sc2505",683.2,sc2502,3-4
2025-01-24,10.9,"sc2504,sc2505",647.7,sc2502,3-4
2025-01-27,11.2,"sc2504,sc2505",621.0,sc2502,3-4
2025-02-05,9.7,"sc2505,sc2506",602.3,sc2503,3-4
2025-02-06,9.6,"sc2505,sc2506",598.2,sc2503,3-4
2025-02-07,9.7,"sc2505,sc2506",599.7,sc2503,3-4
2025-02-10,9.4,"sc2505,sc2506",606.4,sc2503,3-4
2025-02-11,8.6,"sc2505,sc2506",616.8,sc2503,3-4
2025-02-12,7.3,"sc2505,sc2506",620.5,sc2503,3-4
2025-02-13,6.0,"sc2505,sc2506",605.1,sc2503,3-4
2025-02-14,5.7,"sc2505,sc2506",594.0,sc2503,3-4
2025-02-17,4.8,"sc2505,sc2506",602.5,sc2503,3-4
2025-02-18,4.0,"sc2505,sc2506",605.6,sc2503,3-4
2025-02-19,3.7,"sc2505,sc2506",614.3,sc2503,3-4
2018-07-26,1.3,"sc1812,sc1901",501.9,sc1809,4-5
2018-07-27,3.0,"sc1812,sc1901",506.1,sc1809,4-5
2018-07-30,2.4,"sc1812,sc1901",507.1,sc1809,4-5
2018-07-31,1.8,"sc1812,sc1901",513.9,sc1809,4-5
2018-08-01,0.6,"sc1812,sc1901",506.0,sc1809,4-5
2018-08-02,0.9,"sc1812,sc1901",501.6,sc1809,4-5
2018-08-03,0.6,"sc1812,sc1901",508.8,sc1809,4-5
2018-08-06,1.4,"sc1812,sc1901",512.3,sc1809,4-5
2018-08-07,0.3,"sc1812,sc1901",534.1,sc1809,4-5
2018-08-08,1.8,"sc1812,sc1901",527.2,sc1809,4-5
2018-08-09,0.3,"sc1812,sc1901",518.9,sc1809,4-5
2018-08-10,0.7,"sc1812,sc1901",520.0,sc1809,4-5
2018-08-13,1.0,"sc1812,sc1901",522.5,sc1809,4-5
2018-08-14,1.1,"sc1812,sc1901",519.3,sc1809,4-5
2018-08-15,0.9,"sc1812,sc1901",519.4,sc1809,4-5
2018-08-16,0.7,"sc1812,sc1901",508.0,sc1809,4-5
2018-08-17,0.7,"sc1812,sc1901",505.2,sc1809,4-5
2018-08-20,0.7,"sc1812,sc1901",493.2,sc1809,4-5
2018-08-21,1.1,"sc1812,sc1901",480.5,sc1809,4-5
2018-08-22,0.7,"sc1812,sc1901",479.8,sc1809,4-5
2018-08-23,0.9,"sc1812,sc1901",485.0,sc1809,4-5
2018-08-24,1.1,"sc1812,sc1901",482.1,sc1809,4-5
2018-08-27,1.3,"sc1812,sc1901",482.2,sc1809,4-5
2018-08-28,1.7,"sc1812,sc1901",486.6,sc1809,4-5
2018-08-29,1.7,"sc1812,sc1901",485.7,sc1809,4-5
2018-08-30,1.5,"sc1812,sc1901",488.6,sc1809,4-5
2018-08-31,0.3,"sc1812,sc1901",488.3,sc1809,4-5
2018-09-03,2.3,"sc1901,sc1902",503.0,sc1810,4-5
2018-09-04,2.3,"sc1901,sc1902",504.6,sc1810,4-5
2018-09-05,2.2,"sc1901,sc1902",505.4,sc1810,4-5
2018-09-06,2.6,"sc1901,sc1902",501.1,sc1810,4-5
2018-09-07,1.6,"sc1901,sc1902",496.7,sc1810,4-5
2018-09-10,2.9,"sc1901,sc1902",498.5,sc1810,4-5
2018-09-11,2.9,"sc1901,sc1902",500.6,sc1810,4-5
2018-09-12,3.9,"sc1901,sc1902",503.6,sc1810,4-5
2018-09-13,0.6,"sc1901,sc1902",515.3,sc1810,4-5
2018-09-14,0.2,"sc1901,sc1902",501.3,sc1810,4-5
2018-09-17,0.3,"sc1901,sc1902",510.3,sc1810,4-5
2018-09-18,0.1,"sc1901,sc1902",507.7,sc1810,4-5
2018-09-19,-0.7,"sc1901,sc1902",528.5,sc1810,4-5
2018-09-20,1.0,"sc1901,sc1902",532.4,sc1810,4-5
2018-09-21,1.5,"sc1902,sc1903",521.7,sc1811,4-5
2018-09-25,-1.8,"sc1902,sc1903",540.6,sc1811,4-5
2018-09-26,0.3,"sc1902,sc1903",542.6,sc1811,4-5
2018-09-27,-1.0,"sc1902,sc1903",545.3,sc1811,4-5
2018-09-28,2.6,"sc1902,sc1903",548.3,sc1811,4-5
2018-10-08,-0.3,"sc1902,sc1903",561.2,sc1811,4-5
2018-10-10,0.3,"sc1902,sc1903",583.0,sc1811,4-5
2018-10-11,3.5,"sc1902,sc1903",579.7,sc1811,4-5
2018-10-12,4.6,"sc1902,sc1903",562.6,sc1811,4-5
2018-10-15,3.5,"sc1902,sc1903",563.6,sc1811,4-5
2018-10-16,5.0,"sc1902,sc1903",555.3,sc1811,4-5
2018-10-17,-3.2,"sc1902,sc1903",543.4,sc1811,4-5
2018-10-18,-3.4,"sc1902,sc1903",559.3,sc1811,4-5
2018-10-19,-3.7,"sc1902,sc1903",551.4,sc1811,4-5
2018-10-22,-3.4,"sc1902,sc1903",549.7,sc1811,4-5
2018-10-23,-2.9,"sc1902,sc1903",552.7,sc1811,4-5
2018-10-24,0.1,"sc1902,sc1903",572.0,sc1811,4-5
2018-10-25,1.1,"sc1902,sc1903",554.4,sc1811,4-5
2018-10-26,0.6,"sc1902,sc1903",577.5,sc1811,4-5
2018-10-29,-0.4,"sc1902,sc1903",576.7,sc1811,4-5
2018-10-30,-0.1,"sc1902,sc1903",576.7,sc1811,4-5
2018-10-31,-1.2,"sc1902,sc1903",573.3,sc1811,4-5
2018-11-01,3.6,"sc1903,sc1904",527.8,sc1812,4-5
2018-11-02,-1.8,"sc1903,sc1904",513.7,sc1812,4-5
2018-11-05,1.7,"sc1903,sc1904",507.8,sc1812,4-5
2018-11-06,3.9,"sc1903,sc1904",512.2,sc1812,4-5
2018-11-07,0.5,"sc1903,sc1904",504.4,sc1812,4-5
2018-11-08,3.0,"sc1903,sc1904",502.7,sc1812,4-5
2018-11-09,1.6,"sc1903,sc1904",497.8,sc1812,4-5
2018-11-12,3.2,"sc1903,sc1904",492.9,sc1812,4-5
2018-11-13,2.4,"sc1903,sc1904",491.9,sc1812,4-5
2018-11-14,-4.7,"sc1903,sc1904",473.8,sc1812,4-5
2018-11-15,1.7,"sc1903,sc1904",461.7,sc1812,4-5
2018-11-16,2.4,"sc1903,sc1904",465.0,sc1812,4-5
2018-11-19,3.6,"sc1903,sc1904",466.7,sc1812,4-5
2018-11-20,1.8,"sc1903,sc1904",459.7,sc1812,4-5
2018-11-21,-2.1,"sc1903,sc1904",441.8,sc1812,4-5
2018-11-22,-2.2,"sc1903,sc1904",438.6,sc1812,4-5
2018-11-23,-2.0,"sc1903,sc1904",432.0,sc1812,4-5
2018-11-26,-5.6,"sc1903,sc1904",411.4,sc1812,4-5
2018-11-27,-2.6,"sc1903,sc1904",409.1,sc1812,4-5
2018-11-28,-1.2,"sc1903,sc1904",413.0,sc1812,4-5
2018-11-29,-1.5,"sc1903,sc1904",407.2,sc1812,4-5
2018-11-30,-1.9,"sc1903,sc1904",396.7,sc1812,4-5
2018-12-03,-1.9,"sc1904,sc1905",419.4,sc1901,4-5
2018-12-04,-1.6,"sc1904,sc1905",428.6,sc1901,4-5
2018-12-05,-2.0,"sc1904,sc1905",428.3,sc1901,4-5
2018-12-06,-2.3,"sc1904,sc1905",428.0,sc1901,4-5
2018-12-07,-2.5,"sc1904,sc1905",413.3,sc1901,4-5
2018-12-10,-2.4,"sc1904,sc1905",431.1,sc1901,4-5
2018-12-11,-2.8,"sc1904,sc1905",421.8,sc1901,4-5
2018-12-12,-2.1,"sc1904,sc1905",423.7,sc1901,4-5
2018-12-13,-2.0,"sc1904,sc1905",424.6,sc1901,4-5
2018-12-14,-2.3,"sc1904,sc1905",422.5,sc1901,4-5
2018-12-17,-2.2,"sc1904,sc1905",419.0,sc1901,4-5
2018-12-18,-2.3,"sc1904,sc1905",411.6,sc1901,4-5
2018-12-19,-2.4,"sc1904,sc1905",395.1,sc1901,4-5
2018-12-20,-2.0,"sc1904,sc1905",398.1,sc1901,4-5
2018-12-21,-1.7,"sc1904,sc1905",400.9,sc1901,4-5
2018-12-24,-1.2,"sc1904,sc1905",394.5,sc1901,4-5
2018-12-25,-0.8,"sc1904,sc1905",385.0,sc1901,4-5
2018-12-26,-1.3,"sc1904,sc1905",374.7,sc1901,4-5
2018-12-27,-1.6,"sc1904,sc1905",381.0,sc1901,4-5
2018-12-28,-2.1,"sc1904,sc1905",377.0,sc1901,4-5
2019-01-02,-2.0,"sc1905,sc1906",370.7,sc1902,4-5
2019-01-03,-2.9,"sc1905,sc1906",379.8,sc1902,4-5
2019-01-04,-2.9,"sc1905,sc1906",388.7,sc1902,4-5
2019-01-07,-2.3,"sc1905,sc1906",401.4,sc1902,4-5
2019-01-08,-1.8,"sc1905,sc1906",405.1,sc1902,4-5
2019-01-09,-1.1,"sc1905,sc1906",412.2,sc1902,4-5
2019-01-10,-0.9,"sc1905,sc1906",423.6,sc1902,4-5
2019-01-11,-0.7,"sc1905,sc1906",424.5,sc1902,4-5
2019-01-14,-1.2,"sc1905,sc1906",416.3,sc1902,4-5
2019-01-15,-1.6,"sc1905,sc1906",412.4,sc1902,4-5
2019-01-16,-1.3,"sc1905,sc1906",410.5,sc1902,4-5
2019-01-17,-0.9,"sc1905,sc1906",411.8,sc1902,4-5
2019-01-18,-0.6,"sc1905,sc1906",410.5,sc1902,4-5
2019-01-21,-0.3,"sc1905,sc1906",414.6,sc1902,4-5
2019-01-22,0.1,"sc1905,sc1906",417.2,sc1902,4-5
2019-01-23,-0.4,"sc1905,sc1906",427.6,sc1902,4-5
2019-01-24,-0.7,"sc1905,sc1906",423.6,sc1902,4-5
2019-01-25,-0.6,"sc1905,sc1906",422.6,sc1902,4-5
2019-01-28,-1.5,"sc1906,sc1907",427.8,sc1903,4-5
2019-01-29,-1.1,"sc1906,sc1907",417.9,sc1903,4-5
2019-01-30,-1.3,"sc1906,sc1907",425.2,sc1903,4-5
2019-01-31,-1.5,"sc1906,sc1907",431.4,sc1903,4-5
2019-02-01,-0.8,"sc1906,sc1907",429.8,sc1903,4-5
2019-02-11,-1.1,"sc1906,sc1907",428.2,sc1903,4-5
2019-02-12,-1.2,"sc1906,sc1907",428.7,sc1903,4-5
2019-02-13,-1.1,"sc1906,sc1907",433.3,sc1903,4-5
2019-02-14,-0.7,"sc1906,sc1907",435.9,sc1903,4-5
2019-02-15,-0.3,"sc1906,sc1907",441.7,sc1903,4-5
2019-02-18,-0.6,"sc1906,sc1907",450.6,sc1903,4-5
2019-02-20,-0.9,"sc1906,sc1907",451.2,sc1903,4-5
2019-02-21,-0.7,"sc1906,sc1907",449.6,sc1903,4-5
2019-02-22,-1.1,"sc1906,sc1907",446.4,sc1903,4-5
2019-02-25,-1.3,"sc1906,sc1907",446.3,sc1903,4-5
2019-02-26,-1.9,"sc1906,sc1907",426.8,sc1903,4-5
2019-02-27,-2.8,"sc1906,sc1907",427.3,sc1903,4-5
2019-02-28,-2.9,"sc1906,sc1907",430.1,sc1903,4-5
2019-03-01,-2.3,"sc1907,sc1908",443.0,sc1904,4-5
2019-03-04,-1.7,"sc1907,sc1908",438.4,sc1904,4-5
2019-03-05,-1.9,"sc1907,sc1908",438.4,sc1904,4-5
2019-03-06,-2.1,"sc1907,sc1908",433.8,sc1904,4-5
2019-03-07,-2.0,"sc1907,sc1908",439.7,sc1904,4-5
2019-03-08,-1.7,"sc1907,sc1908",439.9,sc1904,4-5
2019-03-11,-2.1,"sc1907,sc1908",432.9,sc1904,4-5
2019-03-12,-1.7,"sc1907,sc1908",444.9,sc1904,4-5
2019-03-13,-1.6,"sc1907,sc1908",444.2,sc1904,4-5
2019-03-14,-1.6,"sc1907,sc1908",450.4,sc1904,4-5
2019-03-15,-1.0,"sc1907,sc1908",452.2,sc1904,4-5
2019-03-18,-1.7,"sc1907,sc1908",450.1,sc1904,4-5
2019-03-19,-1.1,"sc1907,sc1908",461.8,sc1904,4-5
2019-03-20,-0.6,"sc1907,sc1908",462.5,sc1904,4-5
2019-03-21,0.3,"sc1907,sc1908",466.3,sc1904,4-5
2019-03-22,0.6,"sc1907,sc1908",467.7,sc1904,4-5
2019-03-25,0.7,"sc1907,sc1908",459.0,sc1904,4-5
2019-03-26,0.4,"sc1907,sc1908",459.1,sc1904,4-5
2019-03-27,0.5,"sc1907,sc1908",463.3,sc1904,4-5
2019-03-28,0.6,"sc1907,sc1908",462.2,sc1904,4-5
2019-03-29,1.0,"sc1907,sc1908",453.5,sc1904,4-5
2019-04-01,1.1,"sc1908,sc1909",459.4,sc1905,4-5
2019-04-02,0.9,"sc1908,sc1909",467.5,sc1905,4-5
2019-04-03,1.1,"sc1908,sc1909",471.7,sc1905,4-5
2019-04-04,0.2,"sc1908,sc1909",469.5,sc1905,4-5
2019-04-08,0.5,"sc1908,sc1909",478.2,sc1905,4-5
2019-04-09,0.8,"sc1908,sc1909",479.3,sc1905,4-5
2019-04-10,0.4,"sc1908,sc1909",475.7,sc1905,4-5
2019-04-11,1.0,"sc1908,sc1909",480.3,sc1905,4-5
2019-04-12,0.7,"sc1908,sc1909",475.8,sc1905,4-5
2019-04-15,1.1,"sc1908,sc1909",473.7,sc1905,4-5
2019-04-16,1.6,"sc1908,sc1909",468.2,sc1905,4-5
2019-04-17,1.2,"sc1908,sc1909",470.7,sc1905,4-5
2019-04-18,0.3,"sc1908,sc1909",472.0,sc1905,4-5
2019-04-19,0.5,"sc1908,sc1909",472.5,sc1905,4-5
2019-04-22,0.8,"sc1908,sc1909",480.3,sc1905,4-5
2019-04-23,1.0,"sc1908,sc1909",489.0,sc1905,4-5
2019-04-24,1.7,"sc1908,sc1909",493.2,sc1905,4-5
2019-04-25,2.0,"sc1908,sc1909",494.7,sc1905,4-5
2019-04-26,2.7,"sc1908,sc1909",499.5,sc1905,4-5
2019-04-29,2.0,"sc1908,sc1909",485.7,sc1905,4-5
2019-04-30,2.1,"sc1908,sc1909",488.1,sc1905,4-5
2019-05-06,2.1,"sc1909,sc1910",472.5,sc1906,4-5
2019-05-07,2.2,"sc1909,sc1910",483.5,sc1906,4-5
2019-05-08,2.2,"sc1909,sc1910",480.2,sc1906,4-5
2019-05-09,2.1,"sc1909,sc1910",482.6,sc1906,4-5
2019-05-10,1.9,"sc1909,sc1910",486.1,sc1906,4-5
2019-05-13,2.2,"sc1909,sc1910",491.3,sc1906,4-5
2019-05-14,1.2,"sc1909,sc1910",497.1,sc1906,4-5
2019-05-15,2.5,"sc1909,sc1910",501.2,sc1906,4-5
2019-05-16,2.4,"sc1909,sc1910",505.5,sc1906,4-5
2019-05-17,3.0,"sc1909,sc1910",512.3,sc1906,4-5
2019-05-20,3.0,"sc1909,sc1910",514.2,sc1906,4-5
2019-05-21,3.7,"sc1909,sc1910",507.1,sc1906,4-5
2019-05-22,3.6,"sc1909,sc1910",504.0,sc1906,4-5
2019-05-23,3.4,"sc1909,sc1910",494.0,sc1906,4-5
2019-05-24,3.3,"sc1909,sc1910",469.7,sc1906,4-5
2019-05-27,2.9,"sc1909,sc1910",473.7,sc1906,4-5
2019-05-28,2.4,"sc1909,sc1910",475.0,sc1906,4-5
2019-05-29,1.9,"sc1909,sc1910",470.2,sc1906,4-5
2019-05-30,2.1,"sc1909,sc1910",466.1,sc1906,4-5
2019-05-31,1.9,"sc1909,sc1910",461.2,sc1906,4-5
2019-06-03,0.6,"sc1910,sc1911",435.2,sc1907,4-5
2019-06-04,0.4,"sc1910,sc1911",425.5,sc1907,4-5
2019-06-05,1.4,"sc1910,sc1911",426.2,sc1907,4-5
2019-06-06,0.3,"sc1910,sc1911",417.6,sc1907,4-5
2019-06-10,1.1,"sc1910,sc1911",434.5,sc1907,4-5
2019-06-11,0.6,"sc1910,sc1911",429.9,sc1907,4-5
2019-06-12,0.8,"sc1910,sc1911",426.1,sc1907,4-5
2019-06-13,0.4,"sc1910,sc1911",420.2,sc1907,4-5
2019-06-14,1.0,"sc1910,sc1911",425.5,sc1907,4-5
2019-06-17,1.0,"sc1910,sc1911",427.3,sc1907,4-5
2019-06-18,0.4,"sc1910,sc1911",419.6,sc1907,4-5
2019-06-19,-0.2,"sc1910,sc1911",420.0,sc1907,4-5
2019-06-20,-0.3,"sc1910,sc1911",418.9,sc1907,4-5
2019-06-21,0.5,"sc1910,sc1911",431.6,sc1907,4-5
2019-06-24,0.3,"sc1910,sc1911",436.8,sc1907,4-5
2019-06-25,0.8,"sc1910,sc1911",431.2,sc1907,4-5
2019-06-26,0.4,"sc1910,sc1911",432.9,sc1907,4-5
2019-06-27,0.0,"sc1910,sc1911",435.9,sc1907,4-5
2019-06-28,0.6,"sc1910,sc1911",437.4,sc1907,4-5
2019-07-01,0.0,"sc1911,sc1912",447.3,sc1908,4-5
2019-07-02,0.2,"sc1911,sc1912",442.0,sc1908,4-5
2019-07-03,1.2,"sc1911,sc1912",430.2,sc1908,4-5
2019-07-04,0.5,"sc1911,sc1912",431.9,sc1908,4-5
2019-07-05,0.5,"sc1911,sc1912",431.3,sc1908,4-5
2019-07-08,0.4,"sc1911,sc1912",439.1,sc1908,4-5
2019-07-09,0.4,"sc1911,sc1912",443.9,sc1908,4-5
2019-07-10,0.2,"sc1911,sc1912",441.6,sc1908,4-5
2019-07-11,0.2,"sc1911,sc1912",455.7,sc1908,4-5
2019-07-12,0.7,"sc1911,sc1912",457.8,sc1908,4-5
2019-07-15,0.8,"sc1911,sc1912",454.8,sc1908,4-5
2019-07-16,0.9,"sc1911,sc1912",453.0,sc1908,4-5
2019-07-17,0.9,"sc1911,sc1912",443.7,sc1908,4-5
2019-07-18,0.9,"sc1911,sc1912",433.5,sc1908,4-5
2019-07-19,0.5,"sc1911,sc1912",421.6,sc1908,4-5
2019-07-22,0.6,"sc1911,sc1912",423.1,sc1908,4-5
2019-07-23,0.5,"sc1911,sc1912",427.4,sc1908,4-5
2019-07-24,0.8,"sc1911,sc1912",430.4,sc1908,4-5
2019-07-25,1.6,"sc1911,sc1912",433.4,sc1908,4-5
2019-07-26,1.7,"sc1911,sc1912",435.8,sc1908,4-5
2019-07-29,1.8,"sc1911,sc1912",435.5,sc1908,4-5
2019-07-30,1.2,"sc1911,sc1912",425.2,sc1908,4-5
2019-07-31,1.0,"sc1911,sc1912",427.5,sc1908,4-5
2019-08-01,0.5,"sc1912,sc2001",444.0,sc1909,4-5
2019-08-02,0.0,"sc1912,sc2001",432.1,sc1909,4-5
2019-08-05,0.3,"sc1912,sc2001",433.5,sc1909,4-5
2019-08-06,0.3,"sc1912,sc2001",429.4,sc1909,4-5
2019-08-07,0.2,"sc1912,sc2001",423.3,sc1909,4-5
2019-08-08,-0.1,"sc1912,sc2001",408.6,sc1909,4-5
2019-08-09,-0.2,"sc1912,sc2001",409.9,sc1909,4-5
2019-08-12,-0.6,"sc1912,sc2001",418.8,sc1909,4-5
2019-08-13,-0.2,"sc1912,sc2001",419.7,sc1909,4-5
2019-08-14,0.0,"sc1912,sc2001",430.9,sc1909,4-5
2019-08-15,-0.3,"sc1912,sc2001",420.5,sc1909,4-5
2019-08-16,0.0,"sc1912,sc2001",418.6,sc1909,4-5
2019-08-19,0.4,"sc1912,sc2001",425.7,sc1909,4-5
2019-08-20,1.2,"sc1912,sc2001",432.8,sc1909,4-5
2019-08-21,1.6,"sc1912,sc2001",429.5,sc1909,4-5
2019-08-22,1.6,"sc1912,sc2001",432.7,sc1909,4-5
2019-08-23,1.4,"sc1912,sc2001",428.5,sc1909,4-5
2019-08-26,1.5,"sc1912,sc2001",422.8,sc1909,4-5
2019-08-27,1.5,"sc1912,sc2001",425.2,sc1909,4-5
2019-08-28,0.9,"sc1912,sc2001",423.0,sc1909,4-5
2019-08-29,0.7,"sc1912,sc2001",429.0,sc1909,4-5
2019-08-30,0.9,"sc1912,sc2001",411.8,sc1909,4-5
2019-09-02,1.1,"sc2001,sc2002",432.7,sc1910,4-5
2019-09-03,1.0,"sc2001,sc2002",430.3,sc1910,4-5
2019-09-04,1.4,"sc2001,sc2002",425.5,sc1910,4-5
2019-09-05,1.3,"sc2001,sc2002",439.2,sc1910,4-5
2019-09-06,1.3,"sc2001,sc2002",445.1,sc1910,4-5
2019-09-09,0.9,"sc2001,sc2002",444.6,sc1910,4-5
2019-09-10,1.7,"sc2001,sc2002",450.1,sc1910,4-5
2019-09-11,2.3,"sc2001,sc2002",460.9,sc1910,4-5
2019-09-12,2.4,"sc2001,sc2002",450.3,sc1910,4-5
2019-09-16,2.7,"sc2001,sc2002",479.8,sc1910,4-5
2019-09-17,3.7,"sc2001,sc2002",496.7,sc1910,4-5
2019-09-18,5.0,"sc2001,sc2002",487.2,sc1910,4-5
2019-09-19,5.6,"sc2001,sc2002",473.5,sc1910,4-5
2019-09-20,5.1,"sc2001,sc2002",458.5,sc1910,4-5
2019-09-23,4.7,"sc2001,sc2002",472.7,sc1910,4-5
2019-09-24,2.1,"sc2002,sc2003",464.3,sc1911,4-5
2019-09-25,2.2,"sc2002,sc2003",457.2,sc1911,4-5
2019-09-26,2.1,"sc2002,sc2003",449.8,sc1911,4-5
2019-09-27,1.9,"sc2002,sc2003",448.7,sc1911,4-5
2019-09-30,1.9,"sc2002,sc2003",448.1,sc1911,4-5
2019-10-08,1.5,"sc2002,sc2003",437.6,sc1911,4-5
2019-10-09,1.9,"sc2002,sc2003",447.0,sc1911,4-5
2019-10-10,2.7,"sc2002,sc2003",451.7,sc1911,4-5
2019-10-11,2.4,"sc2002,sc2003",458.1,sc1911,4-5
2019-10-14,2.6,"sc2002,sc2003",471.7,sc1911,4-5
2019-10-15,2.4,"sc2002,sc2003",466.6,sc1911,4-5
2019-10-16,2.6,"sc2002,sc2003",465.1,sc1911,4-5
2019-10-17,2.6,"sc2002,sc2003",451.4,sc1911,4-5
2019-10-18,2.2,"sc2002,sc2003",445.1,sc1911,4-5
2019-10-21,2.4,"sc2002,sc2003",443.2,sc1911,4-5
2019-10-22,2.0,"sc2002,sc2003",437.2,sc1911,4-5
2019-10-23,1.9,"sc2002,sc2003",438.6,sc1911,4-5
2019-10-24,1.9,"sc2002,sc2003",441.3,sc1911,4-5
2019-10-25,2.9,"sc2002,sc2003",451.1,sc1911,4-5
2019-10-28,3.8,"sc2002,sc2003",447.9,sc1911,4-5
2019-10-29,3.7,"sc2002,sc2003",456.7,sc1911,4-5
2019-10-30,4.3,"sc2002,sc2003",451.1,sc1911,4-5
2019-10-31,5.2,"sc2002,sc2003",452.8,sc1911,4-5
2019-11-01,2.6,"sc2003,sc2004",444.3,sc1912,4-5
2019-11-04,2.8,"sc2003,sc2004",449.3,sc1912,4-5
2019-11-05,2.5,"sc2003,sc2004",458.4,sc1912,4-5
2019-11-06,2.4,"sc2003,sc2004",459.6,sc1912,4-5
2019-11-07,3.1,"sc2003,sc2004",456.4,sc1912,4-5
2019-11-08,3.8,"sc2003,sc2004",456.0,sc1912,4-5
2019-11-11,4.7,"sc2003,sc2004",452.8,sc1912,4-5
2019-11-12,4.5,"sc2003,sc2004",455.9,sc1912,4-5
2019-11-13,3.9,"sc2003,sc2004",453.9,sc1912,4-5
2019-11-14,3.7,"sc2003,sc2004",453.4,sc1912,4-5
2019-11-15,3.0,"sc2003,sc2004",453.9,sc1912,4-5
2019-11-18,3.2,"sc2003,sc2004",453.7,sc1912,4-5
2019-11-19,3.0,"sc2003,sc2004",454.0,sc1912,4-5
2019-11-20,4.1,"sc2003,sc2004",451.2,sc1912,4-5
2019-11-21,3.2,"sc2003,sc2004",454.8,sc1912,4-5
2019-11-22,3.6,"sc2003,sc2004",453.8,sc1912,4-5
2019-11-25,3.0,"sc2003,sc2004",456.1,sc1912,4-5
2019-11-26,3.6,"sc2003,sc2004",454.6,sc1912,4-5
2019-11-27,3.2,"sc2003,sc2004",456.2,sc1912,4-5
2019-11-28,3.4,"sc2003,sc2004",447.3,sc1912,4-5
2019-11-29,3.8,"sc2003,sc2004",451.2,sc1912,4-5
2019-12-02,4.0,"sc2004,sc2005",454.8,sc2001,4-5
2019-12-03,3.4,"sc2004,sc2005",451.7,sc2001,4-5
2019-12-04,3.6,"sc2004,sc2005",449.2,sc2001,4-5
2019-12-05,4.1,"sc2004,sc2005",456.3,sc2001,4-5
2019-12-06,4.1,"sc2004,sc2005",458.0,sc2001,4-5
2019-12-09,3.8,"sc2004,sc2005",464.8,sc2001,4-5
2019-12-10,4.2,"sc2004,sc2005",469.2,sc2001,4-5
2019-12-11,3.9,"sc2004,sc2005",470.9,sc2001,4-5
2019-12-12,4.0,"sc2004,sc2005",466.1,sc2001,4-5
2019-12-13,4.2,"sc2004,sc2005",462.2,sc2001,4-5
2019-12-16,3.4,"sc2004,sc2005",467.4,sc2001,4-5
2019-12-17,3.8,"sc2004,sc2005",470.2,sc2001,4-5
2019-12-18,3.8,"sc2004,sc2005",480.4,sc2001,4-5
2019-12-19,3.8,"sc2004,sc2005",476.3,sc2001,4-5
2019-12-20,3.5,"sc2004,sc2005",468.0,sc2001,4-5
2019-12-23,3.2,"sc2005,sc2006",478.1,sc2002,4-5
2019-12-24,2.8,"sc2005,sc2006",479.1,sc2002,4-5
2019-12-25,2.8,"sc2005,sc2006",483.6,sc2002,4-5
2019-12-26,2.5,"sc2005,sc2006",484.4,sc2002,4-5
2019-12-27,2.7,"sc2005,sc2006",487.1,sc2002,4-5
2019-12-30,2.8,"sc2005,sc2006",490.2,sc2002,4-5
2019-12-31,3.2,"sc2005,sc2006",487.5,sc2002,4-5
2020-01-02,3.2,"sc2005,sc2006",481.7,sc2002,4-5
2020-01-03,3.1,"sc2005,sc2006",486.5,sc2002,4-5
2020-01-06,3.8,"sc2005,sc2006",507.8,sc2002,4-5
2020-01-07,4.3,"sc2005,sc2006",499.9,sc2002,4-5
2020-01-08,4.2,"sc2005,sc2006",498.4,sc2002,4-5
2020-01-09,3.1,"sc2005,sc2006",483.2,sc2002,4-5
2020-01-10,3.0,"sc2005,sc2006",470.9,sc2002,4-5
2020-01-13,2.6,"sc2005,sc2006",468.8,sc2002,4-5
2020-01-14,2.5,"sc2005,sc2006",458.6,sc2002,4-5
2020-01-15,1.9,"sc2005,sc2006",458.0,sc2002,4-5
2020-01-16,1.4,"sc2005,sc2006",453.3,sc2002,4-5
2020-01-17,2.0,"sc2006,sc2007",465.3,sc2003,4-5
2020-01-20,1.4,"sc2006,sc2007",466.1,sc2003,4-5
2020-01-21,1.9,"sc2006,sc2007",464.0,sc2003,4-5
2020-01-22,1.5,"sc2006,sc2007",461.0,sc2003,4-5
2020-01-23,2.1,"sc2006,sc2007",451.1,sc2003,4-5
2020-02-03,-8.9,"sc2006,sc2007",431.3,sc2003,4-5
2020-02-04,-0.3,"sc2006,sc2007",396.5,sc2003,4-5
2020-02-05,-1.1,"sc2006,sc2007",396.8,sc2003,4-5
2020-02-06,-0.5,"sc2006,sc2007",402.3,sc2003,4-5
2020-02-07,-1.3,"sc2006,sc2007",398.4,sc2003,4-5
2020-02-10,-1.5,"sc2006,sc2007",393.5,sc2003,4-5
2020-02-11,-2.2,"sc2006,sc2007",391.7,sc2003,4-5
2020-02-12,-1.8,"sc2006,sc2007",394.5,sc2003,4-5
2020-02-13,-1.3,"sc2006,sc2007",400.0,sc2003,4-5
2020-02-14,-0.9,"sc2006,sc2007",399.6,sc2003,4-5
2020-02-17,-0.7,"sc2006,sc2007",401.5,sc2003,4-5
2020-02-18,-0.9,"sc2006,sc2007",399.2,sc2003,4-5
2020-02-19,-1.1,"sc2006,sc2007",403.8,sc2003,4-5
2020-02-20,-0.8,"sc2006,sc2007",411.9,sc2003,4-5
2020-02-21,-0.5,"sc2006,sc2007",408.9,sc2003,4-5
2020-02-24,-0.9,"sc2006,sc2007",393.1,sc2003,4-5
2020-02-25,-1.6,"sc2006,sc2007",388.3,sc2003,4-5
2020-02-26,-2.8,"sc2006,sc2007",377.9,sc2003,4-5
2020-02-27,-2.4,"sc2006,sc2007",360.3,sc2003,4-5
2020-02-28,-2.3,"sc2006,sc2007",347.0,sc2003,4-5
2020-03-02,-2.5,"sc2007,sc2008",359.7,sc2004,4-5
2020-03-03,-1.8,"sc2007,sc2008",372.4,sc2004,4-5
2020-03-04,-2.5,"sc2007,sc2008",368.5,sc2004,4-5
2020-03-05,-2.5,"sc2007,sc2008",366.6,sc2004,4-5
2020-03-06,-2.9,"sc2007,sc2008",351.9,sc2004,4-5
2020-03-09,-2.1,"sc2007,sc2008",340.4,sc2004,4-5
2020-03-10,-2.0,"sc2007,sc2008",325.5,sc2004,4-5
2020-03-11,-7.3,"sc2007,sc2008",275.2,sc2004,4-5
2020-03-12,-7.1,"sc2007,sc2008",252.6,sc2004,4-5
2020-03-13,-7.5,"sc2007,sc2008",252.7,sc2004,4-5
2020-03-16,-7.5,"sc2007,sc2008",250.1,sc2004,4-5
2020-03-17,-7.6,"sc2007,sc2008",239.4,sc2004,4-5
2020-03-18,-7.4,"sc2007,sc2008",232.3,sc2004,4-5
2020-03-19,-7.8,"sc2007,sc2008",215.0,sc2004,4-5
2020-03-20,-7.3,"sc2007,sc2008",232.9,sc2004,4-5
2020-03-23,-7.2,"sc2007,sc2008",229.8,sc2004,4-5
2020-03-24,-7.5,"sc2007,sc2008",245.4,sc2004,4-5
2020-03-25,-7.6,"sc2007,sc2008",251.4,sc2004,4-5
2020-03-26,-7.6,"sc2007,sc2008",249.1,sc2004,4-5
2020-03-27,-7.6,"sc2007,sc2008",243.8,sc2004,4-5
2020-03-30,-7.8,"sc2007,sc2008",239.1,sc2004,4-5
2020-03-31,-7.7,"sc2007,sc2008",245.1,sc2004,4-5
2020-04-01,-7.7,"sc2008,sc2009",256.9,sc2005,4-5
2020-04-02,-7.6,"sc2008,sc2009",267.4,sc2005,4-5
2020-04-03,-7.1,"sc2008,sc2009",278.3,sc2005,4-5
2020-04-07,-6.8,"sc2008,sc2009",289.2,sc2005,4-5
2020-04-08,-6.6,"sc2008,sc2009",285.9,sc2005,4-5
2020-04-09,-6.3,"sc2008,sc2009",293.4,sc2005,4-5
2020-04-10,-6.9,"sc2008,sc2009",285.0,sc2005,4-5
2020-04-13,-7.6,"sc2008,sc2009",286.5,sc2005,4-5
2020-04-14,-7.9,"sc2008,sc2009",276.3,sc2005,4-5
2020-04-15,-8.7,"sc2008,sc2009",267.7,sc2005,4-5
2020-04-16,-12.8,"sc2008,sc2009",258.4,sc2005,4-5
2020-04-17,-14.2,"sc2008,sc2009",245.3,sc2005,4-5
2020-04-20,-14.7,"sc2008,sc2009",234.2,sc2005,4-5
2020-04-21,-15.0,"sc2008,sc2009",228.2,sc2005,4-5
2020-04-22,-13.4,"sc2008,sc2009",205.4,sc2005,4-5
2020-04-23,-17.0,"sc2008,sc2009",213.7,sc2005,4-5
2020-04-24,-17.3,"sc2008,sc2009",225.2,sc2005,4-5
2020-04-27,-18.2,"sc2008,sc2009",212.7,sc2005,4-5
2020-04-28,-20.1,"sc2008,sc2009",202.2,sc2005,4-5
2020-04-29,-21.9,"sc2008,sc2009",212.9,sc2005,4-5
2020-04-30,-20.4,"sc2008,sc2009",227.2,sc2005,4-5
2020-05-06,-13.7,"sc2009,sc2010",248.2,sc2006,4-5
2020-05-07,-13.3,"sc2009,sc2010",246.8,sc2006,4-5
2020-05-08,-12.2,"sc2009,sc2010",247.1,sc2006,4-5
2020-05-11,-12.5,"sc2009,sc2010",243.7,sc2006,4-5
2020-05-12,-12.2,"sc2009,sc2010",241.1,sc2006,4-5
2020-05-13,-11.6,"sc2009,sc2010",237.4,sc2006,4-5
2020-05-14,-11.4,"sc2009,sc2010",231.6,sc2006,4-5
2020-05-15,-10.0,"sc2009,sc2010",238.7,sc2006,4-5
2020-05-18,-8.7,"sc2009,sc2010",246.7,sc2006,4-5
2020-05-19,-8.0,"sc2009,sc2010",258.5,sc2006,4-5
2020-05-20,-7.8,"sc2009,sc2010",254.3,sc2006,4-5
2020-05-21,-7.4,"sc2009,sc2010",261.8,sc2006,4-5
2020-05-22,-7.5,"sc2009,sc2010",258.5,sc2006,4-5
2020-05-25,-8.6,"sc2009,sc2010",253.8,sc2006,4-5
2020-05-26,-8.0,"sc2009,sc2010",259.2,sc2006,4-5
2020-05-27,-8.4,"sc2009,sc2010",258.4,sc2006,4-5
2020-05-28,-8.2,"sc2009,sc2010",258.0,sc2006,4-5
2020-05-29,-8.0,"sc2009,sc2010",261.1,sc2006,4-5
2020-06-01,-7.4,"sc2010,sc2011",276.8,sc2007,4-5
2020-06-02,-7.6,"sc2010,sc2011",278.3,sc2007,4-5
2020-06-03,-7.2,"sc2010,sc2011",286.7,sc2007,4-5
2020-06-04,-7.1,"sc2010,sc2011",284.3,sc2007,4-5
2020-06-05,-7.7,"sc2010,sc2011",282.2,sc2007,4-5
2020-06-08,-6.7,"sc2010,sc2011",292.1,sc2007,4-5
2020-06-09,-6.4,"sc2010,sc2011",290.4,sc2007,4-5
2020-06-10,-6.5,"sc2010,sc2011",288.3,sc2007,4-5
2020-06-11,-6.6,"sc2010,sc2011",285.4,sc2007,4-5
2020-06-12,-7.9,"sc2010,sc2011",270.5,sc2007,4-5
2020-06-15,-8.7,"sc2010,sc2011",267.8,sc2007,4-5
2020-06-16,-9.0,"sc2010,sc2011",270.2,sc2007,4-5
2020-06-17,-8.2,"sc2010,sc2011",279.5,sc2007,4-5
2020-06-18,-8.0,"sc2010,sc2011",279.7,sc2007,4-5
2020-06-19,-7.8,"sc2010,sc2011",281.9,sc2007,4-5
2020-06-22,-7.7,"sc2010,sc2011",284.4,sc2007,4-5
2020-06-23,-7.9,"sc2010,sc2011",285.0,sc2007,4-5
2020-06-24,-8.4,"sc2010,sc2011",285.4,sc2007,4-5
2020-06-29,-8.0,"sc2010,sc2011",273.2,sc2007,4-5
2020-06-30,-7.8,"sc2010,sc2011",281.2,sc2007,4-5
2020-07-01,-6.5,"sc2011,sc2012",292.0,sc2008,4-5
2020-07-02,-6.2,"sc2011,sc2012",294.5,sc2008,4-5
2020-07-03,-5.9,"sc2011,sc2012",298.6,sc2008,4-5
2020-07-06,-6.6,"sc2011,sc2012",296.8,sc2008,4-5
2020-07-07,-6.8,"sc2011,sc2012",297.8,sc2008,4-5
2020-07-08,-6.7,"sc2011,sc2012",298.7,sc2008,4-5
2020-07-09,-6.3,"sc2011,sc2012",299.1,sc2008,4-5
2020-07-10,-7.0,"sc2011,sc2012",293.8,sc2008,4-5
2020-07-13,-7.4,"sc2011,sc2012",296.2,sc2008,4-5
2020-07-14,-8.3,"sc2011,sc2012",293.5,sc2008,4-5
2020-07-15,-8.3,"sc2011,sc2012",294.9,sc2008,4-5
2020-07-16,-9.9,"sc2011,sc2012",293.1,sc2008,4-5
2020-07-17,-10.0,"sc2011,sc2012",289.6,sc2008,4-5
2020-07-20,-10.8,"sc2011,sc2012",284.0,sc2008,4-5
2020-07-21,-10.4,"sc2011,sc2012",284.8,sc2008,4-5
2020-07-22,-10.4,"sc2011,sc2012",289.2,sc2008,4-5
2020-07-23,-10.8,"sc2011,sc2012",286.6,sc2008,4-5
2020-07-24,-10.5,"sc2011,sc2012",286.2,sc2008,4-5
2020-07-27,-10.8,"sc2011,sc2012",282.1,sc2008,4-5
2020-07-28,-11.7,"sc2011,sc2012",278.4,sc2008,4-5
2020-07-29,-11.7,"sc2011,sc2012",276.7,sc2008,4-5
2020-07-30,-11.5,"sc2011,sc2012",279.5,sc2008,4-5
2020-07-31,-11.5,"sc2011,sc2012",274.1,sc2008,4-5
2020-08-03,-7.7,"sc2012,sc2101",281.7,sc2009,4-5
2020-08-04,-7.8,"sc2012,sc2101",282.3,sc2009,4-5
2020-08-05,-8.2,"sc2012,sc2101",280.7,sc2009,4-5
2020-08-06,-9.6,"sc2012,sc2101",282.5,sc2009,4-5
2020-08-07,-9.6,"sc2012,sc2101",282.5,sc2009,4-5
2020-08-10,-9.3,"sc2012,sc2101",281.9,sc2009,4-5
2020-08-11,-9.0,"sc2012,sc2101",284.6,sc2009,4-5
2020-08-12,-8.5,"sc2012,sc2101",284.2,sc2009,4-5
2020-08-13,-8.7,"sc2012,sc2101",283.6,sc2009,4-5
2020-08-14,-9.1,"sc2012,sc2101",282.3,sc2009,4-5
2020-08-17,-9.6,"sc2012,sc2101",280.2,sc2009,4-5
2020-08-18,-9.5,"sc2012,sc2101",279.1,sc2009,4-5
2020-08-19,-9.9,"sc2012,sc2101",277.3,sc2009,4-5
2020-08-20,-9.6,"sc2012,sc2101",278.4,sc2009,4-5
2020-08-21,-9.5,"sc2012,sc2101",276.0,sc2009,4-5
2020-08-24,-9.4,"sc2012,sc2101",277.9,sc2009,4-5
2020-08-25,-9.1,"sc2012,sc2101",280.3,sc2009,4-5
2020-08-26,-8.8,"sc2012,sc2101",284.9,sc2009,4-5
2020-08-27,-8.5,"sc2012,sc2101",284.3,sc2009,4-5
2020-08-28,-8.1,"sc2012,sc2101",282.4,sc2009,4-5
2020-08-31,-7.8,"sc2012,sc2101",283.3,sc2009,4-5
2020-09-01,-6.8,"sc2101,sc2102",295.7,sc2010,4-5
2020-09-02,-6.9,"sc2101,sc2102",293.5,sc2010,4-5
2020-09-03,-6.9,"sc2101,sc2102",288.2,sc2010,4-5
2020-09-04,-6.9,"sc2101,sc2102",285.0,sc2010,4-5
2020-09-07,-7.2,"sc2101,sc2102",279.3,sc2010,4-5
2020-09-08,-7.8,"sc2101,sc2102",273.9,sc2010,4-5
2020-09-09,-10.3,"sc2101,sc2102",251.4,sc2010,4-5
2020-09-10,-10.6,"sc2101,sc2102",250.6,sc2010,4-5
2020-09-11,-11.1,"sc2101,sc2102",247.6,sc2010,4-5
2020-09-14,-10.8,"sc2101,sc2102",245.8,sc2010,4-5
2020-09-15,-10.6,"sc2101,sc2102",245.5,sc2010,4-5
2020-09-16,-10.1,"sc2101,sc2102",251.3,sc2010,4-5
2020-09-17,-9.8,"sc2101,sc2102",256.2,sc2010,4-5
2020-09-18,-9.7,"sc2101,sc2102",260.0,sc2010,4-5
2020-09-21,-9.4,"sc2101,sc2102",263.9,sc2010,4-5
2020-09-22,-10.5,"sc2101,sc2102",252.9,sc2010,4-5
2020-09-23,-10.8,"sc2101,sc2102",253.6,sc2010,4-5
2020-09-24,-8.8,"sc2102,sc2103",265.1,sc2011,4-5
2020-09-25,-8.8,"sc2102,sc2103",265.7,sc2011,4-5
2020-09-28,-8.6,"sc2102,sc2103",265.0,sc2011,4-5
2020-09-29,-8.0,"sc2102,sc2103",264.8,sc2011,4-5
2020-09-30,-8.1,"sc2102,sc2103",257.8,sc2011,4-5
2020-10-09,-8.1,"sc2102,sc2103",263.5,sc2011,4-5
2020-10-12,-8.2,"sc2102,sc2103",263.2,sc2011,4-5
2020-10-13,-8.7,"sc2102,sc2103",259.5,sc2011,4-5
2020-10-14,-9.0,"sc2102,sc2103",258.0,sc2011,4-5
2020-10-15,-9.1,"sc2102,sc2103",260.8,sc2011,4-5
2020-10-16,-9.2,"sc2102,sc2103",258.7,sc2011,4-5
2020-10-19,-9.4,"sc2102,sc2103",260.2,sc2011,4-5
2020-10-20,-9.8,"sc2102,sc2103",258.8,sc2011,4-5
2020-10-21,-10.5,"sc2102,sc2103",257.3,sc2011,4-5
2020-10-22,-10.4,"sc2102,sc2103",254.2,sc2011,4-5
2020-10-23,-11.2,"sc2102,sc2103",254.1,sc2011,4-5
2020-10-26,-11.2,"sc2102,sc2103",248.5,sc2011,4-5
2020-10-27,-10.5,"sc2102,sc2103",243.7,sc2011,4-5
2020-10-28,-10.4,"sc2102,sc2103",243.4,sc2011,4-5
2020-10-29,-10.5,"sc2102,sc2103",228.0,sc2011,4-5
2020-10-30,-10.3,"sc2102,sc2103",218.3,sc2011,4-5
2020-11-02,-8.7,"sc2103,sc2104",224.9,sc2012,4-5
2020-11-03,-8.6,"sc2103,sc2104",230.2,sc2012,4-5
2020-11-04,-8.7,"sc2103,sc2104",234.8,sc2012,4-5
2020-11-05,-8.8,"sc2103,sc2104",236.5,sc2012,4-5
2020-11-06,-8.8,"sc2103,sc2104",235.3,sc2012,4-5
2020-11-09,-7.9,"sc2103,sc2104",234.2,sc2012,4-5
2020-11-10,-7.1,"sc2103,sc2104",247.7,sc2012,4-5
2020-11-11,-8.0,"sc2103,sc2104",251.4,sc2012,4-5
2020-11-12,-8.0,"sc2103,sc2104",253.7,sc2012,4-5
2020-11-13,-7.5,"sc2103,sc2104",252.4,sc2012,4-5
2020-11-16,-6.8,"sc2103,sc2104",251.0,sc2012,4-5
2020-11-17,-6.9,"sc2103,sc2104",252.3,sc2012,4-5
2020-11-18,-7.1,"sc2103,sc2104",250.0,sc2012,4-5
2020-11-19,-6.9,"sc2103,sc2104",251.0,sc2012,4-5
2020-11-20,-6.7,"sc2103,sc2104",251.6,sc2012,4-5
2020-11-23,-6.4,"sc2103,sc2104",253.4,sc2012,4-5
2020-11-24,-6.0,"sc2103,sc2104",259.5,sc2012,4-5
2020-11-25,-3.4,"sc2103,sc2104",279.0,sc2012,4-5
2020-11-26,-4.6,"sc2103,sc2104",280.2,sc2012,4-5
2020-11-27,-5.1,"sc2103,sc2104",278.3,sc2012,4-5
2020-11-30,-5.9,"sc2103,sc2104",271.8,sc2012,4-5
2020-12-01,-6.4,"sc2104,sc2105",286.4,sc2101,4-5
2020-12-02,-5.5,"sc2104,sc2105",285.1,sc2101,4-5
2020-12-03,-5.3,"sc2104,sc2105",288.5,sc2101,4-5
2020-12-04,-4.1,"sc2104,sc2105",291.1,sc2101,4-5
2020-12-07,-4.1,"sc2104,sc2105",294.0,sc2101,4-5
2020-12-08,-4.6,"sc2104,sc2105",291.9,sc2101,4-5
2020-12-09,-6.0,"sc2104,sc2105",285.0,sc2101,4-5
2020-12-10,-6.7,"sc2104,sc2105",284.8,sc2101,4-5
2020-12-11,-6.8,"sc2104,sc2105",291.1,sc2101,4-5
2020-12-14,-6.5,"sc2104,sc2105",289.4,sc2101,4-5
2020-12-15,-6.9,"sc2104,sc2105",287.8,sc2101,4-5
2020-12-16,-6.4,"sc2104,sc2105",290.9,sc2101,4-5
2020-12-17,-5.1,"sc2104,sc2105",297.4,sc2101,4-5
2020-12-18,-4.7,"sc2104,sc2105",302.7,sc2101,4-5
2020-12-21,-4.3,"sc2104,sc2105",303.5,sc2101,4-5
2020-12-22,-4.5,"sc2104,sc2105",295.4,sc2101,4-5
2020-12-23,-5.4,"sc2104,sc2105",284.6,sc2101,4-5
2020-12-24,-5.6,"sc2104,sc2105",291.6,sc2101,4-5
2020-12-25,-4.5,"sc2105,sc2106",307.3,sc2102,4-5
2020-12-28,-4.7,"sc2105,sc2106",309.1,sc2102,4-5
2020-12-29,-5.0,"sc2105,sc2106",307.2,sc2102,4-5
2020-12-30,-4.9,"sc2105,sc2106",304.7,sc2102,4-5
2020-12-31,-4.8,"sc2105,sc2106",303.2,sc2102,4-5
2021-01-04,-3.8,"sc2105,sc2106",315.0,sc2102,4-5
2021-01-05,-3.4,"sc2105,sc2106",312.9,sc2102,4-5
2021-01-06,-2.5,"sc2105,sc2106",319.8,sc2102,4-5
2021-01-07,-1.0,"sc2105,sc2106",328.1,sc2102,4-5
2021-01-08,0.0,"sc2105,sc2106",332.6,sc2102,4-5
2021-01-11,0.1,"sc2105,sc2106",336.0,sc2102,4-5
2021-01-12,-0.9,"sc2105,sc2106",333.2,sc2102,4-5
2021-01-13,-0.2,"sc2105,sc2106",339.7,sc2102,4-5
2021-01-14,-0.9,"sc2105,sc2106",335.5,sc2102,4-5
2021-01-15,-1.6,"sc2105,sc2106",333.4,sc2102,4-5
2021-01-18,-2.6,"sc2105,sc2106",326.0,sc2102,4-5
2021-01-19,-1.8,"sc2105,sc2106",329.9,sc2102,4-5
2021-01-20,-1.4,"sc2105,sc2106",337.2,sc2102,4-5
2021-01-21,-0.9,"sc2105,sc2106",336.1,sc2102,4-5
2021-01-22,-1.1,"sc2105,sc2106",331.7,sc2102,4-5
2021-01-25,-1.8,"sc2105,sc2106",324.0,sc2102,4-5
2021-01-26,-1.9,"sc2105,sc2106",322.4,sc2102,4-5
2021-01-27,-1.8,"sc2105,sc2106",327.2,sc2102,4-5
2021-01-28,-1.6,"sc2105,sc2106",333.4,sc2102,4-5
2021-01-29,-1.3,"sc2105,sc2106",336.1,sc2102,4-5
2021-02-01,-1.8,"sc2106,sc2107",336.1,sc2103,4-5
2021-02-02,-1.6,"sc2106,sc2107",340.3,sc2103,4-5
2021-02-03,-1.5,"sc2106,sc2107",347.1,sc2103,4-5
2021-02-04,-1.5,"sc2106,sc2107",353.3,sc2103,4-5
2021-02-05,-1.6,"sc2106,sc2107",356.6,sc2103,4-5
2021-02-08,-1.7,"sc2106,sc2107",361.8,sc2103,4-5
2021-02-09,-2.0,"sc2106,sc2107",368.0,sc2103,4-5
2021-02-10,-2.0,"sc2106,sc2107",367.0,sc2103,4-5
2021-02-18,-1.6,"sc2106,sc2107",395.8,sc2103,4-5
2021-02-19,-1.5,"sc2106,sc2107",388.9,sc2103,4-5
2021-02-22,-0.9,"sc2106,sc2107",386.2,sc2103,4-5
2021-02-23,0.2,"sc2106,sc2107",397.6,sc2103,4-5
2021-02-24,0.9,"sc2106,sc2107",400.9,sc2103,4-5
2021-02-25,1.2,"sc2106,sc2107",416.2,sc2103,4-5
2021-02-26,-0.1,"sc2106,sc2107",399.0,sc2103,4-5
2021-03-01,-0.4,"sc2107,sc2108",407.6,sc2104,4-5
2021-03-02,-0.6,"sc2107,sc2108",397.7,sc2104,4-5
2021-03-03,-1.4,"sc2107,sc2108",392.7,sc2104,4-5
2021-03-04,-1.1,"sc2107,sc2108",397.4,sc2104,4-5
2021-03-05,-1.0,"sc2107,sc2108",413.0,sc2104,4-5
2021-03-08,-0.2,"sc2107,sc2108",435.8,sc2104,4-5
2021-03-09,-0.7,"sc2107,sc2108",427.6,sc2104,4-5
2021-03-10,-2.1,"sc2107,sc2108",417.8,sc2104,4-5
2021-03-11,-1.8,"sc2107,sc2108",416.0,sc2104,4-5
2021-03-12,-1.8,"sc2107,sc2108",421.8,sc2104,4-5
2021-03-15,-1.3,"sc2107,sc2108",420.4,sc2104,4-5
2021-03-16,-1.0,"sc2107,sc2108",411.3,sc2104,4-5
2021-03-17,-1.1,"sc2107,sc2108",409.3,sc2104,4-5
2021-03-18,-0.5,"sc2107,sc2108",408.0,sc2104,4-5
2021-03-19,-0.9,"sc2107,sc2108",390.9,sc2104,4-5
2021-03-22,-1.1,"sc2107,sc2108",381.1,sc2104,4-5
2021-03-23,-0.9,"sc2107,sc2108",387.9,sc2104,4-5
2021-03-24,-0.9,"sc2107,sc2108",376.8,sc2104,4-5
2021-03-25,-1.0,"sc2107,sc2108",382.5,sc2104,4-5
2021-03-26,-1.1,"sc2107,sc2108",373.9,sc2104,4-5
2021-03-29,-1.4,"sc2107,sc2108",384.1,sc2104,4-5
2021-03-30,-1.4,"sc2107,sc2108",388.3,sc2104,4-5
2021-03-31,-1.0,"sc2107,sc2108",384.1,sc2104,4-5
2021-04-01,-1.5,"sc2108,sc2109",393.4,sc2105,4-5
2021-04-02,-1.0,"sc2108,sc2109",399.1,sc2105,4-5
2021-04-06,-1.7,"sc2108,sc2109",388.0,sc2105,4-5
2021-04-07,-1.8,"sc2108,sc2109",388.6,sc2105,4-5
2021-04-08,-1.9,"sc2108,sc2109",384.8,sc2105,4-5
2021-04-09,-1.6,"sc2108,sc2109",386.7,sc2105,4-5
2021-04-12,-1.4,"sc2108,sc2109",387.2,sc2105,4-5
2021-04-13,-1.4,"sc2108,sc2109",390.6,sc2105,4-5
2021-04-14,-2.0,"sc2108,sc2109",393.7,sc2105,4-5
2021-04-15,-1.7,"sc2108,sc2109",407.4,sc2105,4-5
2021-04-16,-1.1,"sc2108,sc2109",410.4,sc2105,4-5
2021-04-19,-0.1,"sc2108,sc2109",408.7,sc2105,4-5
2021-04-20,0.0,"sc2108,sc2109",413.4,sc2105,4-5
2021-04-21,-0.2,"sc2108,sc2109",409.8,sc2105,4-5
2021-04-22,0.0,"sc2108,sc2109",402.9,sc2105,4-5
2021-04-23,-0.6,"sc2108,sc2109",402.0,sc2105,4-5
2021-04-26,-0.2,"sc2108,sc2109",407.3,sc2105,4-5
2021-04-27,-0.1,"sc2108,sc2109",405.6,sc2105,4-5
2021-04-28,0.2,"sc2108,sc2109",397.2,sc2105,4-5
2021-04-29,0.6,"sc2108,sc2109",407.9,sc2105,4-5
2021-04-30,1.5,"sc2108,sc2109",409.5,sc2105,4-5
2021-05-06,0.1,"sc2109,sc2110",429.8,sc2106,4-5
2021-05-07,-0.2,"sc2109,sc2110",424.1,sc2106,4-5
2021-05-10,0.3,"sc2109,sc2110",424.3,sc2106,4-5
2021-05-11,0.4,"sc2109,sc2110",420.8,sc2106,4-5
2021-05-12,0.3,"sc2109,sc2110",421.5,sc2106,4-5
2021-05-13,0.1,"sc2109,sc2110",429.0,sc2106,4-5
2021-05-14,-0.4,"sc2109,sc2110",417.1,sc2106,4-5
2021-05-17,-0.1,"sc2109,sc2110",425.7,sc2106,4-5
2021-05-18,0.6,"sc2109,sc2110",434.2,sc2106,4-5
2021-05-19,0.5,"sc2109,sc2110",429.5,sc2106,4-5
2021-05-20,-1.0,"sc2109,sc2110",409.5,sc2106,4-5
2021-05-21,-1.5,"sc2109,sc2110",403.2,sc2106,4-5
2021-05-24,-1.1,"sc2109,sc2110",408.2,sc2106,4-5
2021-05-25,0.1,"sc2109,sc2110",423.4,sc2106,4-5
2021-05-26,0.9,"sc2109,sc2110",427.9,sc2106,4-5
2021-05-27,1.1,"sc2109,sc2110",428.8,sc2106,4-5
2021-05-28,1.6,"sc2109,sc2110",432.7,sc2106,4-5
2021-05-31,1.3,"sc2109,sc2110",427.6,sc2106,4-5
2021-06-01,1.3,"sc2110,sc2111",433.9,sc2107,4-5
2021-06-02,2.1,"sc2110,sc2111",439.9,sc2107,4-5
2021-06-03,2.3,"sc2110,sc2111",445.4,sc2107,4-5
2021-06-04,2.2,"sc2110,sc2111",443.2,sc2107,4-5
2021-06-07,2.1,"sc2110,sc2111",447.3,sc2107,4-5
2021-06-08,2.0,"sc2110,sc2111",444.1,sc2107,4-5
2021-06-09,2.2,"sc2110,sc2111",449.4,sc2107,4-5
2021-06-10,2.4,"sc2110,sc2111",447.7,sc2107,4-5
2021-06-11,2.4,"sc2110,sc2111",450.2,sc2107,4-5
2021-06-15,3.3,"sc2110,sc2111",455.8,sc2107,4-5
2021-06-16,3.5,"sc2110,sc2111",459.2,sc2107,4-5
2021-06-17,3.4,"sc2110,sc2111",454.1,sc2107,4-5
2021-06-18,2.9,"sc2110,sc2111",443.0,sc2107,4-5
2021-06-21,2.6,"sc2110,sc2111",443.5,sc2107,4-5
2021-06-22,2.9,"sc2110,sc2111",449.4,sc2107,4-5
2021-06-23,3.4,"sc2110,sc2111",453.3,sc2107,4-5
2021-06-24,3.5,"sc2110,sc2111",457.6,sc2107,4-5
2021-06-25,3.4,"sc2110,sc2111",457.2,sc2107,4-5
2021-06-28,3.1,"sc2110,sc2111",459.6,sc2107,4-5
2021-06-29,2.4,"sc2110,sc2111",449.3,sc2107,4-5
2021-06-30,2.3,"sc2110,sc2111",449.2,sc2107,4-5
2021-07-01,3.2,"sc2111,sc2112",460.4,sc2108,4-5
2021-07-02,3.1,"sc2111,sc2112",467.8,sc2108,4-5
2021-07-05,2.7,"sc2111,sc2112",468.4,sc2108,4-5
2021-07-06,2.5,"sc2111,sc2112",473.1,sc2108,4-5
2021-07-07,2.2,"sc2111,sc2112",455.8,sc2108,4-5
2021-07-08,0.9,"sc2111,sc2112",442.1,sc2108,4-5
2021-07-09,0.8,"sc2111,sc2112",441.9,sc2108,4-5
2021-07-12,1.0,"sc2111,sc2112",451.1,sc2108,4-5
2021-07-13,0.9,"sc2111,sc2112",450.9,sc2108,4-5
2021-07-14,1.2,"sc2111,sc2112",458.2,sc2108,4-5
2021-07-15,1.1,"sc2111,sc2112",449.6,sc2108,4-5
2021-07-16,0.5,"sc2111,sc2112",438.6,sc2108,4-5
2021-07-19,-0.1,"sc2111,sc2112",431.7,sc2108,4-5
2021-07-20,-0.6,"sc2111,sc2112",410.0,sc2108,4-5
2021-07-21,-0.6,"sc2111,sc2112",406.4,sc2108,4-5
2021-07-22,-0.4,"sc2111,sc2112",416.6,sc2108,4-5
2021-07-23,-0.3,"sc2111,sc2112",427.2,sc2108,4-5
2021-07-26,-0.3,"sc2111,sc2112",432.4,sc2108,4-5
2021-07-27,0.8,"sc2111,sc2112",439.0,sc2108,4-5
2021-07-28,0.6,"sc2111,sc2112",439.5,sc2108,4-5
2021-07-29,0.8,"sc2111,sc2112",447.9,sc2108,4-5
2021-07-30,0.7,"sc2111,sc2112",445.2,sc2108,4-5
2021-08-02,1.6,"sc2112,sc2201",452.9,sc2109,4-5
2021-08-03,1.5,"sc2112,sc2201",440.7,sc2109,4-5
2021-08-04,0.9,"sc2112,sc2201",433.5,sc2109,4-5
2021-08-05,1.1,"sc2112,sc2201",428.3,sc2109,4-5
2021-08-06,0.4,"sc2112,sc2201",429.1,sc2109,4-5
2021-08-09,0.1,"sc2112,sc2201",425.0,sc2109,4-5
2021-08-10,-0.2,"sc2112,sc2201",418.0,sc2109,4-5
2021-08-11,0.1,"sc2112,sc2201",430.6,sc2109,4-5
2021-08-12,0.6,"sc2112,sc2201",430.4,sc2109,4-5
2021-08-13,0.5,"sc2112,sc2201",431.4,sc2109,4-5
2021-08-16,0.1,"sc2112,sc2201",428.4,sc2109,4-5
2021-08-17,-0.1,"sc2112,sc2201",423.6,sc2109,4-5
2021-08-18,-0.2,"sc2112,sc2201",423.9,sc2109,4-5
2021-08-19,-0.1,"sc2112,sc2201",418.7,sc2109,4-5
2021-08-20,-0.1,"sc2112,sc2201",407.8,sc2109,4-5
2021-08-23,-0.3,"sc2112,sc2201",403.6,sc2109,4-5
2021-08-24,0.6,"sc2112,sc2201",421.4,sc2109,4-5
2021-08-25,1.3,"sc2112,sc2201",431.4,sc2109,4-5
2021-08-26,0.8,"sc2112,sc2201",435.8,sc2109,4-5
2021-08-27,1.0,"sc2112,sc2201",438.6,sc2109,4-5
2021-08-30,1.1,"sc2112,sc2201",445.3,sc2109,4-5
2021-08-31,0.9,"sc2112,sc2201",450.2,sc2109,4-5
2021-09-01,0.9,"sc2201,sc2202",440.5,sc2110,4-5
2021-09-02,1.0,"sc2201,sc2202",439.3,sc2110,4-5
2021-09-03,1.4,"sc2201,sc2202",456.2,sc2110,4-5
2021-09-06,1.1,"sc2201,sc2202",451.4,sc2110,4-5
2021-09-07,1.5,"sc2201,sc2202",453.8,sc2110,4-5
2021-09-08,1.4,"sc2201,sc2202",450.9,sc2110,4-5
2021-09-09,1.7,"sc2201,sc2202",454.8,sc2110,4-5
2021-09-10,1.5,"sc2201,sc2202",454.6,sc2110,4-5
2021-09-13,1.8,"sc2201,sc2202",461.2,sc2110,4-5
2021-09-14,2.1,"sc2201,sc2202",463.0,sc2110,4-5
2021-09-15,2.3,"sc2201,sc2202",461.9,sc2110,4-5
2021-09-16,4.0,"sc2201,sc2202",473.4,sc2110,4-5
2021-09-17,2.7,"sc2201,sc2202",477.1,sc2110,4-5
2021-09-22,3.6,"sc2201,sc2202",469.0,sc2110,4-5
2021-09-23,3.5,"sc2201,sc2202",469.4,sc2110,4-5
2021-09-24,3.1,"sc2202,sc2203",485.1,sc2111,4-5
2021-09-27,2.6,"sc2202,sc2203",492.1,sc2111,4-5
2021-09-28,2.2,"sc2202,sc2203",501.8,sc2111,4-5
2021-09-29,2.8,"sc2202,sc2203",495.4,sc2111,4-5
2021-09-30,1.5,"sc2202,sc2203",495.9,sc2111,4-5
2021-10-08,2.3,"sc2202,sc2203",527.1,sc2111,4-5
2021-10-11,2.4,"sc2202,sc2203",526.8,sc2111,4-5
2021-10-12,2.6,"sc2202,sc2203",531.6,sc2111,4-5
2021-10-13,2.2,"sc2202,sc2203",528.3,sc2111,4-5
2021-10-14,1.8,"sc2202,sc2203",521.5,sc2111,4-5
2021-10-15,1.7,"sc2202,sc2203",525.5,sc2111,4-5
2021-10-18,1.8,"sc2202,sc2203",533.6,sc2111,4-5
2021-10-19,2.6,"sc2202,sc2203",528.6,sc2111,4-5
2021-10-20,2.4,"sc2202,sc2203",531.2,sc2111,4-5
2021-10-21,2.2,"sc2202,sc2203",531.5,sc2111,4-5
2021-10-22,1.6,"sc2202,sc2203",525.1,sc2111,4-5
2021-10-25,1.9,"sc2202,sc2203",527.7,sc2111,4-5
2021-10-26,2.8,"sc2202,sc2203",527.3,sc2111,4-5
2021-10-27,2.4,"sc2202,sc2203",525.3,sc2111,4-5
2021-10-28,2.5,"sc2202,sc2203",511.2,sc2111,4-5
2021-10-29,2.4,"sc2202,sc2203",495.5,sc2111,4-5
2021-11-01,2.7,"sc2203,sc2204",521.7,sc2112,4-5
2021-11-02,3.7,"sc2203,sc2204",531.6,sc2112,4-5
2021-11-03,3.6,"sc2203,sc2204",526.7,sc2112,4-5
2021-11-04,2.9,"sc2203,sc2204",513.0,sc2112,4-5
2021-11-05,2.8,"sc2203,sc2204",513.6,sc2112,4-5
2021-11-08,3.7,"sc2203,sc2204",524.0,sc2112,4-5
2021-11-09,3.5,"sc2203,sc2204",526.3,sc2112,4-5
2021-11-10,3.7,"sc2203,sc2204",531.6,sc2112,4-5
2021-11-11,3.3,"sc2203,sc2204",525.9,sc2112,4-5
2021-11-12,2.8,"sc2203,sc2204",517.3,sc2112,4-5
2021-11-15,2.5,"sc2203,sc2204",513.4,sc2112,4-5
2021-11-16,2.8,"sc2203,sc2204",511.9,sc2112,4-5
2021-11-17,3.0,"sc2203,sc2204",515.0,sc2112,4-5
2021-11-18,2.5,"sc2203,sc2204",511.6,sc2112,4-5
2021-11-19,2.3,"sc2203,sc2204",513.5,sc2112,4-5
2021-11-22,2.3,"sc2203,sc2204",501.9,sc2112,4-5
2021-11-23,2.2,"sc2203,sc2204",504.8,sc2112,4-5
2021-11-24,2.5,"sc2203,sc2204",518.8,sc2112,4-5
2021-11-25,2.9,"sc2203,sc2204",521.7,sc2112,4-5
2021-11-26,1.9,"sc2203,sc2204",505.0,sc2112,4-5
2021-11-29,1.2,"sc2203,sc2204",495.6,sc2112,4-5
2021-11-30,0.8,"sc2203,sc2204",478.8,sc2112,4-5
2021-12-01,-0.1,"sc2204,sc2205",445.0,sc2201,4-5
2021-12-02,-0.8,"sc2204,sc2205",444.1,sc2201,4-5
2021-12-03,-0.8,"sc2204,sc2205",439.2,sc2201,4-5
2021-12-06,-0.9,"sc2204,sc2205",450.6,sc2201,4-5
2021-12-07,-1.0,"sc2204,sc2205",457.6,sc2201,4-5
2021-12-08,-0.1,"sc2204,sc2205",473.8,sc2201,4-5
2021-12-09,-0.2,"sc2204,sc2205",476.0,sc2201,4-5
2021-12-10,-0.3,"sc2204,sc2205",472.9,sc2201,4-5
2021-12-13,0.3,"sc2204,sc2205",477.0,sc2201,4-5
2021-12-14,0.1,"sc2204,sc2205",474.2,sc2201,4-5
2021-12-15,-0.7,"sc2204,sc2205",460.0,sc2201,4-5
2021-12-16,-0.7,"sc2204,sc2205",467.4,sc2201,4-5
2021-12-17,0.5,"sc2204,sc2205",474.7,sc2201,4-5
2021-12-20,0.0,"sc2204,sc2205",466.2,sc2201,4-5
2021-12-21,0.3,"sc2204,sc2205",453.1,sc2201,4-5
2021-12-22,0.7,"sc2204,sc2205",456.2,sc2201,4-5
2021-12-23,0.4,"sc2205,sc2206",470.0,sc2202,4-5
2021-12-24,0.8,"sc2205,sc2206",475.6,sc2202,4-5
2021-12-27,1.1,"sc2205,sc2206",475.5,sc2202,4-5
2021-12-28,1.4,"sc2205,sc2206",487.0,sc2202,4-5
2021-12-29,1.6,"sc2205,sc2206",492.8,sc2202,4-5
2021-12-30,2.3,"sc2205,sc2206",494.5,sc2202,4-5
2021-12-31,2.4,"sc2205,sc2206",496.8,sc2202,4-5
2022-01-04,2.7,"sc2205,sc2206",496.9,sc2202,4-5
2022-01-05,2.6,"sc2205,sc2206",501.1,sc2202,4-5
2022-01-06,2.6,"sc2205,sc2206",504.6,sc2202,4-5
2022-01-07,3.2,"sc2205,sc2206",516.4,sc2202,4-5
2022-01-10,3.6,"sc2205,sc2206",511.1,sc2202,4-5
2022-01-11,3.3,"sc2205,sc2206",508.9,sc2202,4-5
2022-01-12,3.6,"sc2205,sc2206",514.8,sc2202,4-5
2022-01-13,3.8,"sc2205,sc2206",526.0,sc2202,4-5
2022-01-14,4.0,"sc2205,sc2206",530.7,sc2202,4-5
2022-01-17,4.3,"sc2205,sc2206",538.5,sc2202,4-5
2022-01-18,4.5,"sc2205,sc2206",541.1,sc2202,4-5
2022-01-19,4.5,"sc2205,sc2206",547.6,sc2202,4-5
2022-01-20,4.5,"sc2205,sc2206",547.7,sc2202,4-5
2022-01-21,4.2,"sc2205,sc2206",557.1,sc2202,4-5
2022-01-24,3.9,"sc2206,sc2207",541.6,sc2203,4-5
2022-01-25,3.5,"sc2206,sc2207",530.4,sc2203,4-5
2022-01-26,3.4,"sc2206,sc2207",534.3,sc2203,4-5
2022-01-27,3.4,"sc2206,sc2207",545.5,sc2203,4-5
2022-01-28,3.7,"sc2206,sc2207",542.0,sc2203,4-5
2022-02-07,3.3,"sc2206,sc2207",567.3,sc2203,4-5
2022-02-08,3.1,"sc2206,sc2207",558.7,sc2203,4-5
2022-02-09,3.4,"sc2206,sc2207",547.5,sc2203,4-5
2022-02-10,3.1,"sc2206,sc2207",549.1,sc2203,4-5
2022-02-11,2.8,"sc2206,sc2207",553.3,sc2203,4-5
2022-02-14,3.2,"sc2206,sc2207",562.5,sc2203,4-5
2022-02-15,3.7,"sc2206,sc2207",566.5,sc2203,4-5
2022-02-16,4.1,"sc2206,sc2207",554.8,sc2203,4-5
2022-02-17,4.2,"sc2206,sc2207",560.8,sc2203,4-5
2022-02-18,5.5,"sc2206,sc2207",559.7,sc2203,4-5
2022-02-21,5.3,"sc2206,sc2207",561.4,sc2203,4-5
2022-02-22,5.6,"sc2206,sc2207",580.9,sc2203,4-5
2022-02-23,5.8,"sc2206,sc2207",585.3,sc2203,4-5
2022-02-24,6.2,"sc2206,sc2207",593.9,sc2203,4-5
2022-02-25,7.7,"sc2206,sc2207",613.8,sc2203,4-5
2022-02-28,7.4,"sc2206,sc2207",591.8,sc2203,4-5
2022-03-01,7.6,"sc2207,sc2208",615.9,sc2204,4-5
2022-03-02,10.6,"sc2207,sc2208",654.2,sc2204,4-5
2022-03-03,15.0,"sc2207,sc2208",699.5,sc2204,4-5
2022-03-04,17.3,"sc2207,sc2208",704.8,sc2204,4-5
2022-03-07,11.0,"sc2207,sc2208",723.6,sc2204,4-5
2022-03-08,14.5,"sc2207,sc2208",765.8,sc2204,4-5
2022-03-09,16.0,"sc2207,sc2208",806.9,sc2204,4-5
2022-03-10,16.1,"sc2207,sc2208",726.1,sc2204,4-5
2022-03-11,14.6,"sc2207,sc2208",691.9,sc2204,4-5
2022-03-14,12.5,"sc2207,sc2208",683.0,sc2204,4-5
2022-03-15,8.9,"sc2207,sc2208",645.7,sc2204,4-5
2022-03-16,8.3,"sc2207,sc2208",622.9,sc2204,4-5
2022-03-17,8.0,"sc2207,sc2208",615.8,sc2204,4-5
2022-03-18,10.1,"sc2207,sc2208",657.0,sc2204,4-5
2022-03-21,11.3,"sc2207,sc2208",678.9,sc2204,4-5
2022-03-22,13.1,"sc2207,sc2208",722.8,sc2204,4-5
2022-03-23,13.8,"sc2207,sc2208",717.8,sc2204,4-5
2022-03-24,17.7,"sc2207,sc2208",760.1,sc2204,4-5
2022-03-25,16.9,"sc2207,sc2208",753.4,sc2204,4-5
2022-03-28,15.9,"sc2207,sc2208",742.4,sc2204,4-5
2022-03-29,13.6,"sc2207,sc2208",706.2,sc2204,4-5
2022-03-30,12.7,"sc2207,sc2208",678.2,sc2204,4-5
2022-03-31,12.9,"sc2207,sc2208",675.2,sc2204,4-5
2022-04-01,9.4,"sc2208,sc2209",666.4,sc2205,4-5
2022-04-06,8.5,"sc2208,sc2209",675.4,sc2205,4-5
2022-04-07,5.5,"sc2208,sc2209",643.1,sc2205,4-5
2022-04-08,3.2,"sc2208,sc2209",617.3,sc2205,4-5
2022-04-11,3.4,"sc2208,sc2209",625.8,sc2205,4-5
2022-04-12,2.6,"sc2208,sc2209",618.4,sc2205,4-5
2022-04-13,3.8,"sc2208,sc2209",649.9,sc2205,4-5
2022-04-14,4.0,"sc2208,sc2209",665.8,sc2205,4-5
2022-04-15,4.6,"sc2208,sc2209",679.7,sc2205,4-5
2022-04-18,6.5,"sc2208,sc2209",694.1,sc2205,4-5
2022-04-19,7.8,"sc2208,sc2209",705.9,sc2205,4-5
2022-04-20,7.5,"sc2208,sc2209",674.5,sc2205,4-5
2022-04-21,5.7,"sc2208,sc2209",674.4,sc2205,4-5
2022-04-22,5.4,"sc2208,sc2209",680.5,sc2205,4-5
2022-04-25,3.8,"sc2208,sc2209",662.4,sc2205,4-5
2022-04-26,3.8,"sc2208,sc2209",637.6,sc2205,4-5
2022-04-27,4.3,"sc2208,sc2209",663.8,sc2205,4-5
2022-04-28,4.6,"sc2208,sc2209",659.1,sc2205,4-5
2022-04-29,5.4,"sc2208,sc2209",671.2,sc2205,4-5
2022-05-05,7.7,"sc2209,sc2210",692.4,sc2206,4-5
2022-05-06,8.7,"sc2209,sc2210",696.4,sc2206,4-5
2022-05-09,8.9,"sc2209,sc2210",705.6,sc2206,4-5
2022-05-10,7.4,"sc2209,sc2210",669.8,sc2206,4-5
2022-05-11,7.0,"sc2209,sc2210",656.1,sc2206,4-5
2022-05-12,6.1,"sc2209,sc2210",680.0,sc2206,4-5
2022-05-13,6.7,"sc2209,sc2210",692.4,sc2206,4-5
2022-05-16,6.3,"sc2209,sc2210",704.6,sc2206,4-5
2022-05-17,7.2,"sc2209,sc2210",721.8,sc2206,4-5
2022-05-18,7.1,"sc2209,sc2210",721.9,sc2206,4-5
2022-05-19,6.7,"sc2209,sc2210",698.6,sc2206,4-5
2022-05-20,6.6,"sc2209,sc2210",699.8,sc2206,4-5
2022-05-23,7.0,"sc2209,sc2210",706.2,sc2206,4-5
2022-05-24,7.3,"sc2209,sc2210",699.0,sc2206,4-5
2022-05-25,6.8,"sc2209,sc2210",710.8,sc2206,4-5
2022-05-26,6.9,"sc2209,sc2210",716.1,sc2206,4-5
2022-05-27,7.6,"sc2209,sc2210",740.4,sc2206,4-5
2022-05-30,7.3,"sc2209,sc2210",724.3,sc2206,4-5
2022-05-31,9.0,"sc2209,sc2210",737.3,sc2206,4-5
2022-06-01,10.7,"sc2210,sc2211",741.1,sc2207,4-5
2022-06-02,8.7,"sc2210,sc2211",728.8,sc2207,4-5
2022-06-06,6.1,"sc2210,sc2211",750.3,sc2207,4-5
2022-06-07,6.1,"sc2210,sc2211",748.7,sc2207,4-5
2022-06-08,6.5,"sc2210,sc2211",753.8,sc2207,4-5
2022-06-09,7.6,"sc2210,sc2211",771.4,sc2207,4-5
2022-06-10,7.4,"sc2210,sc2211",770.5,sc2207,4-5
2022-06-13,7.6,"sc2210,sc2211",756.8,sc2207,4-5
2022-06-14,8.3,"sc2210,sc2211",768.0,sc2207,4-5
2022-06-15,8.9,"sc2210,sc2211",770.6,sc2207,4-5
2022-06-16,8.5,"sc2210,sc2211",748.2,sc2207,4-5
2022-06-17,7.5,"sc2210,sc2211",731.7,sc2207,4-5
2022-06-20,7.5,"sc2210,sc2211",704.3,sc2207,4-5
2022-06-21,7.2,"sc2210,sc2211",702.2,sc2207,4-5
2022-06-22,8.1,"sc2210,sc2211",703.7,sc2207,4-5
2022-06-23,8.1,"sc2210,sc2211",687.6,sc2207,4-5
2022-06-24,7.7,"sc2210,sc2211",684.0,sc2207,4-5
2022-06-27,7.6,"sc2210,sc2211",689.6,sc2207,4-5
2022-06-28,8.5,"sc2210,sc2211",707.1,sc2207,4-5
2022-06-29,9.1,"sc2210,sc2211",715.0,sc2207,4-5
2022-06-30,10.2,"sc2210,sc2211",731.1,sc2207,4-5
2022-07-01,10.0,"sc2211,sc2212",704.4,sc2208,4-5
2022-07-04,11.0,"sc2211,sc2212",711.7,sc2208,4-5
2022-07-05,11.1,"sc2211,sc2212",727.5,sc2208,4-5
2022-07-06,10.9,"sc2211,sc2212",674.2,sc2208,4-5
2022-07-07,10.4,"sc2211,sc2212",644.9,sc2208,4-5
2022-07-08,10.7,"sc2211,sc2212",676.8,sc2208,4-5
2022-07-11,11.5,"sc2211,sc2212",686.1,sc2208,4-5
2022-07-12,10.9,"sc2211,sc2212",680.6,sc2208,4-5
2022-07-13,10.2,"sc2211,sc2212",650.2,sc2208,4-5
2022-07-14,10.3,"sc2211,sc2212",650.8,sc2208,4-5
2022-07-15,9.3,"sc2211,sc2212",641.1,sc2208,4-5
2022-07-18,11.9,"sc2211,sc2212",668.0,sc2208,4-5
2022-07-19,14.4,"sc2211,sc2212",697.5,sc2208,4-5
2022-07-20,13.6,"sc2211,sc2212",704.9,sc2208,4-5
2022-07-21,13.1,"sc2211,sc2212",706.9,sc2208,4-5
2022-07-22,12.2,"sc2211,sc2212",695.8,sc2208,4-5
2022-07-25,10.0,"sc2211,sc2212",697.9,sc2208,4-5
2022-07-26,9.4,"sc2211,sc2212",704.3,sc2208,4-5
2022-07-27,9.0,"sc2211,sc2212",661.3,sc2208,4-5
2022-07-28,8.5,"sc2211,sc2212",676.1,sc2208,4-5
2022-07-29,9.1,"sc2211,sc2212",730.3,sc2208,4-5
2022-08-01,8.0,"sc2212,sc2301",698.1,sc2209,4-5
2022-08-02,8.1,"sc2212,sc2301",672.7,sc2209,4-5
2022-08-03,7.4,"sc2212,sc2301",681.6,sc2209,4-5
2022-08-04,6.5,"sc2212,sc2301",667.1,sc2209,4-5
2022-08-05,7.1,"sc2212,sc2301",650.3,sc2209,4-5
2022-08-08,7.2,"sc2212,sc2301",659.6,sc2209,4-5
2022-08-09,7.6,"sc2212,sc2301",665.7,sc2209,4-5
2022-08-10,8.2,"sc2212,sc2301",676.5,sc2209,4-5
2022-08-11,8.8,"sc2212,sc2301",682.6,sc2209,4-5
2022-08-12,9.1,"sc2212,sc2301",698.9,sc2209,4-5
2022-08-15,10.4,"sc2212,sc2301",695.9,sc2209,4-5
2022-08-16,10.0,"sc2212,sc2301",685.6,sc2209,4-5
2022-08-17,11.5,"sc2212,sc2301",690.7,sc2209,4-5
2022-08-18,13.4,"sc2212,sc2301",698.6,sc2209,4-5
2022-08-19,17.5,"sc2212,sc2301",725.4,sc2209,4-5
2022-08-22,20.0,"sc2212,sc2301",749.9,sc2209,4-5
2022-08-23,18.0,"sc2212,sc2301",747.2,sc2209,4-5
2022-08-24,16.0,"sc2212,sc2301",765.8,sc2209,4-5
2022-08-25,14.0,"sc2212,sc2301",790.6,sc2209,4-5
2022-08-26,12.4,"sc2212,sc2301",787.3,sc2209,4-5
2022-08-29,10.7,"sc2212,sc2301",726.4,sc2209,4-5
2022-08-30,17.7,"sc2212,sc2301",738.7,sc2209,4-5
2022-08-31,15.5,"sc2212,sc2301",724.7,sc2209,4-5
2022-09-01,12.7,"sc2301,sc2302",705.5,sc2210,4-5
2022-09-02,12.7,"sc2301,sc2302",694.7,sc2210,4-5
2022-09-05,13.4,"sc2301,sc2302",696.2,sc2210,4-5
2022-09-06,13.6,"sc2301,sc2302",707.4,sc2210,4-5
2022-09-07,13.1,"sc2301,sc2302",688.4,sc2210,4-5
2022-09-08,11.4,"sc2301,sc2302",673.8,sc2210,4-5
2022-09-09,10.5,"sc2301,sc2302",670.0,sc2210,4-5
2022-09-13,10.9,"sc2301,sc2302",705.6,sc2210,4-5
2022-09-14,11.3,"sc2301,sc2302",691.6,sc2210,4-5
2022-09-15,14.0,"sc2301,sc2302",718.3,sc2210,4-5
2022-09-16,15.1,"sc2301,sc2302",712.2,sc2210,4-5
2022-09-19,12.3,"sc2301,sc2302",709.2,sc2210,4-5
2022-09-20,11.1,"sc2301,sc2302",707.4,sc2210,4-5
2022-09-21,11.1,"sc2301,sc2302",674.3,sc2210,4-5
2022-09-22,12.3,"sc2301,sc2302",653.6,sc2210,4-5
2022-09-23,11.6,"sc2301,sc2302",645.8,sc2210,4-5
2022-09-26,8.4,"sc2302,sc2303",624.8,sc2211,4-5
2022-09-27,7.8,"sc2302,sc2303",612.0,sc2211,4-5
2022-09-28,7.7,"sc2302,sc2303",612.2,sc2211,4-5
2022-09-29,7.8,"sc2302,sc2303",628.6,sc2211,4-5
2022-09-30,8.8,"sc2302,sc2303",631.5,sc2211,4-5
2022-10-10,10.8,"sc2302,sc2303",699.6,sc2211,4-5
2022-10-11,11.0,"sc2302,sc2303",702.2,sc2211,4-5
2022-10-12,11.2,"sc2302,sc2303",688.2,sc2211,4-5
2022-10-13,11.6,"sc2302,sc2303",684.8,sc2211,4-5
2022-10-14,12.1,"sc2302,sc2303",689.7,sc2211,4-5
2022-10-17,12.3,"sc2302,sc2303",676.7,sc2211,4-5
2022-10-18,13.1,"sc2302,sc2303",677.9,sc2211,4-5
2022-10-19,14.5,"sc2302,sc2303",665.4,sc2211,4-5
2022-10-20,13.6,"sc2302,sc2303",667.1,sc2211,4-5
2022-10-21,12.9,"sc2302,sc2303",669.6,sc2211,4-5
2022-10-24,12.4,"sc2302,sc2303",670.1,sc2211,4-5
2022-10-25,11.8,"sc2302,sc2303",669.9,sc2211,4-5
2022-10-26,11.2,"sc2302,sc2303",671.3,sc2211,4-5
2022-10-27,11.9,"sc2302,sc2303",677.4,sc2211,4-5
2022-10-28,12.6,"sc2302,sc2303",684.9,sc2211,4-5
2022-10-31,12.3,"sc2302,sc2303",686.8,sc2211,4-5
2022-11-01,10.9,"sc2303,sc2304",685.5,sc2212,4-5
2022-11-02,11.5,"sc2303,sc2304",696.3,sc2212,4-5
2022-11-03,13.6,"sc2303,sc2304",698.4,sc2212,4-5
2022-11-04,13.5,"sc2303,sc2304",699.9,sc2212,4-5
2022-11-07,14.6,"sc2303,sc2304",715.4,sc2212,4-5
2022-11-08,14.5,"sc2303,sc2304",716.5,sc2212,4-5
2022-11-09,12.9,"sc2303,sc2304",700.6,sc2212,4-5
2022-11-10,12.0,"sc2303,sc2304",677.4,sc2212,4-5
2022-11-11,11.3,"sc2303,sc2304",673.8,sc2212,4-5
2022-11-14,10.2,"sc2303,sc2304",677.5,sc2212,4-5
2022-11-15,7.6,"sc2303,sc2304",658.4,sc2212,4-5
2022-11-16,5.6,"sc2303,sc2304",647.0,sc2212,4-5
2022-11-17,4.0,"sc2303,sc2304",636.7,sc2212,4-5
2022-11-18,3.0,"sc2303,sc2304",623.1,sc2212,4-5
2022-11-21,2.6,"sc2303,sc2304",601.6,sc2212,4-5
2022-11-22,1.7,"sc2303,sc2304",591.8,sc2212,4-5
2022-11-23,1.8,"sc2303,sc2304",601.9,sc2212,4-5
2022-11-24,0.3,"sc2303,sc2304",575.0,sc2212,4-5
2022-11-25,-0.2,"sc2303,sc2304",576.1,sc2212,4-5
2022-11-28,-0.5,"sc2303,sc2304",556.0,sc2212,4-5
2022-11-29,-0.8,"sc2303,sc2304",554.9,sc2212,4-5
2022-11-30,-2.0,"sc2303,sc2304",579.2,sc2212,4-5
2022-12-01,0.2,"sc2304,sc2305",578.9,sc2301,4-5
2022-12-02,-0.1,"sc2304,sc2305",577.7,sc2301,4-5
2022-12-05,-0.2,"sc2304,sc2305",570.0,sc2301,4-5
2022-12-06,-0.7,"sc2304,sc2305",552.6,sc2301,4-5
2022-12-07,-1.4,"sc2304,sc2305",523.3,sc2301,4-5
2022-12-08,-1.5,"sc2304,sc2305",512.6,sc2301,4-5
2022-12-09,-0.6,"sc2304,sc2305",505.1,sc2301,4-5
2022-12-12,-0.9,"sc2304,sc2305",501.6,sc2301,4-5
2022-12-13,-1.1,"sc2304,sc2305",510.2,sc2301,4-5
2022-12-14,-0.6,"sc2304,sc2305",521.7,sc2301,4-5
2022-12-15,-0.5,"sc2304,sc2305",530.3,sc2301,4-5
2022-12-16,-0.5,"sc2304,sc2305",528.4,sc2301,4-5
2022-12-19,-0.8,"sc2304,sc2305",520.0,sc2301,4-5
2022-12-20,-0.1,"sc2304,sc2305",528.4,sc2301,4-5
2022-12-21,0.0,"sc2304,sc2305",529.2,sc2301,4-5
2022-12-22,0.1,"sc2304,sc2305",538.0,sc2301,4-5
2022-12-23,0.8,"sc2305,sc2306",546.8,sc2302,4-5
2022-12-26,0.8,"sc2305,sc2306",559.7,sc2302,4-5
2022-12-27,0.8,"sc2305,sc2306",562.5,sc2302,4-5
2022-12-28,1.0,"sc2305,sc2306",565.5,sc2302,4-5
2022-12-29,0.7,"sc2305,sc2306",552.9,sc2302,4-5
2022-12-30,1.4,"sc2305,sc2306",553.7,sc2302,4-5
2023-01-03,2.6,"sc2305,sc2306",564.2,sc2302,4-5
2023-01-04,1.5,"sc2305,sc2306",549.9,sc2302,4-5
2023-01-05,0.5,"sc2305,sc2306",521.1,sc2302,4-5
2023-01-06,-0.6,"sc2305,sc2306",525.5,sc2302,4-5
2023-01-09,-0.4,"sc2305,sc2306",525.7,sc2302,4-5
2023-01-10,-0.4,"sc2305,sc2306",524.4,sc2302,4-5
2023-01-11,-1.3,"sc2305,sc2306",519.5,sc2302,4-5
2023-01-12,-0.9,"sc2305,sc2306",527.3,sc2302,4-5
2023-01-13,-1.1,"sc2305,sc2306",538.8,sc2302,4-5
2023-01-16,-0.1,"sc2305,sc2306",539.4,sc2302,4-5
2023-01-17,0.3,"sc2306,sc2307",544.2,sc2303,4-5
2023-01-18,0.9,"sc2306,sc2307",559.6,sc2303,4-5
2023-01-19,1.2,"sc2306,sc2307",556.2,sc2303,4-5
2023-01-20,0.9,"sc2306,sc2307",559.8,sc2303,4-5
2023-01-30,0.5,"sc2306,sc2307",560.0,sc2303,4-5
2023-01-31,0.7,"sc2306,sc2307",546.6,sc2303,4-5
2023-02-01,0.3,"sc2306,sc2307",548.4,sc2303,4-5
2023-02-02,0.5,"sc2306,sc2307",540.8,sc2303,4-5
2023-02-03,0.1,"sc2306,sc2307",532.3,sc2303,4-5
2023-02-06,0.3,"sc2306,sc2307",526.5,sc2303,4-5
2023-02-07,0.1,"sc2306,sc2307",523.8,sc2303,4-5
2023-02-08,-0.1,"sc2306,sc2307",537.9,sc2303,4-5
2023-02-09,0.2,"sc2306,sc2307",550.9,sc2303,4-5
2023-02-10,0.5,"sc2306,sc2307",552.6,sc2303,4-5
2023-02-13,0.7,"sc2306,sc2307",563.0,sc2303,4-5
2023-02-14,0.9,"sc2306,sc2307",566.3,sc2303,4-5
2023-02-15,1.4,"sc2306,sc2307",567.9,sc2303,4-5
2023-02-16,2.5,"sc2306,sc2307",572.4,sc2303,4-5
2023-02-17,2.8,"sc2306,sc2307",579.1,sc2303,4-5
2023-02-20,1.3,"sc2306,sc2307",559.1,sc2303,4-5
2023-02-21,0.7,"sc2306,sc2307",557.0,sc2303,4-5
2023-02-22,0.2,"sc2306,sc2307",556.1,sc2303,4-5
2023-02-23,0.1,"sc2306,sc2307",552.0,sc2303,4-5
2023-02-24,-0.2,"sc2306,sc2307",548.6,sc2303,4-5
2023-02-27,0.3,"sc2306,sc2307",561.2,sc2303,4-5
2023-02-28,-0.1,"sc2306,sc2307",553.0,sc2303,4-5
2023-03-01,0.3,"sc2307,sc2308",556.5,sc2304,4-5
2023-03-02,0.8,"sc2307,sc2308",556.0,sc2304,4-5
2023-03-03,1.3,"sc2307,sc2308",566.5,sc2304,4-5
2023-03-06,1.4,"sc2307,sc2308",568.7,sc2304,4-5
2023-03-07,1.5,"sc2307,sc2308",579.2,sc2304,4-5
2023-03-08,1.2,"sc2307,sc2308",571.1,sc2304,4-5
2023-03-09,0.7,"sc2307,sc2308",560.5,sc2304,4-5
2023-03-10,0.6,"sc2307,sc2308",557.3,sc2304,4-5
2023-03-13,0.4,"sc2307,sc2308",551.7,sc2304,4-5
2023-03-14,0.2,"sc2307,sc2308",535.6,sc2304,4-5
2023-03-15,-0.3,"sc2307,sc2308",526.7,sc2304,4-5
2023-03-16,-0.5,"sc2307,sc2308",496.4,sc2304,4-5
2023-03-17,-0.6,"sc2307,sc2308",496.1,sc2304,4-5
2023-03-20,-0.6,"sc2307,sc2308",490.2,sc2304,4-5
2023-03-21,-0.6,"sc2307,sc2308",486.1,sc2304,4-5
2023-03-22,-0.5,"sc2307,sc2308",497.7,sc2304,4-5
2023-03-23,-0.3,"sc2307,sc2308",504.4,sc2304,4-5
2023-03-24,-0.3,"sc2307,sc2308",505.2,sc2304,4-5
2023-03-27,-0.5,"sc2307,sc2308",498.0,sc2304,4-5
2023-03-28,-0.6,"sc2307,sc2308",514.8,sc2304,4-5
2023-03-29,-0.6,"sc2307,sc2308",524.3,sc2304,4-5
2023-03-30,-0.7,"sc2307,sc2308",525.8,sc2304,4-5
2023-03-31,-0.5,"sc2307,sc2308",531.0,sc2304,4-5
2023-04-03,0.4,"sc2308,sc2309",547.2,sc2305,4-5
2023-04-04,2.0,"sc2308,sc2309",576.9,sc2305,4-5
2023-04-06,2.7,"sc2308,sc2309",583.0,sc2305,4-5
2023-04-07,2.7,"sc2308,sc2309",586.9,sc2305,4-5
2023-04-10,2.4,"sc2308,sc2309",589.3,sc2305,4-5
2023-04-11,2.4,"sc2308,sc2309",586.3,sc2305,4-5
2023-04-12,2.9,"sc2308,sc2309",591.9,sc2305,4-5
2023-04-13,3.1,"sc2308,sc2309",601.8,sc2305,4-5
2023-04-14,2.8,"sc2308,sc2309",597.4,sc2305,4-5
2023-04-17,2.6,"sc2308,sc2309",599.2,sc2305,4-5
2023-04-18,2.3,"sc2308,sc2309",597.5,sc2305,4-5
2023-04-19,2.4,"sc2308,sc2309",593.6,sc2305,4-5
2023-04-20,1.7,"sc2308,sc2309",580.9,sc2305,4-5
2023-04-21,1.3,"sc2308,sc2309",566.6,sc2305,4-5
2023-04-24,1.3,"sc2308,sc2309",565.4,sc2305,4-5
2023-04-25,1.4,"sc2308,sc2309",566.9,sc2305,4-5
2023-04-26,0.2,"sc2308,sc2309",561.8,sc2305,4-5
2023-04-27,-0.1,"sc2308,sc2309",534.9,sc2305,4-5
2023-04-28,-0.5,"sc2308,sc2309",545.9,sc2305,4-5
2023-05-04,-0.5,"sc2309,sc2310",494.9,sc2306,4-5
2023-05-05,-0.7,"sc2309,sc2310",491.7,sc2306,4-5
2023-05-08,-0.5,"sc2309,sc2310",508.7,sc2306,4-5
2023-05-09,-0.4,"sc2309,sc2310",518.9,sc2306,4-5
2023-05-10,-0.4,"sc2309,sc2310",517.5,sc2306,4-5
2023-05-11,-0.2,"sc2309,sc2310",514.7,sc2306,4-5
2023-05-12,-0.5,"sc2309,sc2310",502.1,sc2306,4-5
2023-05-15,-0.7,"sc2309,sc2310",496.2,sc2306,4-5
2023-05-16,-0.2,"sc2309,sc2310",505.7,sc2306,4-5
2023-05-17,-0.3,"sc2309,sc2310",504.1,sc2306,4-5
2023-05-18,-0.4,"sc2309,sc2310",512.7,sc2306,4-5
2023-05-19,-0.5,"sc2309,sc2310",514.4,sc2306,4-5
2023-05-22,-0.3,"sc2309,sc2310",509.6,sc2306,4-5
2023-05-23,-0.1,"sc2309,sc2310",513.7,sc2306,4-5
2023-05-24,0.0,"sc2309,sc2310",523.5,sc2306,4-5
2023-05-25,0.1,"sc2309,sc2310",529.4,sc2306,4-5
2023-05-26,-0.1,"sc2309,sc2310",516.7,sc2306,4-5
2023-05-29,0.2,"sc2309,sc2310",527.4,sc2306,4-5
2023-05-30,0.2,"sc2309,sc2310",528.2,sc2306,4-5
2023-05-31,0.0,"sc2309,sc2310",517.5,sc2306,4-5
2023-06-01,-0.2,"sc2310,sc2311",501.9,sc2307,4-5
2023-06-02,0.3,"sc2310,sc2311",511.8,sc2307,4-5
2023-06-05,0.8,"sc2310,sc2311",523.7,sc2307,4-5
2023-06-06,0.6,"sc2310,sc2311",528.0,sc2307,4-5
2023-06-07,0.6,"sc2310,sc2311",524.1,sc2307,4-5
2023-06-08,0.9,"sc2310,sc2311",534.2,sc2307,4-5
2023-06-09,0.7,"sc2310,sc2311",527.3,sc2307,4-5
2023-06-12,0.6,"sc2310,sc2311",523.1,sc2307,4-5
2023-06-13,0.5,"sc2310,sc2311",506.3,sc2307,4-5
2023-06-14,1.1,"sc2310,sc2311",519.6,sc2307,4-5
2023-06-15,1.3,"sc2310,sc2311",517.6,sc2307,4-5
2023-06-16,1.5,"sc2310,sc2311",525.1,sc2307,4-5
2023-06-19,1.5,"sc2310,sc2311",530.0,sc2307,4-5
2023-06-20,1.3,"sc2310,sc2311",533.6,sc2307,4-5
2023-06-21,2.3,"sc2310,sc2311",542.5,sc2307,4-5
2023-06-26,3.3,"sc2310,sc2311",539.3,sc2307,4-5
2023-06-27,3.4,"sc2310,sc2311",541.1,sc2307,4-5
2023-06-28,3.1,"sc2310,sc2311",534.6,sc2307,4-5
2023-06-29,3.1,"sc2310,sc2311",539.1,sc2307,4-5
2023-06-30,3.4,"sc2310,sc2311",542.1,sc2307,4-5
2023-07-03,3.8,"sc2311,sc2312",551.7,sc2308,4-5
2023-07-04,3.7,"sc2311,sc2312",551.0,sc2308,4-5
2023-07-05,3.7,"sc2311,sc2312",553.8,sc2308,4-5
2023-07-06,3.4,"sc2311,sc2312",558.8,sc2308,4-5
2023-07-07,3.0,"sc2311,sc2312",556.5,sc2308,4-5
2023-07-10,3.1,"sc2311,sc2312",565.3,sc2308,4-5
2023-07-11,3.4,"sc2311,sc2312",568.8,sc2308,4-5
2023-07-12,3.9,"sc2311,sc2312",574.4,sc2308,4-5
2023-07-13,3.8,"sc2311,sc2312",578.6,sc2308,4-5
2023-07-14,3.9,"sc2311,sc2312",584.9,sc2308,4-5
2023-07-17,3.8,"sc2311,sc2312",580.1,sc2308,4-5
2023-07-18,3.8,"sc2311,sc2312",577.2,sc2308,4-5
2023-07-19,3.8,"sc2311,sc2312",583.4,sc2308,4-5
2023-07-20,3.5,"sc2311,sc2312",589.1,sc2308,4-5
2023-07-21,3.3,"sc2311,sc2312",585.3,sc2308,4-5
2023-07-24,3.2,"sc2311,sc2312",587.7,sc2308,4-5
2023-07-25,3.7,"sc2311,sc2312",598.9,sc2308,4-5
2023-07-26,3.6,"sc2311,sc2312",601.8,sc2308,4-5
2023-07-27,3.3,"sc2311,sc2312",606.8,sc2308,4-5
2023-07-28,3.3,"sc2311,sc2312",610.3,sc2308,4-5
2023-07-31,3.4,"sc2311,sc2312",604.4,sc2308,4-5
2023-08-01,3.3,"sc2312,sc2401",618.2,sc2309,4-5
2023-08-02,3.4,"sc2312,sc2401",621.8,sc2309,4-5
2023-08-03,3.7,"sc2312,sc2401",610.6,sc2309,4-5
2023-08-04,3.7,"sc2312,sc2401",619.3,sc2309,4-5
2023-08-07,4.0,"sc2312,sc2401",627.5,sc2309,4-5
2023-08-08,3.8,"sc2312,sc2401",625.5,sc2309,4-5
2023-08-09,4.3,"sc2312,sc2401",626.9,sc2309,4-5
2023-08-10,5.0,"sc2312,sc2401",638.1,sc2309,4-5
2023-08-11,5.3,"sc2312,sc2401",639.4,sc2309,4-5
2023-08-14,6.9,"sc2312,sc2401",658.7,sc2309,4-5
2023-08-15,7.0,"sc2312,sc2401",658.7,sc2309,4-5
2023-08-16,7.7,"sc2312,sc2401",655.8,sc2309,4-5
2023-08-17,7.8,"sc2312,sc2401",655.6,sc2309,4-5
2023-08-18,7.9,"sc2312,sc2401",658.4,sc2309,4-5
2023-08-21,8.2,"sc2312,sc2401",667.6,sc2309,4-5
2023-08-22,8.3,"sc2312,sc2401",671.8,sc2309,4-5
2023-08-23,6.7,"sc2312,sc2401",665.6,sc2309,4-5
2023-08-24,6.0,"sc2312,sc2401",668.8,sc2309,4-5
2023-08-25,6.6,"sc2312,sc2401",678.7,sc2309,4-5
2023-08-28,7.1,"sc2312,sc2401",690.9,sc2309,4-5
2023-08-29,7.3,"sc2312,sc2401",657.4,sc2309,4-5
2023-08-30,7.3,"sc2312,sc2401",632.0,sc2309,4-5
2023-08-31,7.4,"sc2312,sc2401",607.6,sc2309,4-5
2023-09-01,6.0,"sc2401,sc2402",649.8,sc2310,4-5
2023-09-04,7.6,"sc2401,sc2402",666.2,sc2310,4-5
2023-09-05,7.4,"sc2401,sc2402",668.6,sc2310,4-5
2023-09-06,9.1,"sc2401,sc2402",690.0,sc2310,4-5
2023-09-07,9.6,"sc2401,sc2402",691.0,sc2310,4-5
2023-09-08,9.2,"sc2401,sc2402",693.8,sc2310,4-5
2023-09-11,8.3,"sc2401,sc2402",694.8,sc2310,4-5
2023-09-12,7.7,"sc2401,sc2402",696.3,sc2310,4-5
2023-09-13,8.8,"sc2401,sc2402",708.3,sc2310,4-5
2023-09-14,9.1,"sc2401,sc2402",717.7,sc2310,4-5
2023-09-15,9.3,"sc2401,sc2402",736.8,sc2310,4-5
2023-09-18,8.8,"sc2401,sc2402",733.1,sc2310,4-5
2023-09-19,8.6,"sc2401,sc2402",736.7,sc2310,4-5
2023-09-20,8.3,"sc2401,sc2402",728.9,sc2310,4-5
2023-09-21,8.1,"sc2401,sc2402",725.6,sc2310,4-5
2023-09-22,8.3,"sc2401,sc2402",736.5,sc2310,4-5
2023-09-25,8.1,"sc2401,sc2402",731.7,sc2310,4-5
2023-09-26,7.7,"sc2401,sc2402",702.4,sc2310,4-5
2023-09-27,7.8,"sc2401,sc2402",695.9,sc2310,4-5
2023-09-28,10.3,"sc2401,sc2402",700.9,sc2310,4-5
2023-10-09,9.0,"sc2402,sc2403",660.7,sc2311,4-5
2023-10-10,8.4,"sc2402,sc2403",660.8,sc2311,4-5
2023-10-11,8.1,"sc2402,sc2403",657.0,sc2311,4-5
2023-10-12,7.9,"sc2402,sc2403",650.1,sc2311,4-5
2023-10-13,7.8,"sc2402,sc2403",652.3,sc2311,4-5
2023-10-16,9.1,"sc2402,sc2403",676.5,sc2311,4-5
2023-10-17,9.0,"sc2402,sc2403",674.6,sc2311,4-5
2023-10-18,9.4,"sc2402,sc2403",681.5,sc2311,4-5
2023-10-19,9.5,"sc2402,sc2403",689.1,sc2311,4-5
2023-10-20,9.5,"sc2402,sc2403",694.0,sc2311,4-5
2023-10-23,9.4,"sc2402,sc2403",694.9,sc2311,4-5
2023-10-24,8.5,"sc2402,sc2403",682.7,sc2311,4-5
2023-10-25,8.0,"sc2402,sc2403",668.0,sc2311,4-5
2023-10-26,7.4,"sc2402,sc2403",674.5,sc2311,4-5
2023-10-27,6.2,"sc2402,sc2403",673.0,sc2311,4-5
2023-10-30,5.7,"sc2402,sc2403",678.3,sc2311,4-5
2023-10-31,5.4,"sc2402,sc2403",671.6,sc2311,4-5
2023-11-01,4.9,"sc2403,sc2404",649.8,sc2312,4-5
2023-11-02,5.1,"sc2403,sc2404",650.1,sc2312,4-5
2023-11-03,5.4,"sc2403,sc2404",653.5,sc2312,4-5
2023-11-06,5.6,"sc2403,sc2404",647.3,sc2312,4-5
2023-11-07,4.1,"sc2403,sc2404",636.5,sc2312,4-5
2023-11-08,2.7,"sc2403,sc2404",610.4,sc2312,4-5
2023-11-09,2.2,"sc2403,sc2404",596.2,sc2312,4-5
2023-11-10,2.1,"sc2403,sc2404",596.9,sc2312,4-5
2023-11-13,1.9,"sc2403,sc2404",598.9,sc2312,4-5
2023-11-14,1.4,"sc2403,sc2404",602.7,sc2312,4-5
2023-11-15,0.9,"sc2403,sc2404",604.1,sc2312,4-5
2023-11-16,0.7,"sc2403,sc2404",590.4,sc2312,4-5
2023-11-17,0.0,"sc2403,sc2404",568.9,sc2312,4-5
2023-11-20,-0.3,"sc2403,sc2404",576.7,sc2312,4-5
2023-11-21,0.4,"sc2403,sc2404",587.4,sc2312,4-5
2023-11-22,0.3,"sc2403,sc2404",589.2,sc2312,4-5
2023-11-23,0.0,"sc2403,sc2404",571.9,sc2312,4-5
2023-11-24,-0.1,"sc2403,sc2404",575.9,sc2312,4-5
2023-11-27,0.2,"sc2403,sc2404",573.3,sc2312,4-5
2023-11-28,0.3,"sc2403,sc2404",566.9,sc2312,4-5
2023-11-29,0.6,"sc2403,sc2404",573.7,sc2312,4-5
2023-11-30,0.4,"sc2403,sc2404",577.1,sc2312,4-5
2023-12-01,0.2,"sc2404,sc2405",579.3,sc2401,4-5
2023-12-04,-0.7,"sc2404,sc2405",566.0,sc2401,4-5
2023-12-05,-0.8,"sc2404,sc2405",556.7,sc2401,4-5
2023-12-06,-0.4,"sc2404,sc2405",554.3,sc2401,4-5
2023-12-07,-0.5,"sc2404,sc2405",536.6,sc2401,4-5
2023-12-08,-0.1,"sc2404,sc2405",546.7,sc2401,4-5
2023-12-11,-0.3,"sc2404,sc2405",551.5,sc2401,4-5
2023-12-12,-0.5,"sc2404,sc2405",550.8,sc2401,4-5
2023-12-13,-1.0,"sc2404,sc2405",530.2,sc2401,4-5
2023-12-14,-1.1,"sc2404,sc2405",529.5,sc2401,4-5
2023-12-15,-0.3,"sc2404,sc2405",542.9,sc2401,4-5
2023-12-18,-0.5,"sc2404,sc2405",542.5,sc2401,4-5
2023-12-19,-0.4,"sc2404,sc2405",553.8,sc2401,4-5
2023-12-20,-0.4,"sc2404,sc2405",556.1,sc2401,4-5
2023-12-21,-0.2,"sc2404,sc2405",560.2,sc2401,4-5
2023-12-22,-0.3,"sc2404,sc2405",554.9,sc2401,4-5
2023-12-25,-0.3,"sc2404,sc2405",552.7,sc2401,4-5
2023-12-26,-0.3,"sc2404,sc2405",553.7,sc2401,4-5
2023-12-27,0.2,"sc2404,sc2405",567.3,sc2401,4-5
2023-12-28,-0.5,"sc2404,sc2405",560.2,sc2401,4-5
2023-12-29,-0.9,"sc2404,sc2405",551.2,sc2401,4-5
2024-01-02,0.1,"sc2405,sc2406",547.2,sc2402,4-5
2024-01-03,0.0,"sc2405,sc2406",544.7,sc2402,4-5
2024-01-04,-0.2,"sc2405,sc2406",554.3,sc2402,4-5
2024-01-05,-0.3,"sc2405,sc2406",552.9,sc2402,4-5
2024-01-08,-0.1,"sc2405,sc2406",556.6,sc2402,4-5
2024-01-09,-0.6,"sc2405,sc2406",539.0,sc2402,4-5
2024-01-10,0.3,"sc2405,sc2406",553.2,sc2402,4-5
2024-01-11,1.4,"sc2405,sc2406",559.0,sc2402,4-5
2024-01-12,2.2,"sc2405,sc2406",566.1,sc2402,4-5
2024-01-15,0.8,"sc2405,sc2406",562.8,sc2402,4-5
2024-01-16,0.7,"sc2405,sc2406",553.5,sc2402,4-5
2024-01-17,1.1,"sc2405,sc2406",554.5,sc2402,4-5
2024-01-18,0.7,"sc2405,sc2406",550.6,sc2402,4-5
2024-01-19,1.1,"sc2405,sc2406",557.9,sc2402,4-5
2024-01-22,1.4,"sc2405,sc2406",557.9,sc2402,4-5
2024-01-23,3.0,"sc2405,sc2406",564.2,sc2402,4-5
2024-01-24,2.2,"sc2405,sc2406",562.0,sc2402,4-5
2024-01-25,2.1,"sc2405,sc2406",567.7,sc2402,4-5
2024-01-26,2.1,"sc2405,sc2406",579.7,sc2402,4-5
2024-01-29,2.0,"sc2405,sc2406",587.6,sc2402,4-5
2024-01-30,1.5,"sc2405,sc2406",584.8,sc2402,4-5
2024-01-31,1.3,"sc2405,sc2406",577.8,sc2402,4-5
2024-02-01,1.5,"sc2406,sc2407",579.4,sc2403,4-5
2024-02-02,1.8,"sc2406,sc2407",572.2,sc2403,4-5
2024-02-05,1.6,"sc2406,sc2407",555.9,sc2403,4-5
2024-02-06,1.3,"sc2406,sc2407",556.6,sc2403,4-5
2024-02-07,2.6,"sc2406,sc2407",562.1,sc2403,4-5
2024-02-08,2.5,"sc2406,sc2407",567.4,sc2403,4-5
2024-02-19,2.2,"sc2406,sc2407",581.7,sc2403,4-5
2024-02-20,4.3,"sc2406,sc2407",598.7,sc2403,4-5
2024-02-21,4.6,"sc2406,sc2407",592.2,sc2403,4-5
2024-02-22,4.7,"sc2406,sc2407",593.2,sc2403,4-5
2024-02-23,5.4,"sc2406,sc2407",598.7,sc2403,4-5
2024-02-26,5.1,"sc2406,sc2407",595.7,sc2403,4-5
2024-02-27,5.0,"sc2406,sc2407",600.4,sc2403,4-5
2024-02-28,5.1,"sc2406,sc2407",613.0,sc2403,4-5
2024-02-29,5.3,"sc2406,sc2407",613.1,sc2403,4-5
2024-03-01,5.5,"sc2407,sc2408",607.0,sc2404,4-5
2024-03-04,6.5,"sc2407,sc2408",617.9,sc2404,4-5
2024-03-05,6.6,"sc2407,sc2408",615.4,sc2404,4-5
2024-03-06,5.2,"sc2407,sc2408",608.9,sc2404,4-5
2024-03-07,5.7,"sc2407,sc2408",614.2,sc2404,4-5
2024-03-08,5.7,"sc2407,sc2408",613.6,sc2404,4-5
2024-03-11,5.4,"sc2407,sc2408",610.0,sc2404,4-5
2024-03-12,5.7,"sc2407,sc2408",616.1,sc2404,4-5
2024-03-13,5.8,"sc2407,sc2408",621.0,sc2404,4-5
2024-03-14,6.4,"sc2407,sc2408",630.5,sc2404,4-5
2024-03-15,6.1,"sc2407,sc2408",646.8,sc2404,4-5
2024-03-18,5.3,"sc2407,sc2408",635.7,sc2404,4-5
2024-03-19,5.4,"sc2407,sc2408",632.9,sc2404,4-5
2024-03-20,6.2,"sc2407,sc2408",637.0,sc2404,4-5
2024-03-21,5.5,"sc2407,sc2408",630.5,sc2404,4-5
2024-03-22,5.6,"sc2407,sc2408",626.7,sc2404,4-5
2024-03-25,6.1,"sc2407,sc2408",631.8,sc2404,4-5
2024-03-26,6.5,"sc2407,sc2408",636.3,sc2404,4-5
2024-03-27,6.0,"sc2407,sc2408",632.5,sc2404,4-5
2024-03-28,6.0,"sc2407,sc2408",635.0,sc2404,4-5
2024-03-29,6.2,"sc2407,sc2408",651.3,sc2404,4-5
2024-04-01,6.2,"sc2408,sc2409",645.2,sc2405,4-5
2024-04-02,6.4,"sc2408,sc2409",647.0,sc2405,4-5
2024-04-03,6.8,"sc2408,sc2409",656.1,sc2405,4-5
2024-04-08,7.2,"sc2408,sc2409",660.8,sc2405,4-5
2024-04-09,6.7,"sc2408,sc2409",666.2,sc2405,4-5
2024-04-10,7.1,"sc2408,sc2409",662.2,sc2405,4-5
2024-04-11,7.7,"sc2408,sc2409",666.3,sc2405,4-5
2024-04-12,8.1,"sc2408,sc2409",667.7,sc2405,4-5
2024-04-15,6.3,"sc2408,sc2409",670.6,sc2405,4-5
2024-04-16,6.5,"sc2408,sc2409",663.9,sc2405,4-5
2024-04-17,6.5,"sc2408,sc2409",665.4,sc2405,4-5
2024-04-18,6.0,"sc2408,sc2409",652.0,sc2405,4-5
2024-04-19,5.9,"sc2408,sc2409",650.8,sc2405,4-5
2024-04-22,5.7,"sc2408,sc2409",643.0,sc2405,4-5
2024-04-23,5.6,"sc2408,sc2409",640.9,sc2405,4-5
2024-04-24,5.8,"sc2408,sc2409",646.7,sc2405,4-5
2024-04-25,5.9,"sc2408,sc2409",652.6,sc2405,4-5
2024-04-26,5.9,"sc2408,sc2409",645.9,sc2405,4-5
2024-04-29,6.1,"sc2408,sc2409",652.5,sc2405,4-5
2024-04-30,6.1,"sc2408,sc2409",649.6,sc2405,4-5
2024-05-06,7.2,"sc2409,sc2410",634.0,sc2406,4-5
2024-05-07,4.7,"sc2409,sc2410",617.6,sc2406,4-5
2024-05-08,4.5,"sc2409,sc2410",615.5,sc2406,4-5
2024-05-09,4.1,"sc2409,sc2410",615.8,sc2406,4-5
2024-05-10,4.5,"sc2409,sc2410",620.1,sc2406,4-5
2024-05-13,4.4,"sc2409,sc2410",616.2,sc2406,4-5
2024-05-14,4.5,"sc2409,sc2410",618.2,sc2406,4-5
2024-05-15,3.9,"sc2409,sc2410",613.5,sc2406,4-5
2024-05-16,3.6,"sc2409,sc2410",610.3,sc2406,4-5
2024-05-17,3.9,"sc2409,sc2410",616.5,sc2406,4-5
2024-05-20,4.2,"sc2409,sc2410",619.6,sc2406,4-5
2024-05-21,3.8,"sc2409,sc2410",616.6,sc2406,4-5
2024-05-22,3.4,"sc2409,sc2410",607.8,sc2406,4-5
2024-05-23,3.6,"sc2409,sc2410",600.9,sc2406,4-5
2024-05-24,3.4,"sc2409,sc2410",599.3,sc2406,4-5
2024-05-27,3.5,"sc2409,sc2410",602.1,sc2406,4-5
2024-05-28,3.9,"sc2409,sc2410",608.4,sc2406,4-5
2024-05-29,4.0,"sc2409,sc2410",616.2,sc2406,4-5
2024-05-30,4.0,"sc2409,sc2410",620.8,sc2406,4-5
2024-05-31,3.1,"sc2409,sc2410",607.9,sc2406,4-5
2024-06-03,2.5,"sc2410,sc2411",599.7,sc2407,4-5
2024-06-04,1.5,"sc2410,sc2411",578.6,sc2407,4-5
2024-06-05,1.6,"sc2410,sc2411",570.5,sc2407,4-5
2024-06-06,2.0,"sc2410,sc2411",575.3,sc2407,4-5
2024-06-07,2.6,"sc2410,sc2411",583.1,sc2407,4-5
2024-06-11,3.1,"sc2410,sc2411",589.2,sc2407,4-5
2024-06-12,3.3,"sc2410,sc2411",601.9,sc2407,4-5
2024-06-13,3.2,"sc2410,sc2411",605.7,sc2407,4-5
2024-06-14,2.9,"sc2410,sc2411",606.4,sc2407,4-5
2024-06-17,2.5,"sc2410,sc2411",605.1,sc2407,4-5
2024-06-18,2.7,"sc2410,sc2411",612.8,sc2407,4-5
2024-06-19,2.8,"sc2410,sc2411",620.6,sc2407,4-5
2024-06-20,2.9,"sc2410,sc2411",623.6,sc2407,4-5
2024-06-21,2.8,"sc2410,sc2411",626.0,sc2407,4-5
2024-06-24,3.0,"sc2410,sc2411",625.1,sc2407,4-5
2024-06-25,3.1,"sc2410,sc2411",626.6,sc2407,4-5
2024-06-26,2.7,"sc2410,sc2411",625.1,sc2407,4-5
2024-06-27,3.0,"sc2410,sc2411",621.2,sc2407,4-5
2024-06-28,3.7,"sc2410,sc2411",625.0,sc2407,4-5
2024-07-01,3.5,"sc2411,sc2412",623.5,sc2408,4-5
2024-07-02,4.4,"sc2411,sc2412",631.1,sc2408,4-5
2024-07-03,4.7,"sc2411,sc2412",634.5,sc2408,4-5
2024-07-04,4.6,"sc2411,sc2412",634.3,sc2408,4-5
2024-07-05,4.6,"sc2411,sc2412",636.8,sc2408,4-5
2024-07-08,4.6,"sc2411,sc2412",634.2,sc2408,4-5
2024-07-09,4.6,"sc2411,sc2412",626.8,sc2408,4-5
2024-07-10,4.3,"sc2411,sc2412",620.2,sc2408,4-5
2024-07-11,4.3,"sc2411,sc2412",622.5,sc2408,4-5
2024-07-12,4.6,"sc2411,sc2412",620.7,sc2408,4-5
2024-07-15,4.8,"sc2411,sc2412",619.8,sc2408,4-5
2024-07-16,4.4,"sc2411,sc2412",615.9,sc2408,4-5
2024-07-17,4.4,"sc2411,sc2412",608.1,sc2408,4-5
2024-07-18,4.9,"sc2411,sc2412",615.0,sc2408,4-5
2024-07-19,4.8,"sc2411,sc2412",611.1,sc2408,4-5
2024-07-22,4.6,"sc2411,sc2412",600.1,sc2408,4-5
2024-07-23,3.7,"sc2411,sc2412",591.3,sc2408,4-5
2024-07-24,3.6,"sc2411,sc2412",583.6,sc2408,4-5
2024-07-25,3.5,"sc2411,sc2412",584.1,sc2408,4-5
2024-07-26,3.1,"sc2411,sc2412",585.3,sc2408,4-5
2024-07-29,3.0,"sc2411,sc2412",584.7,sc2408,4-5
2024-07-30,2.8,"sc2411,sc2412",586.3,sc2408,4-5
2024-07-31,3.0,"sc2411,sc2412",581.2,sc2408,4-5
2024-08-01,2.9,"sc2412,sc2501",587.9,sc2409,4-5
2024-08-02,3.0,"sc2412,sc2501",585.0,sc2409,4-5
2024-08-05,2.5,"sc2412,sc2501",555.7,sc2409,4-5
2024-08-06,2.5,"sc2412,sc2501",549.7,sc2409,4-5
2024-08-07,2.6,"sc2412,sc2501",546.3,sc2409,4-5
2024-08-08,2.8,"sc2412,sc2501",555.9,sc2409,4-5
2024-08-09,3.1,"sc2412,sc2501",560.4,sc2409,4-5
2024-08-12,3.0,"sc2412,sc2501",563.4,sc2409,4-5
2024-08-13,3.2,"sc2412,sc2501",576.4,sc2409,4-5
2024-08-14,3.3,"sc2412,sc2501",574.7,sc2409,4-5
2024-08-15,3.3,"sc2412,sc2501",568.8,sc2409,4-5
2024-08-16,3.2,"sc2412,sc2501",574.6,sc2409,4-5
2024-08-19,3.1,"sc2412,sc2501",563.2,sc2409,4-5
2024-08-20,3.0,"sc2412,sc2501",551.5,sc2409,4-5
2024-08-21,2.5,"sc2412,sc2501",545.2,sc2409,4-5
2024-08-22,2.6,"sc2412,sc2501",538.9,sc2409,4-5
2024-08-23,2.4,"sc2412,sc2501",540.2,sc2409,4-5
2024-08-26,2.8,"sc2412,sc2501",552.6,sc2409,4-5
2024-08-27,3.3,"sc2412,sc2501",566.9,sc2409,4-5
2024-08-28,3.4,"sc2412,sc2501",557.6,sc2409,4-5
2024-08-29,3.4,"sc2412,sc2501",551.9,sc2409,4-5
2024-08-30,3.8,"sc2412,sc2501",563.1,sc2409,4-5
2024-09-02,2.9,"sc2501,sc2502",542.6,sc2410,4-5
2024-09-03,3.0,"sc2501,sc2502",547.8,sc2410,4-5
2024-09-04,2.1,"sc2501,sc2502",526.2,sc2410,4-5
2024-09-05,2.0,"sc2501,sc2502",522.2,sc2410,4-5
2024-09-06,2.2,"sc2501,sc2502",520.5,sc2410,4-5
2024-09-09,2.1,"sc2501,sc2502",511.7,sc2410,4-5
2024-09-10,2.4,"sc2501,sc2502",510.9,sc2410,4-5
2024-09-11,1.4,"sc2501,sc2502",499.1,sc2410,4-5
2024-09-12,2.1,"sc2501,sc2502",505.1,sc2410,4-5
2024-09-13,2.0,"sc2501,sc2502",514.0,sc2410,4-5
2024-09-18,0.7,"sc2501,sc2502",514.3,sc2410,4-5
2024-09-19,1.8,"sc2501,sc2502",514.6,sc2410,4-5
2024-09-20,2.3,"sc2501,sc2502",521.9,sc2410,4-5
2024-09-23,3.1,"sc2501,sc2502",520.9,sc2410,4-5
2024-09-24,3.1,"sc2501,sc2502",520.1,sc2410,4-5
2024-09-25,3.4,"sc2501,sc2502",526.2,sc2410,4-5
2024-09-26,3.9,"sc2501,sc2502",532.0,sc2410,4-5
2024-09-27,2.8,"sc2501,sc2502",518.9,sc2410,4-5
2024-09-30,2.2,"sc2501,sc2502",520.7,sc2410,4-5
2024-10-08,1.1,"sc2502,sc2503",551.1,sc2411,4-5
2024-10-09,3.2,"sc2502,sc2503",564.0,sc2411,4-5
2024-10-10,2.7,"sc2502,sc2503",554.3,sc2411,4-5
2024-10-11,3.3,"sc2502,sc2503",570.3,sc2411,4-5
2024-10-14,3.0,"sc2502,sc2503",574.5,sc2411,4-5
2024-10-15,2.8,"sc2502,sc2503",558.8,sc2411,4-5
2024-10-16,1.8,"sc2502,sc2503",539.1,sc2411,4-5
2024-10-17,1.7,"sc2502,sc2503",537.7,sc2411,4-5
2024-10-18,2.0,"sc2502,sc2503",537.0,sc2411,4-5
2024-10-21,1.9,"sc2502,sc2503",529.3,sc2411,4-5
2024-10-22,2.2,"sc2502,sc2503",535.9,sc2411,4-5
2024-10-23,2.3,"sc2502,sc2503",550.4,sc2411,4-5
2024-10-24,3.0,"sc2502,sc2503",551.9,sc2411,4-5
2024-10-25,2.4,"sc2502,sc2503",543.8,sc2411,4-5
2024-10-28,2.3,"sc2502,sc2503",535.9,sc2411,4-5
2024-10-29,1.8,"sc2502,sc2503",512.1,sc2411,4-5
2024-10-30,1.8,"sc2502,sc2503",509.6,sc2411,4-5
2024-10-31,2.3,"sc2502,sc2503",524.2,sc2411,4-5
2024-11-01,1.7,"sc2503,sc2504",528.3,sc2412,4-5
2024-11-04,2.0,"sc2503,sc2504",530.3,sc2412,4-5
2024-11-05,2.4,"sc2503,sc2504",536.3,sc2412,4-5
2024-11-06,3.0,"sc2503,sc2504",538.6,sc2412,4-5
2024-11-07,2.6,"sc2503,sc2504",540.4,sc2412,4-5
2024-11-08,2.6,"sc2503,sc2504",539.0,sc2412,4-5
2024-11-11,2.2,"sc2503,sc2504",532.2,sc2412,4-5
2024-11-12,1.2,"sc2503,sc2504",521.6,sc2412,4-5
2024-11-13,0.9,"sc2503,sc2504",525.7,sc2412,4-5
2024-11-14,0.9,"sc2503,sc2504",523.6,sc2412,4-5
2024-11-15,1.0,"sc2503,sc2504",526.5,sc2412,4-5
2024-11-18,0.5,"sc2503,sc2504",520.0,sc2412,4-5
2024-11-19,0.9,"sc2503,sc2504",527.7,sc2412,4-5
2024-11-20,1.6,"sc2503,sc2504",531.5,sc2412,4-5
2024-11-21,2.0,"sc2503,sc2504",536.0,sc2412,4-5
2024-11-22,2.1,"sc2503,sc2504",543.9,sc2412,4-5
2024-11-25,2.1,"sc2503,sc2504",542.6,sc2412,4-5
2024-11-26,2.0,"sc2503,sc2504",533.0,sc2412,4-5
2024-11-27,1.8,"sc2503,sc2504",531.6,sc2412,4-5
2024-11-28,1.7,"sc2503,sc2504",531.2,sc2412,4-5
2024-11-29,2.0,"sc2503,sc2504",520.4,sc2412,4-5
2024-12-02,1.8,"sc2504,sc2505",529.9,sc2501,4-5
2024-12-03,1.8,"sc2504,sc2505",529.9,sc2501,4-5
2024-12-04,2.6,"sc2504,sc2505",538.2,sc2501,4-5
2024-12-05,2.3,"sc2504,sc2505",535.4,sc2501,4-5
2024-12-06,1.8,"sc2504,sc2505",528.3,sc2501,4-5
2024-12-09,1.3,"sc2504,sc2505",522.1,sc2501,4-5
2024-12-10,2.0,"sc2504,sc2505",529.5,sc2501,4-5
2024-12-11,2.5,"sc2504,sc2505",530.6,sc2501,4-5
2024-12-12,2.5,"sc2504,sc2505",537.7,sc2501,4-5
2024-12-13,2.6,"sc2504,sc2505",542.5,sc2501,4-5
2024-12-16,3.1,"sc2504,sc2505",548.9,sc2501,4-5
2024-12-17,3.0,"sc2504,sc2505",548.7,sc2501,4-5
2024-12-18,2.9,"sc2504,sc2505",543.8,sc2501,4-5
2024-12-19,3.4,"sc2504,sc2505",548.5,sc2501,4-5
2024-12-20,3.0,"sc2504,sc2505",546.1,sc2501,4-5
2024-12-23,3.0,"sc2504,sc2505",543.7,sc2501,4-5
2024-12-24,2.8,"sc2504,sc2505",542.5,sc2501,4-5
2024-12-25,3.1,"sc2504,sc2505",548.5,sc2501,4-5
2024-12-26,3.1,"sc2504,sc2505",551.9,sc2501,4-5
2024-12-27,3.1,"sc2504,sc2505",552.8,sc2501,4-5
2024-12-30,3.4,"sc2504,sc2505",550.0,sc2501,4-5
2024-12-31,3.3,"sc2504,sc2505",549.8,sc2501,4-5
2025-01-02,4.8,"sc2505,sc2506",560.9,sc2502,4-5
2025-01-03,3.5,"sc2505,sc2506",571.1,sc2502,4-5
2025-01-06,3.7,"sc2505,sc2506",577.2,sc2502,4-5
2025-01-07,4.1,"sc2505,sc2506",579.6,sc2502,4-5
2025-01-08,4.6,"sc2505,sc2506",587.8,sc2502,4-5
2025-01-09,4.5,"sc2505,sc2506",583.6,sc2502,4-5
2025-01-10,4.4,"sc2505,sc2506",586.1,sc2502,4-5
2025-01-13,7.0,"sc2505,sc2506",613.7,sc2502,4-5
2025-01-14,7.5,"sc2505,sc2506",620.4,sc2502,4-5
2025-01-15,10.3,"sc2505,sc2506",630.8,sc2502,4-5
2025-01-16,11.6,"sc2505,sc2506",644.3,sc2502,4-5
2025-01-17,10.9,"sc2505,sc2506",642.2,sc2502,4-5
2025-01-20,10.7,"sc2505,sc2506",640.8,sc2502,4-5
2025-01-21,10.0,"sc2505,sc2506",661.0,sc2502,4-5
2025-01-22,11.4,"sc2505,sc2506",680.6,sc2502,4-5
2025-01-23,11.5,"sc2505,sc2506",683.2,sc2502,4-5
2025-01-24,9.2,"sc2505,sc2506",647.7,sc2502,4-5
2025-01-27,9.9,"sc2505,sc2506",621.0,sc2502,4-5
2025-02-05,8.0,"sc2506,sc2507",602.3,sc2503,4-5
2025-02-06,7.0,"sc2506,sc2507",598.2,sc2503,4-5
2025-02-07,7.1,"sc2506,sc2507",599.7,sc2503,4-5
2025-02-10,6.5,"sc2506,sc2507",606.4,sc2503,4-5
2025-02-11,6.4,"sc2506,sc2507",616.8,sc2503,4-5
2025-02-12,5.7,"sc2506,sc2507",620.5,sc2503,4-5
2025-02-13,4.6,"sc2506,sc2507",605.1,sc2503,4-5
2025-02-14,4.2,"sc2506,sc2507",594.0,sc2503,4-5
2025-02-17,3.7,"sc2506,sc2507",602.5,sc2503,4-5
2025-02-18,4.0,"sc2506,sc2507",605.6,sc2503,4-5
2025-02-19,4.0,"sc2506,sc2507",614.3,sc2503,4-5
2018-07-26,5.1,"sc1901,sc1902",501.9,sc1809,5-6
2018-07-27,2.6,"sc1901,sc1902",506.1,sc1809,5-6
2018-07-30,2.6,"sc1901,sc1902",507.1,sc1809,5-6
2018-07-31,2.1,"sc1901,sc1902",513.9,sc1809,5-6
2018-08-01,2.2,"sc1901,sc1902",506.0,sc1809,5-6
2018-08-02,0.7,"sc1901,sc1902",501.6,sc1809,5-6
2018-08-03,-0.1,"sc1901,sc1902",508.8,sc1809,5-6
2018-08-06,-0.6,"sc1901,sc1902",512.3,sc1809,5-6
2018-08-07,2.1,"sc1901,sc1902",534.1,sc1809,5-6
2018-08-08,-1.5,"sc1901,sc1902",527.2,sc1809,5-6
2018-08-09,-1.8,"sc1901,sc1902",518.9,sc1809,5-6
2018-08-10,-1.7,"sc1901,sc1902",520.0,sc1809,5-6
2018-08-13,-2.2,"sc1901,sc1902",522.5,sc1809,5-6
2018-08-14,-1.0,"sc1901,sc1902",519.3,sc1809,5-6
2018-08-15,-0.4,"sc1901,sc1902",519.4,sc1809,5-6
2018-08-16,-1.5,"sc1901,sc1902",508.0,sc1809,5-6
2018-08-17,-1.0,"sc1901,sc1902",505.2,sc1809,5-6
2018-08-20,-1.6,"sc1901,sc1902",493.2,sc1809,5-6
2018-08-21,-1.3,"sc1901,sc1902",480.5,sc1809,5-6
2018-08-22,-1.7,"sc1901,sc1902",479.8,sc1809,5-6
2018-08-23,-1.8,"sc1901,sc1902",485.0,sc1809,5-6
2018-08-24,-1.5,"sc1901,sc1902",482.1,sc1809,5-6
2018-08-27,1.7,"sc1901,sc1902",482.2,sc1809,5-6
2018-08-28,1.5,"sc1901,sc1902",486.6,sc1809,5-6
2018-08-29,1.1,"sc1901,sc1902",485.7,sc1809,5-6
2018-08-30,0.8,"sc1901,sc1902",488.6,sc1809,5-6
2018-08-31,2.8,"sc1901,sc1902",488.3,sc1809,5-6
2018-09-03,-5.3,"sc1902,sc1903",503.0,sc1810,5-6
2018-09-04,-3.3,"sc1902,sc1903",504.6,sc1810,5-6
2018-09-05,-2.7,"sc1902,sc1903",505.4,sc1810,5-6
2018-09-06,-2.9,"sc1902,sc1903",501.1,sc1810,5-6
2018-09-07,-2.0,"sc1902,sc1903",496.7,sc1810,5-6
2018-09-10,-3.6,"sc1902,sc1903",498.5,sc1810,5-6
2018-09-11,-2.8,"sc1902,sc1903",500.6,sc1810,5-6
2018-09-12,-4.0,"sc1902,sc1903",503.6,sc1810,5-6
2018-09-13,-0.6,"sc1902,sc1903",515.3,sc1810,5-6
2018-09-14,-0.2,"sc1902,sc1903",501.3,sc1810,5-6
2018-09-17,0.7,"sc1902,sc1903",510.3,sc1810,5-6
2018-09-18,1.1,"sc1902,sc1903",507.7,sc1810,5-6
2018-09-19,1.5,"sc1902,sc1903",528.5,sc1810,5-6
2018-09-20,-0.2,"sc1902,sc1903",532.4,sc1810,5-6
2018-09-21,1.4,"sc1903,sc1904",521.7,sc1811,5-6
2018-09-25,2.8,"sc1903,sc1904",540.6,sc1811,5-6
2018-09-26,2.6,"sc1903,sc1904",542.6,sc1811,5-6
2018-09-27,3.2,"sc1903,sc1904",545.3,sc1811,5-6
2018-09-28,-0.9,"sc1903,sc1904",548.3,sc1811,5-6
2018-10-08,1.9,"sc1903,sc1904",561.2,sc1811,5-6
2018-10-10,4.5,"sc1903,sc1904",583.0,sc1811,5-6
2018-10-11,0.8,"sc1903,sc1904",579.7,sc1811,5-6
2018-10-12,-1.6,"sc1903,sc1904",562.6,sc1811,5-6
2018-10-15,-2.5,"sc1903,sc1904",563.6,sc1811,5-6
2018-10-16,-3.8,"sc1903,sc1904",555.3,sc1811,5-6
2018-10-17,3.3,"sc1903,sc1904",543.4,sc1811,5-6
2018-10-18,4.0,"sc1903,sc1904",559.3,sc1811,5-6
2018-10-19,3.9,"sc1903,sc1904",551.4,sc1811,5-6
2018-10-22,4.0,"sc1903,sc1904",549.7,sc1811,5-6
2018-10-23,3.4,"sc1903,sc1904",552.7,sc1811,5-6
2018-10-24,4.4,"sc1903,sc1904",572.0,sc1811,5-6
2018-10-25,1.7,"sc1903,sc1904",554.4,sc1811,5-6
2018-10-26,1.9,"sc1903,sc1904",577.5,sc1811,5-6
2018-10-29,1.2,"sc1903,sc1904",576.7,sc1811,5-6
2018-10-30,5.8,"sc1903,sc1904",576.7,sc1811,5-6
2018-10-31,7.1,"sc1903,sc1904",573.3,sc1811,5-6
2018-11-01,1.7,"sc1904,sc1905",527.8,sc1812,5-6
2018-11-02,6.7,"sc1904,sc1905",513.7,sc1812,5-6
2018-11-05,3.9,"sc1904,sc1905",507.8,sc1812,5-6
2018-11-06,3.7,"sc1904,sc1905",512.2,sc1812,5-6
2018-11-07,5.6,"sc1904,sc1905",504.4,sc1812,5-6
2018-11-08,3.6,"sc1904,sc1905",502.7,sc1812,5-6
2018-11-09,3.7,"sc1904,sc1905",497.8,sc1812,5-6
2018-11-12,2.4,"sc1904,sc1905",492.9,sc1812,5-6
2018-11-13,0.5,"sc1904,sc1905",491.9,sc1812,5-6
2018-11-14,7.6,"sc1904,sc1905",473.8,sc1812,5-6
2018-11-15,0.2,"sc1904,sc1905",461.7,sc1812,5-6
2018-11-16,0.3,"sc1904,sc1905",465.0,sc1812,5-6
2018-11-19,0.1,"sc1904,sc1905",466.7,sc1812,5-6
2018-11-20,-0.4,"sc1904,sc1905",459.7,sc1812,5-6
2018-11-21,0.7,"sc1904,sc1905",441.8,sc1812,5-6
2018-11-22,-0.3,"sc1904,sc1905",438.6,sc1812,5-6
2018-11-23,-1.4,"sc1904,sc1905",432.0,sc1812,5-6
2018-11-26,0.5,"sc1904,sc1905",411.4,sc1812,5-6
2018-11-27,-0.6,"sc1904,sc1905",409.1,sc1812,5-6
2018-11-28,-1.9,"sc1904,sc1905",413.0,sc1812,5-6
2018-11-29,-2.8,"sc1904,sc1905",407.2,sc1812,5-6
2018-11-30,-2.4,"sc1904,sc1905",396.7,sc1812,5-6
2018-12-03,-1.6,"sc1905,sc1906",419.4,sc1901,5-6
2018-12-04,-2.3,"sc1905,sc1906",428.6,sc1901,5-6
2018-12-05,-1.9,"sc1905,sc1906",428.3,sc1901,5-6
2018-12-06,-2.2,"sc1905,sc1906",428.0,sc1901,5-6
2018-12-07,-2.8,"sc1905,sc1906",413.3,sc1901,5-6
2018-12-10,-3.2,"sc1905,sc1906",431.1,sc1901,5-6
2018-12-11,-3.5,"sc1905,sc1906",421.8,sc1901,5-6
2018-12-12,-4.0,"sc1905,sc1906",423.7,sc1901,5-6
2018-12-13,-3.6,"sc1905,sc1906",424.6,sc1901,5-6
2018-12-14,-3.1,"sc1905,sc1906",422.5,sc1901,5-6
2018-12-17,-2.7,"sc1905,sc1906",419.0,sc1901,5-6
2018-12-18,-2.8,"sc1905,sc1906",411.6,sc1901,5-6
2018-12-19,-2.8,"sc1905,sc1906",395.1,sc1901,5-6
2018-12-20,-2.8,"sc1905,sc1906",398.1,sc1901,5-6
2018-12-21,-2.2,"sc1905,sc1906",400.9,sc1901,5-6
2018-12-24,-2.9,"sc1905,sc1906",394.5,sc1901,5-6
2018-12-25,-2.4,"sc1905,sc1906",385.0,sc1901,5-6
2018-12-26,-3.1,"sc1905,sc1906",374.7,sc1901,5-6
2018-12-27,-2.9,"sc1905,sc1906",381.0,sc1901,5-6
2018-12-28,-2.3,"sc1905,sc1906",377.0,sc1901,5-6
2019-01-02,-2.9,"sc1906,sc1907",370.7,sc1902,5-6
2019-01-03,-2.9,"sc1906,sc1907",379.8,sc1902,5-6
2019-01-04,-2.5,"sc1906,sc1907",388.7,sc1902,5-6
2019-01-07,-4.1,"sc1906,sc1907",401.4,sc1902,5-6
2019-01-08,-4.6,"sc1906,sc1907",405.1,sc1902,5-6
2019-01-09,-4.8,"sc1906,sc1907",412.2,sc1902,5-6
2019-01-10,-4.5,"sc1906,sc1907",423.6,sc1902,5-6
2019-01-11,-3.9,"sc1906,sc1907",424.5,sc1902,5-6
2019-01-14,-4.4,"sc1906,sc1907",416.3,sc1902,5-6
2019-01-15,-3.1,"sc1906,sc1907",412.4,sc1902,5-6
2019-01-16,-3.6,"sc1906,sc1907",410.5,sc1902,5-6
2019-01-17,-4.4,"sc1906,sc1907",411.8,sc1902,5-6
2019-01-18,-4.7,"sc1906,sc1907",410.5,sc1902,5-6
2019-01-21,0.2,"sc1906,sc1907",414.6,sc1902,5-6
2019-01-22,-0.8,"sc1906,sc1907",417.2,sc1902,5-6
2019-01-23,0.0,"sc1906,sc1907",427.6,sc1902,5-6
2019-01-24,-0.1,"sc1906,sc1907",423.6,sc1902,5-6
2019-01-25,0.4,"sc1906,sc1907",422.6,sc1902,5-6
2019-01-28,-2.2,"sc1907,sc1908",427.8,sc1903,5-6
2019-01-29,-1.4,"sc1907,sc1908",417.9,sc1903,5-6
2019-01-30,-3.3,"sc1907,sc1908",425.2,sc1903,5-6
2019-01-31,-3.5,"sc1907,sc1908",431.4,sc1903,5-6
2019-02-01,-4.7,"sc1907,sc1908",429.8,sc1903,5-6
2019-02-11,-2.9,"sc1907,sc1908",428.2,sc1903,5-6
2019-02-12,-4.1,"sc1907,sc1908",428.7,sc1903,5-6
2019-02-13,-3.5,"sc1907,sc1908",433.3,sc1903,5-6
2019-02-14,-0.1,"sc1907,sc1908",435.9,sc1903,5-6
2019-02-15,-1.5,"sc1907,sc1908",441.7,sc1903,5-6
2019-02-18,-0.8,"sc1907,sc1908",450.6,sc1903,5-6
2019-02-20,0.0,"sc1907,sc1908",451.2,sc1903,5-6
2019-02-21,-0.1,"sc1907,sc1908",449.6,sc1903,5-6
2019-02-22,1.0,"sc1907,sc1908",446.4,sc1903,5-6
2019-02-25,-1.2,"sc1907,sc1908",446.3,sc1903,5-6
2019-02-26,-1.4,"sc1907,sc1908",426.8,sc1903,5-6
2019-02-27,-1.1,"sc1907,sc1908",427.3,sc1903,5-6
2019-02-28,-1.7,"sc1907,sc1908",430.1,sc1903,5-6
2019-03-01,-0.3,"sc1908,sc1909",443.0,sc1904,5-6
2019-03-04,-0.6,"sc1908,sc1909",438.4,sc1904,5-6
2019-03-05,-0.9,"sc1908,sc1909",438.4,sc1904,5-6
2019-03-06,-1.0,"sc1908,sc1909",433.8,sc1904,5-6
2019-03-07,-1.2,"sc1908,sc1909",439.7,sc1904,5-6
2019-03-08,-0.3,"sc1908,sc1909",439.9,sc1904,5-6
2019-03-11,-0.4,"sc1908,sc1909",432.9,sc1904,5-6
2019-03-12,0.2,"sc1908,sc1909",444.9,sc1904,5-6
2019-03-13,-0.4,"sc1908,sc1909",444.2,sc1904,5-6
2019-03-14,-0.7,"sc1908,sc1909",450.4,sc1904,5-6
2019-03-15,-0.4,"sc1908,sc1909",452.2,sc1904,5-6
2019-03-18,0.4,"sc1908,sc1909",450.1,sc1904,5-6
2019-03-19,0.5,"sc1908,sc1909",461.8,sc1904,5-6
2019-03-20,0.1,"sc1908,sc1909",462.5,sc1904,5-6
2019-03-21,0.3,"sc1908,sc1909",466.3,sc1904,5-6
2019-03-22,0.8,"sc1908,sc1909",467.7,sc1904,5-6
2019-03-25,0.5,"sc1908,sc1909",459.0,sc1904,5-6
2019-03-26,0.7,"sc1908,sc1909",459.1,sc1904,5-6
2019-03-27,0.2,"sc1908,sc1909",463.3,sc1904,5-6
2019-03-28,0.7,"sc1908,sc1909",462.2,sc1904,5-6
2019-03-29,0.8,"sc1908,sc1909",453.5,sc1904,5-6
2019-04-01,-1.1,"sc1909,sc1910",459.4,sc1905,5-6
2019-04-02,0.3,"sc1909,sc1910",467.5,sc1905,5-6
2019-04-03,2.0,"sc1909,sc1910",471.7,sc1905,5-6
2019-04-04,1.9,"sc1909,sc1910",469.5,sc1905,5-6
2019-04-08,0.5,"sc1909,sc1910",478.2,sc1905,5-6
2019-04-09,1.6,"sc1909,sc1910",479.3,sc1905,5-6
2019-04-10,2.7,"sc1909,sc1910",475.7,sc1905,5-6
2019-04-11,1.4,"sc1909,sc1910",480.3,sc1905,5-6
2019-04-12,1.1,"sc1909,sc1910",475.8,sc1905,5-6
2019-04-15,0.4,"sc1909,sc1910",473.7,sc1905,5-6
2019-04-16,1.4,"sc1909,sc1910",468.2,sc1905,5-6
2019-04-17,1.7,"sc1909,sc1910",470.7,sc1905,5-6
2019-04-18,1.1,"sc1909,sc1910",472.0,sc1905,5-6
2019-04-19,1.9,"sc1909,sc1910",472.5,sc1905,5-6
2019-04-22,1.3,"sc1909,sc1910",480.3,sc1905,5-6
2019-04-23,1.2,"sc1909,sc1910",489.0,sc1905,5-6
2019-04-24,4.2,"sc1909,sc1910",493.2,sc1905,5-6
2019-04-25,-0.4,"sc1909,sc1910",494.7,sc1905,5-6
2019-04-26,3.0,"sc1909,sc1910",499.5,sc1905,5-6
2019-04-29,2.1,"sc1909,sc1910",485.7,sc1905,5-6
2019-04-30,2.3,"sc1909,sc1910",488.1,sc1905,5-6
2019-05-06,3.0,"sc1910,sc1911",472.5,sc1906,5-6
2019-05-07,2.5,"sc1910,sc1911",483.5,sc1906,5-6
2019-05-08,3.1,"sc1910,sc1911",480.2,sc1906,5-6
2019-05-09,2.5,"sc1910,sc1911",482.6,sc1906,5-6
2019-05-10,3.2,"sc1910,sc1911",486.1,sc1906,5-6
2019-05-13,3.2,"sc1910,sc1911",491.3,sc1906,5-6
2019-05-14,1.6,"sc1910,sc1911",497.1,sc1906,5-6
2019-05-15,0.2,"sc1910,sc1911",501.2,sc1906,5-6
2019-05-16,0.8,"sc1910,sc1911",505.5,sc1906,5-6
2019-05-17,0.8,"sc1910,sc1911",512.3,sc1906,5-6
2019-05-20,0.0,"sc1910,sc1911",514.2,sc1906,5-6
2019-05-21,1.9,"sc1910,sc1911",507.1,sc1906,5-6
2019-05-22,0.8,"sc1910,sc1911",504.0,sc1906,5-6
2019-05-23,1.5,"sc1910,sc1911",494.0,sc1906,5-6
2019-05-24,-0.5,"sc1910,sc1911",469.7,sc1906,5-6
2019-05-27,2.4,"sc1910,sc1911",473.7,sc1906,5-6
2019-05-28,2.0,"sc1910,sc1911",475.0,sc1906,5-6
2019-05-29,1.5,"sc1910,sc1911",470.2,sc1906,5-6
2019-05-30,2.2,"sc1910,sc1911",466.1,sc1906,5-6
2019-05-31,1.6,"sc1910,sc1911",461.2,sc1906,5-6
2019-06-03,-1.1,"sc1911,sc1912",435.2,sc1907,5-6
2019-06-04,1.0,"sc1911,sc1912",425.5,sc1907,5-6
2019-06-05,1.4,"sc1911,sc1912",426.2,sc1907,5-6
2019-06-06,0.6,"sc1911,sc1912",417.6,sc1907,5-6
2019-06-10,1.1,"sc1911,sc1912",434.5,sc1907,5-6
2019-06-11,-0.7,"sc1911,sc1912",429.9,sc1907,5-6
2019-06-12,1.0,"sc1911,sc1912",426.1,sc1907,5-6
2019-06-13,0.3,"sc1911,sc1912",420.2,sc1907,5-6
2019-06-14,0.7,"sc1911,sc1912",425.5,sc1907,5-6
2019-06-17,1.6,"sc1911,sc1912",427.3,sc1907,5-6
2019-06-18,0.2,"sc1911,sc1912",419.6,sc1907,5-6
2019-06-19,0.0,"sc1911,sc1912",420.0,sc1907,5-6
2019-06-20,-0.7,"sc1911,sc1912",418.9,sc1907,5-6
2019-06-21,-0.5,"sc1911,sc1912",431.6,sc1907,5-6
2019-06-24,-0.2,"sc1911,sc1912",436.8,sc1907,5-6
2019-06-25,-0.7,"sc1911,sc1912",431.2,sc1907,5-6
2019-06-26,-0.3,"sc1911,sc1912",432.9,sc1907,5-6
2019-06-27,-0.3,"sc1911,sc1912",435.9,sc1907,5-6
2019-06-28,-0.3,"sc1911,sc1912",437.4,sc1907,5-6
2019-07-01,2.2,"sc1912,sc2001",447.3,sc1908,5-6
2019-07-02,3.0,"sc1912,sc2001",442.0,sc1908,5-6
2019-07-03,1.6,"sc1912,sc2001",430.2,sc1908,5-6
2019-07-04,0.3,"sc1912,sc2001",431.9,sc1908,5-6
2019-07-05,0.3,"sc1912,sc2001",431.3,sc1908,5-6
2019-07-08,0.3,"sc1912,sc2001",439.1,sc1908,5-6
2019-07-09,-0.7,"sc1912,sc2001",443.9,sc1908,5-6
2019-07-10,-0.1,"sc1912,sc2001",441.6,sc1908,5-6
2019-07-11,0.7,"sc1912,sc2001",455.7,sc1908,5-6
2019-07-12,-0.1,"sc1912,sc2001",457.8,sc1908,5-6
2019-07-15,0.2,"sc1912,sc2001",454.8,sc1908,5-6
2019-07-16,0.2,"sc1912,sc2001",453.0,sc1908,5-6
2019-07-17,0.5,"sc1912,sc2001",443.7,sc1908,5-6
2019-07-18,0.1,"sc1912,sc2001",433.5,sc1908,5-6
2019-07-19,-0.1,"sc1912,sc2001",421.6,sc1908,5-6
2019-07-22,0.2,"sc1912,sc2001",423.1,sc1908,5-6
2019-07-23,1.2,"sc1912,sc2001",427.4,sc1908,5-6
2019-07-24,0.0,"sc1912,sc2001",430.4,sc1908,5-6
2019-07-25,0.3,"sc1912,sc2001",433.4,sc1908,5-6
2019-07-26,0.0,"sc1912,sc2001",435.8,sc1908,5-6
2019-07-29,0.8,"sc1912,sc2001",435.5,sc1908,5-6
2019-07-30,1.1,"sc1912,sc2001",425.2,sc1908,5-6
2019-07-31,0.8,"sc1912,sc2001",427.5,sc1908,5-6
2019-08-01,0.6,"sc2001,sc2002",444.0,sc1909,5-6
2019-08-02,0.3,"sc2001,sc2002",432.1,sc1909,5-6
2019-08-05,0.4,"sc2001,sc2002",433.5,sc1909,5-6
2019-08-06,0.3,"sc2001,sc2002",429.4,sc1909,5-6
2019-08-07,0.2,"sc2001,sc2002",423.3,sc1909,5-6
2019-08-08,1.5,"sc2001,sc2002",408.6,sc1909,5-6
2019-08-09,0.5,"sc2001,sc2002",409.9,sc1909,5-6
2019-08-12,0.8,"sc2001,sc2002",418.8,sc1909,5-6
2019-08-13,0.4,"sc2001,sc2002",419.7,sc1909,5-6
2019-08-14,0.7,"sc2001,sc2002",430.9,sc1909,5-6
2019-08-15,0.3,"sc2001,sc2002",420.5,sc1909,5-6
2019-08-16,0.3,"sc2001,sc2002",418.6,sc1909,5-6
2019-08-19,-0.2,"sc2001,sc2002",425.7,sc1909,5-6
2019-08-20,-0.2,"sc2001,sc2002",432.8,sc1909,5-6
2019-08-21,0.7,"sc2001,sc2002",429.5,sc1909,5-6
2019-08-22,0.4,"sc2001,sc2002",432.7,sc1909,5-6
2019-08-23,0.0,"sc2001,sc2002",428.5,sc1909,5-6
2019-08-26,0.9,"sc2001,sc2002",422.8,sc1909,5-6
2019-08-27,0.7,"sc2001,sc2002",425.2,sc1909,5-6
2019-08-28,0.8,"sc2001,sc2002",423.0,sc1909,5-6
2019-08-29,1.0,"sc2001,sc2002",429.0,sc1909,5-6
2019-08-30,0.9,"sc2001,sc2002",411.8,sc1909,5-6
2019-09-02,-0.5,"sc2002,sc2003",432.7,sc1910,5-6
2019-09-03,0.7,"sc2002,sc2003",430.3,sc1910,5-6
2019-09-04,0.9,"sc2002,sc2003",425.5,sc1910,5-6
2019-09-05,1.4,"sc2002,sc2003",439.2,sc1910,5-6
2019-09-06,1.7,"sc2002,sc2003",445.1,sc1910,5-6
2019-09-09,-0.1,"sc2002,sc2003",444.6,sc1910,5-6
2019-09-10,1.7,"sc2002,sc2003",450.1,sc1910,5-6
2019-09-11,1.3,"sc2002,sc2003",460.9,sc1910,5-6
2019-09-12,0.8,"sc2002,sc2003",450.3,sc1910,5-6
2019-09-16,2.7,"sc2002,sc2003",479.8,sc1910,5-6
2019-09-17,2.5,"sc2002,sc2003",496.7,sc1910,5-6
2019-09-18,2.7,"sc2002,sc2003",487.2,sc1910,5-6
2019-09-19,2.4,"sc2002,sc2003",473.5,sc1910,5-6
2019-09-20,2.8,"sc2002,sc2003",458.5,sc1910,5-6
2019-09-23,1.9,"sc2002,sc2003",472.7,sc1910,5-6
2019-09-24,3.5,"sc2003,sc2004",464.3,sc1911,5-6
2019-09-25,2.9,"sc2003,sc2004",457.2,sc1911,5-6
2019-09-26,3.1,"sc2003,sc2004",449.8,sc1911,5-6
2019-09-27,2.6,"sc2003,sc2004",448.7,sc1911,5-6
2019-09-30,2.5,"sc2003,sc2004",448.1,sc1911,5-6
2019-10-08,3.5,"sc2003,sc2004",437.6,sc1911,5-6
2019-10-09,1.6,"sc2003,sc2004",447.0,sc1911,5-6
2019-10-10,1.5,"sc2003,sc2004",451.7,sc1911,5-6
2019-10-11,0.8,"sc2003,sc2004",458.1,sc1911,5-6
2019-10-14,0.6,"sc2003,sc2004",471.7,sc1911,5-6
2019-10-15,0.5,"sc2003,sc2004",466.6,sc1911,5-6
2019-10-16,0.7,"sc2003,sc2004",465.1,sc1911,5-6
2019-10-17,2.2,"sc2003,sc2004",451.4,sc1911,5-6
2019-10-18,0.0,"sc2003,sc2004",445.1,sc1911,5-6
2019-10-21,0.7,"sc2003,sc2004",443.2,sc1911,5-6
2019-10-22,0.3,"sc2003,sc2004",437.2,sc1911,5-6
2019-10-23,1.5,"sc2003,sc2004",438.6,sc1911,5-6
2019-10-24,2.3,"sc2003,sc2004",441.3,sc1911,5-6
2019-10-25,1.0,"sc2003,sc2004",451.1,sc1911,5-6
2019-10-28,2.1,"sc2003,sc2004",447.9,sc1911,5-6
2019-10-29,2.4,"sc2003,sc2004",456.7,sc1911,5-6
2019-10-30,2.1,"sc2003,sc2004",451.1,sc1911,5-6
2019-10-31,2.3,"sc2003,sc2004",452.8,sc1911,5-6
2019-11-01,1.1,"sc2004,sc2005",444.3,sc1912,5-6
2019-11-04,2.3,"sc2004,sc2005",449.3,sc1912,5-6
2019-11-05,0.2,"sc2004,sc2005",458.4,sc1912,5-6
2019-11-06,0.8,"sc2004,sc2005",459.6,sc1912,5-6
2019-11-07,1.8,"sc2004,sc2005",456.4,sc1912,5-6
2019-11-08,1.3,"sc2004,sc2005",456.0,sc1912,5-6
2019-11-11,1.1,"sc2004,sc2005",452.8,sc1912,5-6
2019-11-12,2.3,"sc2004,sc2005",455.9,sc1912,5-6
2019-11-13,1.3,"sc2004,sc2005",453.9,sc1912,5-6
2019-11-14,3.3,"sc2004,sc2005",453.4,sc1912,5-6
2019-11-15,3.6,"sc2004,sc2005",453.9,sc1912,5-6
2019-11-18,2.8,"sc2004,sc2005",453.7,sc1912,5-6
2019-11-19,2.7,"sc2004,sc2005",454.0,sc1912,5-6
2019-11-20,1.4,"sc2004,sc2005",451.2,sc1912,5-6
2019-11-21,1.6,"sc2004,sc2005",454.8,sc1912,5-6
2019-11-22,2.3,"sc2004,sc2005",453.8,sc1912,5-6
2019-11-25,2.4,"sc2004,sc2005",456.1,sc1912,5-6
2019-11-26,2.3,"sc2004,sc2005",454.6,sc1912,5-6
2019-11-27,3.0,"sc2004,sc2005",456.2,sc1912,5-6
2019-11-28,3.3,"sc2004,sc2005",447.3,sc1912,5-6
2019-11-29,4.1,"sc2004,sc2005",451.2,sc1912,5-6
2019-12-02,2.1,"sc2005,sc2006",454.8,sc2001,5-6
2019-12-03,3.0,"sc2005,sc2006",451.7,sc2001,5-6
2019-12-04,2.7,"sc2005,sc2006",449.2,sc2001,5-6
2019-12-05,2.9,"sc2005,sc2006",456.3,sc2001,5-6
2019-12-06,3.1,"sc2005,sc2006",458.0,sc2001,5-6
2019-12-09,2.3,"sc2005,sc2006",464.8,sc2001,5-6
2019-12-10,2.6,"sc2005,sc2006",469.2,sc2001,5-6
2019-12-11,2.4,"sc2005,sc2006",470.9,sc2001,5-6
2019-12-12,2.2,"sc2005,sc2006",466.1,sc2001,5-6
2019-12-13,3.0,"sc2005,sc2006",462.2,sc2001,5-6
2019-12-16,3.2,"sc2005,sc2006",467.4,sc2001,5-6
2019-12-17,3.1,"sc2005,sc2006",470.2,sc2001,5-6
2019-12-18,3.2,"sc2005,sc2006",480.4,sc2001,5-6
2019-12-19,3.6,"sc2005,sc2006",476.3,sc2001,5-6
2019-12-20,3.0,"sc2005,sc2006",468.0,sc2001,5-6
2019-12-23,3.3,"sc2006,sc2007",478.1,sc2002,5-6
2019-12-24,3.4,"sc2006,sc2007",479.1,sc2002,5-6
2019-12-25,3.4,"sc2006,sc2007",483.6,sc2002,5-6
2019-12-26,3.5,"sc2006,sc2007",484.4,sc2002,5-6
2019-12-27,3.7,"sc2006,sc2007",487.1,sc2002,5-6
2019-12-30,3.1,"sc2006,sc2007",490.2,sc2002,5-6
2019-12-31,3.2,"sc2006,sc2007",487.5,sc2002,5-6
2020-01-02,4.0,"sc2006,sc2007",481.7,sc2002,5-6
2020-01-03,3.0,"sc2006,sc2007",486.5,sc2002,5-6
2020-01-06,4.7,"sc2006,sc2007",507.8,sc2002,5-6
2020-01-07,5.1,"sc2006,sc2007",499.9,sc2002,5-6
2020-01-08,4.8,"sc2006,sc2007",498.4,sc2002,5-6
2020-01-09,2.8,"sc2006,sc2007",483.2,sc2002,5-6
2020-01-10,2.9,"sc2006,sc2007",470.9,sc2002,5-6
2020-01-13,2.6,"sc2006,sc2007",468.8,sc2002,5-6
2020-01-14,4.4,"sc2006,sc2007",458.6,sc2002,5-6
2020-01-15,2.9,"sc2006,sc2007",458.0,sc2002,5-6
2020-01-16,1.9,"sc2006,sc2007",453.3,sc2002,5-6
2020-01-17,2.3,"sc2007,sc2008",465.3,sc2003,5-6
2020-01-20,2.1,"sc2007,sc2008",466.1,sc2003,5-6
2020-01-21,2.3,"sc2007,sc2008",464.0,sc2003,5-6
2020-01-22,3.4,"sc2007,sc2008",461.0,sc2003,5-6
2020-01-23,2.5,"sc2007,sc2008",451.1,sc2003,5-6
2020-02-03,-3.4,"sc2007,sc2008",431.3,sc2003,5-6
2020-02-04,-3.1,"sc2007,sc2008",396.5,sc2003,5-6
2020-02-05,-2.4,"sc2007,sc2008",396.8,sc2003,5-6
2020-02-06,-2.5,"sc2007,sc2008",402.3,sc2003,5-6
2020-02-07,-2.3,"sc2007,sc2008",398.4,sc2003,5-6
2020-02-10,-2.9,"sc2007,sc2008",393.5,sc2003,5-6
2020-02-11,-2.7,"sc2007,sc2008",391.7,sc2003,5-6
2020-02-12,-2.9,"sc2007,sc2008",394.5,sc2003,5-6
2020-02-13,-2.4,"sc2007,sc2008",400.0,sc2003,5-6
2020-02-14,-1.4,"sc2007,sc2008",399.6,sc2003,5-6
2020-02-17,-1.6,"sc2007,sc2008",401.5,sc2003,5-6
2020-02-18,-1.2,"sc2007,sc2008",399.2,sc2003,5-6
2020-02-19,-1.7,"sc2007,sc2008",403.8,sc2003,5-6
2020-02-20,-1.8,"sc2007,sc2008",411.9,sc2003,5-6
2020-02-21,-1.9,"sc2007,sc2008",408.9,sc2003,5-6
2020-02-24,-1.5,"sc2007,sc2008",393.1,sc2003,5-6
2020-02-25,-1.3,"sc2007,sc2008",388.3,sc2003,5-6
2020-02-26,-2.0,"sc2007,sc2008",377.9,sc2003,5-6
2020-02-27,-2.3,"sc2007,sc2008",360.3,sc2003,5-6
2020-02-28,-2.7,"sc2007,sc2008",347.0,sc2003,5-6
2020-03-02,-2.2,"sc2008,sc2009",359.7,sc2004,5-6
2020-03-03,-1.5,"sc2008,sc2009",372.4,sc2004,5-6
2020-03-04,-2.4,"sc2008,sc2009",368.5,sc2004,5-6
2020-03-05,-2.5,"sc2008,sc2009",366.6,sc2004,5-6
2020-03-06,-3.2,"sc2008,sc2009",351.9,sc2004,5-6
2020-03-09,-3.7,"sc2008,sc2009",340.4,sc2004,5-6
2020-03-10,5.8,"sc2008,sc2009",325.5,sc2004,5-6
2020-03-11,-7.5,"sc2008,sc2009",275.2,sc2004,5-6
2020-03-12,-7.4,"sc2008,sc2009",252.6,sc2004,5-6
2020-03-13,-7.4,"sc2008,sc2009",252.7,sc2004,5-6
2020-03-16,-7.5,"sc2008,sc2009",250.1,sc2004,5-6
2020-03-17,-7.2,"sc2008,sc2009",239.4,sc2004,5-6
2020-03-18,-7.5,"sc2008,sc2009",232.3,sc2004,5-6
2020-03-19,-7.0,"sc2008,sc2009",215.0,sc2004,5-6
2020-03-20,-6.9,"sc2008,sc2009",232.9,sc2004,5-6
2020-03-23,-7.1,"sc2008,sc2009",229.8,sc2004,5-6
2020-03-24,-7.2,"sc2008,sc2009",245.4,sc2004,5-6
2020-03-25,-7.2,"sc2008,sc2009",251.4,sc2004,5-6
2020-03-26,-7.3,"sc2008,sc2009",249.1,sc2004,5-6
2020-03-27,-7.1,"sc2008,sc2009",243.8,sc2004,5-6
2020-03-30,-7.5,"sc2008,sc2009",239.1,sc2004,5-6
2020-03-31,-7.8,"sc2008,sc2009",245.1,sc2004,5-6
2020-04-01,-5.9,"sc2009,sc2010",256.9,sc2005,5-6
2020-04-02,-5.8,"sc2009,sc2010",267.4,sc2005,5-6
2020-04-03,-6.1,"sc2009,sc2010",278.3,sc2005,5-6
2020-04-07,-5.9,"sc2009,sc2010",289.2,sc2005,5-6
2020-04-08,-5.9,"sc2009,sc2010",285.9,sc2005,5-6
2020-04-09,-5.4,"sc2009,sc2010",293.4,sc2005,5-6
2020-04-10,-5.4,"sc2009,sc2010",285.0,sc2005,5-6
2020-04-13,-5.8,"sc2009,sc2010",286.5,sc2005,5-6
2020-04-14,-6.5,"sc2009,sc2010",276.3,sc2005,5-6
2020-04-15,-7.9,"sc2009,sc2010",267.7,sc2005,5-6
2020-04-16,-9.3,"sc2009,sc2010",258.4,sc2005,5-6
2020-04-17,-11.1,"sc2009,sc2010",245.3,sc2005,5-6
2020-04-20,-12.2,"sc2009,sc2010",234.2,sc2005,5-6
2020-04-21,-13.4,"sc2009,sc2010",228.2,sc2005,5-6
2020-04-22,-11.9,"sc2009,sc2010",205.4,sc2005,5-6
2020-04-23,-13.4,"sc2009,sc2010",213.7,sc2005,5-6
2020-04-24,-12.7,"sc2009,sc2010",225.2,sc2005,5-6
2020-04-27,-13.3,"sc2009,sc2010",212.7,sc2005,5-6
2020-04-28,-16.1,"sc2009,sc2010",202.2,sc2005,5-6
2020-04-29,-18.1,"sc2009,sc2010",212.9,sc2005,5-6
2020-04-30,-15.9,"sc2009,sc2010",227.2,sc2005,5-6
2020-05-06,-12.5,"sc2010,sc2011",248.2,sc2006,5-6
2020-05-07,-13.3,"sc2010,sc2011",246.8,sc2006,5-6
2020-05-08,-12.2,"sc2010,sc2011",247.1,sc2006,5-6
2020-05-11,-12.2,"sc2010,sc2011",243.7,sc2006,5-6
2020-05-12,-11.9,"sc2010,sc2011",241.1,sc2006,5-6
2020-05-13,-11.6,"sc2010,sc2011",237.4,sc2006,5-6
2020-05-14,-10.0,"sc2010,sc2011",231.6,sc2006,5-6
2020-05-15,-9.8,"sc2010,sc2011",238.7,sc2006,5-6
2020-05-18,-7.8,"sc2010,sc2011",246.7,sc2006,5-6
2020-05-19,-7.3,"sc2010,sc2011",258.5,sc2006,5-6
2020-05-20,-7.4,"sc2010,sc2011",254.3,sc2006,5-6
2020-05-21,-7.1,"sc2010,sc2011",261.8,sc2006,5-6
2020-05-22,-7.0,"sc2010,sc2011",258.5,sc2006,5-6
2020-05-25,-8.0,"sc2010,sc2011",253.8,sc2006,5-6
2020-05-26,-7.8,"sc2010,sc2011",259.2,sc2006,5-6
2020-05-27,-7.9,"sc2010,sc2011",258.4,sc2006,5-6
2020-05-28,-7.8,"sc2010,sc2011",258.0,sc2006,5-6
2020-05-29,-7.3,"sc2010,sc2011",261.1,sc2006,5-6
2020-06-01,-6.9,"sc2011,sc2012",276.8,sc2007,5-6
2020-06-02,-6.9,"sc2011,sc2012",278.3,sc2007,5-6
2020-06-03,-6.7,"sc2011,sc2012",286.7,sc2007,5-6
2020-06-04,-6.4,"sc2011,sc2012",284.3,sc2007,5-6
2020-06-05,-6.6,"sc2011,sc2012",282.2,sc2007,5-6
2020-06-08,-6.2,"sc2011,sc2012",292.1,sc2007,5-6
2020-06-09,-5.8,"sc2011,sc2012",290.4,sc2007,5-6
2020-06-10,-5.8,"sc2011,sc2012",288.3,sc2007,5-6
2020-06-11,-5.8,"sc2011,sc2012",285.4,sc2007,5-6
2020-06-12,-6.6,"sc2011,sc2012",270.5,sc2007,5-6
2020-06-15,-7.0,"sc2011,sc2012",267.8,sc2007,5-6
2020-06-16,-6.4,"sc2011,sc2012",270.2,sc2007,5-6
2020-06-17,-5.6,"sc2011,sc2012",279.5,sc2007,5-6
2020-06-18,-5.1,"sc2011,sc2012",279.7,sc2007,5-6
2020-06-19,-5.3,"sc2011,sc2012",281.9,sc2007,5-6
2020-06-22,-5.4,"sc2011,sc2012",284.4,sc2007,5-6
2020-06-23,-5.6,"sc2011,sc2012",285.0,sc2007,5-6
2020-06-24,-6.2,"sc2011,sc2012",285.4,sc2007,5-6
2020-06-29,-6.8,"sc2011,sc2012",273.2,sc2007,5-6
2020-06-30,-6.7,"sc2011,sc2012",281.2,sc2007,5-6
2020-07-01,-6.2,"sc2012,sc2101",292.0,sc2008,5-6
2020-07-02,-5.9,"sc2012,sc2101",294.5,sc2008,5-6
2020-07-03,-5.2,"sc2012,sc2101",298.6,sc2008,5-6
2020-07-06,-5.0,"sc2012,sc2101",296.8,sc2008,5-6
2020-07-07,-4.8,"sc2012,sc2101",297.8,sc2008,5-6
2020-07-08,-5.0,"sc2012,sc2101",298.7,sc2008,5-6
2020-07-09,-4.6,"sc2012,sc2101",299.1,sc2008,5-6
2020-07-10,-4.7,"sc2012,sc2101",293.8,sc2008,5-6
2020-07-13,-4.9,"sc2012,sc2101",296.2,sc2008,5-6
2020-07-14,-5.3,"sc2012,sc2101",293.5,sc2008,5-6
2020-07-15,-5.5,"sc2012,sc2101",294.9,sc2008,5-6
2020-07-16,-5.1,"sc2012,sc2101",293.1,sc2008,5-6
2020-07-17,-5.4,"sc2012,sc2101",289.6,sc2008,5-6
2020-07-20,-6.3,"sc2012,sc2101",284.0,sc2008,5-6
2020-07-21,-6.7,"sc2012,sc2101",284.8,sc2008,5-6
2020-07-22,-6.4,"sc2012,sc2101",289.2,sc2008,5-6
2020-07-23,-6.5,"sc2012,sc2101",286.6,sc2008,5-6
2020-07-24,-6.1,"sc2012,sc2101",286.2,sc2008,5-6
2020-07-27,-6.6,"sc2012,sc2101",282.1,sc2008,5-6
2020-07-28,-7.0,"sc2012,sc2101",278.4,sc2008,5-6
2020-07-29,-7.3,"sc2012,sc2101",276.7,sc2008,5-6
2020-07-30,-7.2,"sc2012,sc2101",279.5,sc2008,5-6
2020-07-31,-7.6,"sc2012,sc2101",274.1,sc2008,5-6
2020-08-03,-6.6,"sc2101,sc2102",281.7,sc2009,5-6
2020-08-04,-7.0,"sc2101,sc2102",282.3,sc2009,5-6
2020-08-05,-7.8,"sc2101,sc2102",280.7,sc2009,5-6
2020-08-06,-6.4,"sc2101,sc2102",282.5,sc2009,5-6
2020-08-07,-6.0,"sc2101,sc2102",282.5,sc2009,5-6
2020-08-10,-5.9,"sc2101,sc2102",281.9,sc2009,5-6
2020-08-11,-5.9,"sc2101,sc2102",284.6,sc2009,5-6
2020-08-12,-5.2,"sc2101,sc2102",284.2,sc2009,5-6
2020-08-13,-5.8,"sc2101,sc2102",283.6,sc2009,5-6
2020-08-14,-6.2,"sc2101,sc2102",282.3,sc2009,5-6
2020-08-17,-6.2,"sc2101,sc2102",280.2,sc2009,5-6
2020-08-18,-6.1,"sc2101,sc2102",279.1,sc2009,5-6
2020-08-19,-7.2,"sc2101,sc2102",277.3,sc2009,5-6
2020-08-20,-6.5,"sc2101,sc2102",278.4,sc2009,5-6
2020-08-21,-7.1,"sc2101,sc2102",276.0,sc2009,5-6
2020-08-24,-7.0,"sc2101,sc2102",277.9,sc2009,5-6
2020-08-25,-6.9,"sc2101,sc2102",280.3,sc2009,5-6
2020-08-26,-6.9,"sc2101,sc2102",284.9,sc2009,5-6
2020-08-27,-7.1,"sc2101,sc2102",284.3,sc2009,5-6
2020-08-28,-7.1,"sc2101,sc2102",282.4,sc2009,5-6
2020-08-31,-7.0,"sc2101,sc2102",283.3,sc2009,5-6
2020-09-01,-5.8,"sc2102,sc2103",295.7,sc2010,5-6
2020-09-02,-6.1,"sc2102,sc2103",293.5,sc2010,5-6
2020-09-03,-6.8,"sc2102,sc2103",288.2,sc2010,5-6
2020-09-04,-7.3,"sc2102,sc2103",285.0,sc2010,5-6
2020-09-07,-7.7,"sc2102,sc2103",279.3,sc2010,5-6
2020-09-08,-8.3,"sc2102,sc2103",273.9,sc2010,5-6
2020-09-09,-9.3,"sc2102,sc2103",251.4,sc2010,5-6
2020-09-10,-9.1,"sc2102,sc2103",250.6,sc2010,5-6
2020-09-11,-9.4,"sc2102,sc2103",247.6,sc2010,5-6
2020-09-14,-9.4,"sc2102,sc2103",245.8,sc2010,5-6
2020-09-15,-9.2,"sc2102,sc2103",245.5,sc2010,5-6
2020-09-16,-9.0,"sc2102,sc2103",251.3,sc2010,5-6
2020-09-17,-9.1,"sc2102,sc2103",256.2,sc2010,5-6
2020-09-18,-8.8,"sc2102,sc2103",260.0,sc2010,5-6
2020-09-21,-8.9,"sc2102,sc2103",263.9,sc2010,5-6
2020-09-22,-8.7,"sc2102,sc2103",252.9,sc2010,5-6
2020-09-23,-9.0,"sc2102,sc2103",253.6,sc2010,5-6
2020-09-24,-8.7,"sc2103,sc2104",265.1,sc2011,5-6
2020-09-25,-8.5,"sc2103,sc2104",265.7,sc2011,5-6
2020-09-28,-8.2,"sc2103,sc2104",265.0,sc2011,5-6
2020-09-29,-7.5,"sc2103,sc2104",264.8,sc2011,5-6
2020-09-30,-7.5,"sc2103,sc2104",257.8,sc2011,5-6
2020-10-09,-7.7,"sc2103,sc2104",263.5,sc2011,5-6
2020-10-12,-7.8,"sc2103,sc2104",263.2,sc2011,5-6
2020-10-13,-8.1,"sc2103,sc2104",259.5,sc2011,5-6
2020-10-14,-8.3,"sc2103,sc2104",258.0,sc2011,5-6
2020-10-15,-8.1,"sc2103,sc2104",260.8,sc2011,5-6
2020-10-16,-7.9,"sc2103,sc2104",258.7,sc2011,5-6
2020-10-19,-7.8,"sc2103,sc2104",260.2,sc2011,5-6
2020-10-20,-8.0,"sc2103,sc2104",258.8,sc2011,5-6
2020-10-21,-8.6,"sc2103,sc2104",257.3,sc2011,5-6
2020-10-22,-8.3,"sc2103,sc2104",254.2,sc2011,5-6
2020-10-23,-8.5,"sc2103,sc2104",254.1,sc2011,5-6
2020-10-26,-8.4,"sc2103,sc2104",248.5,sc2011,5-6
2020-10-27,-8.6,"sc2103,sc2104",243.7,sc2011,5-6
2020-10-28,-8.6,"sc2103,sc2104",243.4,sc2011,5-6
2020-10-29,-8.8,"sc2103,sc2104",228.0,sc2011,5-6
2020-10-30,-8.8,"sc2103,sc2104",218.3,sc2011,5-6
2020-11-02,-9.0,"sc2104,sc2105",224.9,sc2012,5-6
2020-11-03,-8.5,"sc2104,sc2105",230.2,sc2012,5-6
2020-11-04,-8.5,"sc2104,sc2105",234.8,sc2012,5-6
2020-11-05,-8.7,"sc2104,sc2105",236.5,sc2012,5-6
2020-11-06,-8.8,"sc2104,sc2105",235.3,sc2012,5-6
2020-11-09,-8.0,"sc2104,sc2105",234.2,sc2012,5-6
2020-11-10,-7.4,"sc2104,sc2105",247.7,sc2012,5-6
2020-11-11,-8.5,"sc2104,sc2105",251.4,sc2012,5-6
2020-11-12,-8.5,"sc2104,sc2105",253.7,sc2012,5-6
2020-11-13,-8.2,"sc2104,sc2105",252.4,sc2012,5-6
2020-11-16,-8.3,"sc2104,sc2105",251.0,sc2012,5-6
2020-11-17,-8.4,"sc2104,sc2105",252.3,sc2012,5-6
2020-11-18,-8.5,"sc2104,sc2105",250.0,sc2012,5-6
2020-11-19,-8.3,"sc2104,sc2105",251.0,sc2012,5-6
2020-11-20,-8.3,"sc2104,sc2105",251.6,sc2012,5-6
2020-11-23,-7.6,"sc2104,sc2105",253.4,sc2012,5-6
2020-11-24,-7.6,"sc2104,sc2105",259.5,sc2012,5-6
2020-11-25,-6.3,"sc2104,sc2105",279.0,sc2012,5-6
2020-11-26,-6.9,"sc2104,sc2105",280.2,sc2012,5-6
2020-11-27,-7.1,"sc2104,sc2105",278.3,sc2012,5-6
2020-11-30,-7.0,"sc2104,sc2105",271.8,sc2012,5-6
2020-12-01,-5.2,"sc2105,sc2106",286.4,sc2101,5-6
2020-12-02,-4.3,"sc2105,sc2106",285.1,sc2101,5-6
2020-12-03,-4.5,"sc2105,sc2106",288.5,sc2101,5-6
2020-12-04,-3.9,"sc2105,sc2106",291.1,sc2101,5-6
2020-12-07,-4.0,"sc2105,sc2106",294.0,sc2101,5-6
2020-12-08,-5.0,"sc2105,sc2106",291.9,sc2101,5-6
2020-12-09,-6.4,"sc2105,sc2106",285.0,sc2101,5-6
2020-12-10,-6.6,"sc2105,sc2106",284.8,sc2101,5-6
2020-12-11,-6.3,"sc2105,sc2106",291.1,sc2101,5-6
2020-12-14,-6.2,"sc2105,sc2106",289.4,sc2101,5-6
2020-12-15,-6.9,"sc2105,sc2106",287.8,sc2101,5-6
2020-12-16,-6.3,"sc2105,sc2106",290.9,sc2101,5-6
2020-12-17,-5.1,"sc2105,sc2106",297.4,sc2101,5-6
2020-12-18,-4.9,"sc2105,sc2106",302.7,sc2101,5-6
2020-12-21,-3.8,"sc2105,sc2106",303.5,sc2101,5-6
2020-12-22,-4.1,"sc2105,sc2106",295.4,sc2101,5-6
2020-12-23,-5.7,"sc2105,sc2106",284.6,sc2101,5-6
2020-12-24,-5.4,"sc2105,sc2106",291.6,sc2101,5-6
2020-12-25,-4.8,"sc2106,sc2107",307.3,sc2102,5-6
2020-12-28,-4.7,"sc2106,sc2107",309.1,sc2102,5-6
2020-12-29,-4.8,"sc2106,sc2107",307.2,sc2102,5-6
2020-12-30,-4.5,"sc2106,sc2107",304.7,sc2102,5-6
2020-12-31,-4.5,"sc2106,sc2107",303.2,sc2102,5-6
2021-01-04,-4.3,"sc2106,sc2107",315.0,sc2102,5-6
2021-01-05,-3.8,"sc2106,sc2107",312.9,sc2102,5-6
2021-01-06,-2.9,"sc2106,sc2107",319.8,sc2102,5-6
2021-01-07,-1.8,"sc2106,sc2107",328.1,sc2102,5-6
2021-01-08,-1.6,"sc2106,sc2107",332.6,sc2102,5-6
2021-01-11,-0.7,"sc2106,sc2107",336.0,sc2102,5-6
2021-01-12,-1.2,"sc2106,sc2107",333.2,sc2102,5-6
2021-01-13,-0.6,"sc2106,sc2107",339.7,sc2102,5-6
2021-01-14,-0.8,"sc2106,sc2107",335.5,sc2102,5-6
2021-01-15,-1.5,"sc2106,sc2107",333.4,sc2102,5-6
2021-01-18,-2.7,"sc2106,sc2107",326.0,sc2102,5-6
2021-01-19,-2.5,"sc2106,sc2107",329.9,sc2102,5-6
2021-01-20,-2.2,"sc2106,sc2107",337.2,sc2102,5-6
2021-01-21,-1.8,"sc2106,sc2107",336.1,sc2102,5-6
2021-01-22,-1.9,"sc2106,sc2107",331.7,sc2102,5-6
2021-01-25,-2.3,"sc2106,sc2107",324.0,sc2102,5-6
2021-01-26,-2.4,"sc2106,sc2107",322.4,sc2102,5-6
2021-01-27,-2.2,"sc2106,sc2107",327.2,sc2102,5-6
2021-01-28,-2.2,"sc2106,sc2107",333.4,sc2102,5-6
2021-01-29,-1.9,"sc2106,sc2107",336.1,sc2102,5-6
2021-02-01,-1.9,"sc2107,sc2108",336.1,sc2103,5-6
2021-02-02,-1.3,"sc2107,sc2108",340.3,sc2103,5-6
2021-02-03,-1.2,"sc2107,sc2108",347.1,sc2103,5-6
2021-02-04,-1.1,"sc2107,sc2108",353.3,sc2103,5-6
2021-02-05,-1.1,"sc2107,sc2108",356.6,sc2103,5-6
2021-02-08,-1.3,"sc2107,sc2108",361.8,sc2103,5-6
2021-02-09,-1.9,"sc2107,sc2108",368.0,sc2103,5-6
2021-02-10,-1.9,"sc2107,sc2108",367.0,sc2103,5-6
2021-02-18,-0.5,"sc2107,sc2108",395.8,sc2103,5-6
2021-02-19,-0.7,"sc2107,sc2108",388.9,sc2103,5-6
2021-02-22,-0.9,"sc2107,sc2108",386.2,sc2103,5-6
2021-02-23,-0.2,"sc2107,sc2108",397.6,sc2103,5-6
2021-02-24,0.5,"sc2107,sc2108",400.9,sc2103,5-6
2021-02-25,0.7,"sc2107,sc2108",416.2,sc2103,5-6
2021-02-26,-0.1,"sc2107,sc2108",399.0,sc2103,5-6
2021-03-01,0.7,"sc2108,sc2109",407.6,sc2104,5-6
2021-03-02,0.4,"sc2108,sc2109",397.7,sc2104,5-6
2021-03-03,-0.3,"sc2108,sc2109",392.7,sc2104,5-6
2021-03-04,-0.1,"sc2108,sc2109",397.4,sc2104,5-6
2021-03-05,0.3,"sc2108,sc2109",413.0,sc2104,5-6
2021-03-08,0.7,"sc2108,sc2109",435.8,sc2104,5-6
2021-03-09,0.4,"sc2108,sc2109",427.6,sc2104,5-6
2021-03-10,-0.7,"sc2108,sc2109",417.8,sc2104,5-6
2021-03-11,-0.6,"sc2108,sc2109",416.0,sc2104,5-6
2021-03-12,-0.9,"sc2108,sc2109",421.8,sc2104,5-6
2021-03-15,-0.4,"sc2108,sc2109",420.4,sc2104,5-6
2021-03-16,-1.0,"sc2108,sc2109",411.3,sc2104,5-6
2021-03-17,-0.8,"sc2108,sc2109",409.3,sc2104,5-6
2021-03-18,-1.0,"sc2108,sc2109",408.0,sc2104,5-6
2021-03-19,-1.4,"sc2108,sc2109",390.9,sc2104,5-6
2021-03-22,-1.9,"sc2108,sc2109",381.1,sc2104,5-6
2021-03-23,-2.1,"sc2108,sc2109",387.9,sc2104,5-6
2021-03-24,-2.1,"sc2108,sc2109",376.8,sc2104,5-6
2021-03-25,-1.8,"sc2108,sc2109",382.5,sc2104,5-6
2021-03-26,-1.7,"sc2108,sc2109",373.9,sc2104,5-6
2021-03-29,-1.6,"sc2108,sc2109",384.1,sc2104,5-6
2021-03-30,-1.6,"sc2108,sc2109",388.3,sc2104,5-6
2021-03-31,-1.4,"sc2108,sc2109",384.1,sc2104,5-6
2021-04-01,-0.3,"sc2109,sc2110",393.4,sc2105,5-6
2021-04-02,-0.2,"sc2109,sc2110",399.1,sc2105,5-6
2021-04-06,-0.8,"sc2109,sc2110",388.0,sc2105,5-6
2021-04-07,-1.4,"sc2109,sc2110",388.6,sc2105,5-6
2021-04-08,-1.4,"sc2109,sc2110",384.8,sc2105,5-6
2021-04-09,-1.3,"sc2109,sc2110",386.7,sc2105,5-6
2021-04-12,-0.8,"sc2109,sc2110",387.2,sc2105,5-6
2021-04-13,-0.8,"sc2109,sc2110",390.6,sc2105,5-6
2021-04-14,-0.6,"sc2109,sc2110",393.7,sc2105,5-6
2021-04-15,-0.5,"sc2109,sc2110",407.4,sc2105,5-6
2021-04-16,0.1,"sc2109,sc2110",410.4,sc2105,5-6
2021-04-19,0.1,"sc2109,sc2110",408.7,sc2105,5-6
2021-04-20,0.3,"sc2109,sc2110",413.4,sc2105,5-6
2021-04-21,-0.2,"sc2109,sc2110",409.8,sc2105,5-6
2021-04-22,-0.7,"sc2109,sc2110",402.9,sc2105,5-6
2021-04-23,-0.6,"sc2109,sc2110",402.0,sc2105,5-6
2021-04-26,-0.8,"sc2109,sc2110",407.3,sc2105,5-6
2021-04-27,-0.8,"sc2109,sc2110",405.6,sc2105,5-6
2021-04-28,-0.7,"sc2109,sc2110",397.2,sc2105,5-6
2021-04-29,-0.9,"sc2109,sc2110",407.9,sc2105,5-6
2021-04-30,-0.7,"sc2109,sc2110",409.5,sc2105,5-6
2021-05-06,-0.6,"sc2110,sc2111",429.8,sc2106,5-6
2021-05-07,-0.8,"sc2110,sc2111",424.1,sc2106,5-6
2021-05-10,-0.9,"sc2110,sc2111",424.3,sc2106,5-6
2021-05-11,-0.1,"sc2110,sc2111",420.8,sc2106,5-6
2021-05-12,0.1,"sc2110,sc2111",421.5,sc2106,5-6
2021-05-13,0.0,"sc2110,sc2111",429.0,sc2106,5-6
2021-05-14,0.2,"sc2110,sc2111",417.1,sc2106,5-6
2021-05-17,-0.3,"sc2110,sc2111",425.7,sc2106,5-6
2021-05-18,0.3,"sc2110,sc2111",434.2,sc2106,5-6
2021-05-19,0.3,"sc2110,sc2111",429.5,sc2106,5-6
2021-05-20,-0.4,"sc2110,sc2111",409.5,sc2106,5-6
2021-05-21,-1.0,"sc2110,sc2111",403.2,sc2106,5-6
2021-05-24,-0.8,"sc2110,sc2111",408.2,sc2106,5-6
2021-05-25,0.0,"sc2110,sc2111",423.4,sc2106,5-6
2021-05-26,1.0,"sc2110,sc2111",427.9,sc2106,5-6
2021-05-27,0.9,"sc2110,sc2111",428.8,sc2106,5-6
2021-05-28,0.9,"sc2110,sc2111",432.7,sc2106,5-6
2021-05-31,0.8,"sc2110,sc2111",427.6,sc2106,5-6
2021-06-01,0.9,"sc2111,sc2112",433.9,sc2107,5-6
2021-06-02,1.8,"sc2111,sc2112",439.9,sc2107,5-6
2021-06-03,2.1,"sc2111,sc2112",445.4,sc2107,5-6
2021-06-04,2.0,"sc2111,sc2112",443.2,sc2107,5-6
2021-06-07,2.2,"sc2111,sc2112",447.3,sc2107,5-6
2021-06-08,2.0,"sc2111,sc2112",444.1,sc2107,5-6
2021-06-09,2.2,"sc2111,sc2112",449.4,sc2107,5-6
2021-06-10,2.4,"sc2111,sc2112",447.7,sc2107,5-6
2021-06-11,2.2,"sc2111,sc2112",450.2,sc2107,5-6
2021-06-15,3.1,"sc2111,sc2112",455.8,sc2107,5-6
2021-06-16,3.6,"sc2111,sc2112",459.2,sc2107,5-6
2021-06-17,3.7,"sc2111,sc2112",454.1,sc2107,5-6
2021-06-18,3.2,"sc2111,sc2112",443.0,sc2107,5-6
2021-06-21,2.7,"sc2111,sc2112",443.5,sc2107,5-6
2021-06-22,3.3,"sc2111,sc2112",449.4,sc2107,5-6
2021-06-23,3.8,"sc2111,sc2112",453.3,sc2107,5-6
2021-06-24,3.3,"sc2111,sc2112",457.6,sc2107,5-6
2021-06-25,3.6,"sc2111,sc2112",457.2,sc2107,5-6
2021-06-28,3.9,"sc2111,sc2112",459.6,sc2107,5-6
2021-06-29,3.0,"sc2111,sc2112",449.3,sc2107,5-6
2021-06-30,2.8,"sc2111,sc2112",449.2,sc2107,5-6
2021-07-01,1.4,"sc2112,sc2201",460.4,sc2108,5-6
2021-07-02,1.4,"sc2112,sc2201",467.8,sc2108,5-6
2021-07-05,1.0,"sc2112,sc2201",468.4,sc2108,5-6
2021-07-06,1.2,"sc2112,sc2201",473.1,sc2108,5-6
2021-07-07,0.8,"sc2112,sc2201",455.8,sc2108,5-6
2021-07-08,0.0,"sc2112,sc2201",442.1,sc2108,5-6
2021-07-09,1.1,"sc2112,sc2201",441.9,sc2108,5-6
2021-07-12,1.6,"sc2112,sc2201",451.1,sc2108,5-6
2021-07-13,1.7,"sc2112,sc2201",450.9,sc2108,5-6
2021-07-14,1.8,"sc2112,sc2201",458.2,sc2108,5-6
2021-07-15,1.6,"sc2112,sc2201",449.6,sc2108,5-6
2021-07-16,1.4,"sc2112,sc2201",438.6,sc2108,5-6
2021-07-19,0.4,"sc2112,sc2201",431.7,sc2108,5-6
2021-07-20,-0.1,"sc2112,sc2201",410.0,sc2108,5-6
2021-07-21,0.0,"sc2112,sc2201",406.4,sc2108,5-6
2021-07-22,0.0,"sc2112,sc2201",416.6,sc2108,5-6
2021-07-23,0.4,"sc2112,sc2201",427.2,sc2108,5-6
2021-07-26,0.9,"sc2112,sc2201",432.4,sc2108,5-6
2021-07-27,2.0,"sc2112,sc2201",439.0,sc2108,5-6
2021-07-28,2.3,"sc2112,sc2201",439.5,sc2108,5-6
2021-07-29,2.5,"sc2112,sc2201",447.9,sc2108,5-6
2021-07-30,2.1,"sc2112,sc2201",445.2,sc2108,5-6
2021-08-02,1.4,"sc2201,sc2202",452.9,sc2109,5-6
2021-08-03,1.5,"sc2201,sc2202",440.7,sc2109,5-6
2021-08-04,1.1,"sc2201,sc2202",433.5,sc2109,5-6
2021-08-05,1.0,"sc2201,sc2202",428.3,sc2109,5-6
2021-08-06,0.7,"sc2201,sc2202",429.1,sc2109,5-6
2021-08-09,0.7,"sc2201,sc2202",425.0,sc2109,5-6
2021-08-10,0.0,"sc2201,sc2202",418.0,sc2109,5-6
2021-08-11,0.1,"sc2201,sc2202",430.6,sc2109,5-6
2021-08-12,1.0,"sc2201,sc2202",430.4,sc2109,5-6
2021-08-13,0.9,"sc2201,sc2202",431.4,sc2109,5-6
2021-08-16,0.3,"sc2201,sc2202",428.4,sc2109,5-6
2021-08-17,-0.3,"sc2201,sc2202",423.6,sc2109,5-6
2021-08-18,-0.1,"sc2201,sc2202",423.9,sc2109,5-6
2021-08-19,0.2,"sc2201,sc2202",418.7,sc2109,5-6
2021-08-20,0.2,"sc2201,sc2202",407.8,sc2109,5-6
2021-08-23,0.1,"sc2201,sc2202",403.6,sc2109,5-6
2021-08-24,0.2,"sc2201,sc2202",421.4,sc2109,5-6
2021-08-25,1.0,"sc2201,sc2202",431.4,sc2109,5-6
2021-08-26,0.9,"sc2201,sc2202",435.8,sc2109,5-6
2021-08-27,0.8,"sc2201,sc2202",438.6,sc2109,5-6
2021-08-30,1.0,"sc2201,sc2202",445.3,sc2109,5-6
2021-08-31,0.8,"sc2201,sc2202",450.2,sc2109,5-6
2021-09-01,0.2,"sc2202,sc2203",440.5,sc2110,5-6
2021-09-02,0.5,"sc2202,sc2203",439.3,sc2110,5-6
2021-09-03,0.9,"sc2202,sc2203",456.2,sc2110,5-6
2021-09-06,0.9,"sc2202,sc2203",451.4,sc2110,5-6
2021-09-07,1.8,"sc2202,sc2203",453.8,sc2110,5-6
2021-09-08,2.2,"sc2202,sc2203",450.9,sc2110,5-6
2021-09-09,2.4,"sc2202,sc2203",454.8,sc2110,5-6
2021-09-10,1.8,"sc2202,sc2203",454.6,sc2110,5-6
2021-09-13,1.5,"sc2202,sc2203",461.2,sc2110,5-6
2021-09-14,0.8,"sc2202,sc2203",463.0,sc2110,5-6
2021-09-15,0.7,"sc2202,sc2203",461.9,sc2110,5-6
2021-09-16,2.0,"sc2202,sc2203",473.4,sc2110,5-6
2021-09-17,2.4,"sc2202,sc2203",477.1,sc2110,5-6
2021-09-22,2.2,"sc2202,sc2203",469.0,sc2110,5-6
2021-09-23,2.4,"sc2202,sc2203",469.4,sc2110,5-6
2021-09-24,1.9,"sc2203,sc2204",485.1,sc2111,5-6
2021-09-27,2.5,"sc2203,sc2204",492.1,sc2111,5-6
2021-09-28,2.2,"sc2203,sc2204",501.8,sc2111,5-6
2021-09-29,1.5,"sc2203,sc2204",495.4,sc2111,5-6
2021-09-30,1.2,"sc2203,sc2204",495.9,sc2111,5-6
2021-10-08,2.8,"sc2203,sc2204",527.1,sc2111,5-6
2021-10-11,1.8,"sc2203,sc2204",526.8,sc2111,5-6
2021-10-12,2.4,"sc2203,sc2204",531.6,sc2111,5-6
2021-10-13,2.3,"sc2203,sc2204",528.3,sc2111,5-6
2021-10-14,2.1,"sc2203,sc2204",521.5,sc2111,5-6
2021-10-15,2.1,"sc2203,sc2204",525.5,sc2111,5-6
2021-10-18,2.5,"sc2203,sc2204",533.6,sc2111,5-6
2021-10-19,1.3,"sc2203,sc2204",528.6,sc2111,5-6
2021-10-20,1.5,"sc2203,sc2204",531.2,sc2111,5-6
2021-10-21,2.4,"sc2203,sc2204",531.5,sc2111,5-6
2021-10-22,3.0,"sc2203,sc2204",525.1,sc2111,5-6
2021-10-25,2.5,"sc2203,sc2204",527.7,sc2111,5-6
2021-10-26,3.0,"sc2203,sc2204",527.3,sc2111,5-6
2021-10-27,2.4,"sc2203,sc2204",525.3,sc2111,5-6
2021-10-28,2.2,"sc2203,sc2204",511.2,sc2111,5-6
2021-10-29,2.8,"sc2203,sc2204",495.5,sc2111,5-6
2021-11-01,2.6,"sc2204,sc2205",521.7,sc2112,5-6
2021-11-02,3.4,"sc2204,sc2205",531.6,sc2112,5-6
2021-11-03,3.4,"sc2204,sc2205",526.7,sc2112,5-6
2021-11-04,2.6,"sc2204,sc2205",513.0,sc2112,5-6
2021-11-05,2.5,"sc2204,sc2205",513.6,sc2112,5-6
2021-11-08,2.6,"sc2204,sc2205",524.0,sc2112,5-6
2021-11-09,2.8,"sc2204,sc2205",526.3,sc2112,5-6
2021-11-10,3.4,"sc2204,sc2205",531.6,sc2112,5-6
2021-11-11,3.2,"sc2204,sc2205",525.9,sc2112,5-6
2021-11-12,2.1,"sc2204,sc2205",517.3,sc2112,5-6
2021-11-15,2.8,"sc2204,sc2205",513.4,sc2112,5-6
2021-11-16,2.2,"sc2204,sc2205",511.9,sc2112,5-6
2021-11-17,2.2,"sc2204,sc2205",515.0,sc2112,5-6
2021-11-18,2.0,"sc2204,sc2205",511.6,sc2112,5-6
2021-11-19,2.0,"sc2204,sc2205",513.5,sc2112,5-6
2021-11-22,2.0,"sc2204,sc2205",501.9,sc2112,5-6
2021-11-23,2.1,"sc2204,sc2205",504.8,sc2112,5-6
2021-11-24,2.6,"sc2204,sc2205",518.8,sc2112,5-6
2021-11-25,2.2,"sc2204,sc2205",521.7,sc2112,5-6
2021-11-26,1.6,"sc2204,sc2205",505.0,sc2112,5-6
2021-11-29,0.8,"sc2204,sc2205",495.6,sc2112,5-6
2021-11-30,0.4,"sc2204,sc2205",478.8,sc2112,5-6
2021-12-01,0.3,"sc2205,sc2206",445.0,sc2201,5-6
2021-12-02,-0.6,"sc2205,sc2206",444.1,sc2201,5-6
2021-12-03,-0.6,"sc2205,sc2206",439.2,sc2201,5-6
2021-12-06,-1.0,"sc2205,sc2206",450.6,sc2201,5-6
2021-12-07,-0.7,"sc2205,sc2206",457.6,sc2201,5-6
2021-12-08,-0.6,"sc2205,sc2206",473.8,sc2201,5-6
2021-12-09,-0.5,"sc2205,sc2206",476.0,sc2201,5-6
2021-12-10,-0.7,"sc2205,sc2206",472.9,sc2201,5-6
2021-12-13,-0.8,"sc2205,sc2206",477.0,sc2201,5-6
2021-12-14,-0.8,"sc2205,sc2206",474.2,sc2201,5-6
2021-12-15,-0.4,"sc2205,sc2206",460.0,sc2201,5-6
2021-12-16,-0.9,"sc2205,sc2206",467.4,sc2201,5-6
2021-12-17,-0.4,"sc2205,sc2206",474.7,sc2201,5-6
2021-12-20,0.0,"sc2205,sc2206",466.2,sc2201,5-6
2021-12-21,-0.1,"sc2205,sc2206",453.1,sc2201,5-6
2021-12-22,0.3,"sc2205,sc2206",456.2,sc2201,5-6
2021-12-23,0.8,"sc2206,sc2207",470.0,sc2202,5-6
2021-12-24,1.1,"sc2206,sc2207",475.6,sc2202,5-6
2021-12-27,0.8,"sc2206,sc2207",475.5,sc2202,5-6
2021-12-28,1.6,"sc2206,sc2207",487.0,sc2202,5-6
2021-12-29,1.9,"sc2206,sc2207",492.8,sc2202,5-6
2021-12-30,2.1,"sc2206,sc2207",494.5,sc2202,5-6
2021-12-31,2.1,"sc2206,sc2207",496.8,sc2202,5-6
2022-01-04,1.9,"sc2206,sc2207",496.9,sc2202,5-6
2022-01-05,1.8,"sc2206,sc2207",501.1,sc2202,5-6
2022-01-06,2.1,"sc2206,sc2207",504.6,sc2202,5-6
2022-01-07,2.6,"sc2206,sc2207",516.4,sc2202,5-6
2022-01-10,3.2,"sc2206,sc2207",511.1,sc2202,5-6
2022-01-11,3.2,"sc2206,sc2207",508.9,sc2202,5-6
2022-01-12,3.2,"sc2206,sc2207",514.8,sc2202,5-6
2022-01-13,3.6,"sc2206,sc2207",526.0,sc2202,5-6
2022-01-14,3.8,"sc2206,sc2207",530.7,sc2202,5-6
2022-01-17,3.8,"sc2206,sc2207",538.5,sc2202,5-6
2022-01-18,3.5,"sc2206,sc2207",541.1,sc2202,5-6
2022-01-19,3.6,"sc2206,sc2207",547.6,sc2202,5-6
2022-01-20,4.0,"sc2206,sc2207",547.7,sc2202,5-6
2022-01-21,4.0,"sc2206,sc2207",557.1,sc2202,5-6
2022-01-24,4.2,"sc2207,sc2208",541.6,sc2203,5-6
2022-01-25,4.8,"sc2207,sc2208",530.4,sc2203,5-6
2022-01-26,3.5,"sc2207,sc2208",534.3,sc2203,5-6
2022-01-27,3.1,"sc2207,sc2208",545.5,sc2203,5-6
2022-01-28,2.9,"sc2207,sc2208",542.0,sc2203,5-6
2022-02-07,3.7,"sc2207,sc2208",567.3,sc2203,5-6
2022-02-08,3.5,"sc2207,sc2208",558.7,sc2203,5-6
2022-02-09,3.5,"sc2207,sc2208",547.5,sc2203,5-6
2022-02-10,3.4,"sc2207,sc2208",549.1,sc2203,5-6
2022-02-11,3.1,"sc2207,sc2208",553.3,sc2203,5-6
2022-02-14,3.4,"sc2207,sc2208",562.5,sc2203,5-6
2022-02-15,3.8,"sc2207,sc2208",566.5,sc2203,5-6
2022-02-16,3.9,"sc2207,sc2208",554.8,sc2203,5-6
2022-02-17,4.2,"sc2207,sc2208",560.8,sc2203,5-6
2022-02-18,4.7,"sc2207,sc2208",559.7,sc2203,5-6
2022-02-21,4.3,"sc2207,sc2208",561.4,sc2203,5-6
2022-02-22,4.7,"sc2207,sc2208",580.9,sc2203,5-6
2022-02-23,5.3,"sc2207,sc2208",585.3,sc2203,5-6
2022-02-24,5.7,"sc2207,sc2208",593.9,sc2203,5-6
2022-02-25,6.1,"sc2207,sc2208",613.8,sc2203,5-6
2022-02-28,7.4,"sc2207,sc2208",591.8,sc2203,5-6
2022-03-01,6.5,"sc2208,sc2209",615.9,sc2204,5-6
2022-03-02,9.3,"sc2208,sc2209",654.2,sc2204,5-6
2022-03-03,11.8,"sc2208,sc2209",699.5,sc2204,5-6
2022-03-04,13.8,"sc2208,sc2209",704.8,sc2204,5-6
2022-03-07,16.0,"sc2208,sc2209",723.6,sc2204,5-6
2022-03-08,13.8,"sc2208,sc2209",765.8,sc2204,5-6
2022-03-09,16.7,"sc2208,sc2209",806.9,sc2204,5-6
2022-03-10,14.5,"sc2208,sc2209",726.1,sc2204,5-6
2022-03-11,13.8,"sc2208,sc2209",691.9,sc2204,5-6
2022-03-14,12.1,"sc2208,sc2209",683.0,sc2204,5-6
2022-03-15,9.0,"sc2208,sc2209",645.7,sc2204,5-6
2022-03-16,6.2,"sc2208,sc2209",622.9,sc2204,5-6
2022-03-17,6.9,"sc2208,sc2209",615.8,sc2204,5-6
2022-03-18,10.2,"sc2208,sc2209",657.0,sc2204,5-6
2022-03-21,12.3,"sc2208,sc2209",678.9,sc2204,5-6
2022-03-22,13.4,"sc2208,sc2209",722.8,sc2204,5-6
2022-03-23,13.9,"sc2208,sc2209",717.8,sc2204,5-6
2022-03-24,16.5,"sc2208,sc2209",760.1,sc2204,5-6
2022-03-25,15.6,"sc2208,sc2209",753.4,sc2204,5-6
2022-03-28,15.0,"sc2208,sc2209",742.4,sc2204,5-6
2022-03-29,12.6,"sc2208,sc2209",706.2,sc2204,5-6
2022-03-30,11.6,"sc2208,sc2209",678.2,sc2204,5-6
2022-03-31,12.2,"sc2208,sc2209",675.2,sc2204,5-6
2022-04-01,9.9,"sc2209,sc2210",666.4,sc2205,5-6
2022-04-06,7.5,"sc2209,sc2210",675.4,sc2205,5-6
2022-04-07,6.1,"sc2209,sc2210",643.1,sc2205,5-6
2022-04-08,2.4,"sc2209,sc2210",617.3,sc2205,5-6
2022-04-11,2.6,"sc2209,sc2210",625.8,sc2205,5-6
2022-04-12,2.7,"sc2209,sc2210",618.4,sc2205,5-6
2022-04-13,3.4,"sc2209,sc2210",649.9,sc2205,5-6
2022-04-14,4.2,"sc2209,sc2210",665.8,sc2205,5-6
2022-04-15,5.0,"sc2209,sc2210",679.7,sc2205,5-6
2022-04-18,6.3,"sc2209,sc2210",694.1,sc2205,5-6
2022-04-19,7.8,"sc2209,sc2210",705.9,sc2205,5-6
2022-04-20,7.6,"sc2209,sc2210",674.5,sc2205,5-6
2022-04-21,6.0,"sc2209,sc2210",674.4,sc2205,5-6
2022-04-22,5.8,"sc2209,sc2210",680.5,sc2205,5-6
2022-04-25,3.8,"sc2209,sc2210",662.4,sc2205,5-6
2022-04-26,4.2,"sc2209,sc2210",637.6,sc2205,5-6
2022-04-27,4.7,"sc2209,sc2210",663.8,sc2205,5-6
2022-04-28,6.0,"sc2209,sc2210",659.1,sc2205,5-6
2022-04-29,6.7,"sc2209,sc2210",671.2,sc2205,5-6
2022-05-05,8.9,"sc2210,sc2211",692.4,sc2206,5-6
2022-05-06,9.3,"sc2210,sc2211",696.4,sc2206,5-6
2022-05-09,9.2,"sc2210,sc2211",705.6,sc2206,5-6
2022-05-10,8.9,"sc2210,sc2211",669.8,sc2206,5-6
2022-05-11,8.4,"sc2210,sc2211",656.1,sc2206,5-6
2022-05-12,6.1,"sc2210,sc2211",680.0,sc2206,5-6
2022-05-13,6.7,"sc2210,sc2211",692.4,sc2206,5-6
2022-05-16,6.4,"sc2210,sc2211",704.6,sc2206,5-6
2022-05-17,6.6,"sc2210,sc2211",721.8,sc2206,5-6
2022-05-18,8.0,"sc2210,sc2211",721.9,sc2206,5-6
2022-05-19,7.1,"sc2210,sc2211",698.6,sc2206,5-6
2022-05-20,7.1,"sc2210,sc2211",699.8,sc2206,5-6
2022-05-23,7.7,"sc2210,sc2211",706.2,sc2206,5-6
2022-05-24,7.5,"sc2210,sc2211",699.0,sc2206,5-6
2022-05-25,7.5,"sc2210,sc2211",710.8,sc2206,5-6
2022-05-26,7.3,"sc2210,sc2211",716.1,sc2206,5-6
2022-05-27,8.8,"sc2210,sc2211",740.4,sc2206,5-6
2022-05-30,8.7,"sc2210,sc2211",724.3,sc2206,5-6
2022-05-31,9.7,"sc2210,sc2211",737.3,sc2206,5-6
2022-06-01,9.8,"sc2211,sc2212",741.1,sc2207,5-6
2022-06-02,8.1,"sc2211,sc2212",728.8,sc2207,5-6
2022-06-06,7.8,"sc2211,sc2212",750.3,sc2207,5-6
2022-06-07,7.8,"sc2211,sc2212",748.7,sc2207,5-6
2022-06-08,7.4,"sc2211,sc2212",753.8,sc2207,5-6
2022-06-09,9.2,"sc2211,sc2212",771.4,sc2207,5-6
2022-06-10,8.5,"sc2211,sc2212",770.5,sc2207,5-6
2022-06-13,7.6,"sc2211,sc2212",756.8,sc2207,5-6
2022-06-14,9.4,"sc2211,sc2212",768.0,sc2207,5-6
2022-06-15,10.2,"sc2211,sc2212",770.6,sc2207,5-6
2022-06-16,9.0,"sc2211,sc2212",748.2,sc2207,5-6
2022-06-17,7.5,"sc2211,sc2212",731.7,sc2207,5-6
2022-06-20,6.4,"sc2211,sc2212",704.3,sc2207,5-6
2022-06-21,6.9,"sc2211,sc2212",702.2,sc2207,5-6
2022-06-22,7.5,"sc2211,sc2212",703.7,sc2207,5-6
2022-06-23,7.8,"sc2211,sc2212",687.6,sc2207,5-6
2022-06-24,8.1,"sc2211,sc2212",684.0,sc2207,5-6
2022-06-27,7.6,"sc2211,sc2212",689.6,sc2207,5-6
2022-06-28,8.2,"sc2211,sc2212",707.1,sc2207,5-6
2022-06-29,9.1,"sc2211,sc2212",715.0,sc2207,5-6
2022-06-30,10.0,"sc2211,sc2212",731.1,sc2207,5-6
2022-07-01,9.8,"sc2212,sc2301",704.4,sc2208,5-6
2022-07-04,10.1,"sc2212,sc2301",711.7,sc2208,5-6
2022-07-05,11.1,"sc2212,sc2301",727.5,sc2208,5-6
2022-07-06,10.0,"sc2212,sc2301",674.2,sc2208,5-6
2022-07-07,9.7,"sc2212,sc2301",644.9,sc2208,5-6
2022-07-08,9.7,"sc2212,sc2301",676.8,sc2208,5-6
2022-07-11,11.6,"sc2212,sc2301",686.1,sc2208,5-6
2022-07-12,10.2,"sc2212,sc2301",680.6,sc2208,5-6
2022-07-13,8.4,"sc2212,sc2301",650.2,sc2208,5-6
2022-07-14,8.1,"sc2212,sc2301",650.8,sc2208,5-6
2022-07-15,6.9,"sc2212,sc2301",641.1,sc2208,5-6
2022-07-18,8.8,"sc2212,sc2301",668.0,sc2208,5-6
2022-07-19,11.9,"sc2212,sc2301",697.5,sc2208,5-6
2022-07-20,12.7,"sc2212,sc2301",704.9,sc2208,5-6
2022-07-21,10.8,"sc2212,sc2301",706.9,sc2208,5-6
2022-07-22,11.0,"sc2212,sc2301",695.8,sc2208,5-6
2022-07-25,9.2,"sc2212,sc2301",697.9,sc2208,5-6
2022-07-26,8.9,"sc2212,sc2301",704.3,sc2208,5-6
2022-07-27,8.1,"sc2212,sc2301",661.3,sc2208,5-6
2022-07-28,7.7,"sc2212,sc2301",676.1,sc2208,5-6
2022-07-29,8.1,"sc2212,sc2301",730.3,sc2208,5-6
2022-08-01,8.1,"sc2301,sc2302",698.1,sc2209,5-6
2022-08-02,8.4,"sc2301,sc2302",672.7,sc2209,5-6
2022-08-03,7.7,"sc2301,sc2302",681.6,sc2209,5-6
2022-08-04,7.1,"sc2301,sc2302",667.1,sc2209,5-6
2022-08-05,6.6,"sc2301,sc2302",650.3,sc2209,5-6
2022-08-08,6.6,"sc2301,sc2302",659.6,sc2209,5-6
2022-08-09,6.4,"sc2301,sc2302",665.7,sc2209,5-6
2022-08-10,6.6,"sc2301,sc2302",676.5,sc2209,5-6
2022-08-11,7.1,"sc2301,sc2302",682.6,sc2209,5-6
2022-08-12,6.6,"sc2301,sc2302",698.9,sc2209,5-6
2022-08-15,7.8,"sc2301,sc2302",695.9,sc2209,5-6
2022-08-16,8.0,"sc2301,sc2302",685.6,sc2209,5-6
2022-08-17,8.6,"sc2301,sc2302",690.7,sc2209,5-6
2022-08-18,11.4,"sc2301,sc2302",698.6,sc2209,5-6
2022-08-19,12.2,"sc2301,sc2302",725.4,sc2209,5-6
2022-08-22,14.7,"sc2301,sc2302",749.9,sc2209,5-6
2022-08-23,14.5,"sc2301,sc2302",747.2,sc2209,5-6
2022-08-24,13.2,"sc2301,sc2302",765.8,sc2209,5-6
2022-08-25,11.8,"sc2301,sc2302",790.6,sc2209,5-6
2022-08-26,10.0,"sc2301,sc2302",787.3,sc2209,5-6
2022-08-29,9.2,"sc2301,sc2302",726.4,sc2209,5-6
2022-08-30,12.0,"sc2301,sc2302",738.7,sc2209,5-6
2022-08-31,12.8,"sc2301,sc2302",724.7,sc2209,5-6
2022-09-01,10.2,"sc2302,sc2303",705.5,sc2210,5-6
2022-09-02,10.1,"sc2302,sc2303",694.7,sc2210,5-6
2022-09-05,10.8,"sc2302,sc2303",696.2,sc2210,5-6
2022-09-06,11.1,"sc2302,sc2303",707.4,sc2210,5-6
2022-09-07,11.2,"sc2302,sc2303",688.4,sc2210,5-6
2022-09-08,9.8,"sc2302,sc2303",673.8,sc2210,5-6
2022-09-09,8.3,"sc2302,sc2303",670.0,sc2210,5-6
2022-09-13,9.4,"sc2302,sc2303",705.6,sc2210,5-6
2022-09-14,9.5,"sc2302,sc2303",691.6,sc2210,5-6
2022-09-15,10.8,"sc2302,sc2303",718.3,sc2210,5-6
2022-09-16,10.9,"sc2302,sc2303",712.2,sc2210,5-6
2022-09-19,9.6,"sc2302,sc2303",709.2,sc2210,5-6
2022-09-20,10.2,"sc2302,sc2303",707.4,sc2210,5-6
2022-09-21,10.2,"sc2302,sc2303",674.3,sc2210,5-6
2022-09-22,9.8,"sc2302,sc2303",653.6,sc2210,5-6
2022-09-23,10.3,"sc2302,sc2303",645.8,sc2210,5-6
2022-09-26,8.1,"sc2303,sc2304",624.8,sc2211,5-6
2022-09-27,8.2,"sc2303,sc2304",612.0,sc2211,5-6
2022-09-28,7.9,"sc2303,sc2304",612.2,sc2211,5-6
2022-09-29,7.9,"sc2303,sc2304",628.6,sc2211,5-6
2022-09-30,7.4,"sc2303,sc2304",631.5,sc2211,5-6
2022-10-10,9.3,"sc2303,sc2304",699.6,sc2211,5-6
2022-10-11,9.3,"sc2303,sc2304",702.2,sc2211,5-6
2022-10-12,9.3,"sc2303,sc2304",688.2,sc2211,5-6
2022-10-13,9.0,"sc2303,sc2304",684.8,sc2211,5-6
2022-10-14,9.2,"sc2303,sc2304",689.7,sc2211,5-6
2022-10-17,9.8,"sc2303,sc2304",676.7,sc2211,5-6
2022-10-18,9.1,"sc2303,sc2304",677.9,sc2211,5-6
2022-10-19,9.2,"sc2303,sc2304",665.4,sc2211,5-6
2022-10-20,10.7,"sc2303,sc2304",667.1,sc2211,5-6
2022-10-21,9.2,"sc2303,sc2304",669.6,sc2211,5-6
2022-10-24,9.9,"sc2303,sc2304",670.1,sc2211,5-6
2022-10-25,10.2,"sc2303,sc2304",669.9,sc2211,5-6
2022-10-26,9.2,"sc2303,sc2304",671.3,sc2211,5-6
2022-10-27,9.7,"sc2303,sc2304",677.4,sc2211,5-6
2022-10-28,11.5,"sc2303,sc2304",684.9,sc2211,5-6
2022-10-31,11.3,"sc2303,sc2304",686.8,sc2211,5-6
2022-11-01,11.3,"sc2304,sc2305",685.5,sc2212,5-6
2022-11-02,11.5,"sc2304,sc2305",696.3,sc2212,5-6
2022-11-03,13.0,"sc2304,sc2305",698.4,sc2212,5-6
2022-11-04,12.8,"sc2304,sc2305",699.9,sc2212,5-6
2022-11-07,13.0,"sc2304,sc2305",715.4,sc2212,5-6
2022-11-08,12.5,"sc2304,sc2305",716.5,sc2212,5-6
2022-11-09,11.4,"sc2304,sc2305",700.6,sc2212,5-6
2022-11-10,9.0,"sc2304,sc2305",677.4,sc2212,5-6
2022-11-11,8.4,"sc2304,sc2305",673.8,sc2212,5-6
2022-11-14,8.3,"sc2304,sc2305",677.5,sc2212,5-6
2022-11-15,6.8,"sc2304,sc2305",658.4,sc2212,5-6
2022-11-16,5.5,"sc2304,sc2305",647.0,sc2212,5-6
2022-11-17,4.5,"sc2304,sc2305",636.7,sc2212,5-6
2022-11-18,3.1,"sc2304,sc2305",623.1,sc2212,5-6
2022-11-21,2.7,"sc2304,sc2305",601.6,sc2212,5-6
2022-11-22,2.2,"sc2304,sc2305",591.8,sc2212,5-6
2022-11-23,2.4,"sc2304,sc2305",601.9,sc2212,5-6
2022-11-24,1.1,"sc2304,sc2305",575.0,sc2212,5-6
2022-11-25,0.5,"sc2304,sc2305",576.1,sc2212,5-6
2022-11-28,-0.4,"sc2304,sc2305",556.0,sc2212,5-6
2022-11-29,-0.6,"sc2304,sc2305",554.9,sc2212,5-6
2022-11-30,-0.6,"sc2304,sc2305",579.2,sc2212,5-6
2022-12-01,0.6,"sc2305,sc2306",578.9,sc2301,5-6
2022-12-02,0.1,"sc2305,sc2306",577.7,sc2301,5-6
2022-12-05,0.1,"sc2305,sc2306",570.0,sc2301,5-6
2022-12-06,-0.4,"sc2305,sc2306",552.6,sc2301,5-6
2022-12-07,-0.6,"sc2305,sc2306",523.3,sc2301,5-6
2022-12-08,-1.0,"sc2305,sc2306",512.6,sc2301,5-6
2022-12-09,-0.1,"sc2305,sc2306",505.1,sc2301,5-6
2022-12-12,-0.4,"sc2305,sc2306",501.6,sc2301,5-6
2022-12-13,-0.4,"sc2305,sc2306",510.2,sc2301,5-6
2022-12-14,-0.1,"sc2305,sc2306",521.7,sc2301,5-6
2022-12-15,-0.2,"sc2305,sc2306",530.3,sc2301,5-6
2022-12-16,-0.2,"sc2305,sc2306",528.4,sc2301,5-6
2022-12-19,-0.2,"sc2305,sc2306",520.0,sc2301,5-6
2022-12-20,0.2,"sc2305,sc2306",528.4,sc2301,5-6
2022-12-21,1.6,"sc2305,sc2306",529.2,sc2301,5-6
2022-12-22,0.9,"sc2305,sc2306",538.0,sc2301,5-6
2022-12-23,1.7,"sc2306,sc2307",546.8,sc2302,5-6
2022-12-26,1.8,"sc2306,sc2307",559.7,sc2302,5-6
2022-12-27,1.7,"sc2306,sc2307",562.5,sc2302,5-6
2022-12-28,2.0,"sc2306,sc2307",565.5,sc2302,5-6
2022-12-29,1.1,"sc2306,sc2307",552.9,sc2302,5-6
2022-12-30,1.0,"sc2306,sc2307",553.7,sc2302,5-6
2023-01-03,4.1,"sc2306,sc2307",564.2,sc2302,5-6
2023-01-04,1.2,"sc2306,sc2307",549.9,sc2302,5-6
2023-01-05,0.1,"sc2306,sc2307",521.1,sc2302,5-6
2023-01-06,0.1,"sc2306,sc2307",525.5,sc2302,5-6
2023-01-09,-0.7,"sc2306,sc2307",525.7,sc2302,5-6
2023-01-10,-0.5,"sc2306,sc2307",524.4,sc2302,5-6
2023-01-11,-0.7,"sc2306,sc2307",519.5,sc2302,5-6
2023-01-12,-0.8,"sc2306,sc2307",527.3,sc2302,5-6
2023-01-13,-0.7,"sc2306,sc2307",538.8,sc2302,5-6
2023-01-16,-0.7,"sc2306,sc2307",539.4,sc2302,5-6
2023-01-17,0.5,"sc2307,sc2308",544.2,sc2303,5-6
2023-01-18,0.7,"sc2307,sc2308",559.6,sc2303,5-6
2023-01-19,0.8,"sc2307,sc2308",556.2,sc2303,5-6
2023-01-20,0.7,"sc2307,sc2308",559.8,sc2303,5-6
2023-01-30,1.1,"sc2307,sc2308",560.0,sc2303,5-6
2023-01-31,0.1,"sc2307,sc2308",546.6,sc2303,5-6
2023-02-01,0.1,"sc2307,sc2308",548.4,sc2303,5-6
2023-02-02,0.2,"sc2307,sc2308",540.8,sc2303,5-6
2023-02-03,0.1,"sc2307,sc2308",532.3,sc2303,5-6
2023-02-06,-0.5,"sc2307,sc2308",526.5,sc2303,5-6
2023-02-07,-0.7,"sc2307,sc2308",523.8,sc2303,5-6
2023-02-08,-0.6,"sc2307,sc2308",537.9,sc2303,5-6
2023-02-09,-0.2,"sc2307,sc2308",550.9,sc2303,5-6
2023-02-10,-0.1,"sc2307,sc2308",552.6,sc2303,5-6
2023-02-13,0.7,"sc2307,sc2308",563.0,sc2303,5-6
2023-02-14,1.4,"sc2307,sc2308",566.3,sc2303,5-6
2023-02-15,1.5,"sc2307,sc2308",567.9,sc2303,5-6
2023-02-16,1.7,"sc2307,sc2308",572.4,sc2303,5-6
2023-02-17,1.8,"sc2307,sc2308",579.1,sc2303,5-6
2023-02-20,1.0,"sc2307,sc2308",559.1,sc2303,5-6
2023-02-21,0.7,"sc2307,sc2308",557.0,sc2303,5-6
2023-02-22,0.0,"sc2307,sc2308",556.1,sc2303,5-6
2023-02-23,0.1,"sc2307,sc2308",552.0,sc2303,5-6
2023-02-24,-0.1,"sc2307,sc2308",548.6,sc2303,5-6
2023-02-27,0.4,"sc2307,sc2308",561.2,sc2303,5-6
2023-02-28,0.1,"sc2307,sc2308",553.0,sc2303,5-6
2023-03-01,0.4,"sc2308,sc2309",556.5,sc2304,5-6
2023-03-02,0.6,"sc2308,sc2309",556.0,sc2304,5-6
2023-03-03,1.0,"sc2308,sc2309",566.5,sc2304,5-6
2023-03-06,1.0,"sc2308,sc2309",568.7,sc2304,5-6
2023-03-07,1.2,"sc2308,sc2309",579.2,sc2304,5-6
2023-03-08,0.9,"sc2308,sc2309",571.1,sc2304,5-6
2023-03-09,0.9,"sc2308,sc2309",560.5,sc2304,5-6
2023-03-10,0.9,"sc2308,sc2309",557.3,sc2304,5-6
2023-03-13,0.9,"sc2308,sc2309",551.7,sc2304,5-6
2023-03-14,0.5,"sc2308,sc2309",535.6,sc2304,5-6
2023-03-15,0.0,"sc2308,sc2309",526.7,sc2304,5-6
2023-03-16,-0.5,"sc2308,sc2309",496.4,sc2304,5-6
2023-03-17,-0.7,"sc2308,sc2309",496.1,sc2304,5-6
2023-03-20,-0.6,"sc2308,sc2309",490.2,sc2304,5-6
2023-03-21,-0.5,"sc2308,sc2309",486.1,sc2304,5-6
2023-03-22,-0.4,"sc2308,sc2309",497.7,sc2304,5-6
2023-03-23,-0.4,"sc2308,sc2309",504.4,sc2304,5-6
2023-03-24,-0.2,"sc2308,sc2309",505.2,sc2304,5-6
2023-03-27,-0.2,"sc2308,sc2309",498.0,sc2304,5-6
2023-03-28,0.1,"sc2308,sc2309",514.8,sc2304,5-6
2023-03-29,0.1,"sc2308,sc2309",524.3,sc2304,5-6
2023-03-30,-0.1,"sc2308,sc2309",525.8,sc2304,5-6
2023-03-31,-0.1,"sc2308,sc2309",531.0,sc2304,5-6
2023-04-03,1.2,"sc2309,sc2310",547.2,sc2305,5-6
2023-04-04,1.8,"sc2309,sc2310",576.9,sc2305,5-6
2023-04-06,2.1,"sc2309,sc2310",583.0,sc2305,5-6
2023-04-07,2.5,"sc2309,sc2310",586.9,sc2305,5-6
2023-04-10,2.1,"sc2309,sc2310",589.3,sc2305,5-6
2023-04-11,2.0,"sc2309,sc2310",586.3,sc2305,5-6
2023-04-12,1.9,"sc2309,sc2310",591.9,sc2305,5-6
2023-04-13,2.6,"sc2309,sc2310",601.8,sc2305,5-6
2023-04-14,2.4,"sc2309,sc2310",597.4,sc2305,5-6
2023-04-17,2.3,"sc2309,sc2310",599.2,sc2305,5-6
2023-04-18,1.9,"sc2309,sc2310",597.5,sc2305,5-6
2023-04-19,2.5,"sc2309,sc2310",593.6,sc2305,5-6
2023-04-20,0.8,"sc2309,sc2310",580.9,sc2305,5-6
2023-04-21,1.1,"sc2309,sc2310",566.6,sc2305,5-6
2023-04-24,1.2,"sc2309,sc2310",565.4,sc2305,5-6
2023-04-25,0.8,"sc2309,sc2310",566.9,sc2305,5-6
2023-04-26,0.2,"sc2309,sc2310",561.8,sc2305,5-6
2023-04-27,0.2,"sc2309,sc2310",534.9,sc2305,5-6
2023-04-28,-0.2,"sc2309,sc2310",545.9,sc2305,5-6
2023-05-04,-0.8,"sc2310,sc2311",494.9,sc2306,5-6
2023-05-05,-1.1,"sc2310,sc2311",491.7,sc2306,5-6
2023-05-08,-0.8,"sc2310,sc2311",508.7,sc2306,5-6
2023-05-09,-0.5,"sc2310,sc2311",518.9,sc2306,5-6
2023-05-10,-0.2,"sc2310,sc2311",517.5,sc2306,5-6
2023-05-11,0.1,"sc2310,sc2311",514.7,sc2306,5-6
2023-05-12,-0.1,"sc2310,sc2311",502.1,sc2306,5-6
2023-05-15,-0.3,"sc2310,sc2311",496.2,sc2306,5-6
2023-05-16,0.1,"sc2310,sc2311",505.7,sc2306,5-6
2023-05-17,0.0,"sc2310,sc2311",504.1,sc2306,5-6
2023-05-18,-0.1,"sc2310,sc2311",512.7,sc2306,5-6
2023-05-19,-0.1,"sc2310,sc2311",514.4,sc2306,5-6
2023-05-22,0.3,"sc2310,sc2311",509.6,sc2306,5-6
2023-05-23,0.1,"sc2310,sc2311",513.7,sc2306,5-6
2023-05-24,0.1,"sc2310,sc2311",523.5,sc2306,5-6
2023-05-25,0.3,"sc2310,sc2311",529.4,sc2306,5-6
2023-05-26,0.2,"sc2310,sc2311",516.7,sc2306,5-6
2023-05-29,0.2,"sc2310,sc2311",527.4,sc2306,5-6
2023-05-30,0.2,"sc2310,sc2311",528.2,sc2306,5-6
2023-05-31,-0.1,"sc2310,sc2311",517.5,sc2306,5-6
2023-06-01,0.6,"sc2311,sc2312",501.9,sc2307,5-6
2023-06-02,1.0,"sc2311,sc2312",511.8,sc2307,5-6
2023-06-05,0.9,"sc2311,sc2312",523.7,sc2307,5-6
2023-06-06,0.9,"sc2311,sc2312",528.0,sc2307,5-6
2023-06-07,0.5,"sc2311,sc2312",524.1,sc2307,5-6
2023-06-08,0.7,"sc2311,sc2312",534.2,sc2307,5-6
2023-06-09,0.8,"sc2311,sc2312",527.3,sc2307,5-6
2023-06-12,0.7,"sc2311,sc2312",523.1,sc2307,5-6
2023-06-13,0.2,"sc2311,sc2312",506.3,sc2307,5-6
2023-06-14,0.7,"sc2311,sc2312",519.6,sc2307,5-6
2023-06-15,0.8,"sc2311,sc2312",517.6,sc2307,5-6
2023-06-16,1.4,"sc2311,sc2312",525.1,sc2307,5-6
2023-06-19,1.4,"sc2311,sc2312",530.0,sc2307,5-6
2023-06-20,1.2,"sc2311,sc2312",533.6,sc2307,5-6
2023-06-21,2.3,"sc2311,sc2312",542.5,sc2307,5-6
2023-06-26,2.8,"sc2311,sc2312",539.3,sc2307,5-6
2023-06-27,2.9,"sc2311,sc2312",541.1,sc2307,5-6
2023-06-28,2.7,"sc2311,sc2312",534.6,sc2307,5-6
2023-06-29,3.2,"sc2311,sc2312",539.1,sc2307,5-6
2023-06-30,3.6,"sc2311,sc2312",542.1,sc2307,5-6
2023-07-03,1.9,"sc2312,sc2401",551.7,sc2308,5-6
2023-07-04,2.3,"sc2312,sc2401",551.0,sc2308,5-6
2023-07-05,2.3,"sc2312,sc2401",553.8,sc2308,5-6
2023-07-06,2.5,"sc2312,sc2401",558.8,sc2308,5-6
2023-07-07,2.1,"sc2312,sc2401",556.5,sc2308,5-6
2023-07-10,2.6,"sc2312,sc2401",565.3,sc2308,5-6
2023-07-11,2.4,"sc2312,sc2401",568.8,sc2308,5-6
2023-07-12,3.0,"sc2312,sc2401",574.4,sc2308,5-6
2023-07-13,3.0,"sc2312,sc2401",578.6,sc2308,5-6
2023-07-14,3.4,"sc2312,sc2401",584.9,sc2308,5-6
2023-07-17,3.4,"sc2312,sc2401",580.1,sc2308,5-6
2023-07-18,3.4,"sc2312,sc2401",577.2,sc2308,5-6
2023-07-19,3.0,"sc2312,sc2401",583.4,sc2308,5-6
2023-07-20,3.2,"sc2312,sc2401",589.1,sc2308,5-6
2023-07-21,2.9,"sc2312,sc2401",585.3,sc2308,5-6
2023-07-24,3.0,"sc2312,sc2401",587.7,sc2308,5-6
2023-07-25,3.3,"sc2312,sc2401",598.9,sc2308,5-6
2023-07-26,3.2,"sc2312,sc2401",601.8,sc2308,5-6
2023-07-27,3.2,"sc2312,sc2401",606.8,sc2308,5-6
2023-07-28,3.3,"sc2312,sc2401",610.3,sc2308,5-6
2023-07-31,3.2,"sc2312,sc2401",604.4,sc2308,5-6
2023-08-01,3.6,"sc2401,sc2402",618.2,sc2309,5-6
2023-08-02,3.2,"sc2401,sc2402",621.8,sc2309,5-6
2023-08-03,3.4,"sc2401,sc2402",610.6,sc2309,5-6
2023-08-04,3.9,"sc2401,sc2402",619.3,sc2309,5-6
2023-08-07,4.2,"sc2401,sc2402",627.5,sc2309,5-6
2023-08-08,4.0,"sc2401,sc2402",625.5,sc2309,5-6
2023-08-09,4.4,"sc2401,sc2402",626.9,sc2309,5-6
2023-08-10,4.9,"sc2401,sc2402",638.1,sc2309,5-6
2023-08-11,5.1,"sc2401,sc2402",639.4,sc2309,5-6
2023-08-14,5.7,"sc2401,sc2402",658.7,sc2309,5-6
2023-08-15,5.5,"sc2401,sc2402",658.7,sc2309,5-6
2023-08-16,5.9,"sc2401,sc2402",655.8,sc2309,5-6
2023-08-17,6.4,"sc2401,sc2402",655.6,sc2309,5-6
2023-08-18,7.0,"sc2401,sc2402",658.4,sc2309,5-6
2023-08-21,6.7,"sc2401,sc2402",667.6,sc2309,5-6
2023-08-22,6.5,"sc2401,sc2402",671.8,sc2309,5-6
2023-08-23,5.8,"sc2401,sc2402",665.6,sc2309,5-6
2023-08-24,4.7,"sc2401,sc2402",668.8,sc2309,5-6
2023-08-25,5.1,"sc2401,sc2402",678.7,sc2309,5-6
2023-08-28,5.6,"sc2401,sc2402",690.9,sc2309,5-6
2023-08-29,5.7,"sc2401,sc2402",657.4,sc2309,5-6
2023-08-30,5.8,"sc2401,sc2402",632.0,sc2309,5-6
2023-08-31,6.0,"sc2401,sc2402",607.6,sc2309,5-6
2023-09-01,6.4,"sc2402,sc2403",649.8,sc2310,5-6
2023-09-04,7.4,"sc2402,sc2403",666.2,sc2310,5-6
2023-09-05,7.0,"sc2402,sc2403",668.6,sc2310,5-6
2023-09-06,7.3,"sc2402,sc2403",690.0,sc2310,5-6
2023-09-07,8.2,"sc2402,sc2403",691.0,sc2310,5-6
2023-09-08,8.9,"sc2402,sc2403",693.8,sc2310,5-6
2023-09-11,8.2,"sc2402,sc2403",694.8,sc2310,5-6
2023-09-12,7.5,"sc2402,sc2403",696.3,sc2310,5-6
2023-09-13,8.6,"sc2402,sc2403",708.3,sc2310,5-6
2023-09-14,8.8,"sc2402,sc2403",717.7,sc2310,5-6
2023-09-15,7.9,"sc2402,sc2403",736.8,sc2310,5-6
2023-09-18,7.5,"sc2402,sc2403",733.1,sc2310,5-6
2023-09-19,7.4,"sc2402,sc2403",736.7,sc2310,5-6
2023-09-20,7.1,"sc2402,sc2403",728.9,sc2310,5-6
2023-09-21,7.2,"sc2402,sc2403",725.6,sc2310,5-6
2023-09-22,7.6,"sc2402,sc2403",736.5,sc2310,5-6
2023-09-25,7.6,"sc2402,sc2403",731.7,sc2310,5-6
2023-09-26,7.0,"sc2402,sc2403",702.4,sc2310,5-6
2023-09-27,7.2,"sc2402,sc2403",695.9,sc2310,5-6
2023-09-28,8.8,"sc2402,sc2403",700.9,sc2310,5-6
2023-10-09,7.3,"sc2403,sc2404",660.7,sc2311,5-6
2023-10-10,7.3,"sc2403,sc2404",660.8,sc2311,5-6
2023-10-11,6.7,"sc2403,sc2404",657.0,sc2311,5-6
2023-10-12,6.6,"sc2403,sc2404",650.1,sc2311,5-6
2023-10-13,6.5,"sc2403,sc2404",652.3,sc2311,5-6
2023-10-16,7.7,"sc2403,sc2404",676.5,sc2311,5-6
2023-10-17,7.9,"sc2403,sc2404",674.6,sc2311,5-6
2023-10-18,8.2,"sc2403,sc2404",681.5,sc2311,5-6
2023-10-19,8.5,"sc2403,sc2404",689.1,sc2311,5-6
2023-10-20,8.7,"sc2403,sc2404",694.0,sc2311,5-6
2023-10-23,8.5,"sc2403,sc2404",694.9,sc2311,5-6
2023-10-24,7.7,"sc2403,sc2404",682.7,sc2311,5-6
2023-10-25,7.1,"sc2403,sc2404",668.0,sc2311,5-6
2023-10-26,6.7,"sc2403,sc2404",674.5,sc2311,5-6
2023-10-27,6.0,"sc2403,sc2404",673.0,sc2311,5-6
2023-10-30,5.5,"sc2403,sc2404",678.3,sc2311,5-6
2023-10-31,4.7,"sc2403,sc2404",671.6,sc2311,5-6
2023-11-01,4.3,"sc2404,sc2405",649.8,sc2312,5-6
2023-11-02,4.0,"sc2404,sc2405",650.1,sc2312,5-6
2023-11-03,5.0,"sc2404,sc2405",653.5,sc2312,5-6
2023-11-06,5.1,"sc2404,sc2405",647.3,sc2312,5-6
2023-11-07,4.7,"sc2404,sc2405",636.5,sc2312,5-6
2023-11-08,2.1,"sc2404,sc2405",610.4,sc2312,5-6
2023-11-09,1.3,"sc2404,sc2405",596.2,sc2312,5-6
2023-11-10,0.4,"sc2404,sc2405",596.9,sc2312,5-6
2023-11-13,0.6,"sc2404,sc2405",598.9,sc2312,5-6
2023-11-14,0.6,"sc2404,sc2405",602.7,sc2312,5-6
2023-11-15,0.2,"sc2404,sc2405",604.1,sc2312,5-6
2023-11-16,0.2,"sc2404,sc2405",590.4,sc2312,5-6
2023-11-17,-0.6,"sc2404,sc2405",568.9,sc2312,5-6
2023-11-20,-0.4,"sc2404,sc2405",576.7,sc2312,5-6
2023-11-21,1.3,"sc2404,sc2405",587.4,sc2312,5-6
2023-11-22,1.0,"sc2404,sc2405",589.2,sc2312,5-6
2023-11-23,0.2,"sc2404,sc2405",571.9,sc2312,5-6
2023-11-24,0.2,"sc2404,sc2405",575.9,sc2312,5-6
2023-11-27,0.4,"sc2404,sc2405",573.3,sc2312,5-6
2023-11-28,0.3,"sc2404,sc2405",566.9,sc2312,5-6
2023-11-29,0.4,"sc2404,sc2405",573.7,sc2312,5-6
2023-11-30,0.4,"sc2404,sc2405",577.1,sc2312,5-6
2023-12-01,-0.4,"sc2405,sc2406",579.3,sc2401,5-6
2023-12-04,-1.0,"sc2405,sc2406",566.0,sc2401,5-6
2023-12-05,-1.7,"sc2405,sc2406",556.7,sc2401,5-6
2023-12-06,-1.1,"sc2405,sc2406",554.3,sc2401,5-6
2023-12-07,-1.0,"sc2405,sc2406",536.6,sc2401,5-6
2023-12-08,-0.4,"sc2405,sc2406",546.7,sc2401,5-6
2023-12-11,-0.4,"sc2405,sc2406",551.5,sc2401,5-6
2023-12-12,-0.6,"sc2405,sc2406",550.8,sc2401,5-6
2023-12-13,-0.7,"sc2405,sc2406",530.2,sc2401,5-6
2023-12-14,-0.4,"sc2405,sc2406",529.5,sc2401,5-6
2023-12-15,-0.6,"sc2405,sc2406",542.9,sc2401,5-6
2023-12-18,-0.8,"sc2405,sc2406",542.5,sc2401,5-6
2023-12-19,-0.5,"sc2405,sc2406",553.8,sc2401,5-6
2023-12-20,-0.5,"sc2405,sc2406",556.1,sc2401,5-6
2023-12-21,-0.4,"sc2405,sc2406",560.2,sc2401,5-6
2023-12-22,-0.3,"sc2405,sc2406",554.9,sc2401,5-6
2023-12-25,-0.6,"sc2405,sc2406",552.7,sc2401,5-6
2023-12-26,-0.8,"sc2405,sc2406",553.7,sc2401,5-6
2023-12-27,0.1,"sc2405,sc2406",567.3,sc2401,5-6
2023-12-28,-0.3,"sc2405,sc2406",560.2,sc2401,5-6
2023-12-29,-0.3,"sc2405,sc2406",551.2,sc2401,5-6
2024-01-02,-0.9,"sc2406,sc2407",547.2,sc2402,5-6
2024-01-03,0.2,"sc2406,sc2407",544.7,sc2402,5-6
2024-01-04,0.0,"sc2406,sc2407",554.3,sc2402,5-6
2024-01-05,0.2,"sc2406,sc2407",552.9,sc2402,5-6
2024-01-08,0.5,"sc2406,sc2407",556.6,sc2402,5-6
2024-01-09,0.0,"sc2406,sc2407",539.0,sc2402,5-6
2024-01-10,0.3,"sc2406,sc2407",553.2,sc2402,5-6
2024-01-11,1.6,"sc2406,sc2407",559.0,sc2402,5-6
2024-01-12,2.8,"sc2406,sc2407",566.1,sc2402,5-6
2024-01-15,1.6,"sc2406,sc2407",562.8,sc2402,5-6
2024-01-16,1.1,"sc2406,sc2407",553.5,sc2402,5-6
2024-01-17,1.2,"sc2406,sc2407",554.5,sc2402,5-6
2024-01-18,1.2,"sc2406,sc2407",550.6,sc2402,5-6
2024-01-19,1.3,"sc2406,sc2407",557.9,sc2402,5-6
2024-01-22,1.8,"sc2406,sc2407",557.9,sc2402,5-6
2024-01-23,2.0,"sc2406,sc2407",564.2,sc2402,5-6
2024-01-24,2.1,"sc2406,sc2407",562.0,sc2402,5-6
2024-01-25,2.1,"sc2406,sc2407",567.7,sc2402,5-6
2024-01-26,1.9,"sc2406,sc2407",579.7,sc2402,5-6
2024-01-29,2.0,"sc2406,sc2407",587.6,sc2402,5-6
2024-01-30,2.0,"sc2406,sc2407",584.8,sc2402,5-6
2024-01-31,1.6,"sc2406,sc2407",577.8,sc2402,5-6
2024-02-01,2.0,"sc2407,sc2408",579.4,sc2403,5-6
2024-02-02,2.3,"sc2407,sc2408",572.2,sc2403,5-6
2024-02-05,2.0,"sc2407,sc2408",555.9,sc2403,5-6
2024-02-06,2.8,"sc2407,sc2408",556.6,sc2403,5-6
2024-02-07,3.3,"sc2407,sc2408",562.1,sc2403,5-6
2024-02-08,2.3,"sc2407,sc2408",567.4,sc2403,5-6
2024-02-19,11.1,"sc2407,sc2408",581.7,sc2403,5-6
2024-02-20,4.2,"sc2407,sc2408",598.7,sc2403,5-6
2024-02-21,4.5,"sc2407,sc2408",592.2,sc2403,5-6
2024-02-22,5.4,"sc2407,sc2408",593.2,sc2403,5-6
2024-02-23,5.6,"sc2407,sc2408",598.7,sc2403,5-6
2024-02-26,5.1,"sc2407,sc2408",595.7,sc2403,5-6
2024-02-27,5.2,"sc2407,sc2408",600.4,sc2403,5-6
2024-02-28,4.8,"sc2407,sc2408",613.0,sc2403,5-6
2024-02-29,5.0,"sc2407,sc2408",613.1,sc2403,5-6
2024-03-01,4.1,"sc2408,sc2409",607.0,sc2404,5-6
2024-03-04,5.3,"sc2408,sc2409",617.9,sc2404,5-6
2024-03-05,5.0,"sc2408,sc2409",615.4,sc2404,5-6
2024-03-06,4.7,"sc2408,sc2409",608.9,sc2404,5-6
2024-03-07,5.5,"sc2408,sc2409",614.2,sc2404,5-6
2024-03-08,5.5,"sc2408,sc2409",613.6,sc2404,5-6
2024-03-11,5.0,"sc2408,sc2409",610.0,sc2404,5-6
2024-03-12,4.9,"sc2408,sc2409",616.1,sc2404,5-6
2024-03-13,4.8,"sc2408,sc2409",621.0,sc2404,5-6
2024-03-14,6.1,"sc2408,sc2409",630.5,sc2404,5-6
2024-03-15,5.8,"sc2408,sc2409",646.8,sc2404,5-6
2024-03-18,5.6,"sc2408,sc2409",635.7,sc2404,5-6
2024-03-19,5.0,"sc2408,sc2409",632.9,sc2404,5-6
2024-03-20,5.7,"sc2408,sc2409",637.0,sc2404,5-6
2024-03-21,5.3,"sc2408,sc2409",630.5,sc2404,5-6
2024-03-22,5.1,"sc2408,sc2409",626.7,sc2404,5-6
2024-03-25,5.3,"sc2408,sc2409",631.8,sc2404,5-6
2024-03-26,5.7,"sc2408,sc2409",636.3,sc2404,5-6
2024-03-27,6.2,"sc2408,sc2409",632.5,sc2404,5-6
2024-03-28,6.4,"sc2408,sc2409",635.0,sc2404,5-6
2024-03-29,6.3,"sc2408,sc2409",651.3,sc2404,5-6
2024-04-01,6.0,"sc2409,sc2410",645.2,sc2405,5-6
2024-04-02,6.8,"sc2409,sc2410",647.0,sc2405,5-6
2024-04-03,6.6,"sc2409,sc2410",656.1,sc2405,5-6
2024-04-08,4.0,"sc2409,sc2410",660.8,sc2405,5-6
2024-04-09,6.9,"sc2409,sc2410",666.2,sc2405,5-6
2024-04-10,7.8,"sc2409,sc2410",662.2,sc2405,5-6
2024-04-11,7.5,"sc2409,sc2410",666.3,sc2405,5-6
2024-04-12,7.2,"sc2409,sc2410",667.7,sc2405,5-6
2024-04-15,6.4,"sc2409,sc2410",670.6,sc2405,5-6
2024-04-16,6.3,"sc2409,sc2410",663.9,sc2405,5-6
2024-04-17,6.3,"sc2409,sc2410",665.4,sc2405,5-6
2024-04-18,5.9,"sc2409,sc2410",652.0,sc2405,5-6
2024-04-19,4.9,"sc2409,sc2410",650.8,sc2405,5-6
2024-04-22,4.9,"sc2409,sc2410",643.0,sc2405,5-6
2024-04-23,5.6,"sc2409,sc2410",640.9,sc2405,5-6
2024-04-24,5.5,"sc2409,sc2410",646.7,sc2405,5-6
2024-04-25,5.4,"sc2409,sc2410",652.6,sc2405,5-6
2024-04-26,6.1,"sc2409,sc2410",645.9,sc2405,5-6
2024-04-29,5.3,"sc2409,sc2410",652.5,sc2405,5-6
2024-04-30,5.7,"sc2409,sc2410",649.6,sc2405,5-6
2024-05-06,5.7,"sc2410,sc2411",634.0,sc2406,5-6
2024-05-07,3.5,"sc2410,sc2411",617.6,sc2406,5-6
2024-05-08,3.5,"sc2410,sc2411",615.5,sc2406,5-6
2024-05-09,3.4,"sc2410,sc2411",615.8,sc2406,5-6
2024-05-10,4.8,"sc2410,sc2411",620.1,sc2406,5-6
2024-05-13,4.7,"sc2410,sc2411",616.2,sc2406,5-6
2024-05-14,4.6,"sc2410,sc2411",618.2,sc2406,5-6
2024-05-15,3.9,"sc2410,sc2411",613.5,sc2406,5-6
2024-05-16,3.7,"sc2410,sc2411",610.3,sc2406,5-6
2024-05-17,4.3,"sc2410,sc2411",616.5,sc2406,5-6
2024-05-20,4.4,"sc2410,sc2411",619.6,sc2406,5-6
2024-05-21,4.0,"sc2410,sc2411",616.6,sc2406,5-6
2024-05-22,3.4,"sc2410,sc2411",607.8,sc2406,5-6
2024-05-23,2.8,"sc2410,sc2411",600.9,sc2406,5-6
2024-05-24,3.3,"sc2410,sc2411",599.3,sc2406,5-6
2024-05-27,3.7,"sc2410,sc2411",602.1,sc2406,5-6
2024-05-28,3.9,"sc2410,sc2411",608.4,sc2406,5-6
2024-05-29,4.3,"sc2410,sc2411",616.2,sc2406,5-6
2024-05-30,3.9,"sc2410,sc2411",620.8,sc2406,5-6
2024-05-31,3.2,"sc2410,sc2411",607.9,sc2406,5-6
2024-06-03,1.8,"sc2411,sc2412",599.7,sc2407,5-6
2024-06-04,1.4,"sc2411,sc2412",578.6,sc2407,5-6
2024-06-05,2.0,"sc2411,sc2412",570.5,sc2407,5-6
2024-06-06,1.8,"sc2411,sc2412",575.3,sc2407,5-6
2024-06-07,2.6,"sc2411,sc2412",583.1,sc2407,5-6
2024-06-11,1.7,"sc2411,sc2412",589.2,sc2407,5-6
2024-06-12,3.2,"sc2411,sc2412",601.9,sc2407,5-6
2024-06-13,2.9,"sc2411,sc2412",605.7,sc2407,5-6
2024-06-14,2.7,"sc2411,sc2412",606.4,sc2407,5-6
2024-06-17,2.4,"sc2411,sc2412",605.1,sc2407,5-6
2024-06-18,3.1,"sc2411,sc2412",612.8,sc2407,5-6
2024-06-19,3.2,"sc2411,sc2412",620.6,sc2407,5-6
2024-06-20,3.1,"sc2411,sc2412",623.6,sc2407,5-6
2024-06-21,3.1,"sc2411,sc2412",626.0,sc2407,5-6
2024-06-24,3.3,"sc2411,sc2412",625.1,sc2407,5-6
2024-06-25,3.4,"sc2411,sc2412",626.6,sc2407,5-6
2024-06-26,3.4,"sc2411,sc2412",625.1,sc2407,5-6
2024-06-27,3.1,"sc2411,sc2412",621.2,sc2407,5-6
2024-06-28,3.4,"sc2411,sc2412",625.0,sc2407,5-6
2024-07-01,3.5,"sc2412,sc2501",623.5,sc2408,5-6
2024-07-02,3.6,"sc2412,sc2501",631.1,sc2408,5-6
2024-07-03,4.1,"sc2412,sc2501",634.5,sc2408,5-6
2024-07-04,3.9,"sc2412,sc2501",634.3,sc2408,5-6
2024-07-05,4.4,"sc2412,sc2501",636.8,sc2408,5-6
2024-07-08,4.7,"sc2412,sc2501",634.2,sc2408,5-6
2024-07-09,4.5,"sc2412,sc2501",626.8,sc2408,5-6
2024-07-10,3.8,"sc2412,sc2501",620.2,sc2408,5-6
2024-07-11,3.5,"sc2412,sc2501",622.5,sc2408,5-6
2024-07-12,3.6,"sc2412,sc2501",620.7,sc2408,5-6
2024-07-15,5.1,"sc2412,sc2501",619.8,sc2408,5-6
2024-07-16,4.7,"sc2412,sc2501",615.9,sc2408,5-6
2024-07-17,4.7,"sc2412,sc2501",608.1,sc2408,5-6
2024-07-18,4.3,"sc2412,sc2501",615.0,sc2408,5-6
2024-07-19,4.3,"sc2412,sc2501",611.1,sc2408,5-6
2024-07-22,4.5,"sc2412,sc2501",600.1,sc2408,5-6
2024-07-23,3.6,"sc2412,sc2501",591.3,sc2408,5-6
2024-07-24,2.5,"sc2412,sc2501",583.6,sc2408,5-6
2024-07-25,2.8,"sc2412,sc2501",584.1,sc2408,5-6
2024-07-26,3.2,"sc2412,sc2501",585.3,sc2408,5-6
2024-07-29,3.1,"sc2412,sc2501",584.7,sc2408,5-6
2024-07-30,2.2,"sc2412,sc2501",586.3,sc2408,5-6
2024-07-31,2.0,"sc2412,sc2501",581.2,sc2408,5-6
2024-08-01,3.1,"sc2501,sc2502",587.9,sc2409,5-6
2024-08-02,2.8,"sc2501,sc2502",585.0,sc2409,5-6
2024-08-05,2.4,"sc2501,sc2502",555.7,sc2409,5-6
2024-08-06,2.4,"sc2501,sc2502",549.7,sc2409,5-6
2024-08-07,2.5,"sc2501,sc2502",546.3,sc2409,5-6
2024-08-08,2.7,"sc2501,sc2502",555.9,sc2409,5-6
2024-08-09,2.5,"sc2501,sc2502",560.4,sc2409,5-6
2024-08-12,2.8,"sc2501,sc2502",563.4,sc2409,5-6
2024-08-13,2.9,"sc2501,sc2502",576.4,sc2409,5-6
2024-08-14,3.1,"sc2501,sc2502",574.7,sc2409,5-6
2024-08-15,2.9,"sc2501,sc2502",568.8,sc2409,5-6
2024-08-16,2.9,"sc2501,sc2502",574.6,sc2409,5-6
2024-08-19,2.7,"sc2501,sc2502",563.2,sc2409,5-6
2024-08-20,2.4,"sc2501,sc2502",551.5,sc2409,5-6
2024-08-21,2.0,"sc2501,sc2502",545.2,sc2409,5-6
2024-08-22,2.0,"sc2501,sc2502",538.9,sc2409,5-6
2024-08-23,2.0,"sc2501,sc2502",540.2,sc2409,5-6
2024-08-26,2.3,"sc2501,sc2502",552.6,sc2409,5-6
2024-08-27,3.1,"sc2501,sc2502",566.9,sc2409,5-6
2024-08-28,3.1,"sc2501,sc2502",557.6,sc2409,5-6
2024-08-29,2.8,"sc2501,sc2502",551.9,sc2409,5-6
2024-08-30,3.1,"sc2501,sc2502",563.1,sc2409,5-6
2024-09-02,2.7,"sc2502,sc2503",542.6,sc2410,5-6
2024-09-03,3.2,"sc2502,sc2503",547.8,sc2410,5-6
2024-09-04,2.2,"sc2502,sc2503",526.2,sc2410,5-6
2024-09-05,2.4,"sc2502,sc2503",522.2,sc2410,5-6
2024-09-06,1.8,"sc2502,sc2503",520.5,sc2410,5-6
2024-09-09,1.7,"sc2502,sc2503",511.7,sc2410,5-6
2024-09-10,1.9,"sc2502,sc2503",510.9,sc2410,5-6
2024-09-11,1.1,"sc2502,sc2503",499.1,sc2410,5-6
2024-09-12,1.0,"sc2502,sc2503",505.1,sc2410,5-6
2024-09-13,1.4,"sc2502,sc2503",514.0,sc2410,5-6
2024-09-18,0.8,"sc2502,sc2503",514.3,sc2410,5-6
2024-09-19,1.5,"sc2502,sc2503",514.6,sc2410,5-6
2024-09-20,1.8,"sc2502,sc2503",521.9,sc2410,5-6
2024-09-23,3.0,"sc2502,sc2503",520.9,sc2410,5-6
2024-09-24,3.1,"sc2502,sc2503",520.1,sc2410,5-6
2024-09-25,3.1,"sc2502,sc2503",526.2,sc2410,5-6
2024-09-26,3.2,"sc2502,sc2503",532.0,sc2410,5-6
2024-09-27,1.6,"sc2502,sc2503",518.9,sc2410,5-6
2024-09-30,1.4,"sc2502,sc2503",520.7,sc2410,5-6
2024-10-08,-1.9,"sc2503,sc2504",551.1,sc2411,5-6
2024-10-09,2.5,"sc2503,sc2504",564.0,sc2411,5-6
2024-10-10,2.4,"sc2503,sc2504",554.3,sc2411,5-6
2024-10-11,2.7,"sc2503,sc2504",570.3,sc2411,5-6
2024-10-14,2.7,"sc2503,sc2504",574.5,sc2411,5-6
2024-10-15,2.4,"sc2503,sc2504",558.8,sc2411,5-6
2024-10-16,1.5,"sc2503,sc2504",539.1,sc2411,5-6
2024-10-17,1.0,"sc2503,sc2504",537.7,sc2411,5-6
2024-10-18,1.2,"sc2503,sc2504",537.0,sc2411,5-6
2024-10-21,1.0,"sc2503,sc2504",529.3,sc2411,5-6
2024-10-22,1.3,"sc2503,sc2504",535.9,sc2411,5-6
2024-10-23,1.7,"sc2503,sc2504",550.4,sc2411,5-6
2024-10-24,2.3,"sc2503,sc2504",551.9,sc2411,5-6
2024-10-25,2.1,"sc2503,sc2504",543.8,sc2411,5-6
2024-10-28,1.6,"sc2503,sc2504",535.9,sc2411,5-6
2024-10-29,1.4,"sc2503,sc2504",512.1,sc2411,5-6
2024-10-30,1.1,"sc2503,sc2504",509.6,sc2411,5-6
2024-10-31,1.2,"sc2503,sc2504",524.2,sc2411,5-6
2024-11-01,0.8,"sc2504,sc2505",528.3,sc2412,5-6
2024-11-04,1.3,"sc2504,sc2505",530.3,sc2412,5-6
2024-11-05,2.1,"sc2504,sc2505",536.3,sc2412,5-6
2024-11-06,2.5,"sc2504,sc2505",538.6,sc2412,5-6
2024-11-07,2.3,"sc2504,sc2505",540.4,sc2412,5-6
2024-11-08,1.8,"sc2504,sc2505",539.0,sc2412,5-6
2024-11-11,1.9,"sc2504,sc2505",532.2,sc2412,5-6
2024-11-12,0.9,"sc2504,sc2505",521.6,sc2412,5-6
2024-11-13,0.5,"sc2504,sc2505",525.7,sc2412,5-6
2024-11-14,0.7,"sc2504,sc2505",523.6,sc2412,5-6
2024-11-15,1.1,"sc2504,sc2505",526.5,sc2412,5-6
2024-11-18,0.6,"sc2504,sc2505",520.0,sc2412,5-6
2024-11-19,0.7,"sc2504,sc2505",527.7,sc2412,5-6
2024-11-20,1.6,"sc2504,sc2505",531.5,sc2412,5-6
2024-11-21,1.8,"sc2504,sc2505",536.0,sc2412,5-6
2024-11-22,1.7,"sc2504,sc2505",543.9,sc2412,5-6
2024-11-25,2.1,"sc2504,sc2505",542.6,sc2412,5-6
2024-11-26,1.6,"sc2504,sc2505",533.0,sc2412,5-6
2024-11-27,1.5,"sc2504,sc2505",531.6,sc2412,5-6
2024-11-28,1.4,"sc2504,sc2505",531.2,sc2412,5-6
2024-11-29,1.4,"sc2504,sc2505",520.4,sc2412,5-6
2024-12-02,1.6,"sc2505,sc2506",529.9,sc2501,5-6
2024-12-03,1.5,"sc2505,sc2506",529.9,sc2501,5-6
2024-12-04,2.3,"sc2505,sc2506",538.2,sc2501,5-6
2024-12-05,1.7,"sc2505,sc2506",535.4,sc2501,5-6
2024-12-06,1.5,"sc2505,sc2506",528.3,sc2501,5-6
2024-12-09,1.3,"sc2505,sc2506",522.1,sc2501,5-6
2024-12-10,1.3,"sc2505,sc2506",529.5,sc2501,5-6
2024-12-11,1.9,"sc2505,sc2506",530.6,sc2501,5-6
2024-12-12,2.2,"sc2505,sc2506",537.7,sc2501,5-6
2024-12-13,2.3,"sc2505,sc2506",542.5,sc2501,5-6
2024-12-16,2.8,"sc2505,sc2506",548.9,sc2501,5-6
2024-12-17,2.8,"sc2505,sc2506",548.7,sc2501,5-6
2024-12-18,3.0,"sc2505,sc2506",543.8,sc2501,5-6
2024-12-19,3.1,"sc2505,sc2506",548.5,sc2501,5-6
2024-12-20,3.0,"sc2505,sc2506",546.1,sc2501,5-6
2024-12-23,3.0,"sc2505,sc2506",543.7,sc2501,5-6
2024-12-24,3.1,"sc2505,sc2506",542.5,sc2501,5-6
2024-12-25,3.3,"sc2505,sc2506",548.5,sc2501,5-6
2024-12-26,3.2,"sc2505,sc2506",551.9,sc2501,5-6
2024-12-27,3.0,"sc2505,sc2506",552.8,sc2501,5-6
2024-12-30,3.3,"sc2505,sc2506",550.0,sc2501,5-6
2024-12-31,3.4,"sc2505,sc2506",549.8,sc2501,5-6
2025-01-02,3.6,"sc2506,sc2507",560.9,sc2502,5-6
2025-01-03,2.8,"sc2506,sc2507",571.1,sc2502,5-6
2025-01-06,3.0,"sc2506,sc2507",577.2,sc2502,5-6
2025-01-07,3.1,"sc2506,sc2507",579.6,sc2502,5-6
2025-01-08,3.3,"sc2506,sc2507",587.8,sc2502,5-6
2025-01-09,3.4,"sc2506,sc2507",583.6,sc2502,5-6
2025-01-10,3.6,"sc2506,sc2507",586.1,sc2502,5-6
2025-01-13,5.7,"sc2506,sc2507",613.7,sc2502,5-6
2025-01-14,5.6,"sc2506,sc2507",620.4,sc2502,5-6
2025-01-15,7.0,"sc2506,sc2507",630.8,sc2502,5-6
2025-01-16,9.1,"sc2506,sc2507",644.3,sc2502,5-6
2025-01-17,8.1,"sc2506,sc2507",642.2,sc2502,5-6
2025-01-20,8.1,"sc2506,sc2507",640.8,sc2502,5-6
2025-01-21,7.5,"sc2506,sc2507",661.0,sc2502,5-6
2025-01-22,8.8,"sc2506,sc2507",680.6,sc2502,5-6
2025-01-23,8.4,"sc2506,sc2507",683.2,sc2502,5-6
2025-01-24,6.5,"sc2506,sc2507",647.7,sc2502,5-6
2025-01-27,6.9,"sc2506,sc2507",621.0,sc2502,5-6
2025-02-05,1.1,"sc2507,sc2508",602.3,sc2503,5-6
2025-02-06,4.8,"sc2507,sc2508",598.2,sc2503,5-6
2025-02-07,5.5,"sc2507,sc2508",599.7,sc2503,5-6
2025-02-10,4.5,"sc2507,sc2508",606.4,sc2503,5-6
2025-02-11,3.7,"sc2507,sc2508",616.8,sc2503,5-6
2025-02-12,3.9,"sc2507,sc2508",620.5,sc2503,5-6
2025-02-13,3.5,"sc2507,sc2508",605.1,sc2503,5-6
2025-02-14,3.3,"sc2507,sc2508",594.0,sc2503,5-6
2025-02-17,3.8,"sc2507,sc2508",602.5,sc2503,5-6
2025-02-18,3.2,"sc2507,sc2508",605.6,sc2503,5-6
2025-02-19,3.1,"sc2507,sc2508",614.3,sc2503,5-6
2018-07-26,-2.9,"sc1902,sc1903",501.9,sc1809,6-7
2018-07-27,-0.8,"sc1902,sc1903",506.1,sc1809,6-7
2018-07-30,-0.2,"sc1902,sc1903",507.1,sc1809,6-7
2018-07-31,-0.4,"sc1902,sc1903",513.9,sc1809,6-7
2018-08-01,0.6,"sc1902,sc1903",506.0,sc1809,6-7
2018-08-02,1.6,"sc1902,sc1903",501.6,sc1809,6-7
2018-08-03,1.7,"sc1902,sc1903",508.8,sc1809,6-7
2018-08-06,2.5,"sc1902,sc1903",512.3,sc1809,6-7
2018-08-07,-1.6,"sc1902,sc1903",534.1,sc1809,6-7
2018-08-08,2.3,"sc1902,sc1903",527.2,sc1809,6-7
2018-08-09,3.4,"sc1902,sc1903",518.9,sc1809,6-7
2018-08-10,2.3,"sc1902,sc1903",520.0,sc1809,6-7
2018-08-13,2.4,"sc1902,sc1903",522.5,sc1809,6-7
2018-08-14,0.9,"sc1902,sc1903",519.3,sc1809,6-7
2018-08-15,0.9,"sc1902,sc1903",519.4,sc1809,6-7
2018-08-16,1.3,"sc1902,sc1903",508.0,sc1809,6-7
2018-08-17,0.1,"sc1902,sc1903",505.2,sc1809,6-7
2018-08-20,0.5,"sc1902,sc1903",493.2,sc1809,6-7
2018-08-21,0.7,"sc1902,sc1903",480.5,sc1809,6-7
2018-08-22,1.4,"sc1902,sc1903",479.8,sc1809,6-7
2018-08-23,1.2,"sc1902,sc1903",485.0,sc1809,6-7
2018-08-24,1.0,"sc1902,sc1903",482.1,sc1809,6-7
2018-08-27,-2.3,"sc1902,sc1903",482.2,sc1809,6-7
2018-08-28,-3.3,"sc1902,sc1903",486.6,sc1809,6-7
2018-08-29,-4.0,"sc1902,sc1903",485.7,sc1809,6-7
2018-08-30,-3.5,"sc1902,sc1903",488.6,sc1809,6-7
2018-08-31,-4.3,"sc1902,sc1903",488.3,sc1809,6-7
2018-09-03,5.7,"sc1903,sc1904",503.0,sc1810,6-7
2018-09-04,3.7,"sc1903,sc1904",504.6,sc1810,6-7
2018-09-05,3.5,"sc1903,sc1904",505.4,sc1810,6-7
2018-09-06,3.5,"sc1903,sc1904",501.1,sc1810,6-7
2018-09-07,2.5,"sc1903,sc1904",496.7,sc1810,6-7
2018-09-10,3.1,"sc1903,sc1904",498.5,sc1810,6-7
2018-09-11,2.7,"sc1903,sc1904",500.6,sc1810,6-7
2018-09-12,3.8,"sc1903,sc1904",503.6,sc1810,6-7
2018-09-13,2.3,"sc1903,sc1904",515.3,sc1810,6-7
2018-09-14,1.8,"sc1903,sc1904",501.3,sc1810,6-7
2018-09-17,2.4,"sc1903,sc1904",510.3,sc1810,6-7
2018-09-18,1.8,"sc1903,sc1904",507.7,sc1810,6-7
2018-09-19,2.6,"sc1903,sc1904",528.5,sc1810,6-7
2018-09-20,3.0,"sc1903,sc1904",532.4,sc1810,6-7
2018-09-21,-0.7,"sc1904,sc1905",521.7,sc1811,6-7
2018-09-25,-0.4,"sc1904,sc1905",540.6,sc1811,6-7
2018-09-26,-0.6,"sc1904,sc1905",542.6,sc1811,6-7
2018-09-27,-0.7,"sc1904,sc1905",545.3,sc1811,6-7
2018-09-28,0.4,"sc1904,sc1905",548.3,sc1811,6-7
2018-10-08,0.1,"sc1904,sc1905",561.2,sc1811,6-7
2018-10-10,0.1,"sc1904,sc1905",583.0,sc1811,6-7
2018-10-11,-1.7,"sc1904,sc1905",579.7,sc1811,6-7
2018-10-12,-0.8,"sc1904,sc1905",562.6,sc1811,6-7
2018-10-15,-2.6,"sc1904,sc1905",563.6,sc1811,6-7
2018-10-16,-1.6,"sc1904,sc1905",555.3,sc1811,6-7
2018-10-17,-1.9,"sc1904,sc1905",543.4,sc1811,6-7
2018-10-18,-1.6,"sc1904,sc1905",559.3,sc1811,6-7
2018-10-19,-1.3,"sc1904,sc1905",551.4,sc1811,6-7
2018-10-22,-2.1,"sc1904,sc1905",549.7,sc1811,6-7
2018-10-23,-1.8,"sc1904,sc1905",552.7,sc1811,6-7
2018-10-24,-1.9,"sc1904,sc1905",572.0,sc1811,6-7
2018-10-25,-0.3,"sc1904,sc1905",554.4,sc1811,6-7
2018-10-26,-3.3,"sc1904,sc1905",577.5,sc1811,6-7
2018-10-29,0.0,"sc1904,sc1905",576.7,sc1811,6-7
2018-10-30,-0.1,"sc1904,sc1905",576.7,sc1811,6-7
2018-10-31,1.2,"sc1904,sc1905",573.3,sc1811,6-7
2018-11-01,-2.6,"sc1905,sc1906",527.8,sc1812,6-7
2018-11-02,-4.9,"sc1905,sc1906",513.7,sc1812,6-7
2018-11-05,-6.2,"sc1905,sc1906",507.8,sc1812,6-7
2018-11-06,-5.6,"sc1905,sc1906",512.2,sc1812,6-7
2018-11-07,-5.8,"sc1905,sc1906",504.4,sc1812,6-7
2018-11-08,-6.3,"sc1905,sc1906",502.7,sc1812,6-7
2018-11-09,-5.2,"sc1905,sc1906",497.8,sc1812,6-7
2018-11-12,-5.0,"sc1905,sc1906",492.9,sc1812,6-7
2018-11-13,-3.1,"sc1905,sc1906",491.9,sc1812,6-7
2018-11-14,-4.4,"sc1905,sc1906",473.8,sc1812,6-7
2018-11-15,-3.6,"sc1905,sc1906",461.7,sc1812,6-7
2018-11-16,-5.0,"sc1905,sc1906",465.0,sc1812,6-7
2018-11-19,-7.1,"sc1905,sc1906",466.7,sc1812,6-7
2018-11-20,-5.3,"sc1905,sc1906",459.7,sc1812,6-7
2018-11-21,-3.9,"sc1905,sc1906",441.8,sc1812,6-7
2018-11-22,-4.4,"sc1905,sc1906",438.6,sc1812,6-7
2018-11-23,-2.1,"sc1905,sc1906",432.0,sc1812,6-7
2018-11-26,2.4,"sc1905,sc1906",411.4,sc1812,6-7
2018-11-27,-2.0,"sc1905,sc1906",409.1,sc1812,6-7
2018-11-28,-2.0,"sc1905,sc1906",413.0,sc1812,6-7
2018-11-29,-1.3,"sc1905,sc1906",407.2,sc1812,6-7
2018-11-30,-1.7,"sc1905,sc1906",396.7,sc1812,6-7
2018-12-03,0.8,"sc1906,sc1907",419.4,sc1901,6-7
2018-12-04,0.1,"sc1906,sc1907",428.6,sc1901,6-7
2018-12-05,-2.2,"sc1906,sc1907",428.3,sc1901,6-7
2018-12-06,-0.5,"sc1906,sc1907",428.0,sc1901,6-7
2018-12-07,0.0,"sc1906,sc1907",413.3,sc1901,6-7
2018-12-10,0.8,"sc1906,sc1907",431.1,sc1901,6-7
2018-12-11,1.3,"sc1906,sc1907",421.8,sc1901,6-7
2018-12-12,1.2,"sc1906,sc1907",423.7,sc1901,6-7
2018-12-13,0.4,"sc1906,sc1907",424.6,sc1901,6-7
2018-12-14,-0.4,"sc1906,sc1907",422.5,sc1901,6-7
2018-12-17,-0.8,"sc1906,sc1907",419.0,sc1901,6-7
2018-12-18,-0.4,"sc1906,sc1907",411.6,sc1901,6-7
2018-12-19,0.4,"sc1906,sc1907",395.1,sc1901,6-7
2018-12-20,-2.1,"sc1906,sc1907",398.1,sc1901,6-7
2018-12-21,-3.1,"sc1906,sc1907",400.9,sc1901,6-7
2018-12-24,-2.2,"sc1906,sc1907",394.5,sc1901,6-7
2018-12-25,-6.5,"sc1906,sc1907",385.0,sc1901,6-7
2018-12-26,-3.1,"sc1906,sc1907",374.7,sc1901,6-7
2018-12-27,-2.3,"sc1906,sc1907",381.0,sc1901,6-7
2018-12-28,-2.9,"sc1906,sc1907",377.0,sc1901,6-7
2019-01-02,-2.3,"sc1907,sc1908",370.7,sc1902,6-7
2019-01-03,-3.5,"sc1907,sc1908",379.8,sc1902,6-7
2019-01-04,-3.7,"sc1907,sc1908",388.7,sc1902,6-7
2019-01-07,-2.1,"sc1907,sc1908",401.4,sc1902,6-7
2019-01-08,-3.0,"sc1907,sc1908",405.1,sc1902,6-7
2019-01-09,-3.4,"sc1907,sc1908",412.2,sc1902,6-7
2019-01-10,-0.3,"sc1907,sc1908",423.6,sc1902,6-7
2019-01-11,-3.5,"sc1907,sc1908",424.5,sc1902,6-7
2019-01-14,-3.6,"sc1907,sc1908",416.3,sc1902,6-7
2019-01-15,-4.2,"sc1907,sc1908",412.4,sc1902,6-7
2019-01-16,-3.6,"sc1907,sc1908",410.5,sc1902,6-7
2019-01-17,-3.2,"sc1907,sc1908",411.8,sc1902,6-7
2019-01-18,-3.1,"sc1907,sc1908",410.5,sc1902,6-7
2019-01-21,-6.1,"sc1907,sc1908",414.6,sc1902,6-7
2019-01-22,-5.0,"sc1907,sc1908",417.2,sc1902,6-7
2019-01-23,-3.6,"sc1907,sc1908",427.6,sc1902,6-7
2019-01-24,-4.2,"sc1907,sc1908",423.6,sc1902,6-7
2019-01-25,-3.6,"sc1907,sc1908",422.6,sc1902,6-7
2019-01-28,0.5,"sc1908,sc1909",427.8,sc1903,6-7
2019-01-29,-2.0,"sc1908,sc1909",417.9,sc1903,6-7
2019-01-30,0.0,"sc1908,sc1909",425.2,sc1903,6-7
2019-01-31,1.7,"sc1908,sc1909",431.4,sc1903,6-7
2019-02-01,0.3,"sc1908,sc1909",429.8,sc1903,6-7
2019-02-11,2.6,"sc1908,sc1909",428.2,sc1903,6-7
2019-02-12,2.8,"sc1908,sc1909",428.7,sc1903,6-7
2019-02-13,1.4,"sc1908,sc1909",433.3,sc1903,6-7
2019-02-14,-1.5,"sc1908,sc1909",435.9,sc1903,6-7
2019-02-15,1.1,"sc1908,sc1909",441.7,sc1903,6-7
2019-02-18,0.9,"sc1908,sc1909",450.6,sc1903,6-7
2019-02-20,0.6,"sc1908,sc1909",451.2,sc1903,6-7
2019-02-21,0.3,"sc1908,sc1909",449.6,sc1903,6-7
2019-02-22,0.1,"sc1908,sc1909",446.4,sc1903,6-7
2019-02-25,1.3,"sc1908,sc1909",446.3,sc1903,6-7
2019-02-26,0.2,"sc1908,sc1909",426.8,sc1903,6-7
2019-02-27,-0.7,"sc1908,sc1909",427.3,sc1903,6-7
2019-02-28,-0.3,"sc1908,sc1909",430.1,sc1903,6-7
2019-03-01,2.3,"sc1909,sc1910",443.0,sc1904,6-7
2019-03-04,0.6,"sc1909,sc1910",438.4,sc1904,6-7
2019-03-05,-2.0,"sc1909,sc1910",438.4,sc1904,6-7
2019-03-06,-0.1,"sc1909,sc1910",433.8,sc1904,6-7
2019-03-07,2.0,"sc1909,sc1910",439.7,sc1904,6-7
2019-03-08,-2.4,"sc1909,sc1910",439.9,sc1904,6-7
2019-03-11,-0.4,"sc1909,sc1910",432.9,sc1904,6-7
2019-03-12,-0.3,"sc1909,sc1910",444.9,sc1904,6-7
2019-03-13,-0.4,"sc1909,sc1910",444.2,sc1904,6-7
2019-03-14,-0.3,"sc1909,sc1910",450.4,sc1904,6-7
2019-03-15,-1.9,"sc1909,sc1910",452.2,sc1904,6-7
2019-03-18,-2.7,"sc1909,sc1910",450.1,sc1904,6-7
2019-03-19,-3.5,"sc1909,sc1910",461.8,sc1904,6-7
2019-03-20,-4.2,"sc1909,sc1910",462.5,sc1904,6-7
2019-03-21,-4.5,"sc1909,sc1910",466.3,sc1904,6-7
2019-03-22,-3.2,"sc1909,sc1910",467.7,sc1904,6-7
2019-03-25,-3.9,"sc1909,sc1910",459.0,sc1904,6-7
2019-03-26,-2.0,"sc1909,sc1910",459.1,sc1904,6-7
2019-03-27,-1.7,"sc1909,sc1910",463.3,sc1904,6-7
2019-03-28,-3.0,"sc1909,sc1910",462.2,sc1904,6-7
2019-03-29,-1.2,"sc1909,sc1910",453.5,sc1904,6-7
2019-04-01,-0.7,"sc1910,sc1911",459.4,sc1905,6-7
2019-04-02,0.1,"sc1910,sc1911",467.5,sc1905,6-7
2019-04-03,-1.5,"sc1910,sc1911",471.7,sc1905,6-7
2019-04-04,0.1,"sc1910,sc1911",469.5,sc1905,6-7
2019-04-08,-0.1,"sc1910,sc1911",478.2,sc1905,6-7
2019-04-09,0.7,"sc1910,sc1911",479.3,sc1905,6-7
2019-04-10,-0.2,"sc1910,sc1911",475.7,sc1905,6-7
2019-04-11,0.4,"sc1910,sc1911",480.3,sc1905,6-7
2019-04-12,0.4,"sc1910,sc1911",475.8,sc1905,6-7
2019-04-15,1.8,"sc1910,sc1911",473.7,sc1905,6-7
2019-04-16,-0.7,"sc1910,sc1911",468.2,sc1905,6-7
2019-04-17,0.2,"sc1910,sc1911",470.7,sc1905,6-7
2019-04-18,0.7,"sc1910,sc1911",472.0,sc1905,6-7
2019-04-19,0.6,"sc1910,sc1911",472.5,sc1905,6-7
2019-04-22,0.7,"sc1910,sc1911",480.3,sc1905,6-7
2019-04-23,0.7,"sc1910,sc1911",489.0,sc1905,6-7
2019-04-24,-3.0,"sc1910,sc1911",493.2,sc1905,6-7
2019-04-25,0.9,"sc1910,sc1911",494.7,sc1905,6-7
2019-04-26,-1.2,"sc1910,sc1911",499.5,sc1905,6-7
2019-04-29,2.8,"sc1910,sc1911",485.7,sc1905,6-7
2019-04-30,2.5,"sc1910,sc1911",488.1,sc1905,6-7
2019-05-06,3.8,"sc1911,sc1912",472.5,sc1906,6-7
2019-05-07,2.8,"sc1911,sc1912",483.5,sc1906,6-7
2019-05-08,1.9,"sc1911,sc1912",480.2,sc1906,6-7
2019-05-09,2.5,"sc1911,sc1912",482.6,sc1906,6-7
2019-05-10,2.5,"sc1911,sc1912",486.1,sc1906,6-7
2019-05-13,3.0,"sc1911,sc1912",491.3,sc1906,6-7
2019-05-14,1.5,"sc1911,sc1912",497.1,sc1906,6-7
2019-05-15,1.9,"sc1911,sc1912",501.2,sc1906,6-7
2019-05-16,2.6,"sc1911,sc1912",505.5,sc1906,6-7
2019-05-17,3.9,"sc1911,sc1912",512.3,sc1906,6-7
2019-05-20,3.7,"sc1911,sc1912",514.2,sc1906,6-7
2019-05-21,1.0,"sc1911,sc1912",507.1,sc1906,6-7
2019-05-22,0.6,"sc1911,sc1912",504.0,sc1906,6-7
2019-05-23,1.7,"sc1911,sc1912",494.0,sc1906,6-7
2019-05-24,3.1,"sc1911,sc1912",469.7,sc1906,6-7
2019-05-27,1.9,"sc1911,sc1912",473.7,sc1906,6-7
2019-05-28,2.8,"sc1911,sc1912",475.0,sc1906,6-7
2019-05-29,3.2,"sc1911,sc1912",470.2,sc1906,6-7
2019-05-30,2.1,"sc1911,sc1912",466.1,sc1906,6-7
2019-05-31,1.9,"sc1911,sc1912",461.2,sc1906,6-7
2019-06-03,4.5,"sc1912,sc2001",435.2,sc1907,6-7
2019-06-04,-0.4,"sc1912,sc2001",425.5,sc1907,6-7
2019-06-05,-0.2,"sc1912,sc2001",426.2,sc1907,6-7
2019-06-06,2.6,"sc1912,sc2001",417.6,sc1907,6-7
2019-06-10,0.3,"sc1912,sc2001",434.5,sc1907,6-7
2019-06-11,2.4,"sc1912,sc2001",429.9,sc1907,6-7
2019-06-12,-0.5,"sc1912,sc2001",426.1,sc1907,6-7
2019-06-13,0.0,"sc1912,sc2001",420.2,sc1907,6-7
2019-06-14,0.8,"sc1912,sc2001",425.5,sc1907,6-7
2019-06-17,0.3,"sc1912,sc2001",427.3,sc1907,6-7
2019-06-18,1.8,"sc1912,sc2001",419.6,sc1907,6-7
2019-06-19,1.4,"sc1912,sc2001",420.0,sc1907,6-7
2019-06-20,1.8,"sc1912,sc2001",418.9,sc1907,6-7
2019-06-21,1.5,"sc1912,sc2001",431.6,sc1907,6-7
2019-06-24,2.4,"sc1912,sc2001",436.8,sc1907,6-7
2019-06-25,1.9,"sc1912,sc2001",431.2,sc1907,6-7
2019-06-26,2.1,"sc1912,sc2001",432.9,sc1907,6-7
2019-06-27,0.8,"sc1912,sc2001",435.9,sc1907,6-7
2019-06-28,1.7,"sc1912,sc2001",437.4,sc1907,6-7
2019-07-01,0.9,"sc2001,sc2002",447.3,sc1908,6-7
2019-07-02,0.9,"sc2001,sc2002",442.0,sc1908,6-7
2019-07-03,-0.4,"sc2001,sc2002",430.2,sc1908,6-7
2019-07-04,2.0,"sc2001,sc2002",431.9,sc1908,6-7
2019-07-05,2.4,"sc2001,sc2002",431.3,sc1908,6-7
2019-07-08,1.7,"sc2001,sc2002",439.1,sc1908,6-7
2019-07-09,3.3,"sc2001,sc2002",443.9,sc1908,6-7
2019-07-10,3.2,"sc2001,sc2002",441.6,sc1908,6-7
2019-07-11,1.7,"sc2001,sc2002",455.7,sc1908,6-7
2019-07-12,1.9,"sc2001,sc2002",457.8,sc1908,6-7
2019-07-15,1.3,"sc2001,sc2002",454.8,sc1908,6-7
2019-07-16,1.5,"sc2001,sc2002",453.0,sc1908,6-7
2019-07-17,1.3,"sc2001,sc2002",443.7,sc1908,6-7
2019-07-18,2.7,"sc2001,sc2002",433.5,sc1908,6-7
2019-07-19,2.6,"sc2001,sc2002",421.6,sc1908,6-7
2019-07-22,2.7,"sc2001,sc2002",423.1,sc1908,6-7
2019-07-23,1.7,"sc2001,sc2002",427.4,sc1908,6-7
2019-07-24,1.4,"sc2001,sc2002",430.4,sc1908,6-7
2019-07-25,0.6,"sc2001,sc2002",433.4,sc1908,6-7
2019-07-26,-0.1,"sc2001,sc2002",435.8,sc1908,6-7
2019-07-29,-0.4,"sc2001,sc2002",435.5,sc1908,6-7
2019-07-30,0.8,"sc2001,sc2002",425.2,sc1908,6-7
2019-07-31,1.7,"sc2001,sc2002",427.5,sc1908,6-7
2019-08-01,1.8,"sc2002,sc2003",444.0,sc1909,6-7
2019-08-02,1.5,"sc2002,sc2003",432.1,sc1909,6-7
2019-08-05,1.0,"sc2002,sc2003",433.5,sc1909,6-7
2019-08-06,1.2,"sc2002,sc2003",429.4,sc1909,6-7
2019-08-07,-0.2,"sc2002,sc2003",423.3,sc1909,6-7
2019-08-08,1.1,"sc2002,sc2003",408.6,sc1909,6-7
2019-08-09,1.2,"sc2002,sc2003",409.9,sc1909,6-7
2019-08-12,0.3,"sc2002,sc2003",418.8,sc1909,6-7
2019-08-13,0.9,"sc2002,sc2003",419.7,sc1909,6-7
2019-08-14,0.0,"sc2002,sc2003",430.9,sc1909,6-7
2019-08-15,-0.7,"sc2002,sc2003",420.5,sc1909,6-7
2019-08-16,-1.3,"sc2002,sc2003",418.6,sc1909,6-7
2019-08-19,-1.1,"sc2002,sc2003",425.7,sc1909,6-7
2019-08-20,-0.9,"sc2002,sc2003",432.8,sc1909,6-7
2019-08-21,-0.1,"sc2002,sc2003",429.5,sc1909,6-7
2019-08-22,0.5,"sc2002,sc2003",432.7,sc1909,6-7
2019-08-23,-0.8,"sc2002,sc2003",428.5,sc1909,6-7
2019-08-26,-1.8,"sc2002,sc2003",422.8,sc1909,6-7
2019-08-27,0.1,"sc2002,sc2003",425.2,sc1909,6-7
2019-08-28,0.9,"sc2002,sc2003",423.0,sc1909,6-7
2019-08-29,1.4,"sc2002,sc2003",429.0,sc1909,6-7
2019-08-30,1.9,"sc2002,sc2003",411.8,sc1909,6-7
2019-09-02,0.0,"sc2003,sc2004",432.7,sc1910,6-7
2019-09-03,-1.3,"sc2003,sc2004",430.3,sc1910,6-7
2019-09-04,-1.5,"sc2003,sc2004",425.5,sc1910,6-7
2019-09-05,-0.3,"sc2003,sc2004",439.2,sc1910,6-7
2019-09-06,-0.5,"sc2003,sc2004",445.1,sc1910,6-7
2019-09-09,0.5,"sc2003,sc2004",444.6,sc1910,6-7
2019-09-10,-0.9,"sc2003,sc2004",450.1,sc1910,6-7
2019-09-11,-1.4,"sc2003,sc2004",460.9,sc1910,6-7
2019-09-12,-0.3,"sc2003,sc2004",450.3,sc1910,6-7
2019-09-16,-0.6,"sc2003,sc2004",479.8,sc1910,6-7
2019-09-17,-1.5,"sc2003,sc2004",496.7,sc1910,6-7
2019-09-18,-0.4,"sc2003,sc2004",487.2,sc1910,6-7
2019-09-19,2.2,"sc2003,sc2004",473.5,sc1910,6-7
2019-09-20,1.8,"sc2003,sc2004",458.5,sc1910,6-7
2019-09-23,3.1,"sc2003,sc2004",472.7,sc1910,6-7
2019-09-24,-0.6,"sc2004,sc2005",464.3,sc1911,6-7
2019-09-25,-0.4,"sc2004,sc2005",457.2,sc1911,6-7
2019-09-26,-0.8,"sc2004,sc2005",449.8,sc1911,6-7
2019-09-27,0.8,"sc2004,sc2005",448.7,sc1911,6-7
2019-09-30,1.0,"sc2004,sc2005",448.1,sc1911,6-7
2019-10-08,-0.2,"sc2004,sc2005",437.6,sc1911,6-7
2019-10-09,-1.0,"sc2004,sc2005",447.0,sc1911,6-7
2019-10-10,-0.9,"sc2004,sc2005",451.7,sc1911,6-7
2019-10-11,-1.1,"sc2004,sc2005",458.1,sc1911,6-7
2019-10-14,0.4,"sc2004,sc2005",471.7,sc1911,6-7
2019-10-15,0.9,"sc2004,sc2005",466.6,sc1911,6-7
2019-10-16,0.4,"sc2004,sc2005",465.1,sc1911,6-7
2019-10-17,0.2,"sc2004,sc2005",451.4,sc1911,6-7
2019-10-18,4.0,"sc2004,sc2005",445.1,sc1911,6-7
2019-10-21,1.0,"sc2004,sc2005",443.2,sc1911,6-7
2019-10-22,2.1,"sc2004,sc2005",437.2,sc1911,6-7
2019-10-23,2.4,"sc2004,sc2005",438.6,sc1911,6-7
2019-10-24,0.8,"sc2004,sc2005",441.3,sc1911,6-7
2019-10-25,0.3,"sc2004,sc2005",451.1,sc1911,6-7
2019-10-28,-1.1,"sc2004,sc2005",447.9,sc1911,6-7
2019-10-29,-0.4,"sc2004,sc2005",456.7,sc1911,6-7
2019-10-30,-0.5,"sc2004,sc2005",451.1,sc1911,6-7
2019-10-31,-1.3,"sc2004,sc2005",452.8,sc1911,6-7
2019-11-01,0.8,"sc2005,sc2006",444.3,sc1912,6-7
2019-11-04,0.5,"sc2005,sc2006",449.3,sc1912,6-7
2019-11-05,3.5,"sc2005,sc2006",458.4,sc1912,6-7
2019-11-06,2.9,"sc2005,sc2006",459.6,sc1912,6-7
2019-11-07,2.8,"sc2005,sc2006",456.4,sc1912,6-7
2019-11-08,3.3,"sc2005,sc2006",456.0,sc1912,6-7
2019-11-11,3.0,"sc2005,sc2006",452.8,sc1912,6-7
2019-11-12,2.4,"sc2005,sc2006",455.9,sc1912,6-7
2019-11-13,3.5,"sc2005,sc2006",453.9,sc1912,6-7
2019-11-14,1.6,"sc2005,sc2006",453.4,sc1912,6-7
2019-11-15,1.7,"sc2005,sc2006",453.9,sc1912,6-7
2019-11-18,2.5,"sc2005,sc2006",453.7,sc1912,6-7
2019-11-19,0.8,"sc2005,sc2006",454.0,sc1912,6-7
2019-11-20,1.2,"sc2005,sc2006",451.2,sc1912,6-7
2019-11-21,0.8,"sc2005,sc2006",454.8,sc1912,6-7
2019-11-22,1.3,"sc2005,sc2006",453.8,sc1912,6-7
2019-11-25,2.2,"sc2005,sc2006",456.1,sc1912,6-7
2019-11-26,2.1,"sc2005,sc2006",454.6,sc1912,6-7
2019-11-27,2.8,"sc2005,sc2006",456.2,sc1912,6-7
2019-11-28,2.4,"sc2005,sc2006",447.3,sc1912,6-7
2019-11-29,1.5,"sc2005,sc2006",451.2,sc1912,6-7
2019-12-02,-0.8,"sc2006,sc2007",454.8,sc2001,6-7
2019-12-03,1.9,"sc2006,sc2007",451.7,sc2001,6-7
2019-12-04,1.2,"sc2006,sc2007",449.2,sc2001,6-7
2019-12-05,2.4,"sc2006,sc2007",456.3,sc2001,6-7
2019-12-06,1.8,"sc2006,sc2007",458.0,sc2001,6-7
2019-12-09,2.1,"sc2006,sc2007",464.8,sc2001,6-7
2019-12-10,2.4,"sc2006,sc2007",469.2,sc2001,6-7
2019-12-11,2.6,"sc2006,sc2007",470.9,sc2001,6-7
2019-12-12,2.6,"sc2006,sc2007",466.1,sc2001,6-7
2019-12-13,2.1,"sc2006,sc2007",462.2,sc2001,6-7
2019-12-16,2.7,"sc2006,sc2007",467.4,sc2001,6-7
2019-12-17,2.1,"sc2006,sc2007",470.2,sc2001,6-7
2019-12-18,3.5,"sc2006,sc2007",480.4,sc2001,6-7
2019-12-19,4.7,"sc2006,sc2007",476.3,sc2001,6-7
2019-12-20,3.5,"sc2006,sc2007",468.0,sc2001,6-7
2019-12-23,1.5,"sc2007,sc2008",478.1,sc2002,6-7
2019-12-24,1.7,"sc2007,sc2008",479.1,sc2002,6-7
2019-12-25,2.6,"sc2007,sc2008",483.6,sc2002,6-7
2019-12-26,5.8,"sc2007,sc2008",484.4,sc2002,6-7
2019-12-27,5.0,"sc2007,sc2008",487.1,sc2002,6-7
2019-12-30,4.0,"sc2007,sc2008",490.2,sc2002,6-7
2019-12-31,1.7,"sc2007,sc2008",487.5,sc2002,6-7
2020-01-02,2.3,"sc2007,sc2008",481.7,sc2002,6-7
2020-01-03,3.7,"sc2007,sc2008",486.5,sc2002,6-7
2020-01-06,3.6,"sc2007,sc2008",507.8,sc2002,6-7
2020-01-07,0.6,"sc2007,sc2008",499.9,sc2002,6-7
2020-01-08,2.2,"sc2007,sc2008",498.4,sc2002,6-7
2020-01-09,2.6,"sc2007,sc2008",483.2,sc2002,6-7
2020-01-10,4.7,"sc2007,sc2008",470.9,sc2002,6-7
2020-01-13,5.3,"sc2007,sc2008",468.8,sc2002,6-7
2020-01-14,2.8,"sc2007,sc2008",458.6,sc2002,6-7
2020-01-15,1.9,"sc2007,sc2008",458.0,sc2002,6-7
2020-01-16,1.5,"sc2007,sc2008",453.3,sc2002,6-7
2020-01-17,3.1,"sc2008,sc2009",465.3,sc2003,6-7
2020-01-20,4.1,"sc2008,sc2009",466.1,sc2003,6-7
2020-01-21,3.8,"sc2008,sc2009",464.0,sc2003,6-7
2020-01-22,1.7,"sc2008,sc2009",461.0,sc2003,6-7
2020-01-23,1.5,"sc2008,sc2009",451.1,sc2003,6-7
2020-02-03,12.5,"sc2008,sc2009",431.3,sc2003,6-7
2020-02-04,2.1,"sc2008,sc2009",396.5,sc2003,6-7
2020-02-05,-1.0,"sc2008,sc2009",396.8,sc2003,6-7
2020-02-06,1.9,"sc2008,sc2009",402.3,sc2003,6-7
2020-02-07,0.5,"sc2008,sc2009",398.4,sc2003,6-7
2020-02-10,-0.4,"sc2008,sc2009",393.5,sc2003,6-7
2020-02-11,-1.2,"sc2008,sc2009",391.7,sc2003,6-7
2020-02-12,-0.3,"sc2008,sc2009",394.5,sc2003,6-7
2020-02-13,0.0,"sc2008,sc2009",400.0,sc2003,6-7
2020-02-14,-1.3,"sc2008,sc2009",399.6,sc2003,6-7
2020-02-17,-0.4,"sc2008,sc2009",401.5,sc2003,6-7
2020-02-18,-1.6,"sc2008,sc2009",399.2,sc2003,6-7
2020-02-19,-0.5,"sc2008,sc2009",403.8,sc2003,6-7
2020-02-20,-0.3,"sc2008,sc2009",411.9,sc2003,6-7
2020-02-21,0.0,"sc2008,sc2009",408.9,sc2003,6-7
2020-02-24,-1.0,"sc2008,sc2009",393.1,sc2003,6-7
2020-02-25,-2.1,"sc2008,sc2009",388.3,sc2003,6-7
2020-02-26,-2.3,"sc2008,sc2009",377.9,sc2003,6-7
2020-02-27,-3.1,"sc2008,sc2009",360.3,sc2003,6-7
2020-02-28,-2.9,"sc2008,sc2009",347.0,sc2003,6-7
2020-03-02,-1.7,"sc2009,sc2010",359.7,sc2004,6-7
2020-03-03,-1.3,"sc2009,sc2010",372.4,sc2004,6-7
2020-03-04,-0.8,"sc2009,sc2010",368.5,sc2004,6-7
2020-03-05,-2.0,"sc2009,sc2010",366.6,sc2004,6-7
2020-03-06,-1.8,"sc2009,sc2010",351.9,sc2004,6-7
2020-03-09,-1.0,"sc2009,sc2010",340.4,sc2004,6-7
2020-03-10,-10.2,"sc2009,sc2010",325.5,sc2004,6-7
2020-03-11,-5.0,"sc2009,sc2010",275.2,sc2004,6-7
2020-03-12,-5.5,"sc2009,sc2010",252.6,sc2004,6-7
2020-03-13,-7.0,"sc2009,sc2010",252.7,sc2004,6-7
2020-03-16,-6.7,"sc2009,sc2010",250.1,sc2004,6-7
2020-03-17,-7.0,"sc2009,sc2010",239.4,sc2004,6-7
2020-03-18,-7.1,"sc2009,sc2010",232.3,sc2004,6-7
2020-03-19,-7.4,"sc2009,sc2010",215.0,sc2004,6-7
2020-03-20,-6.9,"sc2009,sc2010",232.9,sc2004,6-7
2020-03-23,-6.6,"sc2009,sc2010",229.8,sc2004,6-7
2020-03-24,-6.3,"sc2009,sc2010",245.4,sc2004,6-7
2020-03-25,-6.3,"sc2009,sc2010",251.4,sc2004,6-7
2020-03-26,-6.1,"sc2009,sc2010",249.1,sc2004,6-7
2020-03-27,-6.3,"sc2009,sc2010",243.8,sc2004,6-7
2020-03-30,-6.1,"sc2009,sc2010",239.1,sc2004,6-7
2020-03-31,-5.9,"sc2009,sc2010",245.1,sc2004,6-7
2020-04-01,-7.6,"sc2010,sc2011",256.9,sc2005,6-7
2020-04-02,-7.5,"sc2010,sc2011",267.4,sc2005,6-7
2020-04-03,-7.6,"sc2010,sc2011",278.3,sc2005,6-7
2020-04-07,-7.2,"sc2010,sc2011",289.2,sc2005,6-7
2020-04-08,-7.0,"sc2010,sc2011",285.9,sc2005,6-7
2020-04-09,-6.4,"sc2010,sc2011",293.4,sc2005,6-7
2020-04-10,-6.8,"sc2010,sc2011",285.0,sc2005,6-7
2020-04-13,-7.7,"sc2010,sc2011",286.5,sc2005,6-7
2020-04-14,-8.3,"sc2010,sc2011",276.3,sc2005,6-7
2020-04-15,-8.8,"sc2010,sc2011",267.7,sc2005,6-7
2020-04-16,-9.1,"sc2010,sc2011",258.4,sc2005,6-7
2020-04-17,-11.7,"sc2010,sc2011",245.3,sc2005,6-7
2020-04-20,-12.4,"sc2010,sc2011",234.2,sc2005,6-7
2020-04-21,-11.4,"sc2010,sc2011",228.2,sc2005,6-7
2020-04-22,-10.4,"sc2010,sc2011",205.4,sc2005,6-7
2020-04-23,-10.9,"sc2010,sc2011",213.7,sc2005,6-7
2020-04-24,-11.0,"sc2010,sc2011",225.2,sc2005,6-7
2020-04-27,-11.7,"sc2010,sc2011",212.7,sc2005,6-7
2020-04-28,-14.7,"sc2010,sc2011",202.2,sc2005,6-7
2020-04-29,-17.3,"sc2010,sc2011",212.9,sc2005,6-7
2020-04-30,-13.7,"sc2010,sc2011",227.2,sc2005,6-7
2020-05-06,-10.9,"sc2011,sc2012",248.2,sc2006,6-7
2020-05-07,-11.3,"sc2011,sc2012",246.8,sc2006,6-7
2020-05-08,-9.9,"sc2011,sc2012",247.1,sc2006,6-7
2020-05-11,-9.6,"sc2011,sc2012",243.7,sc2006,6-7
2020-05-12,-9.2,"sc2011,sc2012",241.1,sc2006,6-7
2020-05-13,-8.4,"sc2011,sc2012",237.4,sc2006,6-7
2020-05-14,-7.7,"sc2011,sc2012",231.6,sc2006,6-7
2020-05-15,-7.8,"sc2011,sc2012",238.7,sc2006,6-7
2020-05-18,-6.5,"sc2011,sc2012",246.7,sc2006,6-7
2020-05-19,-6.1,"sc2011,sc2012",258.5,sc2006,6-7
2020-05-20,-6.1,"sc2011,sc2012",254.3,sc2006,6-7
2020-05-21,-6.4,"sc2011,sc2012",261.8,sc2006,6-7
2020-05-22,-6.5,"sc2011,sc2012",258.5,sc2006,6-7
2020-05-25,-7.1,"sc2011,sc2012",253.8,sc2006,6-7
2020-05-26,-7.1,"sc2011,sc2012",259.2,sc2006,6-7
2020-05-27,-7.1,"sc2011,sc2012",258.4,sc2006,6-7
2020-05-28,-7.1,"sc2011,sc2012",258.0,sc2006,6-7
2020-05-29,-6.7,"sc2011,sc2012",261.1,sc2006,6-7
2020-06-01,-7.8,"sc2012,sc2101",276.8,sc2007,6-7
2020-06-02,-7.8,"sc2012,sc2101",278.3,sc2007,6-7
2020-06-03,-7.6,"sc2012,sc2101",286.7,sc2007,6-7
2020-06-04,-7.8,"sc2012,sc2101",284.3,sc2007,6-7
2020-06-05,-7.6,"sc2012,sc2101",282.2,sc2007,6-7
2020-06-08,-7.4,"sc2012,sc2101",292.1,sc2007,6-7
2020-06-09,-7.2,"sc2012,sc2101",290.4,sc2007,6-7
2020-06-10,-7.1,"sc2012,sc2101",288.3,sc2007,6-7
2020-06-11,-7.1,"sc2012,sc2101",285.4,sc2007,6-7
2020-06-12,-7.5,"sc2012,sc2101",270.5,sc2007,6-7
2020-06-15,-7.8,"sc2012,sc2101",267.8,sc2007,6-7
2020-06-16,-7.7,"sc2012,sc2101",270.2,sc2007,6-7
2020-06-17,-6.7,"sc2012,sc2101",279.5,sc2007,6-7
2020-06-18,-6.6,"sc2012,sc2101",279.7,sc2007,6-7
2020-06-19,-6.9,"sc2012,sc2101",281.9,sc2007,6-7
2020-06-22,-6.2,"sc2012,sc2101",284.4,sc2007,6-7
2020-06-23,-6.5,"sc2012,sc2101",285.0,sc2007,6-7
2020-06-24,-6.4,"sc2012,sc2101",285.4,sc2007,6-7
2020-06-29,-6.7,"sc2012,sc2101",273.2,sc2007,6-7
2020-06-30,-6.3,"sc2012,sc2101",281.2,sc2007,6-7
2020-07-01,-4.5,"sc2101,sc2102",292.0,sc2008,6-7
2020-07-02,-4.6,"sc2101,sc2102",294.5,sc2008,6-7
2020-07-03,-4.3,"sc2101,sc2102",298.6,sc2008,6-7
2020-07-06,-3.3,"sc2101,sc2102",296.8,sc2008,6-7
2020-07-07,-3.6,"sc2101,sc2102",297.8,sc2008,6-7
2020-07-08,-2.9,"sc2101,sc2102",298.7,sc2008,6-7
2020-07-09,-3.2,"sc2101,sc2102",299.1,sc2008,6-7
2020-07-10,-3.4,"sc2101,sc2102",293.8,sc2008,6-7
2020-07-13,-3.1,"sc2101,sc2102",296.2,sc2008,6-7
2020-07-14,-3.4,"sc2101,sc2102",293.5,sc2008,6-7
2020-07-15,-3.2,"sc2101,sc2102",294.9,sc2008,6-7
2020-07-16,-4.0,"sc2101,sc2102",293.1,sc2008,6-7
2020-07-17,-4.9,"sc2101,sc2102",289.6,sc2008,6-7
2020-07-20,-5.3,"sc2101,sc2102",284.0,sc2008,6-7
2020-07-21,-4.8,"sc2101,sc2102",284.8,sc2008,6-7
2020-07-22,-4.6,"sc2101,sc2102",289.2,sc2008,6-7
2020-07-23,-4.6,"sc2101,sc2102",286.6,sc2008,6-7
2020-07-24,-5.1,"sc2101,sc2102",286.2,sc2008,6-7
2020-07-27,-5.6,"sc2101,sc2102",282.1,sc2008,6-7
2020-07-28,-6.1,"sc2101,sc2102",278.4,sc2008,6-7
2020-07-29,-6.4,"sc2101,sc2102",276.7,sc2008,6-7
2020-07-30,-5.9,"sc2101,sc2102",279.5,sc2008,6-7
2020-07-31,-6.9,"sc2101,sc2102",274.1,sc2008,6-7
2020-08-03,-5.3,"sc2102,sc2103",281.7,sc2009,6-7
2020-08-04,-5.8,"sc2102,sc2103",282.3,sc2009,6-7
2020-08-05,-5.8,"sc2102,sc2103",280.7,sc2009,6-7
2020-08-06,-5.7,"sc2102,sc2103",282.5,sc2009,6-7
2020-08-07,-5.0,"sc2102,sc2103",282.5,sc2009,6-7
2020-08-10,-5.0,"sc2102,sc2103",281.9,sc2009,6-7
2020-08-11,-4.6,"sc2102,sc2103",284.6,sc2009,6-7
2020-08-12,-5.2,"sc2102,sc2103",284.2,sc2009,6-7
2020-08-13,-4.7,"sc2102,sc2103",283.6,sc2009,6-7
2020-08-14,-4.8,"sc2102,sc2103",282.3,sc2009,6-7
2020-08-17,-5.1,"sc2102,sc2103",280.2,sc2009,6-7
2020-08-18,-5.3,"sc2102,sc2103",279.1,sc2009,6-7
2020-08-19,-5.4,"sc2102,sc2103",277.3,sc2009,6-7
2020-08-20,-5.0,"sc2102,sc2103",278.4,sc2009,6-7
2020-08-21,-5.3,"sc2102,sc2103",276.0,sc2009,6-7
2020-08-24,-4.8,"sc2102,sc2103",277.9,sc2009,6-7
2020-08-25,-4.6,"sc2102,sc2103",280.3,sc2009,6-7
2020-08-26,-4.5,"sc2102,sc2103",284.9,sc2009,6-7
2020-08-27,-4.8,"sc2102,sc2103",284.3,sc2009,6-7
2020-08-28,-5.6,"sc2102,sc2103",282.4,sc2009,6-7
2020-08-31,-5.4,"sc2102,sc2103",283.3,sc2009,6-7
2020-09-01,-5.4,"sc2103,sc2104",295.7,sc2010,6-7
2020-09-02,-5.8,"sc2103,sc2104",293.5,sc2010,6-7
2020-09-03,-7.1,"sc2103,sc2104",288.2,sc2010,6-7
2020-09-04,-6.6,"sc2103,sc2104",285.0,sc2010,6-7
2020-09-07,-7.0,"sc2103,sc2104",279.3,sc2010,6-7
2020-09-08,-7.9,"sc2103,sc2104",273.9,sc2010,6-7
2020-09-09,-7.4,"sc2103,sc2104",251.4,sc2010,6-7
2020-09-10,-7.9,"sc2103,sc2104",250.6,sc2010,6-7
2020-09-11,-8.0,"sc2103,sc2104",247.6,sc2010,6-7
2020-09-14,-8.7,"sc2103,sc2104",245.8,sc2010,6-7
2020-09-15,-8.6,"sc2103,sc2104",245.5,sc2010,6-7
2020-09-16,-8.8,"sc2103,sc2104",251.3,sc2010,6-7
2020-09-17,-8.6,"sc2103,sc2104",256.2,sc2010,6-7
2020-09-18,-8.8,"sc2103,sc2104",260.0,sc2010,6-7
2020-09-21,-7.8,"sc2103,sc2104",263.9,sc2010,6-7
2020-09-22,-7.5,"sc2103,sc2104",252.9,sc2010,6-7
2020-09-23,-7.6,"sc2103,sc2104",253.6,sc2010,6-7
2020-09-24,-5.1,"sc2104,sc2105",265.1,sc2011,6-7
2020-09-25,-5.9,"sc2104,sc2105",265.7,sc2011,6-7
2020-09-28,-5.5,"sc2104,sc2105",265.0,sc2011,6-7
2020-09-29,-7.4,"sc2104,sc2105",264.8,sc2011,6-7
2020-09-30,-7.0,"sc2104,sc2105",257.8,sc2011,6-7
2020-10-09,-7.4,"sc2104,sc2105",263.5,sc2011,6-7
2020-10-12,-7.6,"sc2104,sc2105",263.2,sc2011,6-7
2020-10-13,-6.1,"sc2104,sc2105",259.5,sc2011,6-7
2020-10-14,-7.1,"sc2104,sc2105",258.0,sc2011,6-7
2020-10-15,-6.9,"sc2104,sc2105",260.8,sc2011,6-7
2020-10-16,-7.7,"sc2104,sc2105",258.7,sc2011,6-7
2020-10-19,-7.7,"sc2104,sc2105",260.2,sc2011,6-7
2020-10-20,-7.5,"sc2104,sc2105",258.8,sc2011,6-7
2020-10-21,-7.1,"sc2104,sc2105",257.3,sc2011,6-7
2020-10-22,-6.2,"sc2104,sc2105",254.2,sc2011,6-7
2020-10-23,-7.4,"sc2104,sc2105",254.1,sc2011,6-7
2020-10-26,-7.5,"sc2104,sc2105",248.5,sc2011,6-7
2020-10-27,-7.7,"sc2104,sc2105",243.7,sc2011,6-7
2020-10-28,-7.9,"sc2104,sc2105",243.4,sc2011,6-7
2020-10-29,-8.2,"sc2104,sc2105",228.0,sc2011,6-7
2020-10-30,-8.9,"sc2104,sc2105",218.3,sc2011,6-7
2020-11-02,-8.7,"sc2105,sc2106",224.9,sc2012,6-7
2020-11-03,-7.4,"sc2105,sc2106",230.2,sc2012,6-7
2020-11-04,-7.1,"sc2105,sc2106",234.8,sc2012,6-7
2020-11-05,-7.3,"sc2105,sc2106",236.5,sc2012,6-7
2020-11-06,-7.8,"sc2105,sc2106",235.3,sc2012,6-7
2020-11-09,-7.1,"sc2105,sc2106",234.2,sc2012,6-7
2020-11-10,-6.7,"sc2105,sc2106",247.7,sc2012,6-7
2020-11-11,-7.4,"sc2105,sc2106",251.4,sc2012,6-7
2020-11-12,-7.5,"sc2105,sc2106",253.7,sc2012,6-7
2020-11-13,-6.8,"sc2105,sc2106",252.4,sc2012,6-7
2020-11-16,-7.5,"sc2105,sc2106",251.0,sc2012,6-7
2020-11-17,-6.9,"sc2105,sc2106",252.3,sc2012,6-7
2020-11-18,-7.4,"sc2105,sc2106",250.0,sc2012,6-7
2020-11-19,-7.2,"sc2105,sc2106",251.0,sc2012,6-7
2020-11-20,-6.9,"sc2105,sc2106",251.6,sc2012,6-7
2020-11-23,-6.6,"sc2105,sc2106",253.4,sc2012,6-7
2020-11-24,-6.4,"sc2105,sc2106",259.5,sc2012,6-7
2020-11-25,-5.7,"sc2105,sc2106",279.0,sc2012,6-7
2020-11-26,-6.5,"sc2105,sc2106",280.2,sc2012,6-7
2020-11-27,-6.1,"sc2105,sc2106",278.3,sc2012,6-7
2020-11-30,-5.8,"sc2105,sc2106",271.8,sc2012,6-7
2020-12-01,-4.4,"sc2106,sc2107",286.4,sc2101,6-7
2020-12-02,-3.7,"sc2106,sc2107",285.1,sc2101,6-7
2020-12-03,-3.8,"sc2106,sc2107",288.5,sc2101,6-7
2020-12-04,-3.4,"sc2106,sc2107",291.1,sc2101,6-7
2020-12-07,-3.2,"sc2106,sc2107",294.0,sc2101,6-7
2020-12-08,-3.8,"sc2106,sc2107",291.9,sc2101,6-7
2020-12-09,-4.9,"sc2106,sc2107",285.0,sc2101,6-7
2020-12-10,-5.5,"sc2106,sc2107",284.8,sc2101,6-7
2020-12-11,-4.9,"sc2106,sc2107",291.1,sc2101,6-7
2020-12-14,-4.9,"sc2106,sc2107",289.4,sc2101,6-7
2020-12-15,-4.9,"sc2106,sc2107",287.8,sc2101,6-7
2020-12-16,-4.9,"sc2106,sc2107",290.9,sc2101,6-7
2020-12-17,-4.8,"sc2106,sc2107",297.4,sc2101,6-7
2020-12-18,-3.9,"sc2106,sc2107",302.7,sc2101,6-7
2020-12-21,-4.0,"sc2106,sc2107",303.5,sc2101,6-7
2020-12-22,-4.3,"sc2106,sc2107",295.4,sc2101,6-7
2020-12-23,-5.2,"sc2106,sc2107",284.6,sc2101,6-7
2020-12-24,-5.0,"sc2106,sc2107",291.6,sc2101,6-7
2020-12-25,-4.5,"sc2107,sc2108",307.3,sc2102,6-7
2020-12-28,-4.4,"sc2107,sc2108",309.1,sc2102,6-7
2020-12-29,-4.4,"sc2107,sc2108",307.2,sc2102,6-7
2020-12-30,-5.0,"sc2107,sc2108",304.7,sc2102,6-7
2020-12-31,-4.8,"sc2107,sc2108",303.2,sc2102,6-7
2021-01-04,-4.2,"sc2107,sc2108",315.0,sc2102,6-7
2021-01-05,-3.7,"sc2107,sc2108",312.9,sc2102,6-7
2021-01-06,-2.1,"sc2107,sc2108",319.8,sc2102,6-7
2021-01-07,-1.4,"sc2107,sc2108",328.1,sc2102,6-7
2021-01-08,-1.2,"sc2107,sc2108",332.6,sc2102,6-7
2021-01-11,-0.7,"sc2107,sc2108",336.0,sc2102,6-7
2021-01-12,-1.1,"sc2107,sc2108",333.2,sc2102,6-7
2021-01-13,-0.3,"sc2107,sc2108",339.7,sc2102,6-7
2021-01-14,-0.3,"sc2107,sc2108",335.5,sc2102,6-7
2021-01-15,-1.3,"sc2107,sc2108",333.4,sc2102,6-7
2021-01-18,-2.5,"sc2107,sc2108",326.0,sc2102,6-7
2021-01-19,-2.3,"sc2107,sc2108",329.9,sc2102,6-7
2021-01-20,-1.7,"sc2107,sc2108",337.2,sc2102,6-7
2021-01-21,-1.7,"sc2107,sc2108",336.1,sc2102,6-7
2021-01-22,-1.8,"sc2107,sc2108",331.7,sc2102,6-7
2021-01-25,-2.5,"sc2107,sc2108",324.0,sc2102,6-7
2021-01-26,-2.2,"sc2107,sc2108",322.4,sc2102,6-7
2021-01-27,-2.3,"sc2107,sc2108",327.2,sc2102,6-7
2021-01-28,-2.1,"sc2107,sc2108",333.4,sc2102,6-7
2021-01-29,-1.9,"sc2107,sc2108",336.1,sc2102,6-7
2021-02-01,-2.5,"sc2108,sc2109",336.1,sc2103,6-7
2021-02-02,-1.7,"sc2108,sc2109",340.3,sc2103,6-7
2021-02-03,-1.3,"sc2108,sc2109",347.1,sc2103,6-7
2021-02-04,-2.0,"sc2108,sc2109",353.3,sc2103,6-7
2021-02-05,-1.9,"sc2108,sc2109",356.6,sc2103,6-7
2021-02-08,-0.9,"sc2108,sc2109",361.8,sc2103,6-7
2021-02-09,-1.3,"sc2108,sc2109",368.0,sc2103,6-7
2021-02-10,-1.7,"sc2108,sc2109",367.0,sc2103,6-7
2021-02-18,0.0,"sc2108,sc2109",395.8,sc2103,6-7
2021-02-19,0.0,"sc2108,sc2109",388.9,sc2103,6-7
2021-02-22,-0.1,"sc2108,sc2109",386.2,sc2103,6-7
2021-02-23,0.6,"sc2108,sc2109",397.6,sc2103,6-7
2021-02-24,0.8,"sc2108,sc2109",400.9,sc2103,6-7
2021-02-25,1.1,"sc2108,sc2109",416.2,sc2103,6-7
2021-02-26,0.5,"sc2108,sc2109",399.0,sc2103,6-7
2021-03-01,0.3,"sc2109,sc2110",407.6,sc2104,6-7
2021-03-02,0.4,"sc2109,sc2110",397.7,sc2104,6-7
2021-03-03,-0.3,"sc2109,sc2110",392.7,sc2104,6-7
2021-03-04,-0.3,"sc2109,sc2110",397.4,sc2104,6-7
2021-03-05,0.2,"sc2109,sc2110",413.0,sc2104,6-7
2021-03-08,0.0,"sc2109,sc2110",435.8,sc2104,6-7
2021-03-09,0.2,"sc2109,sc2110",427.6,sc2104,6-7
2021-03-10,-0.1,"sc2109,sc2110",417.8,sc2104,6-7
2021-03-11,-0.4,"sc2109,sc2110",416.0,sc2104,6-7
2021-03-12,-0.5,"sc2109,sc2110",421.8,sc2104,6-7
2021-03-15,-0.4,"sc2109,sc2110",420.4,sc2104,6-7
2021-03-16,-0.6,"sc2109,sc2110",411.3,sc2104,6-7
2021-03-17,-0.7,"sc2109,sc2110",409.3,sc2104,6-7
2021-03-18,-0.4,"sc2109,sc2110",408.0,sc2104,6-7
2021-03-19,-0.5,"sc2109,sc2110",390.9,sc2104,6-7
2021-03-22,-1.4,"sc2109,sc2110",381.1,sc2104,6-7
2021-03-23,-1.2,"sc2109,sc2110",387.9,sc2104,6-7
2021-03-24,-1.1,"sc2109,sc2110",376.8,sc2104,6-7
2021-03-25,-1.1,"sc2109,sc2110",382.5,sc2104,6-7
2021-03-26,-1.3,"sc2109,sc2110",373.9,sc2104,6-7
2021-03-29,-0.6,"sc2109,sc2110",384.1,sc2104,6-7
2021-03-30,-0.4,"sc2109,sc2110",388.3,sc2104,6-7
2021-03-31,-0.3,"sc2109,sc2110",384.1,sc2104,6-7
2021-04-01,-0.3,"sc2110,sc2111",393.4,sc2105,6-7
2021-04-02,-1.0,"sc2110,sc2111",399.1,sc2105,6-7
2021-04-06,-0.3,"sc2110,sc2111",388.0,sc2105,6-7
2021-04-07,-1.1,"sc2110,sc2111",388.6,sc2105,6-7
2021-04-08,-1.1,"sc2110,sc2111",384.8,sc2105,6-7
2021-04-09,-1.3,"sc2110,sc2111",386.7,sc2105,6-7
2021-04-12,-2.2,"sc2110,sc2111",387.2,sc2105,6-7
2021-04-13,-1.4,"sc2110,sc2111",390.6,sc2105,6-7
2021-04-14,-0.3,"sc2110,sc2111",393.7,sc2105,6-7
2021-04-15,0.0,"sc2110,sc2111",407.4,sc2105,6-7
2021-04-16,0.6,"sc2110,sc2111",410.4,sc2105,6-7
2021-04-19,0.0,"sc2110,sc2111",408.7,sc2105,6-7
2021-04-20,0.0,"sc2110,sc2111",413.4,sc2105,6-7
2021-04-21,0.6,"sc2110,sc2111",409.8,sc2105,6-7
2021-04-22,-0.9,"sc2110,sc2111",402.9,sc2105,6-7
2021-04-23,-0.5,"sc2110,sc2111",402.0,sc2105,6-7
2021-04-26,-1.0,"sc2110,sc2111",407.3,sc2105,6-7
2021-04-27,-1.1,"sc2110,sc2111",405.6,sc2105,6-7
2021-04-28,-1.1,"sc2110,sc2111",397.2,sc2105,6-7
2021-04-29,-1.3,"sc2110,sc2111",407.9,sc2105,6-7
2021-04-30,-1.0,"sc2110,sc2111",409.5,sc2105,6-7
2021-05-06,-1.2,"sc2111,sc2112",429.8,sc2106,6-7
2021-05-07,-0.9,"sc2111,sc2112",424.1,sc2106,6-7
2021-05-10,-0.5,"sc2111,sc2112",424.3,sc2106,6-7
2021-05-11,-0.8,"sc2111,sc2112",420.8,sc2106,6-7
2021-05-12,-0.6,"sc2111,sc2112",421.5,sc2106,6-7
2021-05-13,-0.7,"sc2111,sc2112",429.0,sc2106,6-7
2021-05-14,-1.4,"sc2111,sc2112",417.1,sc2106,6-7
2021-05-17,-1.1,"sc2111,sc2112",425.7,sc2106,6-7
2021-05-18,-0.5,"sc2111,sc2112",434.2,sc2106,6-7
2021-05-19,-0.8,"sc2111,sc2112",429.5,sc2106,6-7
2021-05-20,-0.6,"sc2111,sc2112",409.5,sc2106,6-7
2021-05-21,-1.7,"sc2111,sc2112",403.2,sc2106,6-7
2021-05-24,-1.0,"sc2111,sc2112",408.2,sc2106,6-7
2021-05-25,-0.1,"sc2111,sc2112",423.4,sc2106,6-7
2021-05-26,0.5,"sc2111,sc2112",427.9,sc2106,6-7
2021-05-27,0.4,"sc2111,sc2112",428.8,sc2106,6-7
2021-05-28,0.7,"sc2111,sc2112",432.7,sc2106,6-7
2021-05-31,0.8,"sc2111,sc2112",427.6,sc2106,6-7
2021-06-01,0.0,"sc2112,sc2201",433.9,sc2107,6-7
2021-06-02,0.5,"sc2112,sc2201",439.9,sc2107,6-7
2021-06-03,0.4,"sc2112,sc2201",445.4,sc2107,6-7
2021-06-04,0.1,"sc2112,sc2201",443.2,sc2107,6-7
2021-06-07,0.7,"sc2112,sc2201",447.3,sc2107,6-7
2021-06-08,0.4,"sc2112,sc2201",444.1,sc2107,6-7
2021-06-09,0.4,"sc2112,sc2201",449.4,sc2107,6-7
2021-06-10,1.1,"sc2112,sc2201",447.7,sc2107,6-7
2021-06-11,1.0,"sc2112,sc2201",450.2,sc2107,6-7
2021-06-15,1.5,"sc2112,sc2201",455.8,sc2107,6-7
2021-06-16,1.4,"sc2112,sc2201",459.2,sc2107,6-7
2021-06-17,1.0,"sc2112,sc2201",454.1,sc2107,6-7
2021-06-18,0.9,"sc2112,sc2201",443.0,sc2107,6-7
2021-06-21,0.7,"sc2112,sc2201",443.5,sc2107,6-7
2021-06-22,1.5,"sc2112,sc2201",449.4,sc2107,6-7
2021-06-23,1.7,"sc2112,sc2201",453.3,sc2107,6-7
2021-06-24,2.4,"sc2112,sc2201",457.6,sc2107,6-7
2021-06-25,2.0,"sc2112,sc2201",457.2,sc2107,6-7
2021-06-28,1.8,"sc2112,sc2201",459.6,sc2107,6-7
2021-06-29,0.8,"sc2112,sc2201",449.3,sc2107,6-7
2021-06-30,0.5,"sc2112,sc2201",449.2,sc2107,6-7
2021-07-01,-0.6,"sc2201,sc2202",460.4,sc2108,6-7
2021-07-02,1.0,"sc2201,sc2202",467.8,sc2108,6-7
2021-07-05,0.7,"sc2201,sc2202",468.4,sc2108,6-7
2021-07-06,0.7,"sc2201,sc2202",473.1,sc2108,6-7
2021-07-07,0.4,"sc2201,sc2202",455.8,sc2108,6-7
2021-07-08,0.5,"sc2201,sc2202",442.1,sc2108,6-7
2021-07-09,1.5,"sc2201,sc2202",441.9,sc2108,6-7
2021-07-12,1.3,"sc2201,sc2202",451.1,sc2108,6-7
2021-07-13,1.2,"sc2201,sc2202",450.9,sc2108,6-7
2021-07-14,1.1,"sc2201,sc2202",458.2,sc2108,6-7
2021-07-15,1.9,"sc2201,sc2202",449.6,sc2108,6-7
2021-07-16,1.3,"sc2201,sc2202",438.6,sc2108,6-7
2021-07-19,0.4,"sc2201,sc2202",431.7,sc2108,6-7
2021-07-20,-0.3,"sc2201,sc2202",410.0,sc2108,6-7
2021-07-21,-0.4,"sc2201,sc2202",406.4,sc2108,6-7
2021-07-22,0.3,"sc2201,sc2202",416.6,sc2108,6-7
2021-07-23,0.2,"sc2201,sc2202",427.2,sc2108,6-7
2021-07-26,0.5,"sc2201,sc2202",432.4,sc2108,6-7
2021-07-27,1.9,"sc2201,sc2202",439.0,sc2108,6-7
2021-07-28,1.8,"sc2201,sc2202",439.5,sc2108,6-7
2021-07-29,1.5,"sc2201,sc2202",447.9,sc2108,6-7
2021-07-30,1.6,"sc2201,sc2202",445.2,sc2108,6-7
2021-08-02,2.4,"sc2202,sc2203",452.9,sc2109,6-7
2021-08-03,0.9,"sc2202,sc2203",440.7,sc2109,6-7
2021-08-04,1.0,"sc2202,sc2203",433.5,sc2109,6-7
2021-08-05,0.2,"sc2202,sc2203",428.3,sc2109,6-7
2021-08-06,1.5,"sc2202,sc2203",429.1,sc2109,6-7
2021-08-09,0.9,"sc2202,sc2203",425.0,sc2109,6-7
2021-08-10,0.3,"sc2202,sc2203",418.0,sc2109,6-7
2021-08-11,0.8,"sc2202,sc2203",430.6,sc2109,6-7
2021-08-12,0.0,"sc2202,sc2203",430.4,sc2109,6-7
2021-08-13,0.6,"sc2202,sc2203",431.4,sc2109,6-7
2021-08-16,1.2,"sc2202,sc2203",428.4,sc2109,6-7
2021-08-17,0.3,"sc2202,sc2203",423.6,sc2109,6-7
2021-08-18,0.5,"sc2202,sc2203",423.9,sc2109,6-7
2021-08-19,0.2,"sc2202,sc2203",418.7,sc2109,6-7
2021-08-20,-0.1,"sc2202,sc2203",407.8,sc2109,6-7
2021-08-23,-0.1,"sc2202,sc2203",403.6,sc2109,6-7
2021-08-24,0.5,"sc2202,sc2203",421.4,sc2109,6-7
2021-08-25,0.6,"sc2202,sc2203",431.4,sc2109,6-7
2021-08-26,0.9,"sc2202,sc2203",435.8,sc2109,6-7
2021-08-27,0.1,"sc2202,sc2203",438.6,sc2109,6-7
2021-08-30,1.0,"sc2202,sc2203",445.3,sc2109,6-7
2021-08-31,1.4,"sc2202,sc2203",450.2,sc2109,6-7
2021-09-01,0.3,"sc2203,sc2204",440.5,sc2110,6-7
2021-09-02,1.8,"sc2203,sc2204",439.3,sc2110,6-7
2021-09-03,1.1,"sc2203,sc2204",456.2,sc2110,6-7
2021-09-06,0.7,"sc2203,sc2204",451.4,sc2110,6-7
2021-09-07,0.8,"sc2203,sc2204",453.8,sc2110,6-7
2021-09-08,-0.3,"sc2203,sc2204",450.9,sc2110,6-7
2021-09-09,0.3,"sc2203,sc2204",454.8,sc2110,6-7
2021-09-10,1.1,"sc2203,sc2204",454.6,sc2110,6-7
2021-09-13,1.5,"sc2203,sc2204",461.2,sc2110,6-7
2021-09-14,2.1,"sc2203,sc2204",463.0,sc2110,6-7
2021-09-15,2.0,"sc2203,sc2204",461.9,sc2110,6-7
2021-09-16,2.3,"sc2203,sc2204",473.4,sc2110,6-7
2021-09-17,1.4,"sc2203,sc2204",477.1,sc2110,6-7
2021-09-22,1.9,"sc2203,sc2204",469.0,sc2110,6-7
2021-09-23,2.2,"sc2203,sc2204",469.4,sc2110,6-7
2021-09-24,1.3,"sc2204,sc2205",485.1,sc2111,6-7
2021-09-27,2.2,"sc2204,sc2205",492.1,sc2111,6-7
2021-09-28,2.7,"sc2204,sc2205",501.8,sc2111,6-7
2021-09-29,2.4,"sc2204,sc2205",495.4,sc2111,6-7
2021-09-30,2.6,"sc2204,sc2205",495.9,sc2111,6-7
2021-10-08,1.5,"sc2204,sc2205",527.1,sc2111,6-7
2021-10-11,1.8,"sc2204,sc2205",526.8,sc2111,6-7
2021-10-12,1.7,"sc2204,sc2205",531.6,sc2111,6-7
2021-10-13,2.2,"sc2204,sc2205",528.3,sc2111,6-7
2021-10-14,1.3,"sc2204,sc2205",521.5,sc2111,6-7
2021-10-15,1.5,"sc2204,sc2205",525.5,sc2111,6-7
2021-10-18,1.6,"sc2204,sc2205",533.6,sc2111,6-7
2021-10-19,1.9,"sc2204,sc2205",528.6,sc2111,6-7
2021-10-20,2.5,"sc2204,sc2205",531.2,sc2111,6-7
2021-10-21,1.9,"sc2204,sc2205",531.5,sc2111,6-7
2021-10-22,1.8,"sc2204,sc2205",525.1,sc2111,6-7
2021-10-25,2.0,"sc2204,sc2205",527.7,sc2111,6-7
2021-10-26,2.5,"sc2204,sc2205",527.3,sc2111,6-7
2021-10-27,2.8,"sc2204,sc2205",525.3,sc2111,6-7
2021-10-28,2.6,"sc2204,sc2205",511.2,sc2111,6-7
2021-10-29,2.0,"sc2204,sc2205",495.5,sc2111,6-7
2021-11-01,1.6,"sc2205,sc2206",521.7,sc2112,6-7
2021-11-02,2.5,"sc2205,sc2206",531.6,sc2112,6-7
2021-11-03,2.7,"sc2205,sc2206",526.7,sc2112,6-7
2021-11-04,2.5,"sc2205,sc2206",513.0,sc2112,6-7
2021-11-05,2.3,"sc2205,sc2206",513.6,sc2112,6-7
2021-11-08,3.4,"sc2205,sc2206",524.0,sc2112,6-7
2021-11-09,2.5,"sc2205,sc2206",526.3,sc2112,6-7
2021-11-10,2.8,"sc2205,sc2206",531.6,sc2112,6-7
2021-11-11,2.5,"sc2205,sc2206",525.9,sc2112,6-7
2021-11-12,4.3,"sc2205,sc2206",517.3,sc2112,6-7
2021-11-15,3.1,"sc2205,sc2206",513.4,sc2112,6-7
2021-11-16,2.0,"sc2205,sc2206",511.9,sc2112,6-7
2021-11-17,3.3,"sc2205,sc2206",515.0,sc2112,6-7
2021-11-18,2.1,"sc2205,sc2206",511.6,sc2112,6-7
2021-11-19,2.6,"sc2205,sc2206",513.5,sc2112,6-7
2021-11-22,1.7,"sc2205,sc2206",501.9,sc2112,6-7
2021-11-23,1.6,"sc2205,sc2206",504.8,sc2112,6-7
2021-11-24,3.2,"sc2205,sc2206",518.8,sc2112,6-7
2021-11-25,3.0,"sc2205,sc2206",521.7,sc2112,6-7
2021-11-26,2.4,"sc2205,sc2206",505.0,sc2112,6-7
2021-11-29,1.3,"sc2205,sc2206",495.6,sc2112,6-7
2021-11-30,0.7,"sc2205,sc2206",478.8,sc2112,6-7
2021-12-01,0.3,"sc2206,sc2207",445.0,sc2201,6-7
2021-12-02,1.2,"sc2206,sc2207",444.1,sc2201,6-7
2021-12-03,-0.3,"sc2206,sc2207",439.2,sc2201,6-7
2021-12-06,0.0,"sc2206,sc2207",450.6,sc2201,6-7
2021-12-07,0.1,"sc2206,sc2207",457.6,sc2201,6-7
2021-12-08,0.3,"sc2206,sc2207",473.8,sc2201,6-7
2021-12-09,0.8,"sc2206,sc2207",476.0,sc2201,6-7
2021-12-10,0.6,"sc2206,sc2207",472.9,sc2201,6-7
2021-12-13,0.8,"sc2206,sc2207",477.0,sc2201,6-7
2021-12-14,1.2,"sc2206,sc2207",474.2,sc2201,6-7
2021-12-15,1.4,"sc2206,sc2207",460.0,sc2201,6-7
2021-12-16,0.5,"sc2206,sc2207",467.4,sc2201,6-7
2021-12-17,-0.8,"sc2206,sc2207",474.7,sc2201,6-7
2021-12-20,0.7,"sc2206,sc2207",466.2,sc2201,6-7
2021-12-21,0.5,"sc2206,sc2207",453.1,sc2201,6-7
2021-12-22,1.2,"sc2206,sc2207",456.2,sc2201,6-7
2021-12-23,2.4,"sc2207,sc2208",470.0,sc2202,6-7
2021-12-24,2.8,"sc2207,sc2208",475.6,sc2202,6-7
2021-12-27,2.9,"sc2207,sc2208",475.5,sc2202,6-7
2021-12-28,2.3,"sc2207,sc2208",487.0,sc2202,6-7
2021-12-29,3.4,"sc2207,sc2208",492.8,sc2202,6-7
2021-12-30,2.4,"sc2207,sc2208",494.5,sc2202,6-7
2021-12-31,2.1,"sc2207,sc2208",496.8,sc2202,6-7
2022-01-04,16.6,"sc2207,sc2208",496.9,sc2202,6-7
2022-01-05,2.6,"sc2207,sc2208",501.1,sc2202,6-7
2022-01-06,2.9,"sc2207,sc2208",504.6,sc2202,6-7
2022-01-07,2.6,"sc2207,sc2208",516.4,sc2202,6-7
2022-01-10,2.6,"sc2207,sc2208",511.1,sc2202,6-7
2022-01-11,3.5,"sc2207,sc2208",508.9,sc2202,6-7
2022-01-12,3.6,"sc2207,sc2208",514.8,sc2202,6-7
2022-01-13,2.5,"sc2207,sc2208",526.0,sc2202,6-7
2022-01-14,3.3,"sc2207,sc2208",530.7,sc2202,6-7
2022-01-17,3.5,"sc2207,sc2208",538.5,sc2202,6-7
2022-01-18,4.5,"sc2207,sc2208",541.1,sc2202,6-7
2022-01-19,3.4,"sc2207,sc2208",547.6,sc2202,6-7
2022-01-20,2.8,"sc2207,sc2208",547.7,sc2202,6-7
2022-01-21,4.0,"sc2207,sc2208",557.1,sc2202,6-7
2022-01-24,2.8,"sc2208,sc2209",541.6,sc2203,6-7
2022-01-25,2.8,"sc2208,sc2209",530.4,sc2203,6-7
2022-01-26,3.6,"sc2208,sc2209",534.3,sc2203,6-7
2022-01-27,3.5,"sc2208,sc2209",545.5,sc2203,6-7
2022-01-28,3.2,"sc2208,sc2209",542.0,sc2203,6-7
2022-02-07,3.8,"sc2208,sc2209",567.3,sc2203,6-7
2022-02-08,3.7,"sc2208,sc2209",558.7,sc2203,6-7
2022-02-09,3.1,"sc2208,sc2209",547.5,sc2203,6-7
2022-02-10,3.0,"sc2208,sc2209",549.1,sc2203,6-7
2022-02-11,2.7,"sc2208,sc2209",553.3,sc2203,6-7
2022-02-14,2.9,"sc2208,sc2209",562.5,sc2203,6-7
2022-02-15,4.4,"sc2208,sc2209",566.5,sc2203,6-7
2022-02-16,4.3,"sc2208,sc2209",554.8,sc2203,6-7
2022-02-17,4.6,"sc2208,sc2209",560.8,sc2203,6-7
2022-02-18,5.1,"sc2208,sc2209",559.7,sc2203,6-7
2022-02-21,5.1,"sc2208,sc2209",561.4,sc2203,6-7
2022-02-22,5.2,"sc2208,sc2209",580.9,sc2203,6-7
2022-02-23,5.6,"sc2208,sc2209",585.3,sc2203,6-7
2022-02-24,5.7,"sc2208,sc2209",593.9,sc2203,6-7
2022-02-25,6.4,"sc2208,sc2209",613.8,sc2203,6-7
2022-02-28,6.5,"sc2208,sc2209",591.8,sc2203,6-7
2022-03-01,7.3,"sc2209,sc2210",615.9,sc2204,6-7
2022-03-02,8.5,"sc2209,sc2210",654.2,sc2204,6-7
2022-03-03,12.1,"sc2209,sc2210",699.5,sc2204,6-7
2022-03-04,13.2,"sc2209,sc2210",704.8,sc2204,6-7
2022-03-07,12.2,"sc2209,sc2210",723.6,sc2204,6-7
2022-03-08,14.5,"sc2209,sc2210",765.8,sc2204,6-7
2022-03-09,15.6,"sc2209,sc2210",806.9,sc2204,6-7
2022-03-10,13.8,"sc2209,sc2210",726.1,sc2204,6-7
2022-03-11,10.1,"sc2209,sc2210",691.9,sc2204,6-7
2022-03-14,10.0,"sc2209,sc2210",683.0,sc2204,6-7
2022-03-15,10.0,"sc2209,sc2210",645.7,sc2204,6-7
2022-03-16,6.1,"sc2209,sc2210",622.9,sc2204,6-7
2022-03-17,7.1,"sc2209,sc2210",615.8,sc2204,6-7
2022-03-18,8.3,"sc2209,sc2210",657.0,sc2204,6-7
2022-03-21,6.9,"sc2209,sc2210",678.9,sc2204,6-7
2022-03-22,10.8,"sc2209,sc2210",722.8,sc2204,6-7
2022-03-23,10.8,"sc2209,sc2210",717.8,sc2204,6-7
2022-03-24,13.1,"sc2209,sc2210",760.1,sc2204,6-7
2022-03-25,11.8,"sc2209,sc2210",753.4,sc2204,6-7
2022-03-28,13.5,"sc2209,sc2210",742.4,sc2204,6-7
2022-03-29,12.0,"sc2209,sc2210",706.2,sc2204,6-7
2022-03-30,11.9,"sc2209,sc2210",678.2,sc2204,6-7
2022-03-31,12.2,"sc2209,sc2210",675.2,sc2204,6-7
2022-04-01,12.8,"sc2210,sc2211",666.4,sc2205,6-7
2022-04-06,9.9,"sc2210,sc2211",675.4,sc2205,6-7
2022-04-07,7.7,"sc2210,sc2211",643.1,sc2205,6-7
2022-04-08,3.1,"sc2210,sc2211",617.3,sc2205,6-7
2022-04-11,1.5,"sc2210,sc2211",625.8,sc2205,6-7
2022-04-12,3.6,"sc2210,sc2211",618.4,sc2205,6-7
2022-04-13,3.6,"sc2210,sc2211",649.9,sc2205,6-7
2022-04-14,3.9,"sc2210,sc2211",665.8,sc2205,6-7
2022-04-15,4.0,"sc2210,sc2211",679.7,sc2205,6-7
2022-04-18,3.7,"sc2210,sc2211",694.1,sc2205,6-7
2022-04-19,5.6,"sc2210,sc2211",705.9,sc2205,6-7
2022-04-20,6.6,"sc2210,sc2211",674.5,sc2205,6-7
2022-04-21,7.0,"sc2210,sc2211",674.4,sc2205,6-7
2022-04-22,6.5,"sc2210,sc2211",680.5,sc2205,6-7
2022-04-25,4.1,"sc2210,sc2211",662.4,sc2205,6-7
2022-04-26,4.3,"sc2210,sc2211",637.6,sc2205,6-7
2022-04-27,5.3,"sc2210,sc2211",663.8,sc2205,6-7
2022-04-28,5.5,"sc2210,sc2211",659.1,sc2205,6-7
2022-04-29,7.0,"sc2210,sc2211",671.2,sc2205,6-7
2022-05-05,8.3,"sc2211,sc2212",692.4,sc2206,6-7
2022-05-06,10.3,"sc2211,sc2212",696.4,sc2206,6-7
2022-05-09,9.6,"sc2211,sc2212",705.6,sc2206,6-7
2022-05-10,8.3,"sc2211,sc2212",669.8,sc2206,6-7
2022-05-11,8.5,"sc2211,sc2212",656.1,sc2206,6-7
2022-05-12,6.9,"sc2211,sc2212",680.0,sc2206,6-7
2022-05-13,7.4,"sc2211,sc2212",692.4,sc2206,6-7
2022-05-16,7.4,"sc2211,sc2212",704.6,sc2206,6-7
2022-05-17,8.5,"sc2211,sc2212",721.8,sc2206,6-7
2022-05-18,8.5,"sc2211,sc2212",721.9,sc2206,6-7
2022-05-19,7.9,"sc2211,sc2212",698.6,sc2206,6-7
2022-05-20,7.4,"sc2211,sc2212",699.8,sc2206,6-7
2022-05-23,7.7,"sc2211,sc2212",706.2,sc2206,6-7
2022-05-24,8.7,"sc2211,sc2212",699.0,sc2206,6-7
2022-05-25,8.2,"sc2211,sc2212",710.8,sc2206,6-7
2022-05-26,8.8,"sc2211,sc2212",716.1,sc2206,6-7
2022-05-27,8.5,"sc2211,sc2212",740.4,sc2206,6-7
2022-05-30,9.2,"sc2211,sc2212",724.3,sc2206,6-7
2022-05-31,9.9,"sc2211,sc2212",737.3,sc2206,6-7
2022-06-01,9.4,"sc2212,sc2301",741.1,sc2207,6-7
2022-06-02,8.8,"sc2212,sc2301",728.8,sc2207,6-7
2022-06-06,6.5,"sc2212,sc2301",750.3,sc2207,6-7
2022-06-07,9.8,"sc2212,sc2301",748.7,sc2207,6-7
2022-06-08,10.5,"sc2212,sc2301",753.8,sc2207,6-7
2022-06-09,7.1,"sc2212,sc2301",771.4,sc2207,6-7
2022-06-10,7.9,"sc2212,sc2301",770.5,sc2207,6-7
2022-06-13,6.9,"sc2212,sc2301",756.8,sc2207,6-7
2022-06-14,8.2,"sc2212,sc2301",768.0,sc2207,6-7
2022-06-15,8.6,"sc2212,sc2301",770.6,sc2207,6-7
2022-06-16,12.2,"sc2212,sc2301",748.2,sc2207,6-7
2022-06-17,7.1,"sc2212,sc2301",731.7,sc2207,6-7
2022-06-20,6.9,"sc2212,sc2301",704.3,sc2207,6-7
2022-06-21,6.5,"sc2212,sc2301",702.2,sc2207,6-7
2022-06-22,7.1,"sc2212,sc2301",703.7,sc2207,6-7
2022-06-23,8.5,"sc2212,sc2301",687.6,sc2207,6-7
2022-06-24,7.9,"sc2212,sc2301",684.0,sc2207,6-7
2022-06-27,8.4,"sc2212,sc2301",689.6,sc2207,6-7
2022-06-28,9.7,"sc2212,sc2301",707.1,sc2207,6-7
2022-06-29,10.5,"sc2212,sc2301",715.0,sc2207,6-7
2022-06-30,10.9,"sc2212,sc2301",731.1,sc2207,6-7
2022-07-01,6.9,"sc2301,sc2302",704.4,sc2208,6-7
2022-07-04,5.2,"sc2301,sc2302",711.7,sc2208,6-7
2022-07-05,8.3,"sc2301,sc2302",727.5,sc2208,6-7
2022-07-06,7.9,"sc2301,sc2302",674.2,sc2208,6-7
2022-07-07,11.1,"sc2301,sc2302",644.9,sc2208,6-7
2022-07-08,8.8,"sc2301,sc2302",676.8,sc2208,6-7
2022-07-11,9.2,"sc2301,sc2302",686.1,sc2208,6-7
2022-07-12,10.7,"sc2301,sc2302",680.6,sc2208,6-7
2022-07-13,9.2,"sc2301,sc2302",650.2,sc2208,6-7
2022-07-14,7.9,"sc2301,sc2302",650.8,sc2208,6-7
2022-07-15,6.8,"sc2301,sc2302",641.1,sc2208,6-7
2022-07-18,7.3,"sc2301,sc2302",668.0,sc2208,6-7
2022-07-19,9.3,"sc2301,sc2302",697.5,sc2208,6-7
2022-07-20,9.9,"sc2301,sc2302",704.9,sc2208,6-7
2022-07-21,9.3,"sc2301,sc2302",706.9,sc2208,6-7
2022-07-22,9.0,"sc2301,sc2302",695.8,sc2208,6-7
2022-07-25,8.7,"sc2301,sc2302",697.9,sc2208,6-7
2022-07-26,10.0,"sc2301,sc2302",704.3,sc2208,6-7
2022-07-27,9.5,"sc2301,sc2302",661.3,sc2208,6-7
2022-07-28,7.6,"sc2301,sc2302",676.1,sc2208,6-7
2022-07-29,7.1,"sc2301,sc2302",730.3,sc2208,6-7
2022-08-01,7.3,"sc2302,sc2303",698.1,sc2209,6-7
2022-08-02,6.1,"sc2302,sc2303",672.7,sc2209,6-7
2022-08-03,5.4,"sc2302,sc2303",681.6,sc2209,6-7
2022-08-04,6.1,"sc2302,sc2303",667.1,sc2209,6-7
2022-08-05,6.1,"sc2302,sc2303",650.3,sc2209,6-7
2022-08-08,5.5,"sc2302,sc2303",659.6,sc2209,6-7
2022-08-09,6.1,"sc2302,sc2303",665.7,sc2209,6-7
2022-08-10,4.9,"sc2302,sc2303",676.5,sc2209,6-7
2022-08-11,4.5,"sc2302,sc2303",682.6,sc2209,6-7
2022-08-12,5.8,"sc2302,sc2303",698.9,sc2209,6-7
2022-08-15,6.5,"sc2302,sc2303",695.9,sc2209,6-7
2022-08-16,6.9,"sc2302,sc2303",685.6,sc2209,6-7
2022-08-17,5.3,"sc2302,sc2303",690.7,sc2209,6-7
2022-08-18,6.1,"sc2302,sc2303",698.6,sc2209,6-7
2022-08-19,8.5,"sc2302,sc2303",725.4,sc2209,6-7
2022-08-22,11.6,"sc2302,sc2303",749.9,sc2209,6-7
2022-08-23,12.0,"sc2302,sc2303",747.2,sc2209,6-7
2022-08-24,11.3,"sc2302,sc2303",765.8,sc2209,6-7
2022-08-25,12.6,"sc2302,sc2303",790.6,sc2209,6-7
2022-08-26,9.8,"sc2302,sc2303",787.3,sc2209,6-7
2022-08-29,8.8,"sc2302,sc2303",726.4,sc2209,6-7
2022-08-30,8.7,"sc2302,sc2303",738.7,sc2209,6-7
2022-08-31,9.6,"sc2302,sc2303",724.7,sc2209,6-7
2022-09-01,8.0,"sc2303,sc2304",705.5,sc2210,6-7
2022-09-02,4.4,"sc2303,sc2304",694.7,sc2210,6-7
2022-09-05,8.1,"sc2303,sc2304",696.2,sc2210,6-7
2022-09-06,7.1,"sc2303,sc2304",707.4,sc2210,6-7
2022-09-07,6.7,"sc2303,sc2304",688.4,sc2210,6-7
2022-09-08,6.6,"sc2303,sc2304",673.8,sc2210,6-7
2022-09-09,9.0,"sc2303,sc2304",670.0,sc2210,6-7
2022-09-13,5.7,"sc2303,sc2304",705.6,sc2210,6-7
2022-09-14,8.9,"sc2303,sc2304",691.6,sc2210,6-7
2022-09-15,6.9,"sc2303,sc2304",718.3,sc2210,6-7
2022-09-16,9.1,"sc2303,sc2304",712.2,sc2210,6-7
2022-09-19,10.1,"sc2303,sc2304",709.2,sc2210,6-7
2022-09-20,9.2,"sc2303,sc2304",707.4,sc2210,6-7
2022-09-21,7.6,"sc2303,sc2304",674.3,sc2210,6-7
2022-09-22,9.6,"sc2303,sc2304",653.6,sc2210,6-7
2022-09-23,7.0,"sc2303,sc2304",645.8,sc2210,6-7
2022-09-26,5.7,"sc2304,sc2305",624.8,sc2211,6-7
2022-09-27,5.6,"sc2304,sc2305",612.0,sc2211,6-7
2022-09-28,5.8,"sc2304,sc2305",612.2,sc2211,6-7
2022-09-29,7.3,"sc2304,sc2305",628.6,sc2211,6-7
2022-09-30,4.5,"sc2304,sc2305",631.5,sc2211,6-7
2022-10-10,10.6,"sc2304,sc2305",699.6,sc2211,6-7
2022-10-11,10.1,"sc2304,sc2305",702.2,sc2211,6-7
2022-10-12,8.6,"sc2304,sc2305",688.2,sc2211,6-7
2022-10-13,6.6,"sc2304,sc2305",684.8,sc2211,6-7
2022-10-14,7.1,"sc2304,sc2305",689.7,sc2211,6-7
2022-10-17,6.9,"sc2304,sc2305",676.7,sc2211,6-7
2022-10-18,7.2,"sc2304,sc2305",677.9,sc2211,6-7
2022-10-19,6.5,"sc2304,sc2305",665.4,sc2211,6-7
2022-10-20,6.5,"sc2304,sc2305",667.1,sc2211,6-7
2022-10-21,8.4,"sc2304,sc2305",669.6,sc2211,6-7
2022-10-24,8.8,"sc2304,sc2305",670.1,sc2211,6-7
2022-10-25,9.4,"sc2304,sc2305",669.9,sc2211,6-7
2022-10-26,8.2,"sc2304,sc2305",671.3,sc2211,6-7
2022-10-27,7.7,"sc2304,sc2305",677.4,sc2211,6-7
2022-10-28,9.2,"sc2304,sc2305",684.9,sc2211,6-7
2022-10-31,11.5,"sc2304,sc2305",686.8,sc2211,6-7
2022-11-01,7.9,"sc2305,sc2306",685.5,sc2212,6-7
2022-11-02,9.0,"sc2305,sc2306",696.3,sc2212,6-7
2022-11-03,10.1,"sc2305,sc2306",698.4,sc2212,6-7
2022-11-04,11.8,"sc2305,sc2306",699.9,sc2212,6-7
2022-11-07,11.9,"sc2305,sc2306",715.4,sc2212,6-7
2022-11-08,10.3,"sc2305,sc2306",716.5,sc2212,6-7
2022-11-09,11.1,"sc2305,sc2306",700.6,sc2212,6-7
2022-11-10,9.5,"sc2305,sc2306",677.4,sc2212,6-7
2022-11-11,8.8,"sc2305,sc2306",673.8,sc2212,6-7
2022-11-14,8.8,"sc2305,sc2306",677.5,sc2212,6-7
2022-11-15,6.4,"sc2305,sc2306",658.4,sc2212,6-7
2022-11-16,5.2,"sc2305,sc2306",647.0,sc2212,6-7
2022-11-17,3.8,"sc2305,sc2306",636.7,sc2212,6-7
2022-11-18,1.9,"sc2305,sc2306",623.1,sc2212,6-7
2022-11-21,1.8,"sc2305,sc2306",601.6,sc2212,6-7
2022-11-22,2.6,"sc2305,sc2306",591.8,sc2212,6-7
2022-11-23,3.7,"sc2305,sc2306",601.9,sc2212,6-7
2022-11-24,1.7,"sc2305,sc2306",575.0,sc2212,6-7
2022-11-25,1.6,"sc2305,sc2306",576.1,sc2212,6-7
2022-11-28,0.2,"sc2305,sc2306",556.0,sc2212,6-7
2022-11-29,-0.5,"sc2305,sc2306",554.9,sc2212,6-7
2022-11-30,-0.3,"sc2305,sc2306",579.2,sc2212,6-7
2022-12-01,-0.1,"sc2306,sc2307",578.9,sc2301,6-7
2022-12-02,1.0,"sc2306,sc2307",577.7,sc2301,6-7
2022-12-05,0.6,"sc2306,sc2307",570.0,sc2301,6-7
2022-12-06,0.7,"sc2306,sc2307",552.6,sc2301,6-7
2022-12-07,0.4,"sc2306,sc2307",523.3,sc2301,6-7
2022-12-08,0.3,"sc2306,sc2307",512.6,sc2301,6-7
2022-12-09,-0.1,"sc2306,sc2307",505.1,sc2301,6-7
2022-12-12,0.7,"sc2306,sc2307",501.6,sc2301,6-7
2022-12-13,1.3,"sc2306,sc2307",510.2,sc2301,6-7
2022-12-14,0.1,"sc2306,sc2307",521.7,sc2301,6-7
2022-12-15,-0.3,"sc2306,sc2307",530.3,sc2301,6-7
2022-12-16,-0.2,"sc2306,sc2307",528.4,sc2301,6-7
2022-12-19,-0.5,"sc2306,sc2307",520.0,sc2301,6-7
2022-12-20,-0.6,"sc2306,sc2307",528.4,sc2301,6-7
2022-12-21,0.4,"sc2306,sc2307",529.2,sc2301,6-7
2022-12-22,1.6,"sc2306,sc2307",538.0,sc2301,6-7
2022-12-23,-1.2,"sc2307,sc2308",546.8,sc2302,6-7
2022-12-26,3.0,"sc2307,sc2308",559.7,sc2302,6-7
2022-12-27,3.5,"sc2307,sc2308",562.5,sc2302,6-7
2022-12-28,1.1,"sc2307,sc2308",565.5,sc2302,6-7
2022-12-29,2.5,"sc2307,sc2308",552.9,sc2302,6-7
2022-12-30,1.5,"sc2307,sc2308",553.7,sc2302,6-7
2023-01-03,-3.9,"sc2307,sc2308",564.2,sc2302,6-7
2023-01-04,1.0,"sc2307,sc2308",549.9,sc2302,6-7
2023-01-05,-0.3,"sc2307,sc2308",521.1,sc2302,6-7
2023-01-06,-0.8,"sc2307,sc2308",525.5,sc2302,6-7
2023-01-09,-1.4,"sc2307,sc2308",525.7,sc2302,6-7
2023-01-10,-1.5,"sc2307,sc2308",524.4,sc2302,6-7
2023-01-11,-1.5,"sc2307,sc2308",519.5,sc2302,6-7
2023-01-12,0.0,"sc2307,sc2308",527.3,sc2302,6-7
2023-01-13,-0.4,"sc2307,sc2308",538.8,sc2302,6-7
2023-01-16,-0.5,"sc2307,sc2308",539.4,sc2302,6-7
2023-01-17,-3.0,"sc2308,sc2309",544.2,sc2303,6-7
2023-01-18,-0.8,"sc2308,sc2309",559.6,sc2303,6-7
2023-01-19,-0.1,"sc2308,sc2309",556.2,sc2303,6-7
2023-01-20,1.1,"sc2308,sc2309",559.8,sc2303,6-7
2023-01-30,-2.0,"sc2308,sc2309",560.0,sc2303,6-7
2023-01-31,-1.0,"sc2308,sc2309",546.6,sc2303,6-7
2023-02-01,0.1,"sc2308,sc2309",548.4,sc2303,6-7
2023-02-02,0.8,"sc2308,sc2309",540.8,sc2303,6-7
2023-02-03,-0.3,"sc2308,sc2309",532.3,sc2303,6-7
2023-02-06,-0.5,"sc2308,sc2309",526.5,sc2303,6-7
2023-02-07,-0.7,"sc2308,sc2309",523.8,sc2303,6-7
2023-02-08,-0.7,"sc2308,sc2309",537.9,sc2303,6-7
2023-02-09,-0.4,"sc2308,sc2309",550.9,sc2303,6-7
2023-02-10,0.2,"sc2308,sc2309",552.6,sc2303,6-7
2023-02-13,0.5,"sc2308,sc2309",563.0,sc2303,6-7
2023-02-14,0.4,"sc2308,sc2309",566.3,sc2303,6-7
2023-02-15,1.8,"sc2308,sc2309",567.9,sc2303,6-7
2023-02-16,1.5,"sc2308,sc2309",572.4,sc2303,6-7
2023-02-17,1.0,"sc2308,sc2309",579.1,sc2303,6-7
2023-02-20,1.2,"sc2308,sc2309",559.1,sc2303,6-7
2023-02-21,0.4,"sc2308,sc2309",557.0,sc2303,6-7
2023-02-22,-0.9,"sc2308,sc2309",556.1,sc2303,6-7
2023-02-23,-0.7,"sc2308,sc2309",552.0,sc2303,6-7
2023-02-24,-0.3,"sc2308,sc2309",548.6,sc2303,6-7
2023-02-27,0.3,"sc2308,sc2309",561.2,sc2303,6-7
2023-02-28,0.6,"sc2308,sc2309",553.0,sc2303,6-7
2023-03-01,0.5,"sc2309,sc2310",556.5,sc2304,6-7
2023-03-02,-0.2,"sc2309,sc2310",556.0,sc2304,6-7
2023-03-03,1.0,"sc2309,sc2310",566.5,sc2304,6-7
2023-03-06,1.0,"sc2309,sc2310",568.7,sc2304,6-7
2023-03-07,1.0,"sc2309,sc2310",579.2,sc2304,6-7
2023-03-08,0.8,"sc2309,sc2310",571.1,sc2304,6-7
2023-03-09,1.3,"sc2309,sc2310",560.5,sc2304,6-7
2023-03-10,0.8,"sc2309,sc2310",557.3,sc2304,6-7
2023-03-13,1.1,"sc2309,sc2310",551.7,sc2304,6-7
2023-03-14,0.8,"sc2309,sc2310",535.6,sc2304,6-7
2023-03-15,0.6,"sc2309,sc2310",526.7,sc2304,6-7
2023-03-16,-0.5,"sc2309,sc2310",496.4,sc2304,6-7
2023-03-17,-0.4,"sc2309,sc2310",496.1,sc2304,6-7
2023-03-20,-0.2,"sc2309,sc2310",490.2,sc2304,6-7
2023-03-21,-0.1,"sc2309,sc2310",486.1,sc2304,6-7
2023-03-22,0.0,"sc2309,sc2310",497.7,sc2304,6-7
2023-03-23,-0.1,"sc2309,sc2310",504.4,sc2304,6-7
2023-03-24,0.1,"sc2309,sc2310",505.2,sc2304,6-7
2023-03-27,-0.2,"sc2309,sc2310",498.0,sc2304,6-7
2023-03-28,-0.2,"sc2309,sc2310",514.8,sc2304,6-7
2023-03-29,0.4,"sc2309,sc2310",524.3,sc2304,6-7
2023-03-30,0.6,"sc2309,sc2310",525.8,sc2304,6-7
2023-03-31,0.8,"sc2309,sc2310",531.0,sc2304,6-7
2023-04-03,0.9,"sc2310,sc2311",547.2,sc2305,6-7
2023-04-04,1.5,"sc2310,sc2311",576.9,sc2305,6-7
2023-04-06,2.6,"sc2310,sc2311",583.0,sc2305,6-7
2023-04-07,1.9,"sc2310,sc2311",586.9,sc2305,6-7
2023-04-10,2.4,"sc2310,sc2311",589.3,sc2305,6-7
2023-04-11,2.4,"sc2310,sc2311",586.3,sc2305,6-7
2023-04-12,2.3,"sc2310,sc2311",591.9,sc2305,6-7
2023-04-13,2.7,"sc2310,sc2311",601.8,sc2305,6-7
2023-04-14,2.9,"sc2310,sc2311",597.4,sc2305,6-7
2023-04-17,2.9,"sc2310,sc2311",599.2,sc2305,6-7
2023-04-18,2.4,"sc2310,sc2311",597.5,sc2305,6-7
2023-04-19,3.2,"sc2310,sc2311",593.6,sc2305,6-7
2023-04-20,2.7,"sc2310,sc2311",580.9,sc2305,6-7
2023-04-21,1.4,"sc2310,sc2311",566.6,sc2305,6-7
2023-04-24,1.4,"sc2310,sc2311",565.4,sc2305,6-7
2023-04-25,1.9,"sc2310,sc2311",566.9,sc2305,6-7
2023-04-26,0.7,"sc2310,sc2311",561.8,sc2305,6-7
2023-04-27,-0.1,"sc2310,sc2311",534.9,sc2305,6-7
2023-04-28,-0.5,"sc2310,sc2311",545.9,sc2305,6-7
2023-05-04,-1.5,"sc2311,sc2312",494.9,sc2306,6-7
2023-05-05,-1.1,"sc2311,sc2312",491.7,sc2306,6-7
2023-05-08,-1.0,"sc2311,sc2312",508.7,sc2306,6-7
2023-05-09,-0.9,"sc2311,sc2312",518.9,sc2306,6-7
2023-05-10,-0.7,"sc2311,sc2312",517.5,sc2306,6-7
2023-05-11,-0.9,"sc2311,sc2312",514.7,sc2306,6-7
2023-05-12,-0.7,"sc2311,sc2312",502.1,sc2306,6-7
2023-05-15,-1.1,"sc2311,sc2312",496.2,sc2306,6-7
2023-05-16,-0.7,"sc2311,sc2312",505.7,sc2306,6-7
2023-05-17,-0.3,"sc2311,sc2312",504.1,sc2306,6-7
2023-05-18,-0.5,"sc2311,sc2312",512.7,sc2306,6-7
2023-05-19,-0.1,"sc2311,sc2312",514.4,sc2306,6-7
2023-05-22,-0.1,"sc2311,sc2312",509.6,sc2306,6-7
2023-05-23,-0.6,"sc2311,sc2312",513.7,sc2306,6-7
2023-05-24,-0.5,"sc2311,sc2312",523.5,sc2306,6-7
2023-05-25,-0.1,"sc2311,sc2312",529.4,sc2306,6-7
2023-05-26,-0.3,"sc2311,sc2312",516.7,sc2306,6-7
2023-05-29,0.2,"sc2311,sc2312",527.4,sc2306,6-7
2023-05-30,0.4,"sc2311,sc2312",528.2,sc2306,6-7
2023-05-31,0.2,"sc2311,sc2312",517.5,sc2306,6-7
2023-06-01,0.8,"sc2312,sc2401",501.9,sc2307,6-7
2023-06-02,-0.1,"sc2312,sc2401",511.8,sc2307,6-7
2023-06-05,0.2,"sc2312,sc2401",523.7,sc2307,6-7
2023-06-06,-0.1,"sc2312,sc2401",528.0,sc2307,6-7
2023-06-07,1.5,"sc2312,sc2401",524.1,sc2307,6-7
2023-06-08,0.4,"sc2312,sc2401",534.2,sc2307,6-7
2023-06-09,0.7,"sc2312,sc2401",527.3,sc2307,6-7
2023-06-12,0.6,"sc2312,sc2401",523.1,sc2307,6-7
2023-06-13,0.5,"sc2312,sc2401",506.3,sc2307,6-7
2023-06-14,0.9,"sc2312,sc2401",519.6,sc2307,6-7
2023-06-15,0.8,"sc2312,sc2401",517.6,sc2307,6-7
2023-06-16,-0.2,"sc2312,sc2401",525.1,sc2307,6-7
2023-06-19,1.0,"sc2312,sc2401",530.0,sc2307,6-7
2023-06-20,0.8,"sc2312,sc2401",533.6,sc2307,6-7
2023-06-21,0.9,"sc2312,sc2401",542.5,sc2307,6-7
2023-06-26,1.7,"sc2312,sc2401",539.3,sc2307,6-7
2023-06-27,1.8,"sc2312,sc2401",541.1,sc2307,6-7
2023-06-28,2.3,"sc2312,sc2401",534.6,sc2307,6-7
2023-06-29,1.4,"sc2312,sc2401",539.1,sc2307,6-7
2023-06-30,1.7,"sc2312,sc2401",542.1,sc2307,6-7
2023-07-03,3.9,"sc2401,sc2402",551.7,sc2308,6-7
2023-07-04,2.4,"sc2401,sc2402",551.0,sc2308,6-7
2023-07-05,3.5,"sc2401,sc2402",553.8,sc2308,6-7
2023-07-06,3.8,"sc2401,sc2402",558.8,sc2308,6-7
2023-07-07,4.9,"sc2401,sc2402",556.5,sc2308,6-7
2023-07-10,2.9,"sc2401,sc2402",565.3,sc2308,6-7
2023-07-11,3.1,"sc2401,sc2402",568.8,sc2308,6-7
2023-07-12,3.3,"sc2401,sc2402",574.4,sc2308,6-7
2023-07-13,3.0,"sc2401,sc2402",578.6,sc2308,6-7
2023-07-14,2.9,"sc2401,sc2402",584.9,sc2308,6-7
2023-07-17,3.2,"sc2401,sc2402",580.1,sc2308,6-7
2023-07-18,2.7,"sc2401,sc2402",577.2,sc2308,6-7
2023-07-19,3.1,"sc2401,sc2402",583.4,sc2308,6-7
2023-07-20,1.8,"sc2401,sc2402",589.1,sc2308,6-7
2023-07-21,2.5,"sc2401,sc2402",585.3,sc2308,6-7
2023-07-24,2.5,"sc2401,sc2402",587.7,sc2308,6-7
2023-07-25,2.3,"sc2401,sc2402",598.9,sc2308,6-7
2023-07-26,2.8,"sc2401,sc2402",601.8,sc2308,6-7
2023-07-27,3.1,"sc2401,sc2402",606.8,sc2308,6-7
2023-07-28,3.2,"sc2401,sc2402",610.3,sc2308,6-7
2023-07-31,3.3,"sc2401,sc2402",604.4,sc2308,6-7
2023-08-01,3.7,"sc2402,sc2403",618.2,sc2309,6-7
2023-08-02,3.1,"sc2402,sc2403",621.8,sc2309,6-7
2023-08-03,2.7,"sc2402,sc2403",610.6,sc2309,6-7
2023-08-04,3.4,"sc2402,sc2403",619.3,sc2309,6-7
2023-08-07,3.5,"sc2402,sc2403",627.5,sc2309,6-7
2023-08-08,3.3,"sc2402,sc2403",625.5,sc2309,6-7
2023-08-09,3.7,"sc2402,sc2403",626.9,sc2309,6-7
2023-08-10,4.1,"sc2402,sc2403",638.1,sc2309,6-7
2023-08-11,3.7,"sc2402,sc2403",639.4,sc2309,6-7
2023-08-14,4.6,"sc2402,sc2403",658.7,sc2309,6-7
2023-08-15,4.7,"sc2402,sc2403",658.7,sc2309,6-7
2023-08-16,5.0,"sc2402,sc2403",655.8,sc2309,6-7
2023-08-17,4.8,"sc2402,sc2403",655.6,sc2309,6-7
2023-08-18,4.4,"sc2402,sc2403",658.4,sc2309,6-7
2023-08-21,4.5,"sc2402,sc2403",667.6,sc2309,6-7
2023-08-22,5.3,"sc2402,sc2403",671.8,sc2309,6-7
2023-08-23,4.9,"sc2402,sc2403",665.6,sc2309,6-7
2023-08-24,4.7,"sc2402,sc2403",668.8,sc2309,6-7
2023-08-25,3.1,"sc2402,sc2403",678.7,sc2309,6-7
2023-08-28,4.3,"sc2402,sc2403",690.9,sc2309,6-7
2023-08-29,4.4,"sc2402,sc2403",657.4,sc2309,6-7
2023-08-30,4.9,"sc2402,sc2403",632.0,sc2309,6-7
2023-08-31,6.0,"sc2402,sc2403",607.6,sc2309,6-7
2023-09-01,5.5,"sc2403,sc2404",649.8,sc2310,6-7
2023-09-04,6.5,"sc2403,sc2404",666.2,sc2310,6-7
2023-09-05,7.5,"sc2403,sc2404",668.6,sc2310,6-7
2023-09-06,7.4,"sc2403,sc2404",690.0,sc2310,6-7
2023-09-07,7.6,"sc2403,sc2404",691.0,sc2310,6-7
2023-09-08,7.0,"sc2403,sc2404",693.8,sc2310,6-7
2023-09-11,7.5,"sc2403,sc2404",694.8,sc2310,6-7
2023-09-12,6.8,"sc2403,sc2404",696.3,sc2310,6-7
2023-09-13,6.3,"sc2403,sc2404",708.3,sc2310,6-7
2023-09-14,7.2,"sc2403,sc2404",717.7,sc2310,6-7
2023-09-15,8.0,"sc2403,sc2404",736.8,sc2310,6-7
2023-09-18,7.3,"sc2403,sc2404",733.1,sc2310,6-7
2023-09-19,8.0,"sc2403,sc2404",736.7,sc2310,6-7
2023-09-20,7.7,"sc2403,sc2404",728.9,sc2310,6-7
2023-09-21,6.8,"sc2403,sc2404",725.6,sc2310,6-7
2023-09-22,7.1,"sc2403,sc2404",736.5,sc2310,6-7
2023-09-25,7.3,"sc2403,sc2404",731.7,sc2310,6-7
2023-09-26,6.4,"sc2403,sc2404",702.4,sc2310,6-7
2023-09-27,7.0,"sc2403,sc2404",695.9,sc2310,6-7
2023-09-28,9.3,"sc2403,sc2404",700.9,sc2310,6-7
2023-10-09,5.2,"sc2404,sc2405",660.7,sc2311,6-7
2023-10-10,4.7,"sc2404,sc2405",660.8,sc2311,6-7
2023-10-11,4.7,"sc2404,sc2405",657.0,sc2311,6-7
2023-10-12,4.1,"sc2404,sc2405",650.1,sc2311,6-7
2023-10-13,4.8,"sc2404,sc2405",652.3,sc2311,6-7
2023-10-16,7.7,"sc2404,sc2405",676.5,sc2311,6-7
2023-10-17,9.0,"sc2404,sc2405",674.6,sc2311,6-7
2023-10-18,8.6,"sc2404,sc2405",681.5,sc2311,6-7
2023-10-19,9.3,"sc2404,sc2405",689.1,sc2311,6-7
2023-10-20,9.1,"sc2404,sc2405",694.0,sc2311,6-7
2023-10-23,9.9,"sc2404,sc2405",694.9,sc2311,6-7
2023-10-24,9.2,"sc2404,sc2405",682.7,sc2311,6-7
2023-10-25,6.2,"sc2404,sc2405",668.0,sc2311,6-7
2023-10-26,6.7,"sc2404,sc2405",674.5,sc2311,6-7
2023-10-27,6.9,"sc2404,sc2405",673.0,sc2311,6-7
2023-10-30,6.4,"sc2404,sc2405",678.3,sc2311,6-7
2023-10-31,5.0,"sc2404,sc2405",671.6,sc2311,6-7
2023-11-01,3.2,"sc2405,sc2406",649.8,sc2312,6-7
2023-11-02,3.3,"sc2405,sc2406",650.1,sc2312,6-7
2023-11-03,4.5,"sc2405,sc2406",653.5,sc2312,6-7
2023-11-06,4.1,"sc2405,sc2406",647.3,sc2312,6-7
2023-11-07,4.6,"sc2405,sc2406",636.5,sc2312,6-7
2023-11-08,1.5,"sc2405,sc2406",610.4,sc2312,6-7
2023-11-09,0.6,"sc2405,sc2406",596.2,sc2312,6-7
2023-11-10,0.1,"sc2405,sc2406",596.9,sc2312,6-7
2023-11-13,0.6,"sc2405,sc2406",598.9,sc2312,6-7
2023-11-14,1.0,"sc2405,sc2406",602.7,sc2312,6-7
2023-11-15,0.4,"sc2405,sc2406",604.1,sc2312,6-7
2023-11-16,-1.0,"sc2405,sc2406",590.4,sc2312,6-7
2023-11-17,-1.8,"sc2405,sc2406",568.9,sc2312,6-7
2023-11-20,-0.9,"sc2405,sc2406",576.7,sc2312,6-7
2023-11-21,0.4,"sc2405,sc2406",587.4,sc2312,6-7
2023-11-22,0.5,"sc2405,sc2406",589.2,sc2312,6-7
2023-11-23,-0.3,"sc2405,sc2406",571.9,sc2312,6-7
2023-11-24,-0.1,"sc2405,sc2406",575.9,sc2312,6-7
2023-11-27,-0.2,"sc2405,sc2406",573.3,sc2312,6-7
2023-11-28,-1.0,"sc2405,sc2406",566.9,sc2312,6-7
2023-11-29,-0.2,"sc2405,sc2406",573.7,sc2312,6-7
2023-11-30,-0.2,"sc2405,sc2406",577.1,sc2312,6-7
2023-12-01,1.5,"sc2406,sc2407",579.3,sc2401,6-7
2023-12-04,0.3,"sc2406,sc2407",566.0,sc2401,6-7
2023-12-05,1.2,"sc2406,sc2407",556.7,sc2401,6-7
2023-12-06,0.6,"sc2406,sc2407",554.3,sc2401,6-7
2023-12-07,0.7,"sc2406,sc2407",536.6,sc2401,6-7
2023-12-08,1.1,"sc2406,sc2407",546.7,sc2401,6-7
2023-12-11,1.7,"sc2406,sc2407",551.5,sc2401,6-7
2023-12-12,1.7,"sc2406,sc2407",550.8,sc2401,6-7
2023-12-13,0.2,"sc2406,sc2407",530.2,sc2401,6-7
2023-12-14,0.7,"sc2406,sc2407",529.5,sc2401,6-7
2023-12-15,-0.1,"sc2406,sc2407",542.9,sc2401,6-7
2023-12-18,-0.2,"sc2406,sc2407",542.5,sc2401,6-7
2023-12-19,0.1,"sc2406,sc2407",553.8,sc2401,6-7
2023-12-20,0.1,"sc2406,sc2407",556.1,sc2401,6-7
2023-12-21,0.3,"sc2406,sc2407",560.2,sc2401,6-7
2023-12-22,0.6,"sc2406,sc2407",554.9,sc2401,6-7
2023-12-25,0.3,"sc2406,sc2407",552.7,sc2401,6-7
2023-12-26,0.1,"sc2406,sc2407",553.7,sc2401,6-7
2023-12-27,1.0,"sc2406,sc2407",567.3,sc2401,6-7
2023-12-28,0.4,"sc2406,sc2407",560.2,sc2401,6-7
2023-12-29,0.2,"sc2406,sc2407",551.2,sc2401,6-7
2024-01-02,3.7,"sc2407,sc2408",547.2,sc2402,6-7
2024-01-03,1.4,"sc2407,sc2408",544.7,sc2402,6-7
2024-01-04,0.8,"sc2407,sc2408",554.3,sc2402,6-7
2024-01-05,1.0,"sc2407,sc2408",552.9,sc2402,6-7
2024-01-08,0.3,"sc2407,sc2408",556.6,sc2402,6-7
2024-01-09,1.3,"sc2407,sc2408",539.0,sc2402,6-7
2024-01-10,1.1,"sc2407,sc2408",553.2,sc2402,6-7
2024-01-11,1.3,"sc2407,sc2408",559.0,sc2402,6-7
2024-01-12,1.0,"sc2407,sc2408",566.1,sc2402,6-7
2024-01-15,0.7,"sc2407,sc2408",562.8,sc2402,6-7
2024-01-16,1.1,"sc2407,sc2408",553.5,sc2402,6-7
2024-01-17,1.7,"sc2407,sc2408",554.5,sc2402,6-7
2024-01-18,1.1,"sc2407,sc2408",550.6,sc2402,6-7
2024-01-19,1.4,"sc2407,sc2408",557.9,sc2402,6-7
2024-01-22,1.5,"sc2407,sc2408",557.9,sc2402,6-7
2024-01-23,1.1,"sc2407,sc2408",564.2,sc2402,6-7
2024-01-24,1.3,"sc2407,sc2408",562.0,sc2402,6-7
2024-01-25,1.4,"sc2407,sc2408",567.7,sc2402,6-7
2024-01-26,1.6,"sc2407,sc2408",579.7,sc2402,6-7
2024-01-29,1.2,"sc2407,sc2408",587.6,sc2402,6-7
2024-01-30,1.3,"sc2407,sc2408",584.8,sc2402,6-7
2024-01-31,1.8,"sc2407,sc2408",577.8,sc2402,6-7
2024-02-01,0.6,"sc2408,sc2409",579.4,sc2403,6-7
2024-02-02,0.7,"sc2408,sc2409",572.2,sc2403,6-7
2024-02-05,0.8,"sc2408,sc2409",555.9,sc2403,6-7
2024-02-06,0.3,"sc2408,sc2409",556.6,sc2403,6-7
2024-02-07,1.5,"sc2408,sc2409",562.1,sc2403,6-7
2024-02-08,2.2,"sc2408,sc2409",567.4,sc2403,6-7
2024-02-19,-7.3,"sc2408,sc2409",581.7,sc2403,6-7
2024-02-20,3.0,"sc2408,sc2409",598.7,sc2403,6-7
2024-02-21,3.5,"sc2408,sc2409",592.2,sc2403,6-7
2024-02-22,2.7,"sc2408,sc2409",593.2,sc2403,6-7
2024-02-23,3.6,"sc2408,sc2409",598.7,sc2403,6-7
2024-02-26,3.2,"sc2408,sc2409",595.7,sc2403,6-7
2024-02-27,2.9,"sc2408,sc2409",600.4,sc2403,6-7
2024-02-28,3.5,"sc2408,sc2409",613.0,sc2403,6-7
2024-02-29,4.1,"sc2408,sc2409",613.1,sc2403,6-7
2024-03-01,3.8,"sc2409,sc2410",607.0,sc2404,6-7
2024-03-04,3.8,"sc2409,sc2410",617.9,sc2404,6-7
2024-03-05,4.4,"sc2409,sc2410",615.4,sc2404,6-7
2024-03-06,4.7,"sc2409,sc2410",608.9,sc2404,6-7
2024-03-07,3.8,"sc2409,sc2410",614.2,sc2404,6-7
2024-03-08,3.0,"sc2409,sc2410",613.6,sc2404,6-7
2024-03-11,3.8,"sc2409,sc2410",610.0,sc2404,6-7
2024-03-12,5.2,"sc2409,sc2410",616.1,sc2404,6-7
2024-03-13,4.9,"sc2409,sc2410",621.0,sc2404,6-7
2024-03-14,3.8,"sc2409,sc2410",630.5,sc2404,6-7
2024-03-15,5.5,"sc2409,sc2410",646.8,sc2404,6-7
2024-03-18,4.9,"sc2409,sc2410",635.7,sc2404,6-7
2024-03-19,4.3,"sc2409,sc2410",632.9,sc2404,6-7
2024-03-20,4.2,"sc2409,sc2410",637.0,sc2404,6-7
2024-03-21,4.2,"sc2409,sc2410",630.5,sc2404,6-7
2024-03-22,4.5,"sc2409,sc2410",626.7,sc2404,6-7
2024-03-25,4.9,"sc2409,sc2410",631.8,sc2404,6-7
2024-03-26,5.2,"sc2409,sc2410",636.3,sc2404,6-7
2024-03-27,4.2,"sc2409,sc2410",632.5,sc2404,6-7
2024-03-28,5.0,"sc2409,sc2410",635.0,sc2404,6-7
2024-03-29,5.0,"sc2409,sc2410",651.3,sc2404,6-7
2024-04-01,7.1,"sc2410,sc2411",645.2,sc2405,6-7
2024-04-02,5.3,"sc2410,sc2411",647.0,sc2405,6-7
2024-04-03,5.4,"sc2410,sc2411",656.1,sc2405,6-7
2024-04-08,10.3,"sc2410,sc2411",660.8,sc2405,6-7
2024-04-09,5.6,"sc2410,sc2411",666.2,sc2405,6-7
2024-04-10,6.1,"sc2410,sc2411",662.2,sc2405,6-7
2024-04-11,7.1,"sc2410,sc2411",666.3,sc2405,6-7
2024-04-12,6.3,"sc2410,sc2411",667.7,sc2405,6-7
2024-04-15,5.4,"sc2410,sc2411",670.6,sc2405,6-7
2024-04-16,5.0,"sc2410,sc2411",663.9,sc2405,6-7
2024-04-17,5.7,"sc2410,sc2411",665.4,sc2405,6-7
2024-04-18,4.1,"sc2410,sc2411",652.0,sc2405,6-7
2024-04-19,6.1,"sc2410,sc2411",650.8,sc2405,6-7
2024-04-22,4.2,"sc2410,sc2411",643.0,sc2405,6-7
2024-04-23,3.9,"sc2410,sc2411",640.9,sc2405,6-7
2024-04-24,3.2,"sc2410,sc2411",646.7,sc2405,6-7
2024-04-25,4.9,"sc2410,sc2411",652.6,sc2405,6-7
2024-04-26,4.9,"sc2410,sc2411",645.9,sc2405,6-7
2024-04-29,4.9,"sc2410,sc2411",652.5,sc2405,6-7
2024-04-30,5.1,"sc2410,sc2411",649.6,sc2405,6-7
2024-05-06,2.7,"sc2411,sc2412",634.0,sc2406,6-7
2024-05-07,4.6,"sc2411,sc2412",617.6,sc2406,6-7
2024-05-08,4.6,"sc2411,sc2412",615.5,sc2406,6-7
2024-05-09,4.6,"sc2411,sc2412",615.8,sc2406,6-7
2024-05-10,3.8,"sc2411,sc2412",620.1,sc2406,6-7
2024-05-13,3.7,"sc2411,sc2412",616.2,sc2406,6-7
2024-05-14,3.6,"sc2411,sc2412",618.2,sc2406,6-7
2024-05-15,3.6,"sc2411,sc2412",613.5,sc2406,6-7
2024-05-16,3.3,"sc2411,sc2412",610.3,sc2406,6-7
2024-05-17,3.4,"sc2411,sc2412",616.5,sc2406,6-7
2024-05-20,3.6,"sc2411,sc2412",619.6,sc2406,6-7
2024-05-21,2.9,"sc2411,sc2412",616.6,sc2406,6-7
2024-05-22,3.1,"sc2411,sc2412",607.8,sc2406,6-7
2024-05-23,2.3,"sc2411,sc2412",600.9,sc2406,6-7
2024-05-24,2.9,"sc2411,sc2412",599.3,sc2406,6-7
2024-05-27,2.4,"sc2411,sc2412",602.1,sc2406,6-7
2024-05-28,3.5,"sc2411,sc2412",608.4,sc2406,6-7
2024-05-29,3.5,"sc2411,sc2412",616.2,sc2406,6-7
2024-05-30,3.1,"sc2411,sc2412",620.8,sc2406,6-7
2024-05-31,2.4,"sc2411,sc2412",607.9,sc2406,6-7
2024-06-03,2.3,"sc2412,sc2501",599.7,sc2407,6-7
2024-06-04,0.5,"sc2412,sc2501",578.6,sc2407,6-7
2024-06-05,1.9,"sc2412,sc2501",570.5,sc2407,6-7
2024-06-06,2.3,"sc2412,sc2501",575.3,sc2407,6-7
2024-06-07,2.4,"sc2412,sc2501",583.1,sc2407,6-7
2024-06-11,2.7,"sc2412,sc2501",589.2,sc2407,6-7
2024-06-12,3.0,"sc2412,sc2501",601.9,sc2407,6-7
2024-06-13,2.3,"sc2412,sc2501",605.7,sc2407,6-7
2024-06-14,3.3,"sc2412,sc2501",606.4,sc2407,6-7
2024-06-17,2.6,"sc2412,sc2501",605.1,sc2407,6-7
2024-06-18,2.8,"sc2412,sc2501",612.8,sc2407,6-7
2024-06-19,3.3,"sc2412,sc2501",620.6,sc2407,6-7
2024-06-20,3.3,"sc2412,sc2501",623.6,sc2407,6-7
2024-06-21,3.0,"sc2412,sc2501",626.0,sc2407,6-7
2024-06-24,3.1,"sc2412,sc2501",625.1,sc2407,6-7
2024-06-25,3.4,"sc2412,sc2501",626.6,sc2407,6-7
2024-06-26,2.7,"sc2412,sc2501",625.1,sc2407,6-7
2024-06-27,4.2,"sc2412,sc2501",621.2,sc2407,6-7
2024-06-28,3.1,"sc2412,sc2501",625.0,sc2407,6-7
2024-07-01,2.9,"sc2501,sc2502",623.5,sc2408,6-7
2024-07-02,4.4,"sc2501,sc2502",631.1,sc2408,6-7
2024-07-03,4.3,"sc2501,sc2502",634.5,sc2408,6-7
2024-07-04,3.9,"sc2501,sc2502",634.3,sc2408,6-7
2024-07-05,5.8,"sc2501,sc2502",636.8,sc2408,6-7
2024-07-08,4.3,"sc2501,sc2502",634.2,sc2408,6-7
2024-07-09,4.5,"sc2501,sc2502",626.8,sc2408,6-7
2024-07-10,4.0,"sc2501,sc2502",620.2,sc2408,6-7
2024-07-11,3.4,"sc2501,sc2502",622.5,sc2408,6-7
2024-07-12,4.9,"sc2501,sc2502",620.7,sc2408,6-7
2024-07-15,4.4,"sc2501,sc2502",619.8,sc2408,6-7
2024-07-16,3.9,"sc2501,sc2502",615.9,sc2408,6-7
2024-07-17,3.7,"sc2501,sc2502",608.1,sc2408,6-7
2024-07-18,4.8,"sc2501,sc2502",615.0,sc2408,6-7
2024-07-19,4.2,"sc2501,sc2502",611.1,sc2408,6-7
2024-07-22,3.6,"sc2501,sc2502",600.1,sc2408,6-7
2024-07-23,4.3,"sc2501,sc2502",591.3,sc2408,6-7
2024-07-24,3.8,"sc2501,sc2502",583.6,sc2408,6-7
2024-07-25,2.5,"sc2501,sc2502",584.1,sc2408,6-7
2024-07-26,2.7,"sc2501,sc2502",585.3,sc2408,6-7
2024-07-29,2.8,"sc2501,sc2502",584.7,sc2408,6-7
2024-07-30,2.2,"sc2501,sc2502",586.3,sc2408,6-7
2024-07-31,2.3,"sc2501,sc2502",581.2,sc2408,6-7
2024-08-01,2.7,"sc2502,sc2503",587.9,sc2409,6-7
2024-08-02,2.4,"sc2502,sc2503",585.0,sc2409,6-7
2024-08-05,2.3,"sc2502,sc2503",555.7,sc2409,6-7
2024-08-06,2.9,"sc2502,sc2503",549.7,sc2409,6-7
2024-08-07,2.5,"sc2502,sc2503",546.3,sc2409,6-7
2024-08-08,2.5,"sc2502,sc2503",555.9,sc2409,6-7
2024-08-09,3.2,"sc2502,sc2503",560.4,sc2409,6-7
2024-08-12,2.4,"sc2502,sc2503",563.4,sc2409,6-7
2024-08-13,2.7,"sc2502,sc2503",576.4,sc2409,6-7
2024-08-14,3.1,"sc2502,sc2503",574.7,sc2409,6-7
2024-08-15,2.5,"sc2502,sc2503",568.8,sc2409,6-7
2024-08-16,3.4,"sc2502,sc2503",574.6,sc2409,6-7
2024-08-19,2.4,"sc2502,sc2503",563.2,sc2409,6-7
2024-08-20,2.4,"sc2502,sc2503",551.5,sc2409,6-7
2024-08-21,2.0,"sc2502,sc2503",545.2,sc2409,6-7
2024-08-22,2.2,"sc2502,sc2503",538.9,sc2409,6-7
2024-08-23,2.3,"sc2502,sc2503",540.2,sc2409,6-7
2024-08-26,2.3,"sc2502,sc2503",552.6,sc2409,6-7
2024-08-27,3.7,"sc2502,sc2503",566.9,sc2409,6-7
2024-08-28,3.1,"sc2502,sc2503",557.6,sc2409,6-7
2024-08-29,2.5,"sc2502,sc2503",551.9,sc2409,6-7
2024-08-30,3.2,"sc2502,sc2503",563.1,sc2409,6-7
2024-09-02,1.9,"sc2503,sc2504",542.6,sc2410,6-7
2024-09-03,2.4,"sc2503,sc2504",547.8,sc2410,6-7
2024-09-04,3.0,"sc2503,sc2504",526.2,sc2410,6-7
2024-09-05,2.3,"sc2503,sc2504",522.2,sc2410,6-7
2024-09-06,1.7,"sc2503,sc2504",520.5,sc2410,6-7
2024-09-09,1.5,"sc2503,sc2504",511.7,sc2410,6-7
2024-09-10,1.9,"sc2503,sc2504",510.9,sc2410,6-7
2024-09-11,1.0,"sc2503,sc2504",499.1,sc2410,6-7
2024-09-12,1.4,"sc2503,sc2504",505.1,sc2410,6-7
2024-09-13,1.6,"sc2503,sc2504",514.0,sc2410,6-7
2024-09-18,5.0,"sc2503,sc2504",514.3,sc2410,6-7
2024-09-19,1.9,"sc2503,sc2504",514.6,sc2410,6-7
2024-09-20,1.8,"sc2503,sc2504",521.9,sc2410,6-7
2024-09-23,2.3,"sc2503,sc2504",520.9,sc2410,6-7
2024-09-24,2.3,"sc2503,sc2504",520.1,sc2410,6-7
2024-09-25,1.9,"sc2503,sc2504",526.2,sc2410,6-7
2024-09-26,2.8,"sc2503,sc2504",532.0,sc2410,6-7
2024-09-27,2.0,"sc2503,sc2504",518.9,sc2410,6-7
2024-09-30,0.5,"sc2503,sc2504",520.7,sc2410,6-7
2024-10-08,4.7,"sc2504,sc2505",551.1,sc2411,6-7
2024-10-09,2.4,"sc2504,sc2505",564.0,sc2411,6-7
2024-10-10,2.2,"sc2504,sc2505",554.3,sc2411,6-7
2024-10-11,2.3,"sc2504,sc2505",570.3,sc2411,6-7
2024-10-14,2.7,"sc2504,sc2505",574.5,sc2411,6-7
2024-10-15,2.6,"sc2504,sc2505",558.8,sc2411,6-7
2024-10-16,1.2,"sc2504,sc2505",539.1,sc2411,6-7
2024-10-17,1.9,"sc2504,sc2505",537.7,sc2411,6-7
2024-10-18,2.0,"sc2504,sc2505",537.0,sc2411,6-7
2024-10-21,1.1,"sc2504,sc2505",529.3,sc2411,6-7
2024-10-22,1.4,"sc2504,sc2505",535.9,sc2411,6-7
2024-10-23,1.5,"sc2504,sc2505",550.4,sc2411,6-7
2024-10-24,2.1,"sc2504,sc2505",551.9,sc2411,6-7
2024-10-25,1.9,"sc2504,sc2505",543.8,sc2411,6-7
2024-10-28,1.4,"sc2504,sc2505",535.9,sc2411,6-7
2024-10-29,0.6,"sc2504,sc2505",512.1,sc2411,6-7
2024-10-30,0.2,"sc2504,sc2505",509.6,sc2411,6-7
2024-10-31,0.4,"sc2504,sc2505",524.2,sc2411,6-7
2024-11-01,1.1,"sc2505,sc2506",528.3,sc2412,6-7
2024-11-04,0.5,"sc2505,sc2506",530.3,sc2412,6-7
2024-11-05,1.5,"sc2505,sc2506",536.3,sc2412,6-7
2024-11-06,2.2,"sc2505,sc2506",538.6,sc2412,6-7
2024-11-07,1.7,"sc2505,sc2506",540.4,sc2412,6-7
2024-11-08,2.0,"sc2505,sc2506",539.0,sc2412,6-7
2024-11-11,1.2,"sc2505,sc2506",532.2,sc2412,6-7
2024-11-12,1.5,"sc2505,sc2506",521.6,sc2412,6-7
2024-11-13,0.9,"sc2505,sc2506",525.7,sc2412,6-7
2024-11-14,0.8,"sc2505,sc2506",523.6,sc2412,6-7
2024-11-15,0.7,"sc2505,sc2506",526.5,sc2412,6-7
2024-11-18,1.0,"sc2505,sc2506",520.0,sc2412,6-7
2024-11-19,1.3,"sc2505,sc2506",527.7,sc2412,6-7
2024-11-20,1.2,"sc2505,sc2506",531.5,sc2412,6-7
2024-11-21,1.9,"sc2505,sc2506",536.0,sc2412,6-7
2024-11-22,2.4,"sc2505,sc2506",543.9,sc2412,6-7
2024-11-25,2.6,"sc2505,sc2506",542.6,sc2412,6-7
2024-11-26,2.1,"sc2505,sc2506",533.0,sc2412,6-7
2024-11-27,1.9,"sc2505,sc2506",531.6,sc2412,6-7
2024-11-28,1.7,"sc2505,sc2506",531.2,sc2412,6-7
2024-11-29,1.6,"sc2505,sc2506",520.4,sc2412,6-7
2024-12-02,1.3,"sc2506,sc2507",529.9,sc2501,6-7
2024-12-03,1.3,"sc2506,sc2507",529.9,sc2501,6-7
2024-12-04,2.0,"sc2506,sc2507",538.2,sc2501,6-7
2024-12-05,2.0,"sc2506,sc2507",535.4,sc2501,6-7
2024-12-06,1.7,"sc2506,sc2507",528.3,sc2501,6-7
2024-12-09,1.5,"sc2506,sc2507",522.1,sc2501,6-7
2024-12-10,1.5,"sc2506,sc2507",529.5,sc2501,6-7
2024-12-11,1.6,"sc2506,sc2507",530.6,sc2501,6-7
2024-12-12,1.7,"sc2506,sc2507",537.7,sc2501,6-7
2024-12-13,1.9,"sc2506,sc2507",542.5,sc2501,6-7
2024-12-16,2.0,"sc2506,sc2507",548.9,sc2501,6-7
2024-12-17,2.1,"sc2506,sc2507",548.7,sc2501,6-7
2024-12-18,2.0,"sc2506,sc2507",543.8,sc2501,6-7
2024-12-19,2.5,"sc2506,sc2507",548.5,sc2501,6-7
2024-12-20,2.4,"sc2506,sc2507",546.1,sc2501,6-7
2024-12-23,2.7,"sc2506,sc2507",543.7,sc2501,6-7
2024-12-24,2.6,"sc2506,sc2507",542.5,sc2501,6-7
2024-12-25,2.5,"sc2506,sc2507",548.5,sc2501,6-7
2024-12-26,2.4,"sc2506,sc2507",551.9,sc2501,6-7
2024-12-27,2.2,"sc2506,sc2507",552.8,sc2501,6-7
2024-12-30,2.7,"sc2506,sc2507",550.0,sc2501,6-7
2024-12-31,2.8,"sc2506,sc2507",549.8,sc2501,6-7
2025-01-02,0.7,"sc2507,sc2508",560.9,sc2502,6-7
2025-01-03,2.2,"sc2507,sc2508",571.1,sc2502,6-7
2025-01-06,1.7,"sc2507,sc2508",577.2,sc2502,6-7
2025-01-07,2.6,"sc2507,sc2508",579.6,sc2502,6-7
2025-01-08,2.9,"sc2507,sc2508",587.8,sc2502,6-7
2025-01-09,3.7,"sc2507,sc2508",583.6,sc2502,6-7
2025-01-10,3.1,"sc2507,sc2508",586.1,sc2502,6-7
2025-01-13,6.1,"sc2507,sc2508",613.7,sc2502,6-7
2025-01-14,6.3,"sc2507,sc2508",620.4,sc2502,6-7
2025-01-15,7.8,"sc2507,sc2508",630.8,sc2502,6-7
2025-01-16,7.0,"sc2507,sc2508",644.3,sc2502,6-7
2025-01-17,6.4,"sc2507,sc2508",642.2,sc2502,6-7
2025-01-20,5.4,"sc2507,sc2508",640.8,sc2502,6-7
2025-01-21,7.2,"sc2507,sc2508",661.0,sc2502,6-7
2025-01-22,6.7,"sc2507,sc2508",680.6,sc2502,6-7
2025-01-23,5.7,"sc2507,sc2508",683.2,sc2502,6-7
2025-01-24,5.1,"sc2507,sc2508",647.7,sc2502,6-7
2025-01-27,6.7,"sc2507,sc2508",621.0,sc2502,6-7
2025-02-05,2.9,"sc2508,sc2509",602.3,sc2503,6-7
2025-02-06,3.5,"sc2508,sc2509",598.2,sc2503,6-7
2025-02-07,4.4,"sc2508,sc2509",599.7,sc2503,6-7
2025-02-10,3.0,"sc2508,sc2509",606.4,sc2503,6-7
2025-02-11,3.7,"sc2508,sc2509",616.8,sc2503,6-7
2025-02-12,4.1,"sc2508,sc2509",620.5,sc2503,6-7
2025-02-13,4.1,"sc2508,sc2509",605.1,sc2503,6-7
2025-02-14,3.7,"sc2508,sc2509",594.0,sc2503,6-7
2025-02-17,3.4,"sc2508,sc2509",602.5,sc2503,6-7
2025-02-18,2.1,"sc2508,sc2509",605.6,sc2503,6-7
2025-02-19,3.0,"sc2508,sc2509",614.3,sc2503,6-7
2018-07-26,3.7,"sc1903,sc1904",501.9,sc1809,7-8
2018-07-27,3.5,"sc1903,sc1904",506.1,sc1809,7-8
2018-07-30,0.8,"sc1903,sc1904",507.1,sc1809,7-8
2018-07-31,1.0,"sc1903,sc1904",513.9,sc1809,7-8
2018-08-01,1.7,"sc1903,sc1904",506.0,sc1809,7-8
2018-08-02,0.1,"sc1903,sc1904",501.6,sc1809,7-8
2018-08-03,0.8,"sc1903,sc1904",508.8,sc1809,7-8
2018-08-06,0.5,"sc1903,sc1904",512.3,sc1809,7-8
2018-08-07,6.8,"sc1903,sc1904",534.1,sc1809,7-8
2018-08-08,1.2,"sc1903,sc1904",527.2,sc1809,7-8
2018-08-09,0.2,"sc1903,sc1904",518.9,sc1809,7-8
2018-08-10,0.3,"sc1903,sc1904",520.0,sc1809,7-8
2018-08-13,0.4,"sc1903,sc1904",522.5,sc1809,7-8
2018-08-14,1.5,"sc1903,sc1904",519.3,sc1809,7-8
2018-08-15,1.2,"sc1903,sc1904",519.4,sc1809,7-8
2018-08-16,1.1,"sc1903,sc1904",508.0,sc1809,7-8
2018-08-17,1.8,"sc1903,sc1904",505.2,sc1809,7-8
2018-08-20,0.6,"sc1903,sc1904",493.2,sc1809,7-8
2018-08-21,2.4,"sc1903,sc1904",480.5,sc1809,7-8
2018-08-22,2.9,"sc1903,sc1904",479.8,sc1809,7-8
2018-08-23,3.4,"sc1903,sc1904",485.0,sc1809,7-8
2018-08-24,3.0,"sc1903,sc1904",482.1,sc1809,7-8
2018-08-27,2.5,"sc1903,sc1904",482.2,sc1809,7-8
2018-08-28,3.4,"sc1903,sc1904",486.6,sc1809,7-8
2018-08-29,3.2,"sc1903,sc1904",485.7,sc1809,7-8
2018-08-30,6.2,"sc1903,sc1904",488.6,sc1809,7-8
2018-08-31,5.7,"sc1903,sc1904",488.3,sc1809,7-8
2018-09-03,-0.1,"sc1904,sc1905",503.0,sc1810,7-8
2018-09-04,-0.9,"sc1904,sc1905",504.6,sc1810,7-8
2018-09-05,-0.9,"sc1904,sc1905",505.4,sc1810,7-8
2018-09-06,-0.6,"sc1904,sc1905",501.1,sc1810,7-8
2018-09-07,-2.1,"sc1904,sc1905",496.7,sc1810,7-8
2018-09-10,-0.2,"sc1904,sc1905",498.5,sc1810,7-8
2018-09-11,-0.6,"sc1904,sc1905",500.6,sc1810,7-8
2018-09-12,-0.1,"sc1904,sc1905",503.6,sc1810,7-8
2018-09-13,-0.1,"sc1904,sc1905",515.3,sc1810,7-8
2018-09-14,-0.2,"sc1904,sc1905",501.3,sc1810,7-8
2018-09-17,-0.7,"sc1904,sc1905",510.3,sc1810,7-8
2018-09-18,-1.5,"sc1904,sc1905",507.7,sc1810,7-8
2018-09-19,-0.4,"sc1904,sc1905",528.5,sc1810,7-8
2018-09-20,-0.3,"sc1904,sc1905",532.4,sc1810,7-8
2018-09-21,1.0,"sc1905,sc1906",521.7,sc1811,7-8
2018-09-25,1.0,"sc1905,sc1906",540.6,sc1811,7-8
2018-09-26,1.5,"sc1905,sc1906",542.6,sc1811,7-8
2018-09-27,1.0,"sc1905,sc1906",545.3,sc1811,7-8
2018-09-28,2.1,"sc1905,sc1906",548.3,sc1811,7-8
2018-10-08,2.0,"sc1905,sc1906",561.2,sc1811,7-8
2018-10-10,-0.5,"sc1905,sc1906",583.0,sc1811,7-8
2018-10-11,5.1,"sc1905,sc1906",579.7,sc1811,7-8
2018-10-12,5.5,"sc1905,sc1906",562.6,sc1811,7-8
2018-10-15,6.1,"sc1905,sc1906",563.6,sc1811,7-8
2018-10-16,5.6,"sc1905,sc1906",555.3,sc1811,7-8
2018-10-17,1.0,"sc1905,sc1906",543.4,sc1811,7-8
2018-10-18,-0.5,"sc1905,sc1906",559.3,sc1811,7-8
2018-10-19,-0.7,"sc1905,sc1906",551.4,sc1811,7-8
2018-10-22,-0.6,"sc1905,sc1906",549.7,sc1811,7-8
2018-10-23,-0.5,"sc1905,sc1906",552.7,sc1811,7-8
2018-10-24,-1.6,"sc1905,sc1906",572.0,sc1811,7-8
2018-10-25,-2.2,"sc1905,sc1906",554.4,sc1811,7-8
2018-10-26,0.2,"sc1905,sc1906",577.5,sc1811,7-8
2018-10-29,-1.5,"sc1905,sc1906",576.7,sc1811,7-8
2018-10-30,-4.2,"sc1905,sc1906",576.7,sc1811,7-8
2018-10-31,-4.3,"sc1905,sc1906",573.3,sc1811,7-8
2018-11-01,7.2,"sc1906,sc1907",527.8,sc1812,7-8
2018-11-02,7.4,"sc1906,sc1907",513.7,sc1812,7-8
2018-11-05,8.6,"sc1906,sc1907",507.8,sc1812,7-8
2018-11-06,5.4,"sc1906,sc1907",512.2,sc1812,7-8
2018-11-07,5.8,"sc1906,sc1907",504.4,sc1812,7-8
2018-11-08,6.4,"sc1906,sc1907",502.7,sc1812,7-8
2018-11-09,5.6,"sc1906,sc1907",497.8,sc1812,7-8
2018-11-12,4.5,"sc1906,sc1907",492.9,sc1812,7-8
2018-11-13,3.0,"sc1906,sc1907",491.9,sc1812,7-8
2018-11-14,3.1,"sc1906,sc1907",473.8,sc1812,7-8
2018-11-15,4.8,"sc1906,sc1907",461.7,sc1812,7-8
2018-11-16,5.5,"sc1906,sc1907",465.0,sc1812,7-8
2018-11-19,7.3,"sc1906,sc1907",466.7,sc1812,7-8
2018-11-20,5.2,"sc1906,sc1907",459.7,sc1812,7-8
2018-11-21,4.2,"sc1906,sc1907",441.8,sc1812,7-8
2018-11-22,2.0,"sc1906,sc1907",438.6,sc1812,7-8
2018-11-23,0.4,"sc1906,sc1907",432.0,sc1812,7-8
2018-11-26,1.3,"sc1906,sc1907",411.4,sc1812,7-8
2018-11-27,0.3,"sc1906,sc1907",409.1,sc1812,7-8
2018-11-28,-0.2,"sc1906,sc1907",413.0,sc1812,7-8
2018-11-29,0.3,"sc1906,sc1907",407.2,sc1812,7-8
2018-11-30,1.5,"sc1906,sc1907",396.7,sc1812,7-8
2018-12-03,-0.5,"sc1907,sc1908",419.4,sc1901,7-8
2018-12-04,-0.6,"sc1907,sc1908",428.6,sc1901,7-8
2018-12-05,-0.1,"sc1907,sc1908",428.3,sc1901,7-8
2018-12-06,-1.0,"sc1907,sc1908",428.0,sc1901,7-8
2018-12-07,-0.9,"sc1907,sc1908",413.3,sc1901,7-8
2018-12-10,-1.8,"sc1907,sc1908",431.1,sc1901,7-8
2018-12-11,-1.7,"sc1907,sc1908",421.8,sc1901,7-8
2018-12-12,-3.0,"sc1907,sc1908",423.7,sc1901,7-8
2018-12-13,-2.9,"sc1907,sc1908",424.6,sc1901,7-8
2018-12-14,-2.9,"sc1907,sc1908",422.5,sc1901,7-8
2018-12-17,-2.7,"sc1907,sc1908",419.0,sc1901,7-8
2018-12-18,-2.1,"sc1907,sc1908",411.6,sc1901,7-8
2018-12-19,-2.9,"sc1907,sc1908",395.1,sc1901,7-8
2018-12-20,-2.4,"sc1907,sc1908",398.1,sc1901,7-8
2018-12-21,-1.8,"sc1907,sc1908",400.9,sc1901,7-8
2018-12-24,-2.2,"sc1907,sc1908",394.5,sc1901,7-8
2018-12-25,-1.5,"sc1907,sc1908",385.0,sc1901,7-8
2018-12-26,-2.8,"sc1907,sc1908",374.7,sc1901,7-8
2018-12-27,-3.3,"sc1907,sc1908",381.0,sc1901,7-8
2018-12-28,-2.4,"sc1907,sc1908",377.0,sc1901,7-8
2019-01-02,-4.7,"sc1908,sc1909",370.7,sc1902,7-8
2019-01-03,-1.7,"sc1908,sc1909",379.8,sc1902,7-8
2019-01-04,-2.5,"sc1908,sc1909",388.7,sc1902,7-8
2019-01-07,-1.1,"sc1908,sc1909",401.4,sc1902,7-8
2019-01-08,1.8,"sc1908,sc1909",405.1,sc1902,7-8
2019-01-09,3.2,"sc1908,sc1909",412.2,sc1902,7-8
2019-01-10,0.5,"sc1908,sc1909",423.6,sc1902,7-8
2019-01-11,3.0,"sc1908,sc1909",424.5,sc1902,7-8
2019-01-14,3.1,"sc1908,sc1909",416.3,sc1902,7-8
2019-01-15,2.8,"sc1908,sc1909",412.4,sc1902,7-8
2019-01-16,2.5,"sc1908,sc1909",410.5,sc1902,7-8
2019-01-17,3.8,"sc1908,sc1909",411.8,sc1902,7-8
2019-01-18,3.6,"sc1908,sc1909",410.5,sc1902,7-8
2019-01-21,1.6,"sc1908,sc1909",414.6,sc1902,7-8
2019-01-22,1.2,"sc1908,sc1909",417.2,sc1902,7-8
2019-01-23,-0.2,"sc1908,sc1909",427.6,sc1902,7-8
2019-01-24,0.5,"sc1908,sc1909",423.6,sc1902,7-8
2019-01-25,0.3,"sc1908,sc1909",422.6,sc1902,7-8
2019-01-28,-3.6,"sc1909,sc1910",427.8,sc1903,7-8
2019-01-29,-2.5,"sc1909,sc1910",417.9,sc1903,7-8
2019-01-30,-4.0,"sc1909,sc1910",425.2,sc1903,7-8
2019-01-31,-3.7,"sc1909,sc1910",431.4,sc1903,7-8
2019-02-01,-2.0,"sc1909,sc1910",429.8,sc1903,7-8
2019-02-11,-5.1,"sc1909,sc1910",428.2,sc1903,7-8
2019-02-12,-4.8,"sc1909,sc1910",428.7,sc1903,7-8
2019-02-13,-3.7,"sc1909,sc1910",433.3,sc1903,7-8
2019-02-14,-0.6,"sc1909,sc1910",435.9,sc1903,7-8
2019-02-15,-2.2,"sc1909,sc1910",441.7,sc1903,7-8
2019-02-18,-2.3,"sc1909,sc1910",450.6,sc1903,7-8
2019-02-20,-2.9,"sc1909,sc1910",451.2,sc1903,7-8
2019-02-21,-1.6,"sc1909,sc1910",449.6,sc1903,7-8
2019-02-22,-3.3,"sc1909,sc1910",446.4,sc1903,7-8
2019-02-25,-2.4,"sc1909,sc1910",446.3,sc1903,7-8
2019-02-26,-0.2,"sc1909,sc1910",426.8,sc1903,7-8
2019-02-27,-0.8,"sc1909,sc1910",427.3,sc1903,7-8
2019-02-28,0.0,"sc1909,sc1910",430.1,sc1903,7-8
2019-03-01,-0.3,"sc1910,sc1911",443.0,sc1904,7-8
2019-03-04,0.0,"sc1910,sc1911",438.4,sc1904,7-8
2019-03-05,3.5,"sc1910,sc1911",438.4,sc1904,7-8
2019-03-06,0.2,"sc1910,sc1911",433.8,sc1904,7-8
2019-03-07,-2.6,"sc1910,sc1911",439.7,sc1904,7-8
2019-03-08,-0.8,"sc1910,sc1911",439.9,sc1904,7-8
2019-03-11,-1.3,"sc1910,sc1911",432.9,sc1904,7-8
2019-03-12,-1.6,"sc1910,sc1911",444.9,sc1904,7-8
2019-03-13,-1.4,"sc1910,sc1911",444.2,sc1904,7-8
2019-03-14,-1.2,"sc1910,sc1911",450.4,sc1904,7-8
2019-03-15,-0.7,"sc1910,sc1911",452.2,sc1904,7-8
2019-03-18,-0.4,"sc1910,sc1911",450.1,sc1904,7-8
2019-03-19,-0.5,"sc1910,sc1911",461.8,sc1904,7-8
2019-03-20,-1.1,"sc1910,sc1911",462.5,sc1904,7-8
2019-03-21,-0.4,"sc1910,sc1911",466.3,sc1904,7-8
2019-03-22,5.6,"sc1910,sc1911",467.7,sc1904,7-8
2019-03-25,-1.3,"sc1910,sc1911",459.0,sc1904,7-8
2019-03-26,-0.5,"sc1910,sc1911",459.1,sc1904,7-8
2019-03-27,-0.5,"sc1910,sc1911",463.3,sc1904,7-8
2019-03-28,-0.3,"sc1910,sc1911",462.2,sc1904,7-8
2019-03-29,-0.2,"sc1910,sc1911",453.5,sc1904,7-8
2019-04-01,0.6,"sc1911,sc1912",459.4,sc1905,7-8
2019-04-02,-0.2,"sc1911,sc1912",467.5,sc1905,7-8
2019-04-03,0.2,"sc1911,sc1912",471.7,sc1905,7-8
2019-04-04,-1.1,"sc1911,sc1912",469.5,sc1905,7-8
2019-04-08,2.5,"sc1911,sc1912",478.2,sc1905,7-8
2019-04-09,-0.5,"sc1911,sc1912",479.3,sc1905,7-8
2019-04-10,-0.3,"sc1911,sc1912",475.7,sc1905,7-8
2019-04-11,1.3,"sc1911,sc1912",480.3,sc1905,7-8
2019-04-12,1.2,"sc1911,sc1912",475.8,sc1905,7-8
2019-04-15,-2.3,"sc1911,sc1912",473.7,sc1905,7-8
2019-04-16,-0.5,"sc1911,sc1912",468.2,sc1905,7-8
2019-04-17,-0.2,"sc1911,sc1912",470.7,sc1905,7-8
2019-04-18,1.7,"sc1911,sc1912",472.0,sc1905,7-8
2019-04-19,0.9,"sc1911,sc1912",472.5,sc1905,7-8
2019-04-22,2.7,"sc1911,sc1912",480.3,sc1905,7-8
2019-04-23,4.5,"sc1911,sc1912",489.0,sc1905,7-8
2019-04-24,4.6,"sc1911,sc1912",493.2,sc1905,7-8
2019-04-25,5.5,"sc1911,sc1912",494.7,sc1905,7-8
2019-04-26,5.0,"sc1911,sc1912",499.5,sc1905,7-8
2019-04-29,2.2,"sc1911,sc1912",485.7,sc1905,7-8
2019-04-30,2.7,"sc1911,sc1912",488.1,sc1905,7-8
2019-05-06,-2.4,"sc1912,sc2001",472.5,sc1906,7-8
2019-05-07,-0.1,"sc1912,sc2001",483.5,sc1906,7-8
2019-05-08,-1.3,"sc1912,sc2001",480.2,sc1906,7-8
2019-05-09,-1.3,"sc1912,sc2001",482.6,sc1906,7-8
2019-05-10,-0.7,"sc1912,sc2001",486.1,sc1906,7-8
2019-05-13,1.4,"sc1912,sc2001",491.3,sc1906,7-8
2019-05-14,9.6,"sc1912,sc2001",497.1,sc1906,7-8
2019-05-15,1.8,"sc1912,sc2001",501.2,sc1906,7-8
2019-05-16,2.1,"sc1912,sc2001",505.5,sc1906,7-8
2019-05-17,-0.6,"sc1912,sc2001",512.3,sc1906,7-8
2019-05-20,0.4,"sc1912,sc2001",514.2,sc1906,7-8
2019-05-21,2.5,"sc1912,sc2001",507.1,sc1906,7-8
2019-05-22,2.5,"sc1912,sc2001",504.0,sc1906,7-8
2019-05-23,0.5,"sc1912,sc2001",494.0,sc1906,7-8
2019-05-24,1.8,"sc1912,sc2001",469.7,sc1906,7-8
2019-05-27,-0.1,"sc1912,sc2001",473.7,sc1906,7-8
2019-05-28,1.8,"sc1912,sc2001",475.0,sc1906,7-8
2019-05-29,2.9,"sc1912,sc2001",470.2,sc1906,7-8
2019-05-30,0.4,"sc1912,sc2001",466.1,sc1906,7-8
2019-05-31,-4.8,"sc1912,sc2001",461.2,sc1906,7-8
2019-06-03,2.0,"sc2001,sc2002",435.2,sc1907,7-8
2019-06-04,3.4,"sc2001,sc2002",425.5,sc1907,7-8
2019-06-05,1.5,"sc2001,sc2002",426.2,sc1907,7-8
2019-06-06,1.8,"sc2001,sc2002",417.6,sc1907,7-8
2019-06-10,2.8,"sc2001,sc2002",434.5,sc1907,7-8
2019-06-11,2.9,"sc2001,sc2002",429.9,sc1907,7-8
2019-06-12,2.2,"sc2001,sc2002",426.1,sc1907,7-8
2019-06-13,2.9,"sc2001,sc2002",420.2,sc1907,7-8
2019-06-14,1.0,"sc2001,sc2002",425.5,sc1907,7-8
2019-06-17,0.7,"sc2001,sc2002",427.3,sc1907,7-8
2019-06-18,1.6,"sc2001,sc2002",419.6,sc1907,7-8
2019-06-19,1.2,"sc2001,sc2002",420.0,sc1907,7-8
2019-06-20,1.6,"sc2001,sc2002",418.9,sc1907,7-8
2019-06-21,1.9,"sc2001,sc2002",431.6,sc1907,7-8
2019-06-24,0.0,"sc2001,sc2002",436.8,sc1907,7-8
2019-06-25,1.7,"sc2001,sc2002",431.2,sc1907,7-8
2019-06-26,1.2,"sc2001,sc2002",432.9,sc1907,7-8
2019-06-27,1.6,"sc2001,sc2002",435.9,sc1907,7-8
2019-06-28,1.1,"sc2001,sc2002",437.4,sc1907,7-8
2019-07-01,0.9,"sc2002,sc2003",447.3,sc1908,7-8
2019-07-02,0.0,"sc2002,sc2003",442.0,sc1908,7-8
2019-07-03,0.9,"sc2002,sc2003",430.2,sc1908,7-8
2019-07-04,-0.6,"sc2002,sc2003",431.9,sc1908,7-8
2019-07-05,-0.8,"sc2002,sc2003",431.3,sc1908,7-8
2019-07-08,0.0,"sc2002,sc2003",439.1,sc1908,7-8
2019-07-09,-0.1,"sc2002,sc2003",443.9,sc1908,7-8
2019-07-10,-1.3,"sc2002,sc2003",441.6,sc1908,7-8
2019-07-11,0.5,"sc2002,sc2003",455.7,sc1908,7-8
2019-07-12,0.1,"sc2002,sc2003",457.8,sc1908,7-8
2019-07-15,1.8,"sc2002,sc2003",454.8,sc1908,7-8
2019-07-16,1.1,"sc2002,sc2003",453.0,sc1908,7-8
2019-07-17,1.2,"sc2002,sc2003",443.7,sc1908,7-8
2019-07-18,-0.5,"sc2002,sc2003",433.5,sc1908,7-8
2019-07-19,-1.6,"sc2002,sc2003",421.6,sc1908,7-8
2019-07-22,0.5,"sc2002,sc2003",423.1,sc1908,7-8
2019-07-23,1.7,"sc2002,sc2003",427.4,sc1908,7-8
2019-07-24,2.1,"sc2002,sc2003",430.4,sc1908,7-8
2019-07-25,2.1,"sc2002,sc2003",433.4,sc1908,7-8
2019-07-26,0.5,"sc2002,sc2003",435.8,sc1908,7-8
2019-07-29,1.4,"sc2002,sc2003",435.5,sc1908,7-8
2019-07-30,2.9,"sc2002,sc2003",425.2,sc1908,7-8
2019-07-31,2.1,"sc2002,sc2003",427.5,sc1908,7-8
2019-08-01,1.3,"sc2003,sc2004",444.0,sc1909,7-8
2019-08-02,0.3,"sc2003,sc2004",432.1,sc1909,7-8
2019-08-05,-0.4,"sc2003,sc2004",433.5,sc1909,7-8
2019-08-06,-0.2,"sc2003,sc2004",429.4,sc1909,7-8
2019-08-07,0.0,"sc2003,sc2004",423.3,sc1909,7-8
2019-08-08,-1.6,"sc2003,sc2004",408.6,sc1909,7-8
2019-08-09,-0.5,"sc2003,sc2004",409.9,sc1909,7-8
2019-08-12,1.1,"sc2003,sc2004",418.8,sc1909,7-8
2019-08-13,0.0,"sc2003,sc2004",419.7,sc1909,7-8
2019-08-14,0.9,"sc2003,sc2004",430.9,sc1909,7-8
2019-08-15,1.5,"sc2003,sc2004",420.5,sc1909,7-8
2019-08-16,1.7,"sc2003,sc2004",418.6,sc1909,7-8
2019-08-19,0.5,"sc2003,sc2004",425.7,sc1909,7-8
2019-08-20,-0.4,"sc2003,sc2004",432.8,sc1909,7-8
2019-08-21,-0.5,"sc2003,sc2004",429.5,sc1909,7-8
2019-08-22,3.0,"sc2003,sc2004",432.7,sc1909,7-8
2019-08-23,4.8,"sc2003,sc2004",428.5,sc1909,7-8
2019-08-26,0.8,"sc2003,sc2004",422.8,sc1909,7-8
2019-08-27,0.7,"sc2003,sc2004",425.2,sc1909,7-8
2019-08-28,2.2,"sc2003,sc2004",423.0,sc1909,7-8
2019-08-29,1.6,"sc2003,sc2004",429.0,sc1909,7-8
2019-08-30,-0.9,"sc2003,sc2004",411.8,sc1909,7-8
2019-09-02,-0.1,"sc2004,sc2005",432.7,sc1910,7-8
2019-09-03,1.5,"sc2004,sc2005",430.3,sc1910,7-8
2019-09-04,1.4,"sc2004,sc2005",425.5,sc1910,7-8
2019-09-05,1.2,"sc2004,sc2005",439.2,sc1910,7-8
2019-09-06,1.4,"sc2004,sc2005",445.1,sc1910,7-8
2019-09-09,1.5,"sc2004,sc2005",444.6,sc1910,7-8
2019-09-10,1.0,"sc2004,sc2005",450.1,sc1910,7-8
2019-09-11,0.0,"sc2004,sc2005",460.9,sc1910,7-8
2019-09-12,-0.6,"sc2004,sc2005",450.3,sc1910,7-8
2019-09-16,1.2,"sc2004,sc2005",479.8,sc1910,7-8
2019-09-17,0.3,"sc2004,sc2005",496.7,sc1910,7-8
2019-09-18,-2.4,"sc2004,sc2005",487.2,sc1910,7-8
2019-09-19,-3.0,"sc2004,sc2005",473.5,sc1910,7-8
2019-09-20,1.2,"sc2004,sc2005",458.5,sc1910,7-8
2019-09-23,-0.6,"sc2004,sc2005",472.7,sc1910,7-8
2019-09-24,0.9,"sc2005,sc2006",464.3,sc1911,7-8
2019-09-25,0.4,"sc2005,sc2006",457.2,sc1911,7-8
2019-09-26,1.2,"sc2005,sc2006",449.8,sc1911,7-8
2019-09-27,-1.9,"sc2005,sc2006",448.7,sc1911,7-8
2019-09-30,0.1,"sc2005,sc2006",448.1,sc1911,7-8
2019-10-08,0.2,"sc2005,sc2006",437.6,sc1911,7-8
2019-10-09,2.2,"sc2005,sc2006",447.0,sc1911,7-8
2019-10-10,1.9,"sc2005,sc2006",451.7,sc1911,7-8
2019-10-11,4.0,"sc2005,sc2006",458.1,sc1911,7-8
2019-10-14,3.7,"sc2005,sc2006",471.7,sc1911,7-8
2019-10-15,3.8,"sc2005,sc2006",466.6,sc1911,7-8
2019-10-16,2.5,"sc2005,sc2006",465.1,sc1911,7-8
2019-10-17,1.9,"sc2005,sc2006",451.4,sc1911,7-8
2019-10-18,0.5,"sc2005,sc2006",445.1,sc1911,7-8
2019-10-21,1.0,"sc2005,sc2006",443.2,sc1911,7-8
2019-10-22,-0.1,"sc2005,sc2006",437.2,sc1911,7-8
2019-10-23,-0.9,"sc2005,sc2006",438.6,sc1911,7-8
2019-10-24,0.8,"sc2005,sc2006",441.3,sc1911,7-8
2019-10-25,1.9,"sc2005,sc2006",451.1,sc1911,7-8
2019-10-28,1.7,"sc2005,sc2006",447.9,sc1911,7-8
2019-10-29,2.0,"sc2005,sc2006",456.7,sc1911,7-8
2019-10-30,2.8,"sc2005,sc2006",451.1,sc1911,7-8
2019-10-31,3.9,"sc2005,sc2006",452.8,sc1911,7-8
2019-11-01,-0.3,"sc2006,sc2007",444.3,sc1912,7-8
2019-11-04,0.2,"sc2006,sc2007",449.3,sc1912,7-8
2019-11-05,-1.3,"sc2006,sc2007",458.4,sc1912,7-8
2019-11-06,-1.3,"sc2006,sc2007",459.6,sc1912,7-8
2019-11-07,-1.8,"sc2006,sc2007",456.4,sc1912,7-8
2019-11-08,-1.3,"sc2006,sc2007",456.0,sc1912,7-8
2019-11-11,-1.2,"sc2006,sc2007",452.8,sc1912,7-8
2019-11-12,0.0,"sc2006,sc2007",455.9,sc1912,7-8
2019-11-13,-0.5,"sc2006,sc2007",453.9,sc1912,7-8
2019-11-14,-0.8,"sc2006,sc2007",453.4,sc1912,7-8
2019-11-15,0.4,"sc2006,sc2007",453.9,sc1912,7-8
2019-11-18,3.3,"sc2006,sc2007",453.7,sc1912,7-8
2019-11-19,2.9,"sc2006,sc2007",454.0,sc1912,7-8
2019-11-20,2.5,"sc2006,sc2007",451.2,sc1912,7-8
2019-11-21,4.7,"sc2006,sc2007",454.8,sc1912,7-8
2019-11-22,3.5,"sc2006,sc2007",453.8,sc1912,7-8
2019-11-25,0.7,"sc2006,sc2007",456.1,sc1912,7-8
2019-11-26,3.4,"sc2006,sc2007",454.6,sc1912,7-8
2019-11-27,2.2,"sc2006,sc2007",456.2,sc1912,7-8
2019-11-28,1.7,"sc2006,sc2007",447.3,sc1912,7-8
2019-11-29,1.2,"sc2006,sc2007",451.2,sc1912,7-8
2019-12-02,-0.5,"sc2007,sc2008",454.8,sc2001,7-8
2019-12-03,-1.4,"sc2007,sc2008",451.7,sc2001,7-8
2019-12-04,0.5,"sc2007,sc2008",449.2,sc2001,7-8
2019-12-05,-0.5,"sc2007,sc2008",456.3,sc2001,7-8
2019-12-06,0.1,"sc2007,sc2008",458.0,sc2001,7-8
2019-12-09,1.3,"sc2007,sc2008",464.8,sc2001,7-8
2019-12-10,1.3,"sc2007,sc2008",469.2,sc2001,7-8
2019-12-11,1.1,"sc2007,sc2008",470.9,sc2001,7-8
2019-12-12,0.2,"sc2007,sc2008",466.1,sc2001,7-8
2019-12-13,-0.2,"sc2007,sc2008",462.2,sc2001,7-8
2019-12-16,1.0,"sc2007,sc2008",467.4,sc2001,7-8
2019-12-17,2.4,"sc2007,sc2008",470.2,sc2001,7-8
2019-12-18,1.6,"sc2007,sc2008",480.4,sc2001,7-8
2019-12-19,0.5,"sc2007,sc2008",476.3,sc2001,7-8
2019-12-20,2.4,"sc2007,sc2008",468.0,sc2001,7-8
2019-12-23,3.1,"sc2008,sc2009",478.1,sc2002,7-8
2019-12-24,2.4,"sc2008,sc2009",479.1,sc2002,7-8
2019-12-25,1.7,"sc2008,sc2009",483.6,sc2002,7-8
2019-12-26,0.0,"sc2008,sc2009",484.4,sc2002,7-8
2019-12-27,-1.1,"sc2008,sc2009",487.1,sc2002,7-8
2019-12-30,1.4,"sc2008,sc2009",490.2,sc2002,7-8
2019-12-31,1.8,"sc2008,sc2009",487.5,sc2002,7-8
2020-01-02,1.8,"sc2008,sc2009",481.7,sc2002,7-8
2020-01-03,1.2,"sc2008,sc2009",486.5,sc2002,7-8
2020-01-06,2.6,"sc2008,sc2009",507.8,sc2002,7-8
2020-01-07,4.9,"sc2008,sc2009",499.9,sc2002,7-8
2020-01-08,3.6,"sc2008,sc2009",498.4,sc2002,7-8
2020-01-09,2.9,"sc2008,sc2009",483.2,sc2002,7-8
2020-01-10,2.9,"sc2008,sc2009",470.9,sc2002,7-8
2020-01-13,3.1,"sc2008,sc2009",468.8,sc2002,7-8
2020-01-14,2.1,"sc2008,sc2009",458.6,sc2002,7-8
2020-01-15,3.5,"sc2008,sc2009",458.0,sc2002,7-8
2020-01-16,3.3,"sc2008,sc2009",453.3,sc2002,7-8
2020-01-17,3.6,"sc2009,sc2010",465.3,sc2003,7-8
2020-01-20,2.3,"sc2009,sc2010",466.1,sc2003,7-8
2020-01-21,2.6,"sc2009,sc2010",464.0,sc2003,7-8
2020-01-22,3.7,"sc2009,sc2010",461.0,sc2003,7-8
2020-01-23,3.3,"sc2009,sc2010",451.1,sc2003,7-8
2020-02-03,-8.7,"sc2009,sc2010",431.3,sc2003,7-8
2020-02-04,-3.6,"sc2009,sc2010",396.5,sc2003,7-8
2020-02-05,-0.5,"sc2009,sc2010",396.8,sc2003,7-8
2020-02-06,-0.6,"sc2009,sc2010",402.3,sc2003,7-8
2020-02-07,0.8,"sc2009,sc2010",398.4,sc2003,7-8
2020-02-10,1.8,"sc2009,sc2010",393.5,sc2003,7-8
2020-02-11,0.9,"sc2009,sc2010",391.7,sc2003,7-8
2020-02-12,-1.4,"sc2009,sc2010",394.5,sc2003,7-8
2020-02-13,-2.3,"sc2009,sc2010",400.0,sc2003,7-8
2020-02-14,-1.9,"sc2009,sc2010",399.6,sc2003,7-8
2020-02-17,-2.2,"sc2009,sc2010",401.5,sc2003,7-8
2020-02-18,-2.3,"sc2009,sc2010",399.2,sc2003,7-8
2020-02-19,-3.3,"sc2009,sc2010",403.8,sc2003,7-8
2020-02-20,-2.2,"sc2009,sc2010",411.9,sc2003,7-8
2020-02-21,-3.5,"sc2009,sc2010",408.9,sc2003,7-8
2020-02-24,-1.3,"sc2009,sc2010",393.1,sc2003,7-8
2020-02-25,-1.2,"sc2009,sc2010",388.3,sc2003,7-8
2020-02-26,-0.2,"sc2009,sc2010",377.9,sc2003,7-8
2020-02-27,-3.2,"sc2009,sc2010",360.3,sc2003,7-8
2020-02-28,-2.7,"sc2009,sc2010",347.0,sc2003,7-8
2020-03-02,-2.2,"sc2010,sc2011",359.7,sc2004,7-8
2020-03-03,-4.1,"sc2010,sc2011",372.4,sc2004,7-8
2020-03-04,-3.1,"sc2010,sc2011",368.5,sc2004,7-8
2020-03-05,-2.0,"sc2010,sc2011",366.6,sc2004,7-8
2020-03-06,-3.1,"sc2010,sc2011",351.9,sc2004,7-8
2020-03-09,-2.4,"sc2010,sc2011",340.4,sc2004,7-8
2020-03-10,-7.6,"sc2010,sc2011",325.5,sc2004,7-8
2020-03-11,-6.0,"sc2010,sc2011",275.2,sc2004,7-8
2020-03-12,-5.9,"sc2010,sc2011",252.6,sc2004,7-8
2020-03-13,-6.0,"sc2010,sc2011",252.7,sc2004,7-8
2020-03-16,-6.5,"sc2010,sc2011",250.1,sc2004,7-8
2020-03-17,-7.0,"sc2010,sc2011",239.4,sc2004,7-8
2020-03-18,-7.4,"sc2010,sc2011",232.3,sc2004,7-8
2020-03-19,-7.4,"sc2010,sc2011",215.0,sc2004,7-8
2020-03-20,-6.3,"sc2010,sc2011",232.9,sc2004,7-8
2020-03-23,-6.3,"sc2010,sc2011",229.8,sc2004,7-8
2020-03-24,-6.8,"sc2010,sc2011",245.4,sc2004,7-8
2020-03-25,-6.6,"sc2010,sc2011",251.4,sc2004,7-8
2020-03-26,-6.6,"sc2010,sc2011",249.1,sc2004,7-8
2020-03-27,-7.3,"sc2010,sc2011",243.8,sc2004,7-8
2020-03-30,-7.9,"sc2010,sc2011",239.1,sc2004,7-8
2020-03-31,-7.8,"sc2010,sc2011",245.1,sc2004,7-8
2020-04-01,-6.6,"sc2011,sc2012",256.9,sc2005,7-8
2020-04-02,-6.3,"sc2011,sc2012",267.4,sc2005,7-8
2020-04-03,-6.5,"sc2011,sc2012",278.3,sc2005,7-8
2020-04-07,-5.9,"sc2011,sc2012",289.2,sc2005,7-8
2020-04-08,-5.7,"sc2011,sc2012",285.9,sc2005,7-8
2020-04-09,-5.1,"sc2011,sc2012",293.4,sc2005,7-8
2020-04-10,-5.5,"sc2011,sc2012",285.0,sc2005,7-8
2020-04-13,-7.1,"sc2011,sc2012",286.5,sc2005,7-8
2020-04-14,-7.0,"sc2011,sc2012",276.3,sc2005,7-8
2020-04-15,-8.1,"sc2011,sc2012",267.7,sc2005,7-8
2020-04-16,-8.4,"sc2011,sc2012",258.4,sc2005,7-8
2020-04-17,-10.4,"sc2011,sc2012",245.3,sc2005,7-8
2020-04-20,-10.3,"sc2011,sc2012",234.2,sc2005,7-8
2020-04-21,-9.4,"sc2011,sc2012",228.2,sc2005,7-8
2020-04-22,-7.2,"sc2011,sc2012",205.4,sc2005,7-8
2020-04-23,-8.7,"sc2011,sc2012",213.7,sc2005,7-8
2020-04-24,-8.8,"sc2011,sc2012",225.2,sc2005,7-8
2020-04-27,-9.2,"sc2011,sc2012",212.7,sc2005,7-8
2020-04-28,-12.4,"sc2011,sc2012",202.2,sc2005,7-8
2020-04-29,-13.5,"sc2011,sc2012",212.9,sc2005,7-8
2020-04-30,-11.8,"sc2011,sc2012",227.2,sc2005,7-8
2020-05-06,-12.0,"sc2012,sc2101",248.2,sc2006,7-8
2020-05-07,-12.1,"sc2012,sc2101",246.8,sc2006,7-8
2020-05-08,-11.3,"sc2012,sc2101",247.1,sc2006,7-8
2020-05-11,-10.5,"sc2012,sc2101",243.7,sc2006,7-8
2020-05-12,-10.0,"sc2012,sc2101",241.1,sc2006,7-8
2020-05-13,-9.0,"sc2012,sc2101",237.4,sc2006,7-8
2020-05-14,-8.2,"sc2012,sc2101",231.6,sc2006,7-8
2020-05-15,-9.4,"sc2012,sc2101",238.7,sc2006,7-8
2020-05-18,-9.0,"sc2012,sc2101",246.7,sc2006,7-8
2020-05-19,-7.8,"sc2012,sc2101",258.5,sc2006,7-8
2020-05-20,-8.4,"sc2012,sc2101",254.3,sc2006,7-8
2020-05-21,-7.5,"sc2012,sc2101",261.8,sc2006,7-8
2020-05-22,-8.3,"sc2012,sc2101",258.5,sc2006,7-8
2020-05-25,-8.3,"sc2012,sc2101",253.8,sc2006,7-8
2020-05-26,-8.0,"sc2012,sc2101",259.2,sc2006,7-8
2020-05-27,-7.8,"sc2012,sc2101",258.4,sc2006,7-8
2020-05-28,-7.7,"sc2012,sc2101",258.0,sc2006,7-8
2020-05-29,-7.7,"sc2012,sc2101",261.1,sc2006,7-8
2020-06-01,-8.7,"sc2101,sc2102",276.8,sc2007,7-8
2020-06-02,-8.6,"sc2101,sc2102",278.3,sc2007,7-8
2020-06-03,-8.4,"sc2101,sc2102",286.7,sc2007,7-8
2020-06-04,-7.4,"sc2101,sc2102",284.3,sc2007,7-8
2020-06-05,-7.8,"sc2101,sc2102",282.2,sc2007,7-8
2020-06-08,-7.2,"sc2101,sc2102",292.1,sc2007,7-8
2020-06-09,-7.3,"sc2101,sc2102",290.4,sc2007,7-8
2020-06-10,-7.0,"sc2101,sc2102",288.3,sc2007,7-8
2020-06-11,-6.8,"sc2101,sc2102",285.4,sc2007,7-8
2020-06-12,-7.4,"sc2101,sc2102",270.5,sc2007,7-8
2020-06-15,-7.2,"sc2101,sc2102",267.8,sc2007,7-8
2020-06-16,-7.1,"sc2101,sc2102",270.2,sc2007,7-8
2020-06-17,-5.7,"sc2101,sc2102",279.5,sc2007,7-8
2020-06-18,-5.8,"sc2101,sc2102",279.7,sc2007,7-8
2020-06-19,-5.5,"sc2101,sc2102",281.9,sc2007,7-8
2020-06-22,-5.1,"sc2101,sc2102",284.4,sc2007,7-8
2020-06-23,-4.7,"sc2101,sc2102",285.0,sc2007,7-8
2020-06-24,-4.4,"sc2101,sc2102",285.4,sc2007,7-8
2020-06-29,-4.5,"sc2101,sc2102",273.2,sc2007,7-8
2020-06-30,-4.4,"sc2101,sc2102",281.2,sc2007,7-8
2020-07-01,-4.7,"sc2102,sc2103",292.0,sc2008,7-8
2020-07-02,-4.1,"sc2102,sc2103",294.5,sc2008,7-8
2020-07-03,-4.0,"sc2102,sc2103",298.6,sc2008,7-8
2020-07-06,-3.7,"sc2102,sc2103",296.8,sc2008,7-8
2020-07-07,-2.7,"sc2102,sc2103",297.8,sc2008,7-8
2020-07-08,-3.2,"sc2102,sc2103",298.7,sc2008,7-8
2020-07-09,-3.1,"sc2102,sc2103",299.1,sc2008,7-8
2020-07-10,-3.2,"sc2102,sc2103",293.8,sc2008,7-8
2020-07-13,-3.3,"sc2102,sc2103",296.2,sc2008,7-8
2020-07-14,-3.6,"sc2102,sc2103",293.5,sc2008,7-8
2020-07-15,-4.0,"sc2102,sc2103",294.9,sc2008,7-8
2020-07-16,-3.8,"sc2102,sc2103",293.1,sc2008,7-8
2020-07-17,-3.7,"sc2102,sc2103",289.6,sc2008,7-8
2020-07-20,-4.8,"sc2102,sc2103",284.0,sc2008,7-8
2020-07-21,-4.9,"sc2102,sc2103",284.8,sc2008,7-8
2020-07-22,-4.5,"sc2102,sc2103",289.2,sc2008,7-8
2020-07-23,-4.3,"sc2102,sc2103",286.6,sc2008,7-8
2020-07-24,-4.2,"sc2102,sc2103",286.2,sc2008,7-8
2020-07-27,-4.9,"sc2102,sc2103",282.1,sc2008,7-8
2020-07-28,-5.1,"sc2102,sc2103",278.4,sc2008,7-8
2020-07-29,-5.0,"sc2102,sc2103",276.7,sc2008,7-8
2020-07-30,-5.3,"sc2102,sc2103",279.5,sc2008,7-8
2020-07-31,-5.7,"sc2102,sc2103",274.1,sc2008,7-8
2020-08-03,-7.9,"sc2103,sc2104",281.7,sc2009,7-8
2020-08-04,-7.9,"sc2103,sc2104",282.3,sc2009,7-8
2020-08-05,-7.6,"sc2103,sc2104",280.7,sc2009,7-8
2020-08-06,-7.2,"sc2103,sc2104",282.5,sc2009,7-8
2020-08-07,-6.0,"sc2103,sc2104",282.5,sc2009,7-8
2020-08-10,-5.8,"sc2103,sc2104",281.9,sc2009,7-8
2020-08-11,-6.2,"sc2103,sc2104",284.6,sc2009,7-8
2020-08-12,-6.3,"sc2103,sc2104",284.2,sc2009,7-8
2020-08-13,-6.9,"sc2103,sc2104",283.6,sc2009,7-8
2020-08-14,-6.4,"sc2103,sc2104",282.3,sc2009,7-8
2020-08-17,-6.7,"sc2103,sc2104",280.2,sc2009,7-8
2020-08-18,-6.1,"sc2103,sc2104",279.1,sc2009,7-8
2020-08-19,-6.9,"sc2103,sc2104",277.3,sc2009,7-8
2020-08-20,-6.7,"sc2103,sc2104",278.4,sc2009,7-8
2020-08-21,-7.0,"sc2103,sc2104",276.0,sc2009,7-8
2020-08-24,-6.0,"sc2103,sc2104",277.9,sc2009,7-8
2020-08-25,-6.2,"sc2103,sc2104",280.3,sc2009,7-8
2020-08-26,-4.7,"sc2103,sc2104",284.9,sc2009,7-8
2020-08-27,-4.7,"sc2103,sc2104",284.3,sc2009,7-8
2020-08-28,-3.9,"sc2103,sc2104",282.4,sc2009,7-8
2020-08-31,-4.7,"sc2103,sc2104",283.3,sc2009,7-8
2020-09-01,-3.7,"sc2104,sc2105",295.7,sc2010,7-8
2020-09-02,-4.4,"sc2104,sc2105",293.5,sc2010,7-8
2020-09-03,-4.2,"sc2104,sc2105",288.2,sc2010,7-8
2020-09-04,-4.8,"sc2104,sc2105",285.0,sc2010,7-8
2020-09-07,-4.3,"sc2104,sc2105",279.3,sc2010,7-8
2020-09-08,-5.4,"sc2104,sc2105",273.9,sc2010,7-8
2020-09-09,-6.3,"sc2104,sc2105",251.4,sc2010,7-8
2020-09-10,-8.1,"sc2104,sc2105",250.6,sc2010,7-8
2020-09-11,-9.1,"sc2104,sc2105",247.6,sc2010,7-8
2020-09-14,-8.6,"sc2104,sc2105",245.8,sc2010,7-8
2020-09-15,-6.9,"sc2104,sc2105",245.5,sc2010,7-8
2020-09-16,-7.9,"sc2104,sc2105",251.3,sc2010,7-8
2020-09-17,-7.8,"sc2104,sc2105",256.2,sc2010,7-8
2020-09-18,-6.6,"sc2104,sc2105",260.0,sc2010,7-8
2020-09-21,-6.0,"sc2104,sc2105",263.9,sc2010,7-8
2020-09-22,-6.1,"sc2104,sc2105",252.9,sc2010,7-8
2020-09-23,-6.3,"sc2104,sc2105",253.6,sc2010,7-8
2020-09-24,-7.3,"sc2105,sc2106",265.1,sc2011,7-8
2020-09-25,-6.1,"sc2105,sc2106",265.7,sc2011,7-8
2020-09-28,-6.2,"sc2105,sc2106",265.0,sc2011,7-8
2020-09-29,-5.4,"sc2105,sc2106",264.8,sc2011,7-8
2020-09-30,-7.4,"sc2105,sc2106",257.8,sc2011,7-8
2020-10-09,-6.3,"sc2105,sc2106",263.5,sc2011,7-8
2020-10-12,-6.1,"sc2105,sc2106",263.2,sc2011,7-8
2020-10-13,-6.5,"sc2105,sc2106",259.5,sc2011,7-8
2020-10-14,-6.9,"sc2105,sc2106",258.0,sc2011,7-8
2020-10-15,-6.1,"sc2105,sc2106",260.8,sc2011,7-8
2020-10-16,-6.0,"sc2105,sc2106",258.7,sc2011,7-8
2020-10-19,-5.7,"sc2105,sc2106",260.2,sc2011,7-8
2020-10-20,-6.2,"sc2105,sc2106",258.8,sc2011,7-8
2020-10-21,-5.7,"sc2105,sc2106",257.3,sc2011,7-8
2020-10-22,-7.2,"sc2105,sc2106",254.2,sc2011,7-8
2020-10-23,-6.2,"sc2105,sc2106",254.1,sc2011,7-8
2020-10-26,-6.4,"sc2105,sc2106",248.5,sc2011,7-8
2020-10-27,-6.9,"sc2105,sc2106",243.7,sc2011,7-8
2020-10-28,-6.8,"sc2105,sc2106",243.4,sc2011,7-8
2020-10-29,-7.6,"sc2105,sc2106",228.0,sc2011,7-8
2020-10-30,-8.2,"sc2105,sc2106",218.3,sc2011,7-8
2020-11-02,-7.9,"sc2106,sc2107",224.9,sc2012,7-8
2020-11-03,-9.2,"sc2106,sc2107",230.2,sc2012,7-8
2020-11-04,-7.6,"sc2106,sc2107",234.8,sc2012,7-8
2020-11-05,-7.4,"sc2106,sc2107",236.5,sc2012,7-8
2020-11-06,-7.4,"sc2106,sc2107",235.3,sc2012,7-8
2020-11-09,-8.1,"sc2106,sc2107",234.2,sc2012,7-8
2020-11-10,-7.3,"sc2106,sc2107",247.7,sc2012,7-8
2020-11-11,-6.2,"sc2106,sc2107",251.4,sc2012,7-8
2020-11-12,-6.2,"sc2106,sc2107",253.7,sc2012,7-8
2020-11-13,-6.5,"sc2106,sc2107",252.4,sc2012,7-8
2020-11-16,-6.2,"sc2106,sc2107",251.0,sc2012,7-8
2020-11-17,-6.3,"sc2106,sc2107",252.3,sc2012,7-8
2020-11-18,-6.6,"sc2106,sc2107",250.0,sc2012,7-8
2020-11-19,-6.3,"sc2106,sc2107",251.0,sc2012,7-8
2020-11-20,-6.7,"sc2106,sc2107",251.6,sc2012,7-8
2020-11-23,-6.5,"sc2106,sc2107",253.4,sc2012,7-8
2020-11-24,-6.7,"sc2106,sc2107",259.5,sc2012,7-8
2020-11-25,-4.1,"sc2106,sc2107",279.0,sc2012,7-8
2020-11-26,-5.1,"sc2106,sc2107",280.2,sc2012,7-8
2020-11-27,-4.4,"sc2106,sc2107",278.3,sc2012,7-8
2020-11-30,-4.2,"sc2106,sc2107",271.8,sc2012,7-8
2020-12-01,-4.4,"sc2107,sc2108",286.4,sc2101,7-8
2020-12-02,-4.4,"sc2107,sc2108",285.1,sc2101,7-8
2020-12-03,-3.4,"sc2107,sc2108",288.5,sc2101,7-8
2020-12-04,-3.4,"sc2107,sc2108",291.1,sc2101,7-8
2020-12-07,-2.2,"sc2107,sc2108",294.0,sc2101,7-8
2020-12-08,-2.8,"sc2107,sc2108",291.9,sc2101,7-8
2020-12-09,-3.4,"sc2107,sc2108",285.0,sc2101,7-8
2020-12-10,-4.7,"sc2107,sc2108",284.8,sc2101,7-8
2020-12-11,-2.9,"sc2107,sc2108",291.1,sc2101,7-8
2020-12-14,-3.9,"sc2107,sc2108",289.4,sc2101,7-8
2020-12-15,-4.4,"sc2107,sc2108",287.8,sc2101,7-8
2020-12-16,-5.5,"sc2107,sc2108",290.9,sc2101,7-8
2020-12-17,-4.6,"sc2107,sc2108",297.4,sc2101,7-8
2020-12-18,-3.3,"sc2107,sc2108",302.7,sc2101,7-8
2020-12-21,-4.8,"sc2107,sc2108",303.5,sc2101,7-8
2020-12-22,-4.7,"sc2107,sc2108",295.4,sc2101,7-8
2020-12-23,-5.8,"sc2107,sc2108",284.6,sc2101,7-8
2020-12-24,-4.3,"sc2107,sc2108",291.6,sc2101,7-8
2020-12-25,-5.2,"sc2108,sc2109",307.3,sc2102,7-8
2020-12-28,-4.5,"sc2108,sc2109",309.1,sc2102,7-8
2020-12-29,-4.4,"sc2108,sc2109",307.2,sc2102,7-8
2020-12-30,-4.1,"sc2108,sc2109",304.7,sc2102,7-8
2020-12-31,-4.8,"sc2108,sc2109",303.2,sc2102,7-8
2021-01-04,-4.3,"sc2108,sc2109",315.0,sc2102,7-8
2021-01-05,-4.6,"sc2108,sc2109",312.9,sc2102,7-8
2021-01-06,-3.1,"sc2108,sc2109",319.8,sc2102,7-8
2021-01-07,-2.4,"sc2108,sc2109",328.1,sc2102,7-8
2021-01-08,-1.9,"sc2108,sc2109",332.6,sc2102,7-8
2021-01-11,-1.2,"sc2108,sc2109",336.0,sc2102,7-8
2021-01-12,-2.0,"sc2108,sc2109",333.2,sc2102,7-8
2021-01-13,-1.2,"sc2108,sc2109",339.7,sc2102,7-8
2021-01-14,-1.4,"sc2108,sc2109",335.5,sc2102,7-8
2021-01-15,-1.7,"sc2108,sc2109",333.4,sc2102,7-8
2021-01-18,-3.1,"sc2108,sc2109",326.0,sc2102,7-8
2021-01-19,-2.5,"sc2108,sc2109",329.9,sc2102,7-8
2021-01-20,-2.4,"sc2108,sc2109",337.2,sc2102,7-8
2021-01-21,-2.6,"sc2108,sc2109",336.1,sc2102,7-8
2021-01-22,-2.2,"sc2108,sc2109",331.7,sc2102,7-8
2021-01-25,-1.4,"sc2108,sc2109",324.0,sc2102,7-8
2021-01-26,-2.4,"sc2108,sc2109",322.4,sc2102,7-8
2021-01-27,-3.0,"sc2108,sc2109",327.2,sc2102,7-8
2021-01-28,-2.8,"sc2108,sc2109",333.4,sc2102,7-8
2021-01-29,-2.8,"sc2108,sc2109",336.1,sc2102,7-8
2021-02-01,-1.3,"sc2109,sc2110",336.1,sc2103,7-8
2021-02-02,-1.9,"sc2109,sc2110",340.3,sc2103,7-8
2021-02-03,-1.4,"sc2109,sc2110",347.1,sc2103,7-8
2021-02-04,-0.8,"sc2109,sc2110",353.3,sc2103,7-8
2021-02-05,-0.9,"sc2109,sc2110",356.6,sc2103,7-8
2021-02-08,-1.2,"sc2109,sc2110",361.8,sc2103,7-8
2021-02-09,0.1,"sc2109,sc2110",368.0,sc2103,7-8
2021-02-10,-0.5,"sc2109,sc2110",367.0,sc2103,7-8
2021-02-18,-0.6,"sc2109,sc2110",395.8,sc2103,7-8
2021-02-19,0.8,"sc2109,sc2110",388.9,sc2103,7-8
2021-02-22,0.1,"sc2109,sc2110",386.2,sc2103,7-8
2021-02-23,0.1,"sc2109,sc2110",397.6,sc2103,7-8
2021-02-24,-0.5,"sc2109,sc2110",400.9,sc2103,7-8
2021-02-25,1.2,"sc2109,sc2110",416.2,sc2103,7-8
2021-02-26,0.5,"sc2109,sc2110",399.0,sc2103,7-8
2021-03-01,0.8,"sc2110,sc2111",407.6,sc2104,7-8
2021-03-02,1.4,"sc2110,sc2111",397.7,sc2104,7-8
2021-03-03,1.0,"sc2110,sc2111",392.7,sc2104,7-8
2021-03-04,-0.6,"sc2110,sc2111",397.4,sc2104,7-8
2021-03-05,1.0,"sc2110,sc2111",413.0,sc2104,7-8
2021-03-08,2.0,"sc2110,sc2111",435.8,sc2104,7-8
2021-03-09,1.6,"sc2110,sc2111",427.6,sc2104,7-8
2021-03-10,1.0,"sc2110,sc2111",417.8,sc2104,7-8
2021-03-11,0.8,"sc2110,sc2111",416.0,sc2104,7-8
2021-03-12,1.2,"sc2110,sc2111",421.8,sc2104,7-8
2021-03-15,0.7,"sc2110,sc2111",420.4,sc2104,7-8
2021-03-16,-1.2,"sc2110,sc2111",411.3,sc2104,7-8
2021-03-17,-0.6,"sc2110,sc2111",409.3,sc2104,7-8
2021-03-18,-1.4,"sc2110,sc2111",408.0,sc2104,7-8
2021-03-19,-1.1,"sc2110,sc2111",390.9,sc2104,7-8
2021-03-22,-0.4,"sc2110,sc2111",381.1,sc2104,7-8
2021-03-23,-1.5,"sc2110,sc2111",387.9,sc2104,7-8
2021-03-24,-2.0,"sc2110,sc2111",376.8,sc2104,7-8
2021-03-25,-1.4,"sc2110,sc2111",382.5,sc2104,7-8
2021-03-26,-1.2,"sc2110,sc2111",373.9,sc2104,7-8
2021-03-29,-1.0,"sc2110,sc2111",384.1,sc2104,7-8
2021-03-30,-0.6,"sc2110,sc2111",388.3,sc2104,7-8
2021-03-31,-0.2,"sc2110,sc2111",384.1,sc2104,7-8
2021-04-01,-0.9,"sc2111,sc2112",393.4,sc2105,7-8
2021-04-02,0.4,"sc2111,sc2112",399.1,sc2105,7-8
2021-04-06,-1.6,"sc2111,sc2112",388.0,sc2105,7-8
2021-04-07,-1.8,"sc2111,sc2112",388.6,sc2105,7-8
2021-04-08,-1.7,"sc2111,sc2112",384.8,sc2105,7-8
2021-04-09,-0.9,"sc2111,sc2112",386.7,sc2105,7-8
2021-04-12,0.1,"sc2111,sc2112",387.2,sc2105,7-8
2021-04-13,0.3,"sc2111,sc2112",390.6,sc2105,7-8
2021-04-14,-0.2,"sc2111,sc2112",393.7,sc2105,7-8
2021-04-15,-0.6,"sc2111,sc2112",407.4,sc2105,7-8
2021-04-16,-0.7,"sc2111,sc2112",410.4,sc2105,7-8
2021-04-19,-0.4,"sc2111,sc2112",408.7,sc2105,7-8
2021-04-20,-0.1,"sc2111,sc2112",413.4,sc2105,7-8
2021-04-21,-0.9,"sc2111,sc2112",409.8,sc2105,7-8
2021-04-22,-1.0,"sc2111,sc2112",402.9,sc2105,7-8
2021-04-23,-0.5,"sc2111,sc2112",402.0,sc2105,7-8
2021-04-26,-1.3,"sc2111,sc2112",407.3,sc2105,7-8
2021-04-27,-1.3,"sc2111,sc2112",405.6,sc2105,7-8
2021-04-28,-1.5,"sc2111,sc2112",397.2,sc2105,7-8
2021-04-29,-2.4,"sc2111,sc2112",407.9,sc2105,7-8
2021-04-30,-2.4,"sc2111,sc2112",409.5,sc2105,7-8
2021-05-06,-0.3,"sc2112,sc2201",429.8,sc2106,7-8
2021-05-07,1.0,"sc2112,sc2201",424.1,sc2106,7-8
2021-05-10,0.6,"sc2112,sc2201",424.3,sc2106,7-8
2021-05-11,1.2,"sc2112,sc2201",420.8,sc2106,7-8
2021-05-12,1.3,"sc2112,sc2201",421.5,sc2106,7-8
2021-05-13,0.2,"sc2112,sc2201",429.0,sc2106,7-8
2021-05-14,-0.3,"sc2112,sc2201",417.1,sc2106,7-8
2021-05-17,-0.2,"sc2112,sc2201",425.7,sc2106,7-8
2021-05-18,-0.4,"sc2112,sc2201",434.2,sc2106,7-8
2021-05-19,0.4,"sc2112,sc2201",429.5,sc2106,7-8
2021-05-20,1.5,"sc2112,sc2201",409.5,sc2106,7-8
2021-05-21,-0.5,"sc2112,sc2201",403.2,sc2106,7-8
2021-05-24,-1.6,"sc2112,sc2201",408.2,sc2106,7-8
2021-05-25,-1.5,"sc2112,sc2201",423.4,sc2106,7-8
2021-05-26,-0.3,"sc2112,sc2201",427.9,sc2106,7-8
2021-05-27,-0.1,"sc2112,sc2201",428.8,sc2106,7-8
2021-05-28,-0.1,"sc2112,sc2201",432.7,sc2106,7-8
2021-05-31,-0.1,"sc2112,sc2201",427.6,sc2106,7-8
2021-06-01,-0.8,"sc2201,sc2202",433.9,sc2107,7-8
2021-06-02,-0.4,"sc2201,sc2202",439.9,sc2107,7-8
2021-06-03,-1.0,"sc2201,sc2202",445.4,sc2107,7-8
2021-06-04,0.1,"sc2201,sc2202",443.2,sc2107,7-8
2021-06-07,-0.5,"sc2201,sc2202",447.3,sc2107,7-8
2021-06-08,0.3,"sc2201,sc2202",444.1,sc2107,7-8
2021-06-09,1.2,"sc2201,sc2202",449.4,sc2107,7-8
2021-06-10,0.5,"sc2201,sc2202",447.7,sc2107,7-8
2021-06-11,0.3,"sc2201,sc2202",450.2,sc2107,7-8
2021-06-15,-0.3,"sc2201,sc2202",455.8,sc2107,7-8
2021-06-16,1.5,"sc2201,sc2202",459.2,sc2107,7-8
2021-06-17,1.5,"sc2201,sc2202",454.1,sc2107,7-8
2021-06-18,0.3,"sc2201,sc2202",443.0,sc2107,7-8
2021-06-21,-0.2,"sc2201,sc2202",443.5,sc2107,7-8
2021-06-22,0.6,"sc2201,sc2202",449.4,sc2107,7-8
2021-06-23,0.9,"sc2201,sc2202",453.3,sc2107,7-8
2021-06-24,0.2,"sc2201,sc2202",457.6,sc2107,7-8
2021-06-25,0.3,"sc2201,sc2202",457.2,sc2107,7-8
2021-06-28,0.5,"sc2201,sc2202",459.6,sc2107,7-8
2021-06-29,1.7,"sc2201,sc2202",449.3,sc2107,7-8
2021-06-30,0.4,"sc2201,sc2202",449.2,sc2107,7-8
2021-07-01,0.6,"sc2202,sc2203",460.4,sc2108,7-8
2021-07-02,1.5,"sc2202,sc2203",467.8,sc2108,7-8
2021-07-05,-0.7,"sc2202,sc2203",468.4,sc2108,7-8
2021-07-06,0.4,"sc2202,sc2203",473.1,sc2108,7-8
2021-07-07,1.1,"sc2202,sc2203",455.8,sc2108,7-8
2021-07-08,0.6,"sc2202,sc2203",442.1,sc2108,7-8
2021-07-09,-0.5,"sc2202,sc2203",441.9,sc2108,7-8
2021-07-12,0.1,"sc2202,sc2203",451.1,sc2108,7-8
2021-07-13,-0.4,"sc2202,sc2203",450.9,sc2108,7-8
2021-07-14,1.6,"sc2202,sc2203",458.2,sc2108,7-8
2021-07-15,-0.5,"sc2202,sc2203",449.6,sc2108,7-8
2021-07-16,-1.6,"sc2202,sc2203",438.6,sc2108,7-8
2021-07-19,-0.9,"sc2202,sc2203",431.7,sc2108,7-8
2021-07-20,-0.5,"sc2202,sc2203",410.0,sc2108,7-8
2021-07-21,-1.5,"sc2202,sc2203",406.4,sc2108,7-8
2021-07-22,0.0,"sc2202,sc2203",416.6,sc2108,7-8
2021-07-23,-0.5,"sc2202,sc2203",427.2,sc2108,7-8
2021-07-26,0.4,"sc2202,sc2203",432.4,sc2108,7-8
2021-07-27,2.1,"sc2202,sc2203",439.0,sc2108,7-8
2021-07-28,1.7,"sc2202,sc2203",439.5,sc2108,7-8
2021-07-29,2.0,"sc2202,sc2203",447.9,sc2108,7-8
2021-07-30,3.1,"sc2202,sc2203",445.2,sc2108,7-8
2021-08-02,-0.1,"sc2203,sc2204",452.9,sc2109,7-8
2021-08-03,-0.4,"sc2203,sc2204",440.7,sc2109,7-8
2021-08-04,0.7,"sc2203,sc2204",433.5,sc2109,7-8
2021-08-05,0.1,"sc2203,sc2204",428.3,sc2109,7-8
2021-08-06,-1.4,"sc2203,sc2204",429.1,sc2109,7-8
2021-08-09,-0.4,"sc2203,sc2204",425.0,sc2109,7-8
2021-08-10,-0.5,"sc2203,sc2204",418.0,sc2109,7-8
2021-08-11,-2.6,"sc2203,sc2204",430.6,sc2109,7-8
2021-08-12,-1.4,"sc2203,sc2204",430.4,sc2109,7-8
2021-08-13,0.3,"sc2203,sc2204",431.4,sc2109,7-8
2021-08-16,0.5,"sc2203,sc2204",428.4,sc2109,7-8
2021-08-17,1.4,"sc2203,sc2204",423.6,sc2109,7-8
2021-08-18,1.4,"sc2203,sc2204",423.9,sc2109,7-8
2021-08-19,0.7,"sc2203,sc2204",418.7,sc2109,7-8
2021-08-20,-0.1,"sc2203,sc2204",407.8,sc2109,7-8
2021-08-23,-0.4,"sc2203,sc2204",403.6,sc2109,7-8
2021-08-24,-0.6,"sc2203,sc2204",421.4,sc2109,7-8
2021-08-25,0.5,"sc2203,sc2204",431.4,sc2109,7-8
2021-08-26,0.6,"sc2203,sc2204",435.8,sc2109,7-8
2021-08-27,1.3,"sc2203,sc2204",438.6,sc2109,7-8
2021-08-30,0.3,"sc2203,sc2204",445.3,sc2109,7-8
2021-08-31,-0.6,"sc2203,sc2204",450.2,sc2109,7-8
2021-09-01,0.9,"sc2204,sc2205",440.5,sc2110,7-8
2021-09-02,-0.9,"sc2204,sc2205",439.3,sc2110,7-8
2021-09-03,0.5,"sc2204,sc2205",456.2,sc2110,7-8
2021-09-06,1.8,"sc2204,sc2205",451.4,sc2110,7-8
2021-09-07,0.5,"sc2204,sc2205",453.8,sc2110,7-8
2021-09-08,1.0,"sc2204,sc2205",450.9,sc2110,7-8
2021-09-09,0.3,"sc2204,sc2205",454.8,sc2110,7-8
2021-09-10,1.2,"sc2204,sc2205",454.6,sc2110,7-8
2021-09-13,0.7,"sc2204,sc2205",461.2,sc2110,7-8
2021-09-14,1.1,"sc2204,sc2205",463.0,sc2110,7-8
2021-09-15,1.5,"sc2204,sc2205",461.9,sc2110,7-8
2021-09-16,1.3,"sc2204,sc2205",473.4,sc2110,7-8
2021-09-17,2.5,"sc2204,sc2205",477.1,sc2110,7-8
2021-09-22,2.8,"sc2204,sc2205",469.0,sc2110,7-8
2021-09-23,2.4,"sc2204,sc2205",469.4,sc2110,7-8
2021-09-24,2.6,"sc2205,sc2206",485.1,sc2111,7-8
2021-09-27,2.1,"sc2205,sc2206",492.1,sc2111,7-8
2021-09-28,2.0,"sc2205,sc2206",501.8,sc2111,7-8
2021-09-29,2.0,"sc2205,sc2206",495.4,sc2111,7-8
2021-09-30,1.9,"sc2205,sc2206",495.9,sc2111,7-8
2021-10-08,2.3,"sc2205,sc2206",527.1,sc2111,7-8
2021-10-11,3.7,"sc2205,sc2206",526.8,sc2111,7-8
2021-10-12,3.3,"sc2205,sc2206",531.6,sc2111,7-8
2021-10-13,1.5,"sc2205,sc2206",528.3,sc2111,7-8
2021-10-14,3.1,"sc2205,sc2206",521.5,sc2111,7-8
2021-10-15,1.6,"sc2205,sc2206",525.5,sc2111,7-8
2021-10-18,1.9,"sc2205,sc2206",533.6,sc2111,7-8
2021-10-19,1.4,"sc2205,sc2206",528.6,sc2111,7-8
2021-10-20,0.2,"sc2205,sc2206",531.2,sc2111,7-8
2021-10-21,2.8,"sc2205,sc2206",531.5,sc2111,7-8
2021-10-22,1.7,"sc2205,sc2206",525.1,sc2111,7-8
2021-10-25,3.0,"sc2205,sc2206",527.7,sc2111,7-8
2021-10-26,1.8,"sc2205,sc2206",527.3,sc2111,7-8
2021-10-27,3.5,"sc2205,sc2206",525.3,sc2111,7-8
2021-10-28,1.5,"sc2205,sc2206",511.2,sc2111,7-8
2021-10-29,0.9,"sc2205,sc2206",495.5,sc2111,7-8
2021-11-01,2.5,"sc2206,sc2207",521.7,sc2112,7-8
2021-11-02,1.2,"sc2206,sc2207",531.6,sc2112,7-8
2021-11-03,1.8,"sc2206,sc2207",526.7,sc2112,7-8
2021-11-04,4.7,"sc2206,sc2207",513.0,sc2112,7-8
2021-11-05,4.0,"sc2206,sc2207",513.6,sc2112,7-8
2021-11-08,2.2,"sc2206,sc2207",524.0,sc2112,7-8
2021-11-09,4.5,"sc2206,sc2207",526.3,sc2112,7-8
2021-11-10,3.5,"sc2206,sc2207",531.6,sc2112,7-8
2021-11-11,4.7,"sc2206,sc2207",525.9,sc2112,7-8
2021-11-12,3.7,"sc2206,sc2207",517.3,sc2112,7-8
2021-11-15,4.0,"sc2206,sc2207",513.4,sc2112,7-8
2021-11-16,5.0,"sc2206,sc2207",511.9,sc2112,7-8
2021-11-17,4.7,"sc2206,sc2207",515.0,sc2112,7-8
2021-11-18,4.9,"sc2206,sc2207",511.6,sc2112,7-8
2021-11-19,2.7,"sc2206,sc2207",513.5,sc2112,7-8
2021-11-22,4.2,"sc2206,sc2207",501.9,sc2112,7-8
2021-11-23,3.8,"sc2206,sc2207",504.8,sc2112,7-8
2021-11-24,1.0,"sc2206,sc2207",518.8,sc2112,7-8
2021-11-25,2.2,"sc2206,sc2207",521.7,sc2112,7-8
2021-11-26,3.6,"sc2206,sc2207",505.0,sc2112,7-8
2021-11-29,2.9,"sc2206,sc2207",495.6,sc2112,7-8
2021-11-30,2.7,"sc2206,sc2207",478.8,sc2112,7-8
2021-12-01,0.7,"sc2207,sc2208",445.0,sc2201,7-8
2021-12-02,1.2,"sc2207,sc2208",444.1,sc2201,7-8
2021-12-03,0.6,"sc2207,sc2208",439.2,sc2201,7-8
2021-12-06,1.6,"sc2207,sc2208",450.6,sc2201,7-8
2021-12-07,1.5,"sc2207,sc2208",457.6,sc2201,7-8
2021-12-08,0.8,"sc2207,sc2208",473.8,sc2201,7-8
2021-12-09,1.0,"sc2207,sc2208",476.0,sc2201,7-8
2021-12-10,1.7,"sc2207,sc2208",472.9,sc2201,7-8
2021-12-13,0.5,"sc2207,sc2208",477.0,sc2201,7-8
2021-12-14,1.5,"sc2207,sc2208",474.2,sc2201,7-8
2021-12-15,2.0,"sc2207,sc2208",460.0,sc2201,7-8
2021-12-16,1.2,"sc2207,sc2208",467.4,sc2201,7-8
2021-12-17,1.2,"sc2207,sc2208",474.7,sc2201,7-8
2021-12-20,1.3,"sc2207,sc2208",466.2,sc2201,7-8
2021-12-21,1.4,"sc2207,sc2208",453.1,sc2201,7-8
2021-12-22,1.6,"sc2207,sc2208",456.2,sc2201,7-8
2021-12-23,2.2,"sc2208,sc2209",470.0,sc2202,7-8
2021-12-24,2.4,"sc2208,sc2209",475.6,sc2202,7-8
2021-12-27,0.2,"sc2208,sc2209",475.5,sc2202,7-8
2021-12-28,0.4,"sc2208,sc2209",487.0,sc2202,7-8
2021-12-29,0.3,"sc2208,sc2209",492.8,sc2202,7-8
2021-12-30,0.7,"sc2208,sc2209",494.5,sc2202,7-8
2021-12-31,2.1,"sc2208,sc2209",496.8,sc2202,7-8
2022-01-04,-11.6,"sc2208,sc2209",496.9,sc2202,7-8
2022-01-05,2.3,"sc2208,sc2209",501.1,sc2202,7-8
2022-01-06,0.8,"sc2208,sc2209",504.6,sc2202,7-8
2022-01-07,1.1,"sc2208,sc2209",516.4,sc2202,7-8
2022-01-10,2.3,"sc2208,sc2209",511.1,sc2202,7-8
2022-01-11,2.1,"sc2208,sc2209",508.9,sc2202,7-8
2022-01-12,3.4,"sc2208,sc2209",514.8,sc2202,7-8
2022-01-13,5.0,"sc2208,sc2209",526.0,sc2202,7-8
2022-01-14,3.1,"sc2208,sc2209",530.7,sc2202,7-8
2022-01-17,3.1,"sc2208,sc2209",538.5,sc2202,7-8
2022-01-18,3.2,"sc2208,sc2209",541.1,sc2202,7-8
2022-01-19,3.0,"sc2208,sc2209",547.6,sc2202,7-8
2022-01-20,3.8,"sc2208,sc2209",547.7,sc2202,7-8
2022-01-21,2.6,"sc2208,sc2209",557.1,sc2202,7-8
2022-01-24,6.4,"sc2209,sc2210",541.6,sc2203,7-8
2022-01-25,5.9,"sc2209,sc2210",530.4,sc2203,7-8
2022-01-26,4.7,"sc2209,sc2210",534.3,sc2203,7-8
2022-01-27,5.1,"sc2209,sc2210",545.5,sc2203,7-8
2022-01-28,4.9,"sc2209,sc2210",542.0,sc2203,7-8
2022-02-07,5.9,"sc2209,sc2210",567.3,sc2203,7-8
2022-02-08,5.3,"sc2209,sc2210",558.7,sc2203,7-8
2022-02-09,3.3,"sc2209,sc2210",547.5,sc2203,7-8
2022-02-10,3.6,"sc2209,sc2210",549.1,sc2203,7-8
2022-02-11,2.7,"sc2209,sc2210",553.3,sc2203,7-8
2022-02-14,2.9,"sc2209,sc2210",562.5,sc2203,7-8
2022-02-15,5.3,"sc2209,sc2210",566.5,sc2203,7-8
2022-02-16,4.7,"sc2209,sc2210",554.8,sc2203,7-8
2022-02-17,4.5,"sc2209,sc2210",560.8,sc2203,7-8
2022-02-18,3.4,"sc2209,sc2210",559.7,sc2203,7-8
2022-02-21,4.9,"sc2209,sc2210",561.4,sc2203,7-8
2022-02-22,5.3,"sc2209,sc2210",580.9,sc2203,7-8
2022-02-23,4.2,"sc2209,sc2210",585.3,sc2203,7-8
2022-02-24,3.7,"sc2209,sc2210",593.9,sc2203,7-8
2022-02-25,6.5,"sc2209,sc2210",613.8,sc2203,7-8
2022-02-28,5.2,"sc2209,sc2210",591.8,sc2203,7-8
2022-03-01,6.6,"sc2210,sc2211",615.9,sc2204,7-8
2022-03-02,9.6,"sc2210,sc2211",654.2,sc2204,7-8
2022-03-03,11.8,"sc2210,sc2211",699.5,sc2204,7-8
2022-03-04,10.8,"sc2210,sc2211",704.8,sc2204,7-8
2022-03-07,17.0,"sc2210,sc2211",723.6,sc2204,7-8
2022-03-08,16.2,"sc2210,sc2211",765.8,sc2204,7-8
2022-03-09,16.2,"sc2210,sc2211",806.9,sc2204,7-8
2022-03-10,10.7,"sc2210,sc2211",726.1,sc2204,7-8
2022-03-11,12.8,"sc2210,sc2211",691.9,sc2204,7-8
2022-03-14,12.9,"sc2210,sc2211",683.0,sc2204,7-8
2022-03-15,11.9,"sc2210,sc2211",645.7,sc2204,7-8
2022-03-16,8.0,"sc2210,sc2211",622.9,sc2204,7-8
2022-03-17,10.8,"sc2210,sc2211",615.8,sc2204,7-8
2022-03-18,6.6,"sc2210,sc2211",657.0,sc2204,7-8
2022-03-21,9.9,"sc2210,sc2211",678.9,sc2204,7-8
2022-03-22,10.5,"sc2210,sc2211",722.8,sc2204,7-8
2022-03-23,13.3,"sc2210,sc2211",717.8,sc2204,7-8
2022-03-24,13.5,"sc2210,sc2211",760.1,sc2204,7-8
2022-03-25,18.2,"sc2210,sc2211",753.4,sc2204,7-8
2022-03-28,13.3,"sc2210,sc2211",742.4,sc2204,7-8
2022-03-29,13.3,"sc2210,sc2211",706.2,sc2204,7-8
2022-03-30,12.0,"sc2210,sc2211",678.2,sc2204,7-8
2022-03-31,12.6,"sc2210,sc2211",675.2,sc2204,7-8
2022-04-01,7.5,"sc2211,sc2212",666.4,sc2205,7-8
2022-04-06,8.0,"sc2211,sc2212",675.4,sc2205,7-8
2022-04-07,6.0,"sc2211,sc2212",643.1,sc2205,7-8
2022-04-08,5.7,"sc2211,sc2212",617.3,sc2205,7-8
2022-04-11,5.6,"sc2211,sc2212",625.8,sc2205,7-8
2022-04-12,3.7,"sc2211,sc2212",618.4,sc2205,7-8
2022-04-13,7.5,"sc2211,sc2212",649.9,sc2205,7-8
2022-04-14,7.1,"sc2211,sc2212",665.8,sc2205,7-8
2022-04-15,7.5,"sc2211,sc2212",679.7,sc2205,7-8
2022-04-18,10.0,"sc2211,sc2212",694.1,sc2205,7-8
2022-04-19,7.8,"sc2211,sc2212",705.9,sc2205,7-8
2022-04-20,6.9,"sc2211,sc2212",674.5,sc2205,7-8
2022-04-21,5.9,"sc2211,sc2212",674.4,sc2205,7-8
2022-04-22,5.7,"sc2211,sc2212",680.5,sc2205,7-8
2022-04-25,3.5,"sc2211,sc2212",662.4,sc2205,7-8
2022-04-26,4.1,"sc2211,sc2212",637.6,sc2205,7-8
2022-04-27,5.4,"sc2211,sc2212",663.8,sc2205,7-8
2022-04-28,5.5,"sc2211,sc2212",659.1,sc2205,7-8
2022-04-29,6.1,"sc2211,sc2212",671.2,sc2205,7-8
2022-05-05,5.0,"sc2212,sc2301",692.4,sc2206,7-8
2022-05-06,5.4,"sc2212,sc2301",696.4,sc2206,7-8
2022-05-09,5.9,"sc2212,sc2301",705.6,sc2206,7-8
2022-05-10,7.2,"sc2212,sc2301",669.8,sc2206,7-8
2022-05-11,6.2,"sc2212,sc2301",656.1,sc2206,7-8
2022-05-12,9.3,"sc2212,sc2301",680.0,sc2206,7-8
2022-05-13,6.3,"sc2212,sc2301",692.4,sc2206,7-8
2022-05-16,8.4,"sc2212,sc2301",704.6,sc2206,7-8
2022-05-17,9.0,"sc2212,sc2301",721.8,sc2206,7-8
2022-05-18,6.8,"sc2212,sc2301",721.9,sc2206,7-8
2022-05-19,8.6,"sc2212,sc2301",698.6,sc2206,7-8
2022-05-20,7.9,"sc2212,sc2301",699.8,sc2206,7-8
2022-05-23,6.9,"sc2212,sc2301",706.2,sc2206,7-8
2022-05-24,7.1,"sc2212,sc2301",699.0,sc2206,7-8
2022-05-25,7.3,"sc2212,sc2301",710.8,sc2206,7-8
2022-05-26,8.4,"sc2212,sc2301",716.1,sc2206,7-8
2022-05-27,11.0,"sc2212,sc2301",740.4,sc2206,7-8
2022-05-30,11.7,"sc2212,sc2301",724.3,sc2206,7-8
2022-05-31,12.2,"sc2212,sc2301",737.3,sc2206,7-8
2022-06-01,9.2,"sc2301,sc2302",741.1,sc2207,7-8
2022-06-02,9.3,"sc2301,sc2302",728.8,sc2207,7-8
2022-06-06,7.3,"sc2301,sc2302",750.3,sc2207,7-8
2022-06-07,9.1,"sc2301,sc2302",748.7,sc2207,7-8
2022-06-08,8.4,"sc2301,sc2302",753.8,sc2207,7-8
2022-06-09,9.3,"sc2301,sc2302",771.4,sc2207,7-8
2022-06-10,8.0,"sc2301,sc2302",770.5,sc2207,7-8
2022-06-13,8.7,"sc2301,sc2302",756.8,sc2207,7-8
2022-06-14,7.1,"sc2301,sc2302",768.0,sc2207,7-8
2022-06-15,5.6,"sc2301,sc2302",770.6,sc2207,7-8
2022-06-16,6.5,"sc2301,sc2302",748.2,sc2207,7-8
2022-06-17,8.6,"sc2301,sc2302",731.7,sc2207,7-8
2022-06-20,7.1,"sc2301,sc2302",704.3,sc2207,7-8
2022-06-21,5.9,"sc2301,sc2302",702.2,sc2207,7-8
2022-06-22,5.6,"sc2301,sc2302",703.7,sc2207,7-8
2022-06-23,6.5,"sc2301,sc2302",687.6,sc2207,7-8
2022-06-24,6.9,"sc2301,sc2302",684.0,sc2207,7-8
2022-06-27,5.6,"sc2301,sc2302",689.6,sc2207,7-8
2022-06-28,4.5,"sc2301,sc2302",707.1,sc2207,7-8
2022-06-29,5.2,"sc2301,sc2302",715.0,sc2207,7-8
2022-06-30,5.2,"sc2301,sc2302",731.1,sc2207,7-8
2022-07-01,6.1,"sc2302,sc2303",704.4,sc2208,7-8
2022-07-04,7.3,"sc2302,sc2303",711.7,sc2208,7-8
2022-07-05,8.9,"sc2302,sc2303",727.5,sc2208,7-8
2022-07-06,8.0,"sc2302,sc2303",674.2,sc2208,7-8
2022-07-07,7.5,"sc2302,sc2303",644.9,sc2208,7-8
2022-07-08,6.7,"sc2302,sc2303",676.8,sc2208,7-8
2022-07-11,12.1,"sc2302,sc2303",686.1,sc2208,7-8
2022-07-12,8.2,"sc2302,sc2303",680.6,sc2208,7-8
2022-07-13,7.6,"sc2302,sc2303",650.2,sc2208,7-8
2022-07-14,5.2,"sc2302,sc2303",650.8,sc2208,7-8
2022-07-15,6.4,"sc2302,sc2303",641.1,sc2208,7-8
2022-07-18,5.9,"sc2302,sc2303",668.0,sc2208,7-8
2022-07-19,9.6,"sc2302,sc2303",697.5,sc2208,7-8
2022-07-20,7.5,"sc2302,sc2303",704.9,sc2208,7-8
2022-07-21,8.0,"sc2302,sc2303",706.9,sc2208,7-8
2022-07-22,6.9,"sc2302,sc2303",695.8,sc2208,7-8
2022-07-25,8.4,"sc2302,sc2303",697.9,sc2208,7-8
2022-07-26,7.7,"sc2302,sc2303",704.3,sc2208,7-8
2022-07-27,8.8,"sc2302,sc2303",661.3,sc2208,7-8
2022-07-28,8.7,"sc2302,sc2303",676.1,sc2208,7-8
2022-07-29,8.2,"sc2302,sc2303",730.3,sc2208,7-8
2022-08-01,8.1,"sc2303,sc2304",698.1,sc2209,7-8
2022-08-02,8.9,"sc2303,sc2304",672.7,sc2209,7-8
2022-08-03,11.2,"sc2303,sc2304",681.6,sc2209,7-8
2022-08-04,9.2,"sc2303,sc2304",667.1,sc2209,7-8
2022-08-05,7.6,"sc2303,sc2304",650.3,sc2209,7-8
2022-08-08,7.9,"sc2303,sc2304",659.6,sc2209,7-8
2022-08-09,6.8,"sc2303,sc2304",665.7,sc2209,7-8
2022-08-10,7.8,"sc2303,sc2304",676.5,sc2209,7-8
2022-08-11,7.6,"sc2303,sc2304",682.6,sc2209,7-8
2022-08-12,6.9,"sc2303,sc2304",698.9,sc2209,7-8
2022-08-15,6.6,"sc2303,sc2304",695.9,sc2209,7-8
2022-08-16,6.1,"sc2303,sc2304",685.6,sc2209,7-8
2022-08-17,6.1,"sc2303,sc2304",690.7,sc2209,7-8
2022-08-18,7.6,"sc2303,sc2304",698.6,sc2209,7-8
2022-08-19,8.2,"sc2303,sc2304",725.4,sc2209,7-8
2022-08-22,4.6,"sc2303,sc2304",749.9,sc2209,7-8
2022-08-23,6.1,"sc2303,sc2304",747.2,sc2209,7-8
2022-08-24,8.9,"sc2303,sc2304",765.8,sc2209,7-8
2022-08-25,7.6,"sc2303,sc2304",790.6,sc2209,7-8
2022-08-26,9.5,"sc2303,sc2304",787.3,sc2209,7-8
2022-08-29,12.3,"sc2303,sc2304",726.4,sc2209,7-8
2022-08-30,7.2,"sc2303,sc2304",738.7,sc2209,7-8
2022-08-31,8.3,"sc2303,sc2304",724.7,sc2209,7-8
2022-09-01,5.9,"sc2304,sc2305",705.5,sc2210,7-8
2022-09-02,8.5,"sc2304,sc2305",694.7,sc2210,7-8
2022-09-05,3.0,"sc2304,sc2305",696.2,sc2210,7-8
2022-09-06,5.1,"sc2304,sc2305",707.4,sc2210,7-8
2022-09-07,5.7,"sc2304,sc2305",688.4,sc2210,7-8
2022-09-08,3.6,"sc2304,sc2305",673.8,sc2210,7-8
2022-09-09,6.3,"sc2304,sc2305",670.0,sc2210,7-8
2022-09-13,4.3,"sc2304,sc2305",705.6,sc2210,7-8
2022-09-14,2.4,"sc2304,sc2305",691.6,sc2210,7-8
2022-09-15,2.2,"sc2304,sc2305",718.3,sc2210,7-8
2022-09-16,6.3,"sc2304,sc2305",712.2,sc2210,7-8
2022-09-19,4.8,"sc2304,sc2305",709.2,sc2210,7-8
2022-09-20,6.3,"sc2304,sc2305",707.4,sc2210,7-8
2022-09-21,6.8,"sc2304,sc2305",674.3,sc2210,7-8
2022-09-22,6.6,"sc2304,sc2305",653.6,sc2210,7-8
2022-09-23,5.7,"sc2304,sc2305",645.8,sc2210,7-8
2022-09-26,6.8,"sc2305,sc2306",624.8,sc2211,7-8
2022-09-27,4.6,"sc2305,sc2306",612.0,sc2211,7-8
2022-09-28,2.4,"sc2305,sc2306",612.2,sc2211,7-8
2022-09-29,4.6,"sc2305,sc2306",628.6,sc2211,7-8
2022-09-30,7.6,"sc2305,sc2306",631.5,sc2211,7-8
2022-10-10,7.7,"sc2305,sc2306",699.6,sc2211,7-8
2022-10-11,4.9,"sc2305,sc2306",702.2,sc2211,7-8
2022-10-12,8.6,"sc2305,sc2306",688.2,sc2211,7-8
2022-10-13,5.4,"sc2305,sc2306",684.8,sc2211,7-8
2022-10-14,5.9,"sc2305,sc2306",689.7,sc2211,7-8
2022-10-17,4.7,"sc2305,sc2306",676.7,sc2211,7-8
2022-10-18,4.3,"sc2305,sc2306",677.9,sc2211,7-8
2022-10-19,6.1,"sc2305,sc2306",665.4,sc2211,7-8
2022-10-20,6.5,"sc2305,sc2306",667.1,sc2211,7-8
2022-10-21,7.0,"sc2305,sc2306",669.6,sc2211,7-8
2022-10-24,7.9,"sc2305,sc2306",670.1,sc2211,7-8
2022-10-25,7.7,"sc2305,sc2306",669.9,sc2211,7-8
2022-10-26,7.2,"sc2305,sc2306",671.3,sc2211,7-8
2022-10-27,5.9,"sc2305,sc2306",677.4,sc2211,7-8
2022-10-28,6.6,"sc2305,sc2306",684.9,sc2211,7-8
2022-10-31,7.8,"sc2305,sc2306",686.8,sc2211,7-8
2022-11-01,5.1,"sc2306,sc2307",685.5,sc2212,7-8
2022-11-02,6.0,"sc2306,sc2307",696.3,sc2212,7-8
2022-11-03,6.6,"sc2306,sc2307",698.4,sc2212,7-8
2022-11-04,4.7,"sc2306,sc2307",699.9,sc2212,7-8
2022-11-07,7.7,"sc2306,sc2307",715.4,sc2212,7-8
2022-11-08,9.5,"sc2306,sc2307",716.5,sc2212,7-8
2022-11-09,9.1,"sc2306,sc2307",700.6,sc2212,7-8
2022-11-10,9.4,"sc2306,sc2307",677.4,sc2212,7-8
2022-11-11,10.3,"sc2306,sc2307",673.8,sc2212,7-8
2022-11-14,8.0,"sc2306,sc2307",677.5,sc2212,7-8
2022-11-15,9.0,"sc2306,sc2307",658.4,sc2212,7-8
2022-11-16,7.3,"sc2306,sc2307",647.0,sc2212,7-8
2022-11-17,7.5,"sc2306,sc2307",636.7,sc2212,7-8
2022-11-18,6.3,"sc2306,sc2307",623.1,sc2212,7-8
2022-11-21,5.4,"sc2306,sc2307",601.6,sc2212,7-8
2022-11-22,4.9,"sc2306,sc2307",591.8,sc2212,7-8
2022-11-23,5.0,"sc2306,sc2307",601.9,sc2212,7-8
2022-11-24,4.4,"sc2306,sc2307",575.0,sc2212,7-8
2022-11-25,1.7,"sc2306,sc2307",576.1,sc2212,7-8
2022-11-28,0.7,"sc2306,sc2307",556.0,sc2212,7-8
2022-11-29,0.4,"sc2306,sc2307",554.9,sc2212,7-8
2022-11-30,1.0,"sc2306,sc2307",579.2,sc2212,7-8
2022-12-01,1.0,"sc2307,sc2308",578.9,sc2301,7-8
2022-12-02,1.7,"sc2307,sc2308",577.7,sc2301,7-8
2022-12-05,0.9,"sc2307,sc2308",570.0,sc2301,7-8
2022-12-06,0.9,"sc2307,sc2308",552.6,sc2301,7-8
2022-12-07,1.4,"sc2307,sc2308",523.3,sc2301,7-8
2022-12-08,0.7,"sc2307,sc2308",512.6,sc2301,7-8
2022-12-09,0.8,"sc2307,sc2308",505.1,sc2301,7-8
2022-12-12,0.0,"sc2307,sc2308",501.6,sc2301,7-8
2022-12-13,-0.1,"sc2307,sc2308",510.2,sc2301,7-8
2022-12-14,0.7,"sc2307,sc2308",521.7,sc2301,7-8
2022-12-15,0.5,"sc2307,sc2308",530.3,sc2301,7-8
2022-12-16,0.7,"sc2307,sc2308",528.4,sc2301,7-8
2022-12-19,1.1,"sc2307,sc2308",520.0,sc2301,7-8
2022-12-20,1.4,"sc2307,sc2308",528.4,sc2301,7-8
2022-12-21,0.9,"sc2307,sc2308",529.2,sc2301,7-8
2022-12-22,0.6,"sc2307,sc2308",538.0,sc2301,7-8
2022-12-23,0.9,"sc2308,sc2309",546.8,sc2302,7-8
2022-12-26,0.1,"sc2308,sc2309",559.7,sc2302,7-8
2022-12-27,2.8,"sc2308,sc2309",562.5,sc2302,7-8
2022-12-28,0.9,"sc2308,sc2309",565.5,sc2302,7-8
2022-12-29,1.7,"sc2308,sc2309",552.9,sc2302,7-8
2022-12-30,0.6,"sc2308,sc2309",553.7,sc2302,7-8
2023-01-03,3.7,"sc2308,sc2309",564.2,sc2302,7-8
2023-01-04,4.5,"sc2308,sc2309",549.9,sc2302,7-8
2023-01-05,0.1,"sc2308,sc2309",521.1,sc2302,7-8
2023-01-06,-1.4,"sc2308,sc2309",525.5,sc2302,7-8
2023-01-09,1.8,"sc2308,sc2309",525.7,sc2302,7-8
2023-01-10,0.6,"sc2308,sc2309",524.4,sc2302,7-8
2023-01-11,-1.2,"sc2308,sc2309",519.5,sc2302,7-8
2023-01-12,-0.6,"sc2308,sc2309",527.3,sc2302,7-8
2023-01-13,-0.6,"sc2308,sc2309",538.8,sc2302,7-8
2023-01-16,-1.5,"sc2308,sc2309",539.4,sc2302,7-8
2023-01-17,-1.3,"sc2309,sc2310",544.2,sc2303,7-8
2023-01-18,-3.7,"sc2309,sc2310",559.6,sc2303,7-8
2023-01-19,-0.8,"sc2309,sc2310",556.2,sc2303,7-8
2023-01-20,-0.9,"sc2309,sc2310",559.8,sc2303,7-8
2023-01-30,5.8,"sc2309,sc2310",560.0,sc2303,7-8
2023-01-31,2.0,"sc2309,sc2310",546.6,sc2303,7-8
2023-02-01,1.6,"sc2309,sc2310",548.4,sc2303,7-8
2023-02-02,0.6,"sc2309,sc2310",540.8,sc2303,7-8
2023-02-03,0.5,"sc2309,sc2310",532.3,sc2303,7-8
2023-02-06,0.6,"sc2309,sc2310",526.5,sc2303,7-8
2023-02-07,0.0,"sc2309,sc2310",523.8,sc2303,7-8
2023-02-08,-0.3,"sc2309,sc2310",537.9,sc2303,7-8
2023-02-09,0.7,"sc2309,sc2310",550.9,sc2303,7-8
2023-02-10,-0.6,"sc2309,sc2310",552.6,sc2303,7-8
2023-02-13,-1.8,"sc2309,sc2310",563.0,sc2303,7-8
2023-02-14,-2.1,"sc2309,sc2310",566.3,sc2303,7-8
2023-02-15,-0.3,"sc2309,sc2310",567.9,sc2303,7-8
2023-02-16,1.1,"sc2309,sc2310",572.4,sc2303,7-8
2023-02-17,1.2,"sc2309,sc2310",579.1,sc2303,7-8
2023-02-20,2.1,"sc2309,sc2310",559.1,sc2303,7-8
2023-02-21,3.1,"sc2309,sc2310",557.0,sc2303,7-8
2023-02-22,3.1,"sc2309,sc2310",556.1,sc2303,7-8
2023-02-23,1.9,"sc2309,sc2310",552.0,sc2303,7-8
2023-02-24,0.6,"sc2309,sc2310",548.6,sc2303,7-8
2023-02-27,-0.3,"sc2309,sc2310",561.2,sc2303,7-8
2023-02-28,-0.1,"sc2309,sc2310",553.0,sc2303,7-8
2023-03-01,0.5,"sc2310,sc2311",556.5,sc2304,7-8
2023-03-02,1.3,"sc2310,sc2311",556.0,sc2304,7-8
2023-03-03,-0.4,"sc2310,sc2311",566.5,sc2304,7-8
2023-03-06,0.0,"sc2310,sc2311",568.7,sc2304,7-8
2023-03-07,1.0,"sc2310,sc2311",579.2,sc2304,7-8
2023-03-08,1.7,"sc2310,sc2311",571.1,sc2304,7-8
2023-03-09,1.5,"sc2310,sc2311",560.5,sc2304,7-8
2023-03-10,0.2,"sc2310,sc2311",557.3,sc2304,7-8
2023-03-13,-0.6,"sc2310,sc2311",551.7,sc2304,7-8
2023-03-14,-1.4,"sc2310,sc2311",535.6,sc2304,7-8
2023-03-15,-0.6,"sc2310,sc2311",526.7,sc2304,7-8
2023-03-16,-1.8,"sc2310,sc2311",496.4,sc2304,7-8
2023-03-17,-1.4,"sc2310,sc2311",496.1,sc2304,7-8
2023-03-20,-0.2,"sc2310,sc2311",490.2,sc2304,7-8
2023-03-21,-0.3,"sc2310,sc2311",486.1,sc2304,7-8
2023-03-22,-0.7,"sc2310,sc2311",497.7,sc2304,7-8
2023-03-23,0.3,"sc2310,sc2311",504.4,sc2304,7-8
2023-03-24,1.6,"sc2310,sc2311",505.2,sc2304,7-8
2023-03-27,1.1,"sc2310,sc2311",498.0,sc2304,7-8
2023-03-28,0.3,"sc2310,sc2311",514.8,sc2304,7-8
2023-03-29,0.3,"sc2310,sc2311",524.3,sc2304,7-8
2023-03-30,0.3,"sc2310,sc2311",525.8,sc2304,7-8
2023-03-31,1.2,"sc2310,sc2311",531.0,sc2304,7-8
2023-04-03,2.0,"sc2311,sc2312",547.2,sc2305,7-8
2023-04-04,1.0,"sc2311,sc2312",576.9,sc2305,7-8
2023-04-06,1.8,"sc2311,sc2312",583.0,sc2305,7-8
2023-04-07,3.3,"sc2311,sc2312",586.9,sc2305,7-8
2023-04-10,2.2,"sc2311,sc2312",589.3,sc2305,7-8
2023-04-11,1.5,"sc2311,sc2312",586.3,sc2305,7-8
2023-04-12,0.9,"sc2311,sc2312",591.9,sc2305,7-8
2023-04-13,3.3,"sc2311,sc2312",601.8,sc2305,7-8
2023-04-14,1.7,"sc2311,sc2312",597.4,sc2305,7-8
2023-04-17,0.6,"sc2311,sc2312",599.2,sc2305,7-8
2023-04-18,-0.5,"sc2311,sc2312",597.5,sc2305,7-8
2023-04-19,-0.1,"sc2311,sc2312",593.6,sc2305,7-8
2023-04-20,-0.8,"sc2311,sc2312",580.9,sc2305,7-8
2023-04-21,0.8,"sc2311,sc2312",566.6,sc2305,7-8
2023-04-24,0.9,"sc2311,sc2312",565.4,sc2305,7-8
2023-04-25,0.0,"sc2311,sc2312",566.9,sc2305,7-8
2023-04-26,-1.5,"sc2311,sc2312",561.8,sc2305,7-8
2023-04-27,-1.1,"sc2311,sc2312",534.9,sc2305,7-8
2023-04-28,-1.2,"sc2311,sc2312",545.9,sc2305,7-8
2023-05-04,-0.4,"sc2312,sc2401",494.9,sc2306,7-8
2023-05-05,0.0,"sc2312,sc2401",491.7,sc2306,7-8
2023-05-08,-0.4,"sc2312,sc2401",508.7,sc2306,7-8
2023-05-09,0.5,"sc2312,sc2401",518.9,sc2306,7-8
2023-05-10,0.9,"sc2312,sc2401",517.5,sc2306,7-8
2023-05-11,1.5,"sc2312,sc2401",514.7,sc2306,7-8
2023-05-12,1.4,"sc2312,sc2401",502.1,sc2306,7-8
2023-05-15,1.6,"sc2312,sc2401",496.2,sc2306,7-8
2023-05-16,-0.3,"sc2312,sc2401",505.7,sc2306,7-8
2023-05-17,0.2,"sc2312,sc2401",504.1,sc2306,7-8
2023-05-18,0.7,"sc2312,sc2401",512.7,sc2306,7-8
2023-05-19,0.6,"sc2312,sc2401",514.4,sc2306,7-8
2023-05-22,0.3,"sc2312,sc2401",509.6,sc2306,7-8
2023-05-23,0.2,"sc2312,sc2401",513.7,sc2306,7-8
2023-05-24,0.3,"sc2312,sc2401",523.5,sc2306,7-8
2023-05-25,0.9,"sc2312,sc2401",529.4,sc2306,7-8
2023-05-26,0.6,"sc2312,sc2401",516.7,sc2306,7-8
2023-05-29,0.3,"sc2312,sc2401",527.4,sc2306,7-8
2023-05-30,0.2,"sc2312,sc2401",528.2,sc2306,7-8
2023-05-31,0.9,"sc2312,sc2401",517.5,sc2306,7-8
2023-06-01,0.3,"sc2401,sc2402",501.9,sc2307,7-8
2023-06-02,1.2,"sc2401,sc2402",511.8,sc2307,7-8
2023-06-05,2.4,"sc2401,sc2402",523.7,sc2307,7-8
2023-06-06,3.7,"sc2401,sc2402",528.0,sc2307,7-8
2023-06-07,3.2,"sc2401,sc2402",524.1,sc2307,7-8
2023-06-08,2.4,"sc2401,sc2402",534.2,sc2307,7-8
2023-06-09,2.2,"sc2401,sc2402",527.3,sc2307,7-8
2023-06-12,2.4,"sc2401,sc2402",523.1,sc2307,7-8
2023-06-13,3.2,"sc2401,sc2402",506.3,sc2307,7-8
2023-06-14,2.3,"sc2401,sc2402",519.6,sc2307,7-8
2023-06-15,2.1,"sc2401,sc2402",517.6,sc2307,7-8
2023-06-16,1.8,"sc2401,sc2402",525.1,sc2307,7-8
2023-06-19,1.8,"sc2401,sc2402",530.0,sc2307,7-8
2023-06-20,2.4,"sc2401,sc2402",533.6,sc2307,7-8
2023-06-21,1.4,"sc2401,sc2402",542.5,sc2307,7-8
2023-06-26,2.9,"sc2401,sc2402",539.3,sc2307,7-8
2023-06-27,2.7,"sc2401,sc2402",541.1,sc2307,7-8
2023-06-28,2.7,"sc2401,sc2402",534.6,sc2307,7-8
2023-06-29,3.3,"sc2401,sc2402",539.1,sc2307,7-8
2023-06-30,4.3,"sc2401,sc2402",542.1,sc2307,7-8
2023-07-03,2.7,"sc2402,sc2403",551.7,sc2308,7-8
2023-07-04,7.8,"sc2402,sc2403",551.0,sc2308,7-8
2023-07-05,3.9,"sc2402,sc2403",553.8,sc2308,7-8
2023-07-06,4.6,"sc2402,sc2403",558.8,sc2308,7-8
2023-07-07,4.1,"sc2402,sc2403",556.5,sc2308,7-8
2023-07-10,3.6,"sc2402,sc2403",565.3,sc2308,7-8
2023-07-11,4.5,"sc2402,sc2403",568.8,sc2308,7-8
2023-07-12,4.4,"sc2402,sc2403",574.4,sc2308,7-8
2023-07-13,3.2,"sc2402,sc2403",578.6,sc2308,7-8
2023-07-14,3.9,"sc2402,sc2403",584.9,sc2308,7-8
2023-07-17,3.5,"sc2402,sc2403",580.1,sc2308,7-8
2023-07-18,2.4,"sc2402,sc2403",577.2,sc2308,7-8
2023-07-19,3.2,"sc2402,sc2403",583.4,sc2308,7-8
2023-07-20,3.1,"sc2402,sc2403",589.1,sc2308,7-8
2023-07-21,2.7,"sc2402,sc2403",585.3,sc2308,7-8
2023-07-24,2.7,"sc2402,sc2403",587.7,sc2308,7-8
2023-07-25,2.9,"sc2402,sc2403",598.9,sc2308,7-8
2023-07-26,2.9,"sc2402,sc2403",601.8,sc2308,7-8
2023-07-27,3.2,"sc2402,sc2403",606.8,sc2308,7-8
2023-07-28,3.2,"sc2402,sc2403",610.3,sc2308,7-8
2023-07-31,3.3,"sc2402,sc2403",604.4,sc2308,7-8
2023-08-01,2.5,"sc2403,sc2404",618.2,sc2309,7-8
2023-08-02,3.8,"sc2403,sc2404",621.8,sc2309,7-8
2023-08-03,2.2,"sc2403,sc2404",610.6,sc2309,7-8
2023-08-04,2.9,"sc2403,sc2404",619.3,sc2309,7-8
2023-08-07,3.2,"sc2403,sc2404",627.5,sc2309,7-8
2023-08-08,3.0,"sc2403,sc2404",625.5,sc2309,7-8
2023-08-09,2.5,"sc2403,sc2404",626.9,sc2309,7-8
2023-08-10,3.3,"sc2403,sc2404",638.1,sc2309,7-8
2023-08-11,3.4,"sc2403,sc2404",639.4,sc2309,7-8
2023-08-14,3.0,"sc2403,sc2404",658.7,sc2309,7-8
2023-08-15,4.3,"sc2403,sc2404",658.7,sc2309,7-8
2023-08-16,4.6,"sc2403,sc2404",655.8,sc2309,7-8
2023-08-17,3.1,"sc2403,sc2404",655.6,sc2309,7-8
2023-08-18,4.2,"sc2403,sc2404",658.4,sc2309,7-8
2023-08-21,4.2,"sc2403,sc2404",667.6,sc2309,7-8
2023-08-22,4.9,"sc2403,sc2404",671.8,sc2309,7-8
2023-08-23,5.7,"sc2403,sc2404",665.6,sc2309,7-8
2023-08-24,3.6,"sc2403,sc2404",668.8,sc2309,7-8
2023-08-25,3.9,"sc2403,sc2404",678.7,sc2309,7-8
2023-08-28,4.4,"sc2403,sc2404",690.9,sc2309,7-8
2023-08-29,5.3,"sc2403,sc2404",657.4,sc2309,7-8
2023-08-30,5.0,"sc2403,sc2404",632.0,sc2309,7-8
2023-08-31,6.0,"sc2403,sc2404",607.6,sc2309,7-8
2023-09-01,4.7,"sc2404,sc2405",649.8,sc2310,7-8
2023-09-04,4.1,"sc2404,sc2405",666.2,sc2310,7-8
2023-09-05,6.4,"sc2404,sc2405",668.6,sc2310,7-8
2023-09-06,6.0,"sc2404,sc2405",690.0,sc2310,7-8
2023-09-07,6.5,"sc2404,sc2405",691.0,sc2310,7-8
2023-09-08,6.9,"sc2404,sc2405",693.8,sc2310,7-8
2023-09-11,6.6,"sc2404,sc2405",694.8,sc2310,7-8
2023-09-12,6.7,"sc2404,sc2405",696.3,sc2310,7-8
2023-09-13,5.5,"sc2404,sc2405",708.3,sc2310,7-8
2023-09-14,8.2,"sc2404,sc2405",717.7,sc2310,7-8
2023-09-15,8.4,"sc2404,sc2405",736.8,sc2310,7-8
2023-09-18,8.4,"sc2404,sc2405",733.1,sc2310,7-8
2023-09-19,8.5,"sc2404,sc2405",736.7,sc2310,7-8
2023-09-20,8.0,"sc2404,sc2405",728.9,sc2310,7-8
2023-09-21,8.0,"sc2404,sc2405",725.6,sc2310,7-8
2023-09-22,7.7,"sc2404,sc2405",736.5,sc2310,7-8
2023-09-25,7.5,"sc2404,sc2405",731.7,sc2310,7-8
2023-09-26,8.8,"sc2404,sc2405",702.4,sc2310,7-8
2023-09-27,6.9,"sc2404,sc2405",695.9,sc2310,7-8
2023-09-28,6.6,"sc2404,sc2405",700.9,sc2310,7-8
2023-10-09,4.3,"sc2405,sc2406",660.7,sc2311,7-8
2023-10-10,5.3,"sc2405,sc2406",660.8,sc2311,7-8
2023-10-11,4.3,"sc2405,sc2406",657.0,sc2311,7-8
2023-10-12,4.1,"sc2405,sc2406",650.1,sc2311,7-8
2023-10-13,4.3,"sc2405,sc2406",652.3,sc2311,7-8
2023-10-16,6.5,"sc2405,sc2406",676.5,sc2311,7-8
2023-10-17,6.1,"sc2405,sc2406",674.6,sc2311,7-8
2023-10-18,6.2,"sc2405,sc2406",681.5,sc2311,7-8
2023-10-19,6.7,"sc2405,sc2406",689.1,sc2311,7-8
2023-10-20,6.8,"sc2405,sc2406",694.0,sc2311,7-8
2023-10-23,6.5,"sc2405,sc2406",694.9,sc2311,7-8
2023-10-24,5.9,"sc2405,sc2406",682.7,sc2311,7-8
2023-10-25,4.3,"sc2405,sc2406",668.0,sc2311,7-8
2023-10-26,5.7,"sc2405,sc2406",674.5,sc2311,7-8
2023-10-27,6.4,"sc2405,sc2406",673.0,sc2311,7-8
2023-10-30,5.5,"sc2405,sc2406",678.3,sc2311,7-8
2023-10-31,2.9,"sc2405,sc2406",671.6,sc2311,7-8
2023-11-01,3.1,"sc2406,sc2407",649.8,sc2312,7-8
2023-11-02,5.7,"sc2406,sc2407",650.1,sc2312,7-8
2023-11-03,4.5,"sc2406,sc2407",653.5,sc2312,7-8
2023-11-06,4.6,"sc2406,sc2407",647.3,sc2312,7-8
2023-11-07,4.4,"sc2406,sc2407",636.5,sc2312,7-8
2023-11-08,2.1,"sc2406,sc2407",610.4,sc2312,7-8
2023-11-09,1.6,"sc2406,sc2407",596.2,sc2312,7-8
2023-11-10,2.2,"sc2406,sc2407",596.9,sc2312,7-8
2023-11-13,2.2,"sc2406,sc2407",598.9,sc2312,7-8
2023-11-14,3.3,"sc2406,sc2407",602.7,sc2312,7-8
2023-11-15,2.8,"sc2406,sc2407",604.1,sc2312,7-8
2023-11-16,2.6,"sc2406,sc2407",590.4,sc2312,7-8
2023-11-17,1.6,"sc2406,sc2407",568.9,sc2312,7-8
2023-11-20,1.5,"sc2406,sc2407",576.7,sc2312,7-8
2023-11-21,1.9,"sc2406,sc2407",587.4,sc2312,7-8
2023-11-22,2.9,"sc2406,sc2407",589.2,sc2312,7-8
2023-11-23,2.4,"sc2406,sc2407",571.9,sc2312,7-8
2023-11-24,1.5,"sc2406,sc2407",575.9,sc2312,7-8
2023-11-27,1.9,"sc2406,sc2407",573.3,sc2312,7-8
2023-11-28,3.1,"sc2406,sc2407",566.9,sc2312,7-8
2023-11-29,0.9,"sc2406,sc2407",573.7,sc2312,7-8
2023-11-30,1.0,"sc2406,sc2407",577.1,sc2312,7-8
2023-12-01,0.8,"sc2407,sc2408",579.3,sc2401,7-8
2023-12-04,1.8,"sc2407,sc2408",566.0,sc2401,7-8
2023-12-05,1.1,"sc2407,sc2408",556.7,sc2401,7-8
2023-12-06,-0.3,"sc2407,sc2408",554.3,sc2401,7-8
2023-12-07,-1.3,"sc2407,sc2408",536.6,sc2401,7-8
2023-12-08,-0.3,"sc2407,sc2408",546.7,sc2401,7-8
2023-12-11,1.2,"sc2407,sc2408",551.5,sc2401,7-8
2023-12-12,0.9,"sc2407,sc2408",550.8,sc2401,7-8
2023-12-13,1.5,"sc2407,sc2408",530.2,sc2401,7-8
2023-12-14,1.0,"sc2407,sc2408",529.5,sc2401,7-8
2023-12-15,1.0,"sc2407,sc2408",542.9,sc2401,7-8
2023-12-18,1.5,"sc2407,sc2408",542.5,sc2401,7-8
2023-12-19,1.7,"sc2407,sc2408",553.8,sc2401,7-8
2023-12-20,0.8,"sc2407,sc2408",556.1,sc2401,7-8
2023-12-21,1.0,"sc2407,sc2408",560.2,sc2401,7-8
2023-12-22,0.8,"sc2407,sc2408",554.9,sc2401,7-8
2023-12-25,0.9,"sc2407,sc2408",552.7,sc2401,7-8
2023-12-26,1.0,"sc2407,sc2408",553.7,sc2401,7-8
2023-12-27,0.6,"sc2407,sc2408",567.3,sc2401,7-8
2023-12-28,1.1,"sc2407,sc2408",560.2,sc2401,7-8
2023-12-29,0.1,"sc2407,sc2408",551.2,sc2401,7-8
2024-01-02,-5.2,"sc2408,sc2409",547.2,sc2402,7-8
2024-01-03,-0.1,"sc2408,sc2409",544.7,sc2402,7-8
2024-01-04,0.2,"sc2408,sc2409",554.3,sc2402,7-8
2024-01-05,0.6,"sc2408,sc2409",552.9,sc2402,7-8
2024-01-08,0.7,"sc2408,sc2409",556.6,sc2402,7-8
2024-01-09,0.2,"sc2408,sc2409",539.0,sc2402,7-8
2024-01-10,0.2,"sc2408,sc2409",553.2,sc2402,7-8
2024-01-11,1.0,"sc2408,sc2409",559.0,sc2402,7-8
2024-01-12,-0.4,"sc2408,sc2409",566.1,sc2402,7-8
2024-01-15,2.7,"sc2408,sc2409",562.8,sc2402,7-8
2024-01-16,1.7,"sc2408,sc2409",553.5,sc2402,7-8
2024-01-17,0.7,"sc2408,sc2409",554.5,sc2402,7-8
2024-01-18,0.9,"sc2408,sc2409",550.6,sc2402,7-8
2024-01-19,1.6,"sc2408,sc2409",557.9,sc2402,7-8
2024-01-22,1.4,"sc2408,sc2409",557.9,sc2402,7-8
2024-01-23,1.3,"sc2408,sc2409",564.2,sc2402,7-8
2024-01-24,1.5,"sc2408,sc2409",562.0,sc2402,7-8
2024-01-25,2.1,"sc2408,sc2409",567.7,sc2402,7-8
2024-01-26,1.2,"sc2408,sc2409",579.7,sc2402,7-8
2024-01-29,1.4,"sc2408,sc2409",587.6,sc2402,7-8
2024-01-30,1.6,"sc2408,sc2409",584.8,sc2402,7-8
2024-01-31,1.1,"sc2408,sc2409",577.8,sc2402,7-8
2024-02-01,1.6,"sc2409,sc2410",579.4,sc2403,7-8
2024-02-02,2.1,"sc2409,sc2410",572.2,sc2403,7-8
2024-02-05,2.0,"sc2409,sc2410",555.9,sc2403,7-8
2024-02-06,2.1,"sc2409,sc2410",556.6,sc2403,7-8
2024-02-07,1.6,"sc2409,sc2410",562.1,sc2403,7-8
2024-02-08,1.6,"sc2409,sc2410",567.4,sc2403,7-8
2024-02-19,-10.3,"sc2409,sc2410",581.7,sc2403,7-8
2024-02-20,2.2,"sc2409,sc2410",598.7,sc2403,7-8
2024-02-21,2.7,"sc2409,sc2410",592.2,sc2403,7-8
2024-02-22,3.8,"sc2409,sc2410",593.2,sc2403,7-8
2024-02-23,4.7,"sc2409,sc2410",598.7,sc2403,7-8
2024-02-26,3.7,"sc2409,sc2410",595.7,sc2403,7-8
2024-02-27,4.1,"sc2409,sc2410",600.4,sc2403,7-8
2024-02-28,3.6,"sc2409,sc2410",613.0,sc2403,7-8
2024-02-29,4.2,"sc2409,sc2410",613.1,sc2403,7-8
2024-03-01,1.6,"sc2410,sc2411",607.0,sc2404,7-8
2024-03-04,2.5,"sc2410,sc2411",617.9,sc2404,7-8
2024-03-05,3.4,"sc2410,sc2411",615.4,sc2404,7-8
2024-03-06,3.8,"sc2410,sc2411",608.9,sc2404,7-8
2024-03-07,3.0,"sc2410,sc2411",614.2,sc2404,7-8
2024-03-08,2.7,"sc2410,sc2411",613.6,sc2404,7-8
2024-03-11,2.4,"sc2410,sc2411",610.0,sc2404,7-8
2024-03-12,2.7,"sc2410,sc2411",616.1,sc2404,7-8
2024-03-13,3.4,"sc2410,sc2411",621.0,sc2404,7-8
2024-03-14,4.4,"sc2410,sc2411",630.5,sc2404,7-8
2024-03-15,4.1,"sc2410,sc2411",646.8,sc2404,7-8
2024-03-18,3.8,"sc2410,sc2411",635.7,sc2404,7-8
2024-03-19,4.6,"sc2410,sc2411",632.9,sc2404,7-8
2024-03-20,3.8,"sc2410,sc2411",637.0,sc2404,7-8
2024-03-21,4.0,"sc2410,sc2411",630.5,sc2404,7-8
2024-03-22,4.1,"sc2410,sc2411",626.7,sc2404,7-8
2024-03-25,3.4,"sc2410,sc2411",631.8,sc2404,7-8
2024-03-26,5.0,"sc2410,sc2411",636.3,sc2404,7-8
2024-03-27,4.9,"sc2410,sc2411",632.5,sc2404,7-8
2024-03-28,5.2,"sc2410,sc2411",635.0,sc2404,7-8
2024-03-29,6.0,"sc2410,sc2411",651.3,sc2404,7-8
2024-04-01,6.4,"sc2411,sc2412",645.2,sc2405,7-8
2024-04-02,6.2,"sc2411,sc2412",647.0,sc2405,7-8
2024-04-03,7.0,"sc2411,sc2412",656.1,sc2405,7-8
2024-04-08,3.9,"sc2411,sc2412",660.8,sc2405,7-8
2024-04-09,6.9,"sc2411,sc2412",666.2,sc2405,7-8
2024-04-10,6.0,"sc2411,sc2412",662.2,sc2405,7-8
2024-04-11,5.4,"sc2411,sc2412",666.3,sc2405,7-8
2024-04-12,5.6,"sc2411,sc2412",667.7,sc2405,7-8
2024-04-15,5.8,"sc2411,sc2412",670.6,sc2405,7-8
2024-04-16,5.8,"sc2411,sc2412",663.9,sc2405,7-8
2024-04-17,3.7,"sc2411,sc2412",665.4,sc2405,7-8
2024-04-18,5.3,"sc2411,sc2412",652.0,sc2405,7-8
2024-04-19,4.6,"sc2411,sc2412",650.8,sc2405,7-8
2024-04-22,5.6,"sc2411,sc2412",643.0,sc2405,7-8
2024-04-23,5.5,"sc2411,sc2412",640.9,sc2405,7-8
2024-04-24,6.5,"sc2411,sc2412",646.7,sc2405,7-8
2024-04-25,4.8,"sc2411,sc2412",652.6,sc2405,7-8
2024-04-26,5.1,"sc2411,sc2412",645.9,sc2405,7-8
2024-04-29,6.0,"sc2411,sc2412",652.5,sc2405,7-8
2024-04-30,5.4,"sc2411,sc2412",649.6,sc2405,7-8
2024-05-06,3.1,"sc2412,sc2501",634.0,sc2406,7-8
2024-05-07,2.4,"sc2412,sc2501",617.6,sc2406,7-8
2024-05-08,2.1,"sc2412,sc2501",615.5,sc2406,7-8
2024-05-09,2.9,"sc2412,sc2501",615.8,sc2406,7-8
2024-05-10,3.1,"sc2412,sc2501",620.1,sc2406,7-8
2024-05-13,3.6,"sc2412,sc2501",616.2,sc2406,7-8
2024-05-14,2.3,"sc2412,sc2501",618.2,sc2406,7-8
2024-05-15,3.2,"sc2412,sc2501",613.5,sc2406,7-8
2024-05-16,2.7,"sc2412,sc2501",610.3,sc2406,7-8
2024-05-17,3.3,"sc2412,sc2501",616.5,sc2406,7-8
2024-05-20,3.0,"sc2412,sc2501",619.6,sc2406,7-8
2024-05-21,3.2,"sc2412,sc2501",616.6,sc2406,7-8
2024-05-22,2.8,"sc2412,sc2501",607.8,sc2406,7-8
2024-05-23,3.1,"sc2412,sc2501",600.9,sc2406,7-8
2024-05-24,2.2,"sc2412,sc2501",599.3,sc2406,7-8
2024-05-27,3.9,"sc2412,sc2501",602.1,sc2406,7-8
2024-05-28,2.9,"sc2412,sc2501",608.4,sc2406,7-8
2024-05-29,3.7,"sc2412,sc2501",616.2,sc2406,7-8
2024-05-30,3.4,"sc2412,sc2501",620.8,sc2406,7-8
2024-05-31,2.8,"sc2412,sc2501",607.9,sc2406,7-8
2024-06-03,1.8,"sc2501,sc2502",599.7,sc2407,7-8
2024-06-04,2.1,"sc2501,sc2502",578.6,sc2407,7-8
2024-06-05,2.2,"sc2501,sc2502",570.5,sc2407,7-8
2024-06-06,0.9,"sc2501,sc2502",575.3,sc2407,7-8
2024-06-07,2.2,"sc2501,sc2502",583.1,sc2407,7-8
2024-06-11,2.0,"sc2501,sc2502",589.2,sc2407,7-8
2024-06-12,3.3,"sc2501,sc2502",601.9,sc2407,7-8
2024-06-13,1.7,"sc2501,sc2502",605.7,sc2407,7-8
2024-06-14,1.9,"sc2501,sc2502",606.4,sc2407,7-8
2024-06-17,1.8,"sc2501,sc2502",605.1,sc2407,7-8
2024-06-18,3.2,"sc2501,sc2502",612.8,sc2407,7-8
2024-06-19,3.5,"sc2501,sc2502",620.6,sc2407,7-8
2024-06-20,3.1,"sc2501,sc2502",623.6,sc2407,7-8
2024-06-21,2.8,"sc2501,sc2502",626.0,sc2407,7-8
2024-06-24,3.6,"sc2501,sc2502",625.1,sc2407,7-8
2024-06-25,3.3,"sc2501,sc2502",626.6,sc2407,7-8
2024-06-26,4.9,"sc2501,sc2502",625.1,sc2407,7-8
2024-06-27,2.5,"sc2501,sc2502",621.2,sc2407,7-8
2024-06-28,3.7,"sc2501,sc2502",625.0,sc2407,7-8
2024-07-01,3.2,"sc2502,sc2503",623.5,sc2408,7-8
2024-07-02,3.6,"sc2502,sc2503",631.1,sc2408,7-8
2024-07-03,3.7,"sc2502,sc2503",634.5,sc2408,7-8
2024-07-04,4.3,"sc2502,sc2503",634.3,sc2408,7-8
2024-07-05,4.3,"sc2502,sc2503",636.8,sc2408,7-8
2024-07-08,4.8,"sc2502,sc2503",634.2,sc2408,7-8
2024-07-09,3.2,"sc2502,sc2503",626.8,sc2408,7-8
2024-07-10,3.7,"sc2502,sc2503",620.2,sc2408,7-8
2024-07-11,3.8,"sc2502,sc2503",622.5,sc2408,7-8
2024-07-12,2.1,"sc2502,sc2503",620.7,sc2408,7-8
2024-07-15,3.1,"sc2502,sc2503",619.8,sc2408,7-8
2024-07-16,3.6,"sc2502,sc2503",615.9,sc2408,7-8
2024-07-17,2.6,"sc2502,sc2503",608.1,sc2408,7-8
2024-07-18,2.8,"sc2502,sc2503",615.0,sc2408,7-8
2024-07-19,2.8,"sc2502,sc2503",611.1,sc2408,7-8
2024-07-22,3.8,"sc2502,sc2503",600.1,sc2408,7-8
2024-07-23,2.0,"sc2502,sc2503",591.3,sc2408,7-8
2024-07-24,2.1,"sc2502,sc2503",583.6,sc2408,7-8
2024-07-25,3.4,"sc2502,sc2503",584.1,sc2408,7-8
2024-07-26,3.5,"sc2502,sc2503",585.3,sc2408,7-8
2024-07-29,3.2,"sc2502,sc2503",584.7,sc2408,7-8
2024-07-30,1.9,"sc2502,sc2503",586.3,sc2408,7-8
2024-07-31,1.5,"sc2502,sc2503",581.2,sc2408,7-8
2024-08-01,2.0,"sc2503,sc2504",587.9,sc2409,7-8
2024-08-02,1.7,"sc2503,sc2504",585.0,sc2409,7-8
2024-08-05,0.8,"sc2503,sc2504",555.7,sc2409,7-8
2024-08-06,0.5,"sc2503,sc2504",549.7,sc2409,7-8
2024-08-07,1.7,"sc2503,sc2504",546.3,sc2409,7-8
2024-08-08,2.3,"sc2503,sc2504",555.9,sc2409,7-8
2024-08-09,2.3,"sc2503,sc2504",560.4,sc2409,7-8
2024-08-12,2.9,"sc2503,sc2504",563.4,sc2409,7-8
2024-08-13,2.8,"sc2503,sc2504",576.4,sc2409,7-8
2024-08-14,2.6,"sc2503,sc2504",574.7,sc2409,7-8
2024-08-15,3.3,"sc2503,sc2504",568.8,sc2409,7-8
2024-08-16,3.0,"sc2503,sc2504",574.6,sc2409,7-8
2024-08-19,3.5,"sc2503,sc2504",563.2,sc2409,7-8
2024-08-20,3.4,"sc2503,sc2504",551.5,sc2409,7-8
2024-08-21,1.9,"sc2503,sc2504",545.2,sc2409,7-8
2024-08-22,1.8,"sc2503,sc2504",538.9,sc2409,7-8
2024-08-23,2.7,"sc2503,sc2504",540.2,sc2409,7-8
2024-08-26,3.3,"sc2503,sc2504",552.6,sc2409,7-8
2024-08-27,2.1,"sc2503,sc2504",566.9,sc2409,7-8
2024-08-28,2.8,"sc2503,sc2504",557.6,sc2409,7-8
2024-08-29,3.2,"sc2503,sc2504",551.9,sc2409,7-8
2024-08-30,2.6,"sc2503,sc2504",563.1,sc2409,7-8
2024-09-02,2.2,"sc2504,sc2505",542.6,sc2410,7-8
2024-09-03,2.0,"sc2504,sc2505",547.8,sc2410,7-8
2024-09-04,1.0,"sc2504,sc2505",526.2,sc2410,7-8
2024-09-05,1.6,"sc2504,sc2505",522.2,sc2410,7-8
2024-09-06,2.1,"sc2504,sc2505",520.5,sc2410,7-8
2024-09-09,2.0,"sc2504,sc2505",511.7,sc2410,7-8
2024-09-10,1.6,"sc2504,sc2505",510.9,sc2410,7-8
2024-09-11,1.2,"sc2504,sc2505",499.1,sc2410,7-8
2024-09-12,0.7,"sc2504,sc2505",505.1,sc2410,7-8
2024-09-13,1.8,"sc2504,sc2505",514.0,sc2410,7-8
2024-09-18,1.0,"sc2504,sc2505",514.3,sc2410,7-8
2024-09-19,2.1,"sc2504,sc2505",514.6,sc2410,7-8
2024-09-20,2.5,"sc2504,sc2505",521.9,sc2410,7-8
2024-09-23,3.5,"sc2504,sc2505",520.9,sc2410,7-8
2024-09-24,2.8,"sc2504,sc2505",520.1,sc2410,7-8
2024-09-25,2.2,"sc2504,sc2505",526.2,sc2410,7-8
2024-09-26,2.9,"sc2504,sc2505",532.0,sc2410,7-8
2024-09-27,0.4,"sc2504,sc2505",518.9,sc2410,7-8
2024-09-30,1.4,"sc2504,sc2505",520.7,sc2410,7-8
2024-10-08,4.2,"sc2505,sc2506",551.1,sc2411,7-8
2024-10-09,1.7,"sc2505,sc2506",564.0,sc2411,7-8
2024-10-10,1.2,"sc2505,sc2506",554.3,sc2411,7-8
2024-10-11,2.5,"sc2505,sc2506",570.3,sc2411,7-8
2024-10-14,1.5,"sc2505,sc2506",574.5,sc2411,7-8
2024-10-15,0.6,"sc2505,sc2506",558.8,sc2411,7-8
2024-10-16,2.9,"sc2505,sc2506",539.1,sc2411,7-8
2024-10-17,1.7,"sc2505,sc2506",537.7,sc2411,7-8
2024-10-18,1.4,"sc2505,sc2506",537.0,sc2411,7-8
2024-10-21,1.0,"sc2505,sc2506",529.3,sc2411,7-8
2024-10-22,1.9,"sc2505,sc2506",535.9,sc2411,7-8
2024-10-23,1.6,"sc2505,sc2506",550.4,sc2411,7-8
2024-10-24,1.0,"sc2505,sc2506",551.9,sc2411,7-8
2024-10-25,1.0,"sc2505,sc2506",543.8,sc2411,7-8
2024-10-28,1.4,"sc2505,sc2506",535.9,sc2411,7-8
2024-10-29,1.0,"sc2505,sc2506",512.1,sc2411,7-8
2024-10-30,0.5,"sc2505,sc2506",509.6,sc2411,7-8
2024-10-31,0.1,"sc2505,sc2506",524.2,sc2411,7-8
2024-11-01,0.7,"sc2506,sc2507",528.3,sc2412,7-8
2024-11-04,1.7,"sc2506,sc2507",530.3,sc2412,7-8
2024-11-05,1.9,"sc2506,sc2507",536.3,sc2412,7-8
2024-11-06,2.7,"sc2506,sc2507",538.6,sc2412,7-8
2024-11-07,1.9,"sc2506,sc2507",540.4,sc2412,7-8
2024-11-08,1.9,"sc2506,sc2507",539.0,sc2412,7-8
2024-11-11,2.2,"sc2506,sc2507",532.2,sc2412,7-8
2024-11-12,0.3,"sc2506,sc2507",521.6,sc2412,7-8
2024-11-13,1.1,"sc2506,sc2507",525.7,sc2412,7-8
2024-11-14,1.2,"sc2506,sc2507",523.6,sc2412,7-8
2024-11-15,0.9,"sc2506,sc2507",526.5,sc2412,7-8
2024-11-18,1.4,"sc2506,sc2507",520.0,sc2412,7-8
2024-11-19,0.6,"sc2506,sc2507",527.7,sc2412,7-8
2024-11-20,0.3,"sc2506,sc2507",531.5,sc2412,7-8
2024-11-21,0.7,"sc2506,sc2507",536.0,sc2412,7-8
2024-11-22,1.0,"sc2506,sc2507",543.9,sc2412,7-8
2024-11-25,1.1,"sc2506,sc2507",542.6,sc2412,7-8
2024-11-26,1.4,"sc2506,sc2507",533.0,sc2412,7-8
2024-11-27,1.5,"sc2506,sc2507",531.6,sc2412,7-8
2024-11-28,1.2,"sc2506,sc2507",531.2,sc2412,7-8
2024-11-29,1.3,"sc2506,sc2507",520.4,sc2412,7-8
2024-12-02,0.8,"sc2507,sc2508",529.9,sc2501,7-8
2024-12-03,1.1,"sc2507,sc2508",529.9,sc2501,7-8
2024-12-04,1.4,"sc2507,sc2508",538.2,sc2501,7-8
2024-12-05,1.7,"sc2507,sc2508",535.4,sc2501,7-8
2024-12-06,1.2,"sc2507,sc2508",528.3,sc2501,7-8
2024-12-09,1.0,"sc2507,sc2508",522.1,sc2501,7-8
2024-12-10,1.1,"sc2507,sc2508",529.5,sc2501,7-8
2024-12-11,1.5,"sc2507,sc2508",530.6,sc2501,7-8
2024-12-12,1.2,"sc2507,sc2508",537.7,sc2501,7-8
2024-12-13,1.4,"sc2507,sc2508",542.5,sc2501,7-8
2024-12-16,1.6,"sc2507,sc2508",548.9,sc2501,7-8
2024-12-17,2.5,"sc2507,sc2508",548.7,sc2501,7-8
2024-12-18,2.3,"sc2507,sc2508",543.8,sc2501,7-8
2024-12-19,1.7,"sc2507,sc2508",548.5,sc2501,7-8
2024-12-20,1.5,"sc2507,sc2508",546.1,sc2501,7-8
2024-12-23,0.7,"sc2507,sc2508",543.7,sc2501,7-8
2024-12-24,0.9,"sc2507,sc2508",542.5,sc2501,7-8
2024-12-25,0.6,"sc2507,sc2508",548.5,sc2501,7-8
2024-12-26,1.1,"sc2507,sc2508",551.9,sc2501,7-8
2024-12-27,1.2,"sc2507,sc2508",552.8,sc2501,7-8
2024-12-30,1.9,"sc2507,sc2508",550.0,sc2501,7-8
2024-12-31,1.5,"sc2507,sc2508",549.8,sc2501,7-8
2025-01-02,0.7,"sc2508,sc2509",560.9,sc2502,7-8
2025-01-03,1.7,"sc2508,sc2509",571.1,sc2502,7-8
2025-01-06,2.2,"sc2508,sc2509",577.2,sc2502,7-8
2025-01-07,2.4,"sc2508,sc2509",579.6,sc2502,7-8
2025-01-08,2.2,"sc2508,sc2509",587.8,sc2502,7-8
2025-01-09,1.1,"sc2508,sc2509",583.6,sc2502,7-8
2025-01-10,2.8,"sc2508,sc2509",586.1,sc2502,7-8
2025-01-13,2.9,"sc2508,sc2509",613.7,sc2502,7-8
2025-01-14,4.9,"sc2508,sc2509",620.4,sc2502,7-8
2025-01-15,3.5,"sc2508,sc2509",630.8,sc2502,7-8
2025-01-16,6.4,"sc2508,sc2509",644.3,sc2502,7-8
2025-01-17,8.3,"sc2508,sc2509",642.2,sc2502,7-8
2025-01-20,8.0,"sc2508,sc2509",640.8,sc2502,7-8
2025-01-21,6.2,"sc2508,sc2509",661.0,sc2502,7-8
2025-01-22,6.8,"sc2508,sc2509",680.6,sc2502,7-8
2025-01-23,6.3,"sc2508,sc2509",683.2,sc2502,7-8
2025-01-24,5.6,"sc2508,sc2509",647.7,sc2502,7-8
2025-01-27,4.5,"sc2508,sc2509",621.0,sc2502,7-8
2025-02-05,9.4,"sc2509,sc2510",602.3,sc2503,7-8
2025-02-06,2.4,"sc2509,sc2510",598.2,sc2503,7-8
2025-02-07,2.7,"sc2509,sc2510",599.7,sc2503,7-8
2025-02-10,2.1,"sc2509,sc2510",606.4,sc2503,7-8
2025-02-11,3.4,"sc2509,sc2510",616.8,sc2503,7-8
2025-02-12,4.2,"sc2509,sc2510",620.5,sc2503,7-8
2025-02-13,3.3,"sc2509,sc2510",605.1,sc2503,7-8
2025-02-14,4.2,"sc2509,sc2510",594.0,sc2503,7-8
2025-02-17,2.9,"sc2509,sc2510",602.5,sc2503,7-8
2025-02-18,2.8,"sc2509,sc2510",605.6,sc2503,7-8
2025-02-19,2.1,"sc2509,sc2510",614.3,sc2503,7-8
2018-07-26,2.1,"sc1904,sc1905",501.9,sc1809,8-9
2018-07-27,2.5,"sc1904,sc1905",506.1,sc1809,8-9
2018-07-30,1.5,"sc1904,sc1905",507.1,sc1809,8-9
2018-07-31,1.1,"sc1904,sc1905",513.9,sc1809,8-9
2018-08-01,1.9,"sc1904,sc1905",506.0,sc1809,8-9
2018-08-02,1.9,"sc1904,sc1905",501.6,sc1809,8-9
2018-08-03,1.0,"sc1904,sc1905",508.8,sc1809,8-9
2018-08-06,1.6,"sc1904,sc1905",512.3,sc1809,8-9
2018-08-07,-3.6,"sc1904,sc1905",534.1,sc1809,8-9
2018-08-08,0.2,"sc1904,sc1905",527.2,sc1809,8-9
2018-08-09,0.3,"sc1904,sc1905",518.9,sc1809,8-9
2018-08-10,-0.2,"sc1904,sc1905",520.0,sc1809,8-9
2018-08-13,-0.2,"sc1904,sc1905",522.5,sc1809,8-9
2018-08-14,-0.2,"sc1904,sc1905",519.3,sc1809,8-9
2018-08-15,0.3,"sc1904,sc1905",519.4,sc1809,8-9
2018-08-16,1.2,"sc1904,sc1905",508.0,sc1809,8-9
2018-08-17,0.3,"sc1904,sc1905",505.2,sc1809,8-9
2018-08-20,0.9,"sc1904,sc1905",493.2,sc1809,8-9
2018-08-21,-0.3,"sc1904,sc1905",480.5,sc1809,8-9
2018-08-22,-0.3,"sc1904,sc1905",479.8,sc1809,8-9
2018-08-23,-0.5,"sc1904,sc1905",485.0,sc1809,8-9
2018-08-24,-0.2,"sc1904,sc1905",482.1,sc1809,8-9
2018-08-27,-0.7,"sc1904,sc1905",482.2,sc1809,8-9
2018-08-28,-0.7,"sc1904,sc1905",486.6,sc1809,8-9
2018-08-29,-0.2,"sc1904,sc1905",485.7,sc1809,8-9
2018-08-30,-1.9,"sc1904,sc1905",488.6,sc1809,8-9
2018-08-31,-1.9,"sc1904,sc1905",488.3,sc1809,8-9
2018-09-03,-3.6,"sc1905,sc1906",503.0,sc1810,8-9
2018-09-04,-1.7,"sc1905,sc1906",504.6,sc1810,8-9
2018-09-05,-2.4,"sc1905,sc1906",505.4,sc1810,8-9
2018-09-06,-2.0,"sc1905,sc1906",501.1,sc1810,8-9
2018-09-07,0.1,"sc1905,sc1906",496.7,sc1810,8-9
2018-09-10,-2.0,"sc1905,sc1906",498.5,sc1810,8-9
2018-09-11,0.7,"sc1905,sc1906",500.6,sc1810,8-9
2018-09-12,1.0,"sc1905,sc1906",503.6,sc1810,8-9
2018-09-13,2.2,"sc1905,sc1906",515.3,sc1810,8-9
2018-09-14,2.9,"sc1905,sc1906",501.3,sc1810,8-9
2018-09-17,0.7,"sc1905,sc1906",510.3,sc1810,8-9
2018-09-18,1.8,"sc1905,sc1906",507.7,sc1810,8-9
2018-09-19,-0.1,"sc1905,sc1906",528.5,sc1810,8-9
2018-09-20,-0.1,"sc1905,sc1906",532.4,sc1810,8-9
2018-09-21,0.1,"sc1906,sc1907",521.7,sc1811,8-9
2018-09-25,-0.2,"sc1906,sc1907",540.6,sc1811,8-9
2018-09-26,-0.6,"sc1906,sc1907",542.6,sc1811,8-9
2018-09-27,-0.5,"sc1906,sc1907",545.3,sc1811,8-9
2018-09-28,-0.1,"sc1906,sc1907",548.3,sc1811,8-9
2018-10-08,-1.2,"sc1906,sc1907",561.2,sc1811,8-9
2018-10-10,-4.3,"sc1906,sc1907",583.0,sc1811,8-9
2018-10-11,-4.0,"sc1906,sc1907",579.7,sc1811,8-9
2018-10-12,-4.8,"sc1906,sc1907",562.6,sc1811,8-9
2018-10-15,-5.3,"sc1906,sc1907",563.6,sc1811,8-9
2018-10-16,-4.7,"sc1906,sc1907",555.3,sc1811,8-9
2018-10-17,-0.2,"sc1906,sc1907",543.4,sc1811,8-9
2018-10-18,1.2,"sc1906,sc1907",559.3,sc1811,8-9
2018-10-19,0.9,"sc1906,sc1907",551.4,sc1811,8-9
2018-10-22,1.5,"sc1906,sc1907",549.7,sc1811,8-9
2018-10-23,1.3,"sc1906,sc1907",552.7,sc1811,8-9
2018-10-24,2.5,"sc1906,sc1907",572.0,sc1811,8-9
2018-10-25,1.8,"sc1906,sc1907",554.4,sc1811,8-9
2018-10-26,-0.2,"sc1906,sc1907",577.5,sc1811,8-9
2018-10-29,0.8,"sc1906,sc1907",576.7,sc1811,8-9
2018-10-30,3.9,"sc1906,sc1907",576.7,sc1811,8-9
2018-10-31,4.2,"sc1906,sc1907",573.3,sc1811,8-9
2018-11-01,-3.4,"sc1907,sc1908",527.8,sc1812,8-9
2018-11-02,-4.9,"sc1907,sc1908",513.7,sc1812,8-9
2018-11-05,-3.6,"sc1907,sc1908",507.8,sc1812,8-9
2018-11-06,-2.2,"sc1907,sc1908",512.2,sc1812,8-9
2018-11-07,-2.9,"sc1907,sc1908",504.4,sc1812,8-9
2018-11-08,-1.8,"sc1907,sc1908",502.7,sc1812,8-9
2018-11-09,-0.7,"sc1907,sc1908",497.8,sc1812,8-9
2018-11-12,-0.6,"sc1907,sc1908",492.9,sc1812,8-9
2018-11-13,-2.8,"sc1907,sc1908",491.9,sc1812,8-9
2018-11-14,-9.3,"sc1907,sc1908",473.8,sc1812,8-9
2018-11-15,-5.1,"sc1907,sc1908",461.7,sc1812,8-9
2018-11-16,-4.8,"sc1907,sc1908",465.0,sc1812,8-9
2018-11-19,-5.0,"sc1907,sc1908",466.7,sc1812,8-9
2018-11-20,-2.1,"sc1907,sc1908",459.7,sc1812,8-9
2018-11-21,-5.1,"sc1907,sc1908",441.8,sc1812,8-9
2018-11-22,-2.3,"sc1907,sc1908",438.6,sc1812,8-9
2018-11-23,-2.6,"sc1907,sc1908",432.0,sc1812,8-9
2018-11-26,-15.0,"sc1907,sc1908",411.4,sc1812,8-9
2018-11-27,-1.3,"sc1907,sc1908",409.1,sc1812,8-9
2018-11-28,-1.7,"sc1907,sc1908",413.0,sc1812,8-9
2018-11-29,-0.9,"sc1907,sc1908",407.2,sc1812,8-9
2018-11-30,-1.5,"sc1907,sc1908",396.7,sc1812,8-9
2018-12-03,-4.8,"sc1908,sc1909",419.4,sc1901,8-9
2018-12-04,-3.2,"sc1908,sc1909",428.6,sc1901,8-9
2018-12-05,-1.4,"sc1908,sc1909",428.3,sc1901,8-9
2018-12-06,-2.7,"sc1908,sc1909",428.0,sc1901,8-9
2018-12-07,-3.0,"sc1908,sc1909",413.3,sc1901,8-9
2018-12-10,-3.2,"sc1908,sc1909",431.1,sc1901,8-9
2018-12-11,-4.6,"sc1908,sc1909",421.8,sc1901,8-9
2018-12-12,-5.2,"sc1908,sc1909",423.7,sc1901,8-9
2018-12-13,-3.2,"sc1908,sc1909",424.6,sc1901,8-9
2018-12-14,-2.6,"sc1908,sc1909",422.5,sc1901,8-9
2018-12-17,-3.4,"sc1908,sc1909",419.0,sc1901,8-9
2018-12-18,-3.7,"sc1908,sc1909",411.6,sc1901,8-9
2018-12-19,-3.5,"sc1908,sc1909",395.1,sc1901,8-9
2018-12-20,-1.2,"sc1908,sc1909",398.1,sc1901,8-9
2018-12-21,-1.5,"sc1908,sc1909",400.9,sc1901,8-9
2018-12-24,-1.8,"sc1908,sc1909",394.5,sc1901,8-9
2018-12-25,-2.5,"sc1908,sc1909",385.0,sc1901,8-9
2018-12-26,-2.1,"sc1908,sc1909",374.7,sc1901,8-9
2018-12-27,-2.0,"sc1908,sc1909",381.0,sc1901,8-9
2018-12-28,-2.1,"sc1908,sc1909",377.0,sc1901,8-9
2019-01-02,0.6,"sc1909,sc1910",370.7,sc1902,8-9
2019-01-03,-0.1,"sc1909,sc1910",379.8,sc1902,8-9
2019-01-04,1.5,"sc1909,sc1910",388.7,sc1902,8-9
2019-01-07,-2.1,"sc1909,sc1910",401.4,sc1902,8-9
2019-01-08,-4.3,"sc1909,sc1910",405.1,sc1902,8-9
2019-01-09,-5.3,"sc1909,sc1910",412.2,sc1902,8-9
2019-01-10,-5.7,"sc1909,sc1910",423.6,sc1902,8-9
2019-01-11,-4.6,"sc1909,sc1910",424.5,sc1902,8-9
2019-01-14,-4.7,"sc1909,sc1910",416.3,sc1902,8-9
2019-01-15,-4.1,"sc1909,sc1910",412.4,sc1902,8-9
2019-01-16,-4.0,"sc1909,sc1910",410.5,sc1902,8-9
2019-01-17,-5.8,"sc1909,sc1910",411.8,sc1902,8-9
2019-01-18,-5.7,"sc1909,sc1910",410.5,sc1902,8-9
2019-01-21,-6.3,"sc1909,sc1910",414.6,sc1902,8-9
2019-01-22,-7.6,"sc1909,sc1910",417.2,sc1902,8-9
2019-01-23,-6.7,"sc1909,sc1910",427.6,sc1902,8-9
2019-01-24,-7.1,"sc1909,sc1910",423.6,sc1902,8-9
2019-01-25,-3.2,"sc1909,sc1910",422.6,sc1902,8-9
2019-01-28,-2.1,"sc1910,sc1911",427.8,sc1903,8-9
2019-01-29,-2.0,"sc1910,sc1911",417.9,sc1903,8-9
2019-01-30,-2.2,"sc1910,sc1911",425.2,sc1903,8-9
2019-01-31,-2.0,"sc1910,sc1911",431.4,sc1903,8-9
2019-02-01,-1.9,"sc1910,sc1911",429.8,sc1903,8-9
2019-02-11,-1.1,"sc1910,sc1911",428.2,sc1903,8-9
2019-02-12,-2.0,"sc1910,sc1911",428.7,sc1903,8-9
2019-02-13,-2.1,"sc1910,sc1911",433.3,sc1903,8-9
2019-02-14,-1.5,"sc1910,sc1911",435.9,sc1903,8-9
2019-02-15,-1.4,"sc1910,sc1911",441.7,sc1903,8-9
2019-02-18,-2.7,"sc1910,sc1911",450.6,sc1903,8-9
2019-02-20,-0.9,"sc1910,sc1911",451.2,sc1903,8-9
2019-02-21,-2.0,"sc1910,sc1911",449.6,sc1903,8-9
2019-02-22,1.0,"sc1910,sc1911",446.4,sc1903,8-9
2019-02-25,0.3,"sc1910,sc1911",446.3,sc1903,8-9
2019-02-26,-1.3,"sc1910,sc1911",426.8,sc1903,8-9
2019-02-27,-0.6,"sc1910,sc1911",427.3,sc1903,8-9
2019-02-28,-1.1,"sc1910,sc1911",430.1,sc1903,8-9
2019-03-01,-3.3,"sc1911,sc1912",443.0,sc1904,8-9
2019-03-04,-2.6,"sc1911,sc1912",438.4,sc1904,8-9
2019-03-05,-2.9,"sc1911,sc1912",438.4,sc1904,8-9
2019-03-06,-2.4,"sc1911,sc1912",433.8,sc1904,8-9
2019-03-07,-2.3,"sc1911,sc1912",439.7,sc1904,8-9
2019-03-08,-1.2,"sc1911,sc1912",439.9,sc1904,8-9
2019-03-11,-0.3,"sc1911,sc1912",432.9,sc1904,8-9
2019-03-12,-0.3,"sc1911,sc1912",444.9,sc1904,8-9
2019-03-13,-2.6,"sc1911,sc1912",444.2,sc1904,8-9
2019-03-14,-1.0,"sc1911,sc1912",450.4,sc1904,8-9
2019-03-15,-0.7,"sc1911,sc1912",452.2,sc1904,8-9
2019-03-18,0.8,"sc1911,sc1912",450.1,sc1904,8-9
2019-03-19,2.3,"sc1911,sc1912",461.8,sc1904,8-9
2019-03-20,1.6,"sc1911,sc1912",462.5,sc1904,8-9
2019-03-21,1.7,"sc1911,sc1912",466.3,sc1904,8-9
2019-03-22,-5.4,"sc1911,sc1912",467.7,sc1904,8-9
2019-03-25,2.8,"sc1911,sc1912",459.0,sc1904,8-9
2019-03-26,1.0,"sc1911,sc1912",459.1,sc1904,8-9
2019-03-27,1.5,"sc1911,sc1912",463.3,sc1904,8-9
2019-03-28,3.4,"sc1911,sc1912",462.2,sc1904,8-9
2019-03-29,0.8,"sc1911,sc1912",453.5,sc1904,8-9
2019-04-01,-1.1,"sc1912,sc2001",459.4,sc1905,8-9
2019-04-02,-0.8,"sc1912,sc2001",467.5,sc1905,8-9
2019-04-03,2.4,"sc1912,sc2001",471.7,sc1905,8-9
2019-04-04,1.9,"sc1912,sc2001",469.5,sc1905,8-9
2019-04-08,5.6,"sc1912,sc2001",478.2,sc1905,8-9
2019-04-09,1.5,"sc1912,sc2001",479.3,sc1905,8-9
2019-04-10,1.8,"sc1912,sc2001",475.7,sc1905,8-9
2019-04-11,1.3,"sc1912,sc2001",480.3,sc1905,8-9
2019-04-12,0.1,"sc1912,sc2001",475.8,sc1905,8-9
2019-04-15,3.8,"sc1912,sc2001",473.7,sc1905,8-9
2019-04-16,4.7,"sc1912,sc2001",468.2,sc1905,8-9
2019-04-17,2.9,"sc1912,sc2001",470.7,sc1905,8-9
2019-04-18,0.3,"sc1912,sc2001",472.0,sc1905,8-9
2019-04-19,0.3,"sc1912,sc2001",472.5,sc1905,8-9
2019-04-22,1.7,"sc1912,sc2001",480.3,sc1905,8-9
2019-04-23,1.3,"sc1912,sc2001",489.0,sc1905,8-9
2019-04-24,-0.7,"sc1912,sc2001",493.2,sc1905,8-9
2019-04-25,-1.7,"sc1912,sc2001",494.7,sc1905,8-9
2019-04-26,-3.8,"sc1912,sc2001",499.5,sc1905,8-9
2019-04-29,-3.1,"sc1912,sc2001",485.7,sc1905,8-9
2019-04-30,-0.4,"sc1912,sc2001",488.1,sc1905,8-9
2019-05-06,-7.0,"sc2001,sc2002",472.5,sc1906,8-9
2019-05-07,-0.3,"sc2001,sc2002",483.5,sc1906,8-9
2019-05-08,1.4,"sc2001,sc2002",480.2,sc1906,8-9
2019-05-09,0.9,"sc2001,sc2002",482.6,sc1906,8-9
2019-05-10,0.9,"sc2001,sc2002",486.1,sc1906,8-9
2019-05-13,-0.3,"sc2001,sc2002",491.3,sc1906,8-9
2019-05-14,-3.0,"sc2001,sc2002",497.1,sc1906,8-9
2019-05-15,0.7,"sc2001,sc2002",501.2,sc1906,8-9
2019-05-16,1.2,"sc2001,sc2002",505.5,sc1906,8-9
2019-05-17,5.6,"sc2001,sc2002",512.3,sc1906,8-9
2019-05-20,5.3,"sc2001,sc2002",514.2,sc1906,8-9
2019-05-21,1.1,"sc2001,sc2002",507.1,sc1906,8-9
2019-05-22,1.0,"sc2001,sc2002",504.0,sc1906,8-9
2019-05-23,-0.6,"sc2001,sc2002",494.0,sc1906,8-9
2019-05-24,1.6,"sc2001,sc2002",469.7,sc1906,8-9
2019-05-27,2.1,"sc2001,sc2002",473.7,sc1906,8-9
2019-05-28,1.1,"sc2001,sc2002",475.0,sc1906,8-9
2019-05-29,1.6,"sc2001,sc2002",470.2,sc1906,8-9
2019-05-30,2.1,"sc2001,sc2002",466.1,sc1906,8-9
2019-05-31,8.6,"sc2001,sc2002",461.2,sc1906,8-9
2019-06-03,-0.9,"sc2002,sc2003",435.2,sc1907,8-9
2019-06-04,1.8,"sc2002,sc2003",425.5,sc1907,8-9
2019-06-05,0.8,"sc2002,sc2003",426.2,sc1907,8-9
2019-06-06,1.1,"sc2002,sc2003",417.6,sc1907,8-9
2019-06-10,-0.2,"sc2002,sc2003",434.5,sc1907,8-9
2019-06-11,0.0,"sc2002,sc2003",429.9,sc1907,8-9
2019-06-12,1.0,"sc2002,sc2003",426.1,sc1907,8-9
2019-06-13,0.6,"sc2002,sc2003",420.2,sc1907,8-9
2019-06-14,0.3,"sc2002,sc2003",425.5,sc1907,8-9
2019-06-17,0.9,"sc2002,sc2003",427.3,sc1907,8-9
2019-06-18,1.1,"sc2002,sc2003",419.6,sc1907,8-9
2019-06-19,-0.5,"sc2002,sc2003",420.0,sc1907,8-9
2019-06-20,1.3,"sc2002,sc2003",418.9,sc1907,8-9
2019-06-21,1.4,"sc2002,sc2003",431.6,sc1907,8-9
2019-06-24,1.0,"sc2002,sc2003",436.8,sc1907,8-9
2019-06-25,-0.8,"sc2002,sc2003",431.2,sc1907,8-9
2019-06-26,0.7,"sc2002,sc2003",432.9,sc1907,8-9
2019-06-27,-0.3,"sc2002,sc2003",435.9,sc1907,8-9
2019-06-28,1.3,"sc2002,sc2003",437.4,sc1907,8-9
2019-07-01,1.4,"sc2003,sc2004",447.3,sc1908,8-9
2019-07-02,2.1,"sc2003,sc2004",442.0,sc1908,8-9
2019-07-03,2.8,"sc2003,sc2004",430.2,sc1908,8-9
2019-07-04,2.5,"sc2003,sc2004",431.9,sc1908,8-9
2019-07-05,2.4,"sc2003,sc2004",431.3,sc1908,8-9
2019-07-08,1.9,"sc2003,sc2004",439.1,sc1908,8-9
2019-07-09,1.8,"sc2003,sc2004",443.9,sc1908,8-9
2019-07-10,3.0,"sc2003,sc2004",441.6,sc1908,8-9
2019-07-11,1.9,"sc2003,sc2004",455.7,sc1908,8-9
2019-07-12,2.0,"sc2003,sc2004",457.8,sc1908,8-9
2019-07-15,0.1,"sc2003,sc2004",454.8,sc1908,8-9
2019-07-16,1.0,"sc2003,sc2004",453.0,sc1908,8-9
2019-07-17,0.5,"sc2003,sc2004",443.7,sc1908,8-9
2019-07-18,1.9,"sc2003,sc2004",433.5,sc1908,8-9
2019-07-19,4.4,"sc2003,sc2004",421.6,sc1908,8-9
2019-07-22,1.7,"sc2003,sc2004",423.1,sc1908,8-9
2019-07-23,0.3,"sc2003,sc2004",427.4,sc1908,8-9
2019-07-24,-0.1,"sc2003,sc2004",430.4,sc1908,8-9
2019-07-25,0.0,"sc2003,sc2004",433.4,sc1908,8-9
2019-07-26,1.2,"sc2003,sc2004",435.8,sc1908,8-9
2019-07-29,0.6,"sc2003,sc2004",435.5,sc1908,8-9
2019-07-30,-0.6,"sc2003,sc2004",425.2,sc1908,8-9
2019-07-31,-0.2,"sc2003,sc2004",427.5,sc1908,8-9
2019-08-01,0.9,"sc2004,sc2005",444.0,sc1909,8-9
2019-08-02,1.1,"sc2004,sc2005",432.1,sc1909,8-9
2019-08-05,0.7,"sc2004,sc2005",433.5,sc1909,8-9
2019-08-06,1.0,"sc2004,sc2005",429.4,sc1909,8-9
2019-08-07,1.5,"sc2004,sc2005",423.3,sc1909,8-9
2019-08-08,1.8,"sc2004,sc2005",408.6,sc1909,8-9
2019-08-09,1.7,"sc2004,sc2005",409.9,sc1909,8-9
2019-08-12,1.0,"sc2004,sc2005",418.8,sc1909,8-9
2019-08-13,1.3,"sc2004,sc2005",419.7,sc1909,8-9
2019-08-14,0.8,"sc2004,sc2005",430.9,sc1909,8-9
2019-08-15,1.1,"sc2004,sc2005",420.5,sc1909,8-9
2019-08-16,1.2,"sc2004,sc2005",418.6,sc1909,8-9
2019-08-19,1.1,"sc2004,sc2005",425.7,sc1909,8-9
2019-08-20,0.8,"sc2004,sc2005",432.8,sc1909,8-9
2019-08-21,0.7,"sc2004,sc2005",429.5,sc1909,8-9
2019-08-22,0.1,"sc2004,sc2005",432.7,sc1909,8-9
2019-08-23,-1.3,"sc2004,sc2005",428.5,sc1909,8-9
2019-08-26,2.2,"sc2004,sc2005",422.8,sc1909,8-9
2019-08-27,0.2,"sc2004,sc2005",425.2,sc1909,8-9
2019-08-28,-0.6,"sc2004,sc2005",423.0,sc1909,8-9
2019-08-29,0.5,"sc2004,sc2005",429.0,sc1909,8-9
2019-08-30,2.0,"sc2004,sc2005",411.8,sc1909,8-9
2019-09-02,1.2,"sc2005,sc2006",432.7,sc1910,8-9
2019-09-03,1.3,"sc2005,sc2006",430.3,sc1910,8-9
2019-09-04,0.4,"sc2005,sc2006",425.5,sc1910,8-9
2019-09-05,1.8,"sc2005,sc2006",439.2,sc1910,8-9
2019-09-06,2.0,"sc2005,sc2006",445.1,sc1910,8-9
2019-09-09,0.9,"sc2005,sc2006",444.6,sc1910,8-9
2019-09-10,1.8,"sc2005,sc2006",450.1,sc1910,8-9
2019-09-11,4.0,"sc2005,sc2006",460.9,sc1910,8-9
2019-09-12,3.5,"sc2005,sc2006",450.3,sc1910,8-9
2019-09-16,0.3,"sc2005,sc2006",479.8,sc1910,8-9
2019-09-17,4.6,"sc2005,sc2006",496.7,sc1910,8-9
2019-09-18,6.7,"sc2005,sc2006",487.2,sc1910,8-9
2019-09-19,4.9,"sc2005,sc2006",473.5,sc1910,8-9
2019-09-20,1.7,"sc2005,sc2006",458.5,sc1910,8-9
2019-09-23,2.5,"sc2005,sc2006",472.7,sc1910,8-9
2019-09-24,-0.6,"sc2006,sc2007",464.3,sc1911,8-9
2019-09-25,-0.2,"sc2006,sc2007",457.2,sc1911,8-9
2019-09-26,-0.3,"sc2006,sc2007",449.8,sc1911,8-9
2019-09-27,2.5,"sc2006,sc2007",448.7,sc1911,8-9
2019-09-30,0.8,"sc2006,sc2007",448.1,sc1911,8-9
2019-10-08,0.5,"sc2006,sc2007",437.6,sc1911,8-9
2019-10-09,-0.6,"sc2006,sc2007",447.0,sc1911,8-9
2019-10-10,-0.7,"sc2006,sc2007",451.7,sc1911,8-9
2019-10-11,-2.2,"sc2006,sc2007",458.1,sc1911,8-9
2019-10-14,2.3,"sc2006,sc2007",471.7,sc1911,8-9
2019-10-15,-3.1,"sc2006,sc2007",466.6,sc1911,8-9
2019-10-16,-0.5,"sc2006,sc2007",465.1,sc1911,8-9
2019-10-17,1.0,"sc2006,sc2007",451.4,sc1911,8-9
2019-10-18,-0.9,"sc2006,sc2007",445.1,sc1911,8-9
2019-10-21,-0.3,"sc2006,sc2007",443.2,sc1911,8-9
2019-10-22,0.9,"sc2006,sc2007",437.2,sc1911,8-9
2019-10-23,0.1,"sc2006,sc2007",438.6,sc1911,8-9
2019-10-24,0.5,"sc2006,sc2007",441.3,sc1911,8-9
2019-10-25,0.1,"sc2006,sc2007",451.1,sc1911,8-9
2019-10-28,-0.9,"sc2006,sc2007",447.9,sc1911,8-9
2019-10-29,-1.2,"sc2006,sc2007",456.7,sc1911,8-9
2019-10-30,-1.0,"sc2006,sc2007",451.1,sc1911,8-9
2019-10-31,-3.1,"sc2006,sc2007",452.8,sc1911,8-9
2019-11-01,0.9,"sc2007,sc2008",444.3,sc1912,8-9
2019-11-04,0.4,"sc2007,sc2008",449.3,sc1912,8-9
2019-11-05,0.6,"sc2007,sc2008",458.4,sc1912,8-9
2019-11-06,0.5,"sc2007,sc2008",459.6,sc1912,8-9
2019-11-07,0.8,"sc2007,sc2008",456.4,sc1912,8-9
2019-11-08,0.2,"sc2007,sc2008",456.0,sc1912,8-9
2019-11-11,0.2,"sc2007,sc2008",452.8,sc1912,8-9
2019-11-12,-1.2,"sc2007,sc2008",455.9,sc1912,8-9
2019-11-13,-0.1,"sc2007,sc2008",453.9,sc1912,8-9
2019-11-14,1.5,"sc2007,sc2008",453.4,sc1912,8-9
2019-11-15,1.1,"sc2007,sc2008",453.9,sc1912,8-9
2019-11-18,-1.2,"sc2007,sc2008",453.7,sc1912,8-9
2019-11-19,-0.1,"sc2007,sc2008",454.0,sc1912,8-9
2019-11-20,0.0,"sc2007,sc2008",451.2,sc1912,8-9
2019-11-21,-0.6,"sc2007,sc2008",454.8,sc1912,8-9
2019-11-22,-0.2,"sc2007,sc2008",453.8,sc1912,8-9
2019-11-25,1.4,"sc2007,sc2008",456.1,sc1912,8-9
2019-11-26,-1.3,"sc2007,sc2008",454.6,sc1912,8-9
2019-11-27,-0.2,"sc2007,sc2008",456.2,sc1912,8-9
2019-11-28,-0.2,"sc2007,sc2008",447.3,sc1912,8-9
2019-11-29,-1.3,"sc2007,sc2008",451.2,sc1912,8-9
2019-12-02,4.9,"sc2008,sc2009",454.8,sc2001,8-9
2019-12-03,3.9,"sc2008,sc2009",451.7,sc2001,8-9
2019-12-04,3.3,"sc2008,sc2009",449.2,sc2001,8-9
2019-12-05,3.6,"sc2008,sc2009",456.3,sc2001,8-9
2019-12-06,4.0,"sc2008,sc2009",458.0,sc2001,8-9
2019-12-09,3.0,"sc2008,sc2009",464.8,sc2001,8-9
2019-12-10,0.4,"sc2008,sc2009",469.2,sc2001,8-9
2019-12-11,-0.3,"sc2008,sc2009",470.9,sc2001,8-9
2019-12-12,1.2,"sc2008,sc2009",466.1,sc2001,8-9
2019-12-13,0.5,"sc2008,sc2009",462.2,sc2001,8-9
2019-12-16,3.2,"sc2008,sc2009",467.4,sc2001,8-9
2019-12-17,2.4,"sc2008,sc2009",470.2,sc2001,8-9
2019-12-18,1.9,"sc2008,sc2009",480.4,sc2001,8-9
2019-12-19,2.5,"sc2008,sc2009",476.3,sc2001,8-9
2019-12-20,2.3,"sc2008,sc2009",468.0,sc2001,8-9
2019-12-23,-2.4,"sc2009,sc2010",478.1,sc2002,8-9
2019-12-24,-2.3,"sc2009,sc2010",479.1,sc2002,8-9
2019-12-25,-1.3,"sc2009,sc2010",483.6,sc2002,8-9
2019-12-26,-0.8,"sc2009,sc2010",484.4,sc2002,8-9
2019-12-27,2.2,"sc2009,sc2010",487.1,sc2002,8-9
2019-12-30,-1.2,"sc2009,sc2010",490.2,sc2002,8-9
2019-12-31,1.6,"sc2009,sc2010",487.5,sc2002,8-9
2020-01-02,0.0,"sc2009,sc2010",481.7,sc2002,8-9
2020-01-03,1.2,"sc2009,sc2010",486.5,sc2002,8-9
2020-01-06,0.9,"sc2009,sc2010",507.8,sc2002,8-9
2020-01-07,-2.2,"sc2009,sc2010",499.9,sc2002,8-9
2020-01-08,-0.5,"sc2009,sc2010",498.4,sc2002,8-9
2020-01-09,4.4,"sc2009,sc2010",483.2,sc2002,8-9
2020-01-10,4.9,"sc2009,sc2010",470.9,sc2002,8-9
2020-01-13,3.5,"sc2009,sc2010",468.8,sc2002,8-9
2020-01-14,3.5,"sc2009,sc2010",458.6,sc2002,8-9
2020-01-15,4.3,"sc2009,sc2010",458.0,sc2002,8-9
2020-01-16,6.1,"sc2009,sc2010",453.3,sc2002,8-9
2020-01-17,1.6,"sc2010,sc2011",465.3,sc2003,8-9
2020-01-20,3.1,"sc2010,sc2011",466.1,sc2003,8-9
2020-01-21,1.8,"sc2010,sc2011",464.0,sc2003,8-9
2020-01-22,1.7,"sc2010,sc2011",461.0,sc2003,8-9
2020-01-23,2.1,"sc2010,sc2011",451.1,sc2003,8-9
2020-02-03,2.0,"sc2010,sc2011",431.3,sc2003,8-9
2020-02-04,3.4,"sc2010,sc2011",396.5,sc2003,8-9
2020-02-05,0.9,"sc2010,sc2011",396.8,sc2003,8-9
2020-02-06,1.5,"sc2010,sc2011",402.3,sc2003,8-9
2020-02-07,0.2,"sc2010,sc2011",398.4,sc2003,8-9
2020-02-10,-0.8,"sc2010,sc2011",393.5,sc2003,8-9
2020-02-11,-0.3,"sc2010,sc2011",391.7,sc2003,8-9
2020-02-12,0.5,"sc2010,sc2011",394.5,sc2003,8-9
2020-02-13,1.7,"sc2010,sc2011",400.0,sc2003,8-9
2020-02-14,0.2,"sc2010,sc2011",399.6,sc2003,8-9
2020-02-17,0.8,"sc2010,sc2011",401.5,sc2003,8-9
2020-02-18,1.1,"sc2010,sc2011",399.2,sc2003,8-9
2020-02-19,-1.0,"sc2010,sc2011",403.8,sc2003,8-9
2020-02-20,-0.7,"sc2010,sc2011",411.9,sc2003,8-9
2020-02-21,0.7,"sc2010,sc2011",408.9,sc2003,8-9
2020-02-24,-0.4,"sc2010,sc2011",393.1,sc2003,8-9
2020-02-25,-1.5,"sc2010,sc2011",388.3,sc2003,8-9
2020-02-26,-3.4,"sc2010,sc2011",377.9,sc2003,8-9
2020-02-27,-1.6,"sc2010,sc2011",360.3,sc2003,8-9
2020-02-28,-2.0,"sc2010,sc2011",347.0,sc2003,8-9
2020-03-02,-3.3,"sc2011,sc2012",359.7,sc2004,8-9
2020-03-03,-0.8,"sc2011,sc2012",372.4,sc2004,8-9
2020-03-04,-2.9,"sc2011,sc2012",368.5,sc2004,8-9
2020-03-05,-3.1,"sc2011,sc2012",366.6,sc2004,8-9
2020-03-06,-2.3,"sc2011,sc2012",351.9,sc2004,8-9
2020-03-09,-2.9,"sc2011,sc2012",340.4,sc2004,8-9
2020-03-10,12.1,"sc2011,sc2012",325.5,sc2004,8-9
2020-03-11,-4.5,"sc2011,sc2012",275.2,sc2004,8-9
2020-03-12,-6.6,"sc2011,sc2012",252.6,sc2004,8-9
2020-03-13,-5.5,"sc2011,sc2012",252.7,sc2004,8-9
2020-03-16,-6.2,"sc2011,sc2012",250.1,sc2004,8-9
2020-03-17,-6.2,"sc2011,sc2012",239.4,sc2004,8-9
2020-03-18,-5.9,"sc2011,sc2012",232.3,sc2004,8-9
2020-03-19,-7.1,"sc2011,sc2012",215.0,sc2004,8-9
2020-03-20,-6.5,"sc2011,sc2012",232.9,sc2004,8-9
2020-03-23,-6.0,"sc2011,sc2012",229.8,sc2004,8-9
2020-03-24,-6.3,"sc2011,sc2012",245.4,sc2004,8-9
2020-03-25,-5.2,"sc2011,sc2012",251.4,sc2004,8-9
2020-03-26,-5.4,"sc2011,sc2012",249.1,sc2004,8-9
2020-03-27,-6.5,"sc2011,sc2012",243.8,sc2004,8-9
2020-03-30,-7.3,"sc2011,sc2012",239.1,sc2004,8-9
2020-03-31,-6.2,"sc2011,sc2012",245.1,sc2004,8-9
2020-04-01,-6.3,"sc2012,sc2101",256.9,sc2005,8-9
2020-04-02,-6.7,"sc2012,sc2101",267.4,sc2005,8-9
2020-04-03,-7.0,"sc2012,sc2101",278.3,sc2005,8-9
2020-04-07,-5.6,"sc2012,sc2101",289.2,sc2005,8-9
2020-04-08,-6.9,"sc2012,sc2101",285.9,sc2005,8-9
2020-04-09,-5.6,"sc2012,sc2101",293.4,sc2005,8-9
2020-04-10,-5.9,"sc2012,sc2101",285.0,sc2005,8-9
2020-04-13,-5.6,"sc2012,sc2101",286.5,sc2005,8-9
2020-04-14,-7.4,"sc2012,sc2101",276.3,sc2005,8-9
2020-04-15,-7.2,"sc2012,sc2101",267.7,sc2005,8-9
2020-04-16,-8.2,"sc2012,sc2101",258.4,sc2005,8-9
2020-04-17,-9.6,"sc2012,sc2101",245.3,sc2005,8-9
2020-04-20,-10.7,"sc2012,sc2101",234.2,sc2005,8-9
2020-04-21,-10.4,"sc2012,sc2101",228.2,sc2005,8-9
2020-04-22,-10.3,"sc2012,sc2101",205.4,sc2005,8-9
2020-04-23,-10.9,"sc2012,sc2101",213.7,sc2005,8-9
2020-04-24,-10.6,"sc2012,sc2101",225.2,sc2005,8-9
2020-04-27,-11.1,"sc2012,sc2101",212.7,sc2005,8-9
2020-04-28,-12.2,"sc2012,sc2101",202.2,sc2005,8-9
2020-04-29,-12.0,"sc2012,sc2101",212.9,sc2005,8-9
2020-04-30,-13.1,"sc2012,sc2101",227.2,sc2005,8-9
2020-05-06,-11.2,"sc2101,sc2102",248.2,sc2006,8-9
2020-05-07,-10.3,"sc2101,sc2102",246.8,sc2006,8-9
2020-05-08,-9.1,"sc2101,sc2102",247.1,sc2006,8-9
2020-05-11,-8.4,"sc2101,sc2102",243.7,sc2006,8-9
2020-05-12,-9.5,"sc2101,sc2102",241.1,sc2006,8-9
2020-05-13,-8.7,"sc2101,sc2102",237.4,sc2006,8-9
2020-05-14,-8.2,"sc2101,sc2102",231.6,sc2006,8-9
2020-05-15,-8.4,"sc2101,sc2102",238.7,sc2006,8-9
2020-05-18,-9.4,"sc2101,sc2102",246.7,sc2006,8-9
2020-05-19,-8.8,"sc2101,sc2102",258.5,sc2006,8-9
2020-05-20,-8.6,"sc2101,sc2102",254.3,sc2006,8-9
2020-05-21,-8.1,"sc2101,sc2102",261.8,sc2006,8-9
2020-05-22,-8.7,"sc2101,sc2102",258.5,sc2006,8-9
2020-05-25,-8.8,"sc2101,sc2102",253.8,sc2006,8-9
2020-05-26,-9.1,"sc2101,sc2102",259.2,sc2006,8-9
2020-05-27,-9.0,"sc2101,sc2102",258.4,sc2006,8-9
2020-05-28,-9.1,"sc2101,sc2102",258.0,sc2006,8-9
2020-05-29,-8.8,"sc2101,sc2102",261.1,sc2006,8-9
2020-06-01,-6.8,"sc2102,sc2103",276.8,sc2007,8-9
2020-06-02,-6.4,"sc2102,sc2103",278.3,sc2007,8-9
2020-06-03,-6.0,"sc2102,sc2103",286.7,sc2007,8-9
2020-06-04,-5.6,"sc2102,sc2103",284.3,sc2007,8-9
2020-06-05,-6.1,"sc2102,sc2103",282.2,sc2007,8-9
2020-06-08,-5.1,"sc2102,sc2103",292.1,sc2007,8-9
2020-06-09,-5.3,"sc2102,sc2103",290.4,sc2007,8-9
2020-06-10,-5.4,"sc2102,sc2103",288.3,sc2007,8-9
2020-06-11,-5.2,"sc2102,sc2103",285.4,sc2007,8-9
2020-06-12,-5.8,"sc2102,sc2103",270.5,sc2007,8-9
2020-06-15,-5.4,"sc2102,sc2103",267.8,sc2007,8-9
2020-06-16,-4.9,"sc2102,sc2103",270.2,sc2007,8-9
2020-06-17,-5.8,"sc2102,sc2103",279.5,sc2007,8-9
2020-06-18,-5.8,"sc2102,sc2103",279.7,sc2007,8-9
2020-06-19,-5.0,"sc2102,sc2103",281.9,sc2007,8-9
2020-06-22,-5.0,"sc2102,sc2103",284.4,sc2007,8-9
2020-06-23,-4.5,"sc2102,sc2103",285.0,sc2007,8-9
2020-06-24,-4.5,"sc2102,sc2103",285.4,sc2007,8-9
2020-06-29,-4.5,"sc2102,sc2103",273.2,sc2007,8-9
2020-06-30,-4.6,"sc2102,sc2103",281.2,sc2007,8-9
2020-07-01,-5.4,"sc2103,sc2104",292.0,sc2008,8-9
2020-07-02,-5.3,"sc2103,sc2104",294.5,sc2008,8-9
2020-07-03,-4.7,"sc2103,sc2104",298.6,sc2008,8-9
2020-07-06,-4.2,"sc2103,sc2104",296.8,sc2008,8-9
2020-07-07,-4.3,"sc2103,sc2104",297.8,sc2008,8-9
2020-07-08,-4.1,"sc2103,sc2104",298.7,sc2008,8-9
2020-07-09,-3.4,"sc2103,sc2104",299.1,sc2008,8-9
2020-07-10,-4.7,"sc2103,sc2104",293.8,sc2008,8-9
2020-07-13,-4.5,"sc2103,sc2104",296.2,sc2008,8-9
2020-07-14,-3.6,"sc2103,sc2104",293.5,sc2008,8-9
2020-07-15,-3.0,"sc2103,sc2104",294.9,sc2008,8-9
2020-07-16,-2.7,"sc2103,sc2104",293.1,sc2008,8-9
2020-07-17,-4.0,"sc2103,sc2104",289.6,sc2008,8-9
2020-07-20,-4.3,"sc2103,sc2104",284.0,sc2008,8-9
2020-07-21,-5.3,"sc2103,sc2104",284.8,sc2008,8-9
2020-07-22,-5.4,"sc2103,sc2104",289.2,sc2008,8-9
2020-07-23,-5.6,"sc2103,sc2104",286.6,sc2008,8-9
2020-07-24,-5.9,"sc2103,sc2104",286.2,sc2008,8-9
2020-07-27,-5.7,"sc2103,sc2104",282.1,sc2008,8-9
2020-07-28,-5.9,"sc2103,sc2104",278.4,sc2008,8-9
2020-07-29,-5.8,"sc2103,sc2104",276.7,sc2008,8-9
2020-07-30,-5.3,"sc2103,sc2104",279.5,sc2008,8-9
2020-07-31,-6.4,"sc2103,sc2104",274.1,sc2008,8-9
2020-08-03,-3.4,"sc2104,sc2105",281.7,sc2009,8-9
2020-08-04,-3.8,"sc2104,sc2105",282.3,sc2009,8-9
2020-08-05,-4.8,"sc2104,sc2105",280.7,sc2009,8-9
2020-08-06,-6.1,"sc2104,sc2105",282.5,sc2009,8-9
2020-08-07,-5.3,"sc2104,sc2105",282.5,sc2009,8-9
2020-08-10,-5.8,"sc2104,sc2105",281.9,sc2009,8-9
2020-08-11,-6.2,"sc2104,sc2105",284.6,sc2009,8-9
2020-08-12,-5.8,"sc2104,sc2105",284.2,sc2009,8-9
2020-08-13,-5.3,"sc2104,sc2105",283.6,sc2009,8-9
2020-08-14,-5.5,"sc2104,sc2105",282.3,sc2009,8-9
2020-08-17,-4.5,"sc2104,sc2105",280.2,sc2009,8-9
2020-08-18,-5.1,"sc2104,sc2105",279.1,sc2009,8-9
2020-08-19,-5.8,"sc2104,sc2105",277.3,sc2009,8-9
2020-08-20,-6.5,"sc2104,sc2105",278.4,sc2009,8-9
2020-08-21,-5.8,"sc2104,sc2105",276.0,sc2009,8-9
2020-08-24,-7.1,"sc2104,sc2105",277.9,sc2009,8-9
2020-08-25,-6.6,"sc2104,sc2105",280.3,sc2009,8-9
2020-08-26,-8.3,"sc2104,sc2105",284.9,sc2009,8-9
2020-08-27,-7.2,"sc2104,sc2105",284.3,sc2009,8-9
2020-08-28,-7.4,"sc2104,sc2105",282.4,sc2009,8-9
2020-08-31,-5.1,"sc2104,sc2105",283.3,sc2009,8-9
2020-09-01,-4.4,"sc2105,sc2106",295.7,sc2010,8-9
2020-09-02,-4.1,"sc2105,sc2106",293.5,sc2010,8-9
2020-09-03,-4.0,"sc2105,sc2106",288.2,sc2010,8-9
2020-09-04,-4.7,"sc2105,sc2106",285.0,sc2010,8-9
2020-09-07,-4.7,"sc2105,sc2106",279.3,sc2010,8-9
2020-09-08,-5.4,"sc2105,sc2106",273.9,sc2010,8-9
2020-09-09,-6.9,"sc2105,sc2106",251.4,sc2010,8-9
2020-09-10,-5.5,"sc2105,sc2106",250.6,sc2010,8-9
2020-09-11,-6.7,"sc2105,sc2106",247.6,sc2010,8-9
2020-09-14,-7.2,"sc2105,sc2106",245.8,sc2010,8-9
2020-09-15,-8.2,"sc2105,sc2106",245.5,sc2010,8-9
2020-09-16,-5.6,"sc2105,sc2106",251.3,sc2010,8-9
2020-09-17,-5.4,"sc2105,sc2106",256.2,sc2010,8-9
2020-09-18,-4.0,"sc2105,sc2106",260.0,sc2010,8-9
2020-09-21,-4.6,"sc2105,sc2106",263.9,sc2010,8-9
2020-09-22,-6.1,"sc2105,sc2106",252.9,sc2010,8-9
2020-09-23,-7.0,"sc2105,sc2106",253.6,sc2010,8-9
2020-09-24,-6.5,"sc2106,sc2107",265.1,sc2011,8-9
2020-09-25,-6.9,"sc2106,sc2107",265.7,sc2011,8-9
2020-09-28,-7.6,"sc2106,sc2107",265.0,sc2011,8-9
2020-09-29,-7.8,"sc2106,sc2107",264.8,sc2011,8-9
2020-09-30,-6.2,"sc2106,sc2107",257.8,sc2011,8-9
2020-10-09,-7.9,"sc2106,sc2107",263.5,sc2011,8-9
2020-10-12,-8.3,"sc2106,sc2107",263.2,sc2011,8-9
2020-10-13,-8.6,"sc2106,sc2107",259.5,sc2011,8-9
2020-10-14,-7.4,"sc2106,sc2107",258.0,sc2011,8-9
2020-10-15,-8.5,"sc2106,sc2107",260.8,sc2011,8-9
2020-10-16,-7.5,"sc2106,sc2107",258.7,sc2011,8-9
2020-10-19,-8.0,"sc2106,sc2107",260.2,sc2011,8-9
2020-10-20,-6.9,"sc2106,sc2107",258.8,sc2011,8-9
2020-10-21,-6.5,"sc2106,sc2107",257.3,sc2011,8-9
2020-10-22,-6.4,"sc2106,sc2107",254.2,sc2011,8-9
2020-10-23,-6.7,"sc2106,sc2107",254.1,sc2011,8-9
2020-10-26,-6.5,"sc2106,sc2107",248.5,sc2011,8-9
2020-10-27,-6.7,"sc2106,sc2107",243.7,sc2011,8-9
2020-10-28,-7.6,"sc2106,sc2107",243.4,sc2011,8-9
2020-10-29,-6.5,"sc2106,sc2107",228.0,sc2011,8-9
2020-10-30,-7.5,"sc2106,sc2107",218.3,sc2011,8-9
2020-11-02,-7.2,"sc2107,sc2108",224.9,sc2012,8-9
2020-11-03,-7.2,"sc2107,sc2108",230.2,sc2012,8-9
2020-11-04,-7.1,"sc2107,sc2108",234.8,sc2012,8-9
2020-11-05,-7.3,"sc2107,sc2108",236.5,sc2012,8-9
2020-11-06,-7.4,"sc2107,sc2108",235.3,sc2012,8-9
2020-11-09,-7.7,"sc2107,sc2108",234.2,sc2012,8-9
2020-11-10,-7.1,"sc2107,sc2108",247.7,sc2012,8-9
2020-11-11,-7.0,"sc2107,sc2108",251.4,sc2012,8-9
2020-11-12,-6.1,"sc2107,sc2108",253.7,sc2012,8-9
2020-11-13,-6.7,"sc2107,sc2108",252.4,sc2012,8-9
2020-11-16,-7.1,"sc2107,sc2108",251.0,sc2012,8-9
2020-11-17,-6.1,"sc2107,sc2108",252.3,sc2012,8-9
2020-11-18,-6.4,"sc2107,sc2108",250.0,sc2012,8-9
2020-11-19,-6.9,"sc2107,sc2108",251.0,sc2012,8-9
2020-11-20,-6.7,"sc2107,sc2108",251.6,sc2012,8-9
2020-11-23,-6.7,"sc2107,sc2108",253.4,sc2012,8-9
2020-11-24,-4.3,"sc2107,sc2108",259.5,sc2012,8-9
2020-11-25,-4.8,"sc2107,sc2108",279.0,sc2012,8-9
2020-11-26,-2.7,"sc2107,sc2108",280.2,sc2012,8-9
2020-11-27,-4.0,"sc2107,sc2108",278.3,sc2012,8-9
2020-11-30,-3.9,"sc2107,sc2108",271.8,sc2012,8-9
2020-12-01,-4.4,"sc2108,sc2109",286.4,sc2101,8-9
2020-12-02,-4.3,"sc2108,sc2109",285.1,sc2101,8-9
2020-12-03,-4.8,"sc2108,sc2109",288.5,sc2101,8-9
2020-12-04,-3.7,"sc2108,sc2109",291.1,sc2101,8-9
2020-12-07,-3.7,"sc2108,sc2109",294.0,sc2101,8-9
2020-12-08,-3.2,"sc2108,sc2109",291.9,sc2101,8-9
2020-12-09,-4.4,"sc2108,sc2109",285.0,sc2101,8-9
2020-12-10,-4.5,"sc2108,sc2109",284.8,sc2101,8-9
2020-12-11,-4.3,"sc2108,sc2109",291.1,sc2101,8-9
2020-12-14,-4.7,"sc2108,sc2109",289.4,sc2101,8-9
2020-12-15,-4.6,"sc2108,sc2109",287.8,sc2101,8-9
2020-12-16,-3.3,"sc2108,sc2109",290.9,sc2101,8-9
2020-12-17,-4.3,"sc2108,sc2109",297.4,sc2101,8-9
2020-12-18,-4.8,"sc2108,sc2109",302.7,sc2101,8-9
2020-12-21,-4.7,"sc2108,sc2109",303.5,sc2101,8-9
2020-12-22,-6.0,"sc2108,sc2109",295.4,sc2101,8-9
2020-12-23,-4.5,"sc2108,sc2109",284.6,sc2101,8-9
2020-12-24,-5.4,"sc2108,sc2109",291.6,sc2101,8-9
2020-12-25,-4.3,"sc2109,sc2110",307.3,sc2102,8-9
2020-12-28,-4.2,"sc2109,sc2110",309.1,sc2102,8-9
2020-12-29,-3.7,"sc2109,sc2110",307.2,sc2102,8-9
2020-12-30,-4.2,"sc2109,sc2110",304.7,sc2102,8-9
2020-12-31,-2.8,"sc2109,sc2110",303.2,sc2102,8-9
2021-01-04,-3.8,"sc2109,sc2110",315.0,sc2102,8-9
2021-01-05,-4.0,"sc2109,sc2110",312.9,sc2102,8-9
2021-01-06,-3.5,"sc2109,sc2110",319.8,sc2102,8-9
2021-01-07,-2.8,"sc2109,sc2110",328.1,sc2102,8-9
2021-01-08,0.3,"sc2109,sc2110",332.6,sc2102,8-9
2021-01-11,-0.8,"sc2109,sc2110",336.0,sc2102,8-9
2021-01-12,-1.3,"sc2109,sc2110",333.2,sc2102,8-9
2021-01-13,-1.7,"sc2109,sc2110",339.7,sc2102,8-9
2021-01-14,-1.0,"sc2109,sc2110",335.5,sc2102,8-9
2021-01-15,-1.1,"sc2109,sc2110",333.4,sc2102,8-9
2021-01-18,-2.1,"sc2109,sc2110",326.0,sc2102,8-9
2021-01-19,-2.7,"sc2109,sc2110",329.9,sc2102,8-9
2021-01-20,-2.5,"sc2109,sc2110",337.2,sc2102,8-9
2021-01-21,-2.4,"sc2109,sc2110",336.1,sc2102,8-9
2021-01-22,-2.7,"sc2109,sc2110",331.7,sc2102,8-9
2021-01-25,-3.4,"sc2109,sc2110",324.0,sc2102,8-9
2021-01-26,-3.0,"sc2109,sc2110",322.4,sc2102,8-9
2021-01-27,-3.2,"sc2109,sc2110",327.2,sc2102,8-9
2021-01-28,-2.3,"sc2109,sc2110",333.4,sc2102,8-9
2021-01-29,-2.2,"sc2109,sc2110",336.1,sc2102,8-9
2021-02-01,-1.8,"sc2110,sc2111",336.1,sc2103,8-9
2021-02-02,-1.9,"sc2110,sc2111",340.3,sc2103,8-9
2021-02-03,-1.0,"sc2110,sc2111",347.1,sc2103,8-9
2021-02-04,-0.6,"sc2110,sc2111",353.3,sc2103,8-9
2021-02-05,-0.5,"sc2110,sc2111",356.6,sc2103,8-9
2021-02-08,-0.1,"sc2110,sc2111",361.8,sc2103,8-9
2021-02-09,-0.2,"sc2110,sc2111",368.0,sc2103,8-9
2021-02-10,0.1,"sc2110,sc2111",367.0,sc2103,8-9
2021-02-18,4.0,"sc2110,sc2111",395.8,sc2103,8-9
2021-02-19,1.3,"sc2110,sc2111",388.9,sc2103,8-9
2021-02-22,0.8,"sc2110,sc2111",386.2,sc2103,8-9
2021-02-23,1.2,"sc2110,sc2111",397.6,sc2103,8-9
2021-02-24,2.5,"sc2110,sc2111",400.9,sc2103,8-9
2021-02-25,1.3,"sc2110,sc2111",416.2,sc2103,8-9
2021-02-26,1.9,"sc2110,sc2111",399.0,sc2103,8-9
2021-03-01,0.5,"sc2111,sc2112",407.6,sc2104,8-9
2021-03-02,-0.3,"sc2111,sc2112",397.7,sc2104,8-9
2021-03-03,-0.5,"sc2111,sc2112",392.7,sc2104,8-9
2021-03-04,0.7,"sc2111,sc2112",397.4,sc2104,8-9
2021-03-05,-0.1,"sc2111,sc2112",413.0,sc2104,8-9
2021-03-08,1.0,"sc2111,sc2112",435.8,sc2104,8-9
2021-03-09,2.1,"sc2111,sc2112",427.6,sc2104,8-9
2021-03-10,1.5,"sc2111,sc2112",417.8,sc2104,8-9
2021-03-11,1.8,"sc2111,sc2112",416.0,sc2104,8-9
2021-03-12,0.4,"sc2111,sc2112",421.8,sc2104,8-9
2021-03-15,1.0,"sc2111,sc2112",420.4,sc2104,8-9
2021-03-16,2.0,"sc2111,sc2112",411.3,sc2104,8-9
2021-03-17,0.8,"sc2111,sc2112",409.3,sc2104,8-9
2021-03-18,0.5,"sc2111,sc2112",408.0,sc2104,8-9
2021-03-19,-1.2,"sc2111,sc2112",390.9,sc2104,8-9
2021-03-22,-2.4,"sc2111,sc2112",381.1,sc2104,8-9
2021-03-23,-1.8,"sc2111,sc2112",387.9,sc2104,8-9
2021-03-24,-0.7,"sc2111,sc2112",376.8,sc2104,8-9
2021-03-25,-0.2,"sc2111,sc2112",382.5,sc2104,8-9
2021-03-26,-0.4,"sc2111,sc2112",373.9,sc2104,8-9
2021-03-29,-0.2,"sc2111,sc2112",384.1,sc2104,8-9
2021-03-30,-0.5,"sc2111,sc2112",388.3,sc2104,8-9
2021-03-31,-1.1,"sc2111,sc2112",384.1,sc2104,8-9
2021-04-01,-0.2,"sc2112,sc2201",393.4,sc2105,8-9
2021-04-02,-1.9,"sc2112,sc2201",399.1,sc2105,8-9
2021-04-06,-2.0,"sc2112,sc2201",388.0,sc2105,8-9
2021-04-07,-2.1,"sc2112,sc2201",388.6,sc2105,8-9
2021-04-08,-3.5,"sc2112,sc2201",384.8,sc2105,8-9
2021-04-09,-3.8,"sc2112,sc2201",386.7,sc2105,8-9
2021-04-12,-3.6,"sc2112,sc2201",387.2,sc2105,8-9
2021-04-13,-2.3,"sc2112,sc2201",390.6,sc2105,8-9
2021-04-14,-1.9,"sc2112,sc2201",393.7,sc2105,8-9
2021-04-15,-0.9,"sc2112,sc2201",407.4,sc2105,8-9
2021-04-16,0.2,"sc2112,sc2201",410.4,sc2105,8-9
2021-04-19,0.6,"sc2112,sc2201",408.7,sc2105,8-9
2021-04-20,-0.5,"sc2112,sc2201",413.4,sc2105,8-9
2021-04-21,-0.8,"sc2112,sc2201",409.8,sc2105,8-9
2021-04-22,-1.6,"sc2112,sc2201",402.9,sc2105,8-9
2021-04-23,-2.3,"sc2112,sc2201",402.0,sc2105,8-9
2021-04-26,-1.5,"sc2112,sc2201",407.3,sc2105,8-9
2021-04-27,-1.0,"sc2112,sc2201",405.6,sc2105,8-9
2021-04-28,-1.0,"sc2112,sc2201",397.2,sc2105,8-9
2021-04-29,-1.2,"sc2112,sc2201",407.9,sc2105,8-9
2021-04-30,0.1,"sc2112,sc2201",409.5,sc2105,8-9
2021-05-06,-1.3,"sc2201,sc2202",429.8,sc2106,8-9
2021-05-07,-2.6,"sc2201,sc2202",424.1,sc2106,8-9
2021-05-10,-3.2,"sc2201,sc2202",424.3,sc2106,8-9
2021-05-11,-2.6,"sc2201,sc2202",420.8,sc2106,8-9
2021-05-12,-2.9,"sc2201,sc2202",421.5,sc2106,8-9
2021-05-13,-2.6,"sc2201,sc2202",429.0,sc2106,8-9
2021-05-14,-2.4,"sc2201,sc2202",417.1,sc2106,8-9
2021-05-17,-2.7,"sc2201,sc2202",425.7,sc2106,8-9
2021-05-18,-1.4,"sc2201,sc2202",434.2,sc2106,8-9
2021-05-19,-2.1,"sc2201,sc2202",429.5,sc2106,8-9
2021-05-20,-3.5,"sc2201,sc2202",409.5,sc2106,8-9
2021-05-21,-3.0,"sc2201,sc2202",403.2,sc2106,8-9
2021-05-24,-2.1,"sc2201,sc2202",408.2,sc2106,8-9
2021-05-25,-1.5,"sc2201,sc2202",423.4,sc2106,8-9
2021-05-26,-0.4,"sc2201,sc2202",427.9,sc2106,8-9
2021-05-27,-0.9,"sc2201,sc2202",428.8,sc2106,8-9
2021-05-28,-0.5,"sc2201,sc2202",432.7,sc2106,8-9
2021-05-31,-0.5,"sc2201,sc2202",427.6,sc2106,8-9
2021-06-01,0.9,"sc2202,sc2203",433.9,sc2107,8-9
2021-06-02,0.8,"sc2202,sc2203",439.9,sc2107,8-9
2021-06-03,3.1,"sc2202,sc2203",445.4,sc2107,8-9
2021-06-04,1.3,"sc2202,sc2203",443.2,sc2107,8-9
2021-06-07,2.1,"sc2202,sc2203",447.3,sc2107,8-9
2021-06-08,1.1,"sc2202,sc2203",444.1,sc2107,8-9
2021-06-09,0.9,"sc2202,sc2203",449.4,sc2107,8-9
2021-06-10,0.0,"sc2202,sc2203",447.7,sc2107,8-9
2021-06-11,-0.2,"sc2202,sc2203",450.2,sc2107,8-9
2021-06-15,1.5,"sc2202,sc2203",455.8,sc2107,8-9
2021-06-16,1.3,"sc2202,sc2203",459.2,sc2107,8-9
2021-06-17,-0.5,"sc2202,sc2203",454.1,sc2107,8-9
2021-06-18,-0.4,"sc2202,sc2203",443.0,sc2107,8-9
2021-06-21,0.0,"sc2202,sc2203",443.5,sc2107,8-9
2021-06-22,0.9,"sc2202,sc2203",449.4,sc2107,8-9
2021-06-23,0.7,"sc2202,sc2203",453.3,sc2107,8-9
2021-06-24,-1.1,"sc2202,sc2203",457.6,sc2107,8-9
2021-06-25,0.7,"sc2202,sc2203",457.2,sc2107,8-9
2021-06-28,0.3,"sc2202,sc2203",459.6,sc2107,8-9
2021-06-29,-1.1,"sc2202,sc2203",449.3,sc2107,8-9
2021-06-30,-2.0,"sc2202,sc2203",449.2,sc2107,8-9
2021-07-01,1.1,"sc2203,sc2204",460.4,sc2108,8-9
2021-07-02,-0.3,"sc2203,sc2204",467.8,sc2108,8-9
2021-07-05,1.8,"sc2203,sc2204",468.4,sc2108,8-9
2021-07-06,1.1,"sc2203,sc2204",473.1,sc2108,8-9
2021-07-07,-0.2,"sc2203,sc2204",455.8,sc2108,8-9
2021-07-08,1.3,"sc2203,sc2204",442.1,sc2108,8-9
2021-07-09,1.5,"sc2203,sc2204",441.9,sc2108,8-9
2021-07-12,-0.1,"sc2203,sc2204",451.1,sc2108,8-9
2021-07-13,0.5,"sc2203,sc2204",450.9,sc2108,8-9
2021-07-14,-0.4,"sc2203,sc2204",458.2,sc2108,8-9
2021-07-15,1.6,"sc2203,sc2204",449.6,sc2108,8-9
2021-07-16,3.2,"sc2203,sc2204",438.6,sc2108,8-9
2021-07-19,1.9,"sc2203,sc2204",431.7,sc2108,8-9
2021-07-20,0.1,"sc2203,sc2204",410.0,sc2108,8-9
2021-07-21,0.3,"sc2203,sc2204",406.4,sc2108,8-9
2021-07-22,-1.5,"sc2203,sc2204",416.6,sc2108,8-9
2021-07-23,0.1,"sc2203,sc2204",427.2,sc2108,8-9
2021-07-26,-0.6,"sc2203,sc2204",432.4,sc2108,8-9
2021-07-27,-0.7,"sc2203,sc2204",439.0,sc2108,8-9
2021-07-28,2.0,"sc2203,sc2204",439.5,sc2108,8-9
2021-07-29,-0.1,"sc2203,sc2204",447.9,sc2108,8-9
2021-07-30,-0.9,"sc2203,sc2204",445.2,sc2108,8-9
2021-08-02,0.7,"sc2204,sc2205",452.9,sc2109,8-9
2021-08-03,-1.2,"sc2204,sc2205",440.7,sc2109,8-9
2021-08-04,-0.1,"sc2204,sc2205",433.5,sc2109,8-9
2021-08-05,0.2,"sc2204,sc2205",428.3,sc2109,8-9
2021-08-06,1.0,"sc2204,sc2205",429.1,sc2109,8-9
2021-08-09,-0.1,"sc2204,sc2205",425.0,sc2109,8-9
2021-08-10,0.2,"sc2204,sc2205",418.0,sc2109,8-9
2021-08-11,1.4,"sc2204,sc2205",430.6,sc2109,8-9
2021-08-12,0.1,"sc2204,sc2205",430.4,sc2109,8-9
2021-08-13,-0.9,"sc2204,sc2205",431.4,sc2109,8-9
2021-08-16,-0.9,"sc2204,sc2205",428.4,sc2109,8-9
2021-08-17,-0.8,"sc2204,sc2205",423.6,sc2109,8-9
2021-08-18,-0.9,"sc2204,sc2205",423.9,sc2109,8-9
2021-08-19,-1.0,"sc2204,sc2205",418.7,sc2109,8-9
2021-08-20,-0.3,"sc2204,sc2205",407.8,sc2109,8-9
2021-08-23,-0.5,"sc2204,sc2205",403.6,sc2109,8-9
2021-08-24,-0.6,"sc2204,sc2205",421.4,sc2109,8-9
2021-08-25,0.4,"sc2204,sc2205",431.4,sc2109,8-9
2021-08-26,0.7,"sc2204,sc2205",435.8,sc2109,8-9
2021-08-27,-0.2,"sc2204,sc2205",438.6,sc2109,8-9
2021-08-30,0.1,"sc2204,sc2205",445.3,sc2109,8-9
2021-08-31,2.2,"sc2204,sc2205",450.2,sc2109,8-9
2021-09-01,1.9,"sc2205,sc2206",440.5,sc2110,8-9
2021-09-02,2.8,"sc2205,sc2206",439.3,sc2110,8-9
2021-09-03,1.5,"sc2205,sc2206",456.2,sc2110,8-9
2021-09-06,1.1,"sc2205,sc2206",451.4,sc2110,8-9
2021-09-07,1.2,"sc2205,sc2206",453.8,sc2110,8-9
2021-09-08,1.4,"sc2205,sc2206",450.9,sc2110,8-9
2021-09-09,1.9,"sc2205,sc2206",454.8,sc2110,8-9
2021-09-10,0.3,"sc2205,sc2206",454.6,sc2110,8-9
2021-09-13,0.7,"sc2205,sc2206",461.2,sc2110,8-9
2021-09-14,0.4,"sc2205,sc2206",463.0,sc2110,8-9
2021-09-15,1.9,"sc2205,sc2206",461.9,sc2110,8-9
2021-09-16,0.5,"sc2205,sc2206",473.4,sc2110,8-9
2021-09-17,2.6,"sc2205,sc2206",477.1,sc2110,8-9
2021-09-22,2.3,"sc2205,sc2206",469.0,sc2110,8-9
2021-09-23,2.2,"sc2205,sc2206",469.4,sc2110,8-9
2021-09-24,1.6,"sc2206,sc2207",485.1,sc2111,8-9
2021-09-27,1.8,"sc2206,sc2207",492.1,sc2111,8-9
2021-09-28,3.3,"sc2206,sc2207",501.8,sc2111,8-9
2021-09-29,3.0,"sc2206,sc2207",495.4,sc2111,8-9
2021-09-30,2.5,"sc2206,sc2207",495.9,sc2111,8-9
2021-10-08,4.0,"sc2206,sc2207",527.1,sc2111,8-9
2021-10-11,3.7,"sc2206,sc2207",526.8,sc2111,8-9
2021-10-12,2.3,"sc2206,sc2207",531.6,sc2111,8-9
2021-10-13,3.5,"sc2206,sc2207",528.3,sc2111,8-9
2021-10-14,2.7,"sc2206,sc2207",521.5,sc2111,8-9
2021-10-15,2.3,"sc2206,sc2207",525.5,sc2111,8-9
2021-10-18,0.9,"sc2206,sc2207",533.6,sc2111,8-9
2021-10-19,2.8,"sc2206,sc2207",528.6,sc2111,8-9
2021-10-20,2.1,"sc2206,sc2207",531.2,sc2111,8-9
2021-10-21,-0.3,"sc2206,sc2207",531.5,sc2111,8-9
2021-10-22,2.6,"sc2206,sc2207",525.1,sc2111,8-9
2021-10-25,1.3,"sc2206,sc2207",527.7,sc2111,8-9
2021-10-26,1.2,"sc2206,sc2207",527.3,sc2111,8-9
2021-10-27,3.2,"sc2206,sc2207",525.3,sc2111,8-9
2021-10-28,4.1,"sc2206,sc2207",511.2,sc2111,8-9
2021-10-29,3.6,"sc2206,sc2207",495.5,sc2111,8-9
2021-11-01,2.2,"sc2207,sc2208",521.7,sc2112,8-9
2021-11-02,3.0,"sc2207,sc2208",531.6,sc2112,8-9
2021-11-03,4.1,"sc2207,sc2208",526.7,sc2112,8-9
2021-11-04,3.9,"sc2207,sc2208",513.0,sc2112,8-9
2021-11-05,3.5,"sc2207,sc2208",513.6,sc2112,8-9
2021-11-08,3.8,"sc2207,sc2208",524.0,sc2112,8-9
2021-11-09,3.7,"sc2207,sc2208",526.3,sc2112,8-9
2021-11-10,4.0,"sc2207,sc2208",531.6,sc2112,8-9
2021-11-11,4.0,"sc2207,sc2208",525.9,sc2112,8-9
2021-11-12,3.8,"sc2207,sc2208",517.3,sc2112,8-9
2021-11-15,3.2,"sc2207,sc2208",513.4,sc2112,8-9
2021-11-16,2.8,"sc2207,sc2208",511.9,sc2112,8-9
2021-11-17,2.6,"sc2207,sc2208",515.0,sc2112,8-9
2021-11-18,2.7,"sc2207,sc2208",511.6,sc2112,8-9
2021-11-19,0.5,"sc2207,sc2208",513.5,sc2112,8-9
2021-11-22,2.4,"sc2207,sc2208",501.9,sc2112,8-9
2021-11-23,1.5,"sc2207,sc2208",504.8,sc2112,8-9
2021-11-24,1.9,"sc2207,sc2208",518.8,sc2112,8-9
2021-11-25,2.2,"sc2207,sc2208",521.7,sc2112,8-9
2021-11-26,2.2,"sc2207,sc2208",505.0,sc2112,8-9
2021-11-29,0.7,"sc2207,sc2208",495.6,sc2112,8-9
2021-11-30,2.1,"sc2207,sc2208",478.8,sc2112,8-9
2021-12-01,1.5,"sc2208,sc2209",445.0,sc2201,8-9
2021-12-02,0.1,"sc2208,sc2209",444.1,sc2201,8-9
2021-12-03,-0.4,"sc2208,sc2209",439.2,sc2201,8-9
2021-12-06,0.6,"sc2208,sc2209",450.6,sc2201,8-9
2021-12-07,-1.2,"sc2208,sc2209",457.6,sc2201,8-9
2021-12-08,-0.2,"sc2208,sc2209",473.8,sc2201,8-9
2021-12-09,-0.1,"sc2208,sc2209",476.0,sc2201,8-9
2021-12-10,1.0,"sc2208,sc2209",472.9,sc2201,8-9
2021-12-13,0.2,"sc2208,sc2209",477.0,sc2201,8-9
2021-12-14,0.3,"sc2208,sc2209",474.2,sc2201,8-9
2021-12-15,1.1,"sc2208,sc2209",460.0,sc2201,8-9
2021-12-16,0.6,"sc2208,sc2209",467.4,sc2201,8-9
2021-12-17,-0.4,"sc2208,sc2209",474.7,sc2201,8-9
2021-12-20,-0.8,"sc2208,sc2209",466.2,sc2201,8-9
2021-12-21,-1.0,"sc2208,sc2209",453.1,sc2201,8-9
2021-12-22,0.7,"sc2208,sc2209",456.2,sc2201,8-9
2021-12-23,0.9,"sc2209,sc2210",470.0,sc2202,8-9
2021-12-24,1.2,"sc2209,sc2210",475.6,sc2202,8-9
2021-12-27,2.2,"sc2209,sc2210",475.5,sc2202,8-9
2021-12-28,2.1,"sc2209,sc2210",487.0,sc2202,8-9
2021-12-29,3.3,"sc2209,sc2210",492.8,sc2202,8-9
2021-12-30,2.5,"sc2209,sc2210",494.5,sc2202,8-9
2021-12-31,1.6,"sc2209,sc2210",496.8,sc2202,8-9
2022-01-04,0.9,"sc2209,sc2210",496.9,sc2202,8-9
2022-01-05,1.6,"sc2209,sc2210",501.1,sc2202,8-9
2022-01-06,3.0,"sc2209,sc2210",504.6,sc2202,8-9
2022-01-07,3.0,"sc2209,sc2210",516.4,sc2202,8-9
2022-01-10,2.1,"sc2209,sc2210",511.1,sc2202,8-9
2022-01-11,2.6,"sc2209,sc2210",508.9,sc2202,8-9
2022-01-12,2.2,"sc2209,sc2210",514.8,sc2202,8-9
2022-01-13,2.6,"sc2209,sc2210",526.0,sc2202,8-9
2022-01-14,1.6,"sc2209,sc2210",530.7,sc2202,8-9
2022-01-17,3.7,"sc2209,sc2210",538.5,sc2202,8-9
2022-01-18,4.8,"sc2209,sc2210",541.1,sc2202,8-9
2022-01-19,5.8,"sc2209,sc2210",547.6,sc2202,8-9
2022-01-20,6.2,"sc2209,sc2210",547.7,sc2202,8-9
2022-01-21,7.2,"sc2209,sc2210",557.1,sc2202,8-9
2022-01-24,3.7,"sc2210,sc2211",541.6,sc2203,8-9
2022-01-25,4.7,"sc2210,sc2211",530.4,sc2203,8-9
2022-01-26,4.1,"sc2210,sc2211",534.3,sc2203,8-9
2022-01-27,4.1,"sc2210,sc2211",545.5,sc2203,8-9
2022-01-28,4.1,"sc2210,sc2211",542.0,sc2203,8-9
2022-02-07,5.7,"sc2210,sc2211",567.3,sc2203,8-9
2022-02-08,3.4,"sc2210,sc2211",558.7,sc2203,8-9
2022-02-09,3.6,"sc2210,sc2211",547.5,sc2203,8-9
2022-02-10,3.5,"sc2210,sc2211",549.1,sc2203,8-9
2022-02-11,5.1,"sc2210,sc2211",553.3,sc2203,8-9
2022-02-14,4.4,"sc2210,sc2211",562.5,sc2203,8-9
2022-02-15,4.9,"sc2210,sc2211",566.5,sc2203,8-9
2022-02-16,5.5,"sc2210,sc2211",554.8,sc2203,8-9
2022-02-17,5.0,"sc2210,sc2211",560.8,sc2203,8-9
2022-02-18,5.1,"sc2210,sc2211",559.7,sc2203,8-9
2022-02-21,4.8,"sc2210,sc2211",561.4,sc2203,8-9
2022-02-22,5.7,"sc2210,sc2211",580.9,sc2203,8-9
2022-02-23,5.9,"sc2210,sc2211",585.3,sc2203,8-9
2022-02-24,7.1,"sc2210,sc2211",593.9,sc2203,8-9
2022-02-25,4.8,"sc2210,sc2211",613.8,sc2203,8-9
2022-02-28,6.1,"sc2210,sc2211",591.8,sc2203,8-9
2022-03-01,2.4,"sc2211,sc2212",615.9,sc2204,8-9
2022-03-02,3.3,"sc2211,sc2212",654.2,sc2204,8-9
2022-03-03,4.4,"sc2211,sc2212",699.5,sc2204,8-9
2022-03-04,6.7,"sc2211,sc2212",704.8,sc2204,8-9
2022-03-07,5.7,"sc2211,sc2212",723.6,sc2204,8-9
2022-03-08,8.9,"sc2211,sc2212",765.8,sc2204,8-9
2022-03-09,10.7,"sc2211,sc2212",806.9,sc2204,8-9
2022-03-10,15.8,"sc2211,sc2212",726.1,sc2204,8-9
2022-03-11,11.7,"sc2211,sc2212",691.9,sc2204,8-9
2022-03-14,13.3,"sc2211,sc2212",683.0,sc2204,8-9
2022-03-15,9.4,"sc2211,sc2212",645.7,sc2204,8-9
2022-03-16,7.7,"sc2211,sc2212",622.9,sc2204,8-9
2022-03-17,1.1,"sc2211,sc2212",615.8,sc2204,8-9
2022-03-18,10.0,"sc2211,sc2212",657.0,sc2204,8-9
2022-03-21,6.5,"sc2211,sc2212",678.9,sc2204,8-9
2022-03-22,10.2,"sc2211,sc2212",722.8,sc2204,8-9
2022-03-23,9.0,"sc2211,sc2212",717.8,sc2204,8-9
2022-03-24,11.8,"sc2211,sc2212",760.1,sc2204,8-9
2022-03-25,10.8,"sc2211,sc2212",753.4,sc2204,8-9
2022-03-28,14.6,"sc2211,sc2212",742.4,sc2204,8-9
2022-03-29,10.7,"sc2211,sc2212",706.2,sc2204,8-9
2022-03-30,7.0,"sc2211,sc2212",678.2,sc2204,8-9
2022-03-31,9.8,"sc2211,sc2212",675.2,sc2204,8-9
2022-04-01,9.1,"sc2212,sc2301",666.4,sc2205,8-9
2022-04-06,10.5,"sc2212,sc2301",675.4,sc2205,8-9
2022-04-07,9.6,"sc2212,sc2301",643.1,sc2205,8-9
2022-04-08,5.7,"sc2212,sc2301",617.3,sc2205,8-9
2022-04-11,3.7,"sc2212,sc2301",625.8,sc2205,8-9
2022-04-12,6.5,"sc2212,sc2301",618.4,sc2205,8-9
2022-04-13,2.4,"sc2212,sc2301",649.9,sc2205,8-9
2022-04-14,5.9,"sc2212,sc2301",665.8,sc2205,8-9
2022-04-15,3.5,"sc2212,sc2301",679.7,sc2205,8-9
2022-04-18,3.8,"sc2212,sc2301",694.1,sc2205,8-9
2022-04-19,6.0,"sc2212,sc2301",705.9,sc2205,8-9
2022-04-20,6.4,"sc2212,sc2301",674.5,sc2205,8-9
2022-04-21,6.6,"sc2212,sc2301",674.4,sc2205,8-9
2022-04-22,5.4,"sc2212,sc2301",680.5,sc2205,8-9
2022-04-25,8.1,"sc2212,sc2301",662.4,sc2205,8-9
2022-04-26,5.1,"sc2212,sc2301",637.6,sc2205,8-9
2022-04-27,4.5,"sc2212,sc2301",663.8,sc2205,8-9
2022-04-28,4.1,"sc2212,sc2301",659.1,sc2205,8-9
2022-04-29,4.1,"sc2212,sc2301",671.2,sc2205,8-9
2022-05-05,3.5,"sc2301,sc2302",692.4,sc2206,8-9
2022-05-06,4.1,"sc2301,sc2302",696.4,sc2206,8-9
2022-05-09,5.3,"sc2301,sc2302",705.6,sc2206,8-9
2022-05-10,8.0,"sc2301,sc2302",669.8,sc2206,8-9
2022-05-11,9.7,"sc2301,sc2302",656.1,sc2206,8-9
2022-05-12,5.9,"sc2301,sc2302",680.0,sc2206,8-9
2022-05-13,6.7,"sc2301,sc2302",692.4,sc2206,8-9
2022-05-16,6.7,"sc2301,sc2302",704.6,sc2206,8-9
2022-05-17,6.7,"sc2301,sc2302",721.8,sc2206,8-9
2022-05-18,7.7,"sc2301,sc2302",721.9,sc2206,8-9
2022-05-19,8.1,"sc2301,sc2302",698.6,sc2206,8-9
2022-05-20,7.9,"sc2301,sc2302",699.8,sc2206,8-9
2022-05-23,6.4,"sc2301,sc2302",706.2,sc2206,8-9
2022-05-24,7.5,"sc2301,sc2302",699.0,sc2206,8-9
2022-05-25,6.4,"sc2301,sc2302",710.8,sc2206,8-9
2022-05-26,4.6,"sc2301,sc2302",716.1,sc2206,8-9
2022-05-27,5.3,"sc2301,sc2302",740.4,sc2206,8-9
2022-05-30,6.2,"sc2301,sc2302",724.3,sc2206,8-9
2022-05-31,8.4,"sc2301,sc2302",737.3,sc2206,8-9
2022-06-01,9.4,"sc2302,sc2303",741.1,sc2207,8-9
2022-06-02,7.9,"sc2302,sc2303",728.8,sc2207,8-9
2022-06-06,9.1,"sc2302,sc2303",750.3,sc2207,8-9
2022-06-07,6.4,"sc2302,sc2303",748.7,sc2207,8-9
2022-06-08,8.4,"sc2302,sc2303",753.8,sc2207,8-9
2022-06-09,10.3,"sc2302,sc2303",771.4,sc2207,8-9
2022-06-10,8.2,"sc2302,sc2303",770.5,sc2207,8-9
2022-06-13,7.5,"sc2302,sc2303",756.8,sc2207,8-9
2022-06-14,7.1,"sc2302,sc2303",768.0,sc2207,8-9
2022-06-15,10.6,"sc2302,sc2303",770.6,sc2207,8-9
2022-06-16,7.1,"sc2302,sc2303",748.2,sc2207,8-9
2022-06-17,8.8,"sc2302,sc2303",731.7,sc2207,8-9
2022-06-20,8.1,"sc2302,sc2303",704.3,sc2207,8-9
2022-06-21,7.8,"sc2302,sc2303",702.2,sc2207,8-9
2022-06-22,6.4,"sc2302,sc2303",703.7,sc2207,8-9
2022-06-23,5.6,"sc2302,sc2303",687.6,sc2207,8-9
2022-06-24,8.0,"sc2302,sc2303",684.0,sc2207,8-9
2022-06-27,9.0,"sc2302,sc2303",689.6,sc2207,8-9
2022-06-28,10.7,"sc2302,sc2303",707.1,sc2207,8-9
2022-06-29,7.9,"sc2302,sc2303",715.0,sc2207,8-9
2022-06-30,7.1,"sc2302,sc2303",731.1,sc2207,8-9
2022-07-01,9.2,"sc2303,sc2304",704.4,sc2208,8-9
2022-07-04,9.0,"sc2303,sc2304",711.7,sc2208,8-9
2022-07-05,6.0,"sc2303,sc2304",727.5,sc2208,8-9
2022-07-06,6.3,"sc2303,sc2304",674.2,sc2208,8-9
2022-07-07,8.4,"sc2303,sc2304",644.9,sc2208,8-9
2022-07-08,9.6,"sc2303,sc2304",676.8,sc2208,8-9
2022-07-11,6.5,"sc2303,sc2304",686.1,sc2208,8-9
2022-07-12,9.7,"sc2303,sc2304",680.6,sc2208,8-9
2022-07-13,10.2,"sc2303,sc2304",650.2,sc2208,8-9
2022-07-14,11.3,"sc2303,sc2304",650.8,sc2208,8-9
2022-07-15,9.7,"sc2303,sc2304",641.1,sc2208,8-9
2022-07-18,8.7,"sc2303,sc2304",668.0,sc2208,8-9
2022-07-19,6.6,"sc2303,sc2304",697.5,sc2208,8-9
2022-07-20,7.1,"sc2303,sc2304",704.9,sc2208,8-9
2022-07-21,6.6,"sc2303,sc2304",706.9,sc2208,8-9
2022-07-22,6.9,"sc2303,sc2304",695.8,sc2208,8-9
2022-07-25,5.6,"sc2303,sc2304",697.9,sc2208,8-9
2022-07-26,6.5,"sc2303,sc2304",704.3,sc2208,8-9
2022-07-27,7.4,"sc2303,sc2304",661.3,sc2208,8-9
2022-07-28,9.3,"sc2303,sc2304",676.1,sc2208,8-9
2022-07-29,9.0,"sc2303,sc2304",730.3,sc2208,8-9
2022-08-01,5.3,"sc2304,sc2305",698.1,sc2209,8-9
2022-08-02,8.0,"sc2304,sc2305",672.7,sc2209,8-9
2022-08-03,5.9,"sc2304,sc2305",681.6,sc2209,8-9
2022-08-04,6.9,"sc2304,sc2305",667.1,sc2209,8-9
2022-08-05,6.6,"sc2304,sc2305",650.3,sc2209,8-9
2022-08-08,8.0,"sc2304,sc2305",659.6,sc2209,8-9
2022-08-09,8.0,"sc2304,sc2305",665.7,sc2209,8-9
2022-08-10,6.9,"sc2304,sc2305",676.5,sc2209,8-9
2022-08-11,8.4,"sc2304,sc2305",682.6,sc2209,8-9
2022-08-12,7.8,"sc2304,sc2305",698.9,sc2209,8-9
2022-08-15,7.0,"sc2304,sc2305",695.9,sc2209,8-9
2022-08-16,7.0,"sc2304,sc2305",685.6,sc2209,8-9
2022-08-17,5.2,"sc2304,sc2305",690.7,sc2209,8-9
2022-08-18,7.0,"sc2304,sc2305",698.6,sc2209,8-9
2022-08-19,5.3,"sc2304,sc2305",725.4,sc2209,8-9
2022-08-22,5.5,"sc2304,sc2305",749.9,sc2209,8-9
2022-08-23,7.0,"sc2304,sc2305",747.2,sc2209,8-9
2022-08-24,9.2,"sc2304,sc2305",765.8,sc2209,8-9
2022-08-25,11.3,"sc2304,sc2305",790.6,sc2209,8-9
2022-08-26,8.2,"sc2304,sc2305",787.3,sc2209,8-9
2022-08-29,7.3,"sc2304,sc2305",726.4,sc2209,8-9
2022-08-30,6.3,"sc2304,sc2305",738.7,sc2209,8-9
2022-08-31,5.7,"sc2304,sc2305",724.7,sc2209,8-9
2022-09-01,6.2,"sc2305,sc2306",705.5,sc2210,8-9
2022-09-02,1.3,"sc2305,sc2306",694.7,sc2210,8-9
2022-09-05,3.8,"sc2305,sc2306",696.2,sc2210,8-9
2022-09-06,7.1,"sc2305,sc2306",707.4,sc2210,8-9
2022-09-07,5.0,"sc2305,sc2306",688.4,sc2210,8-9
2022-09-08,5.7,"sc2305,sc2306",673.8,sc2210,8-9
2022-09-09,3.1,"sc2305,sc2306",670.0,sc2210,8-9
2022-09-13,7.4,"sc2305,sc2306",705.6,sc2210,8-9
2022-09-14,10.0,"sc2305,sc2306",691.6,sc2210,8-9
2022-09-15,6.7,"sc2305,sc2306",718.3,sc2210,8-9
2022-09-16,6.5,"sc2305,sc2306",712.2,sc2210,8-9
2022-09-19,4.6,"sc2305,sc2306",709.2,sc2210,8-9
2022-09-20,7.7,"sc2305,sc2306",707.4,sc2210,8-9
2022-09-21,8.6,"sc2305,sc2306",674.3,sc2210,8-9
2022-09-22,8.4,"sc2305,sc2306",653.6,sc2210,8-9
2022-09-23,8.2,"sc2305,sc2306",645.8,sc2210,8-9
2022-09-26,4.3,"sc2306,sc2307",624.8,sc2211,8-9
2022-09-27,4.4,"sc2306,sc2307",612.0,sc2211,8-9
2022-09-28,6.8,"sc2306,sc2307",612.2,sc2211,8-9
2022-09-29,6.3,"sc2306,sc2307",628.6,sc2211,8-9
2022-09-30,4.9,"sc2306,sc2307",631.5,sc2211,8-9
2022-10-10,5.6,"sc2306,sc2307",699.6,sc2211,8-9
2022-10-11,8.1,"sc2306,sc2307",702.2,sc2211,8-9
2022-10-12,4.8,"sc2306,sc2307",688.2,sc2211,8-9
2022-10-13,6.9,"sc2306,sc2307",684.8,sc2211,8-9
2022-10-14,6.6,"sc2306,sc2307",689.7,sc2211,8-9
2022-10-17,5.9,"sc2306,sc2307",676.7,sc2211,8-9
2022-10-18,6.6,"sc2306,sc2307",677.9,sc2211,8-9
2022-10-19,4.7,"sc2306,sc2307",665.4,sc2211,8-9
2022-10-20,6.3,"sc2306,sc2307",667.1,sc2211,8-9
2022-10-21,4.8,"sc2306,sc2307",669.6,sc2211,8-9
2022-10-24,5.4,"sc2306,sc2307",670.1,sc2211,8-9
2022-10-25,5.4,"sc2306,sc2307",669.9,sc2211,8-9
2022-10-26,5.9,"sc2306,sc2307",671.3,sc2211,8-9
2022-10-27,7.9,"sc2306,sc2307",677.4,sc2211,8-9
2022-10-28,8.0,"sc2306,sc2307",684.9,sc2211,8-9
2022-10-31,4.9,"sc2306,sc2307",686.8,sc2211,8-9
2022-11-01,1.9,"sc2307,sc2308",685.5,sc2212,8-9
2022-11-02,1.9,"sc2307,sc2308",696.3,sc2212,8-9
2022-11-03,3.3,"sc2307,sc2308",698.4,sc2212,8-9
2022-11-04,4.3,"sc2307,sc2308",699.9,sc2212,8-9
2022-11-07,5.0,"sc2307,sc2308",715.4,sc2212,8-9
2022-11-08,5.4,"sc2307,sc2308",716.5,sc2212,8-9
2022-11-09,7.0,"sc2307,sc2308",700.6,sc2212,8-9
2022-11-10,6.6,"sc2307,sc2308",677.4,sc2212,8-9
2022-11-11,6.5,"sc2307,sc2308",673.8,sc2212,8-9
2022-11-14,7.4,"sc2307,sc2308",677.5,sc2212,8-9
2022-11-15,9.0,"sc2307,sc2308",658.4,sc2212,8-9
2022-11-16,8.1,"sc2307,sc2308",647.0,sc2212,8-9
2022-11-17,6.2,"sc2307,sc2308",636.7,sc2212,8-9
2022-11-18,6.4,"sc2307,sc2308",623.1,sc2212,8-9
2022-11-21,5.6,"sc2307,sc2308",601.6,sc2212,8-9
2022-11-22,5.1,"sc2307,sc2308",591.8,sc2212,8-9
2022-11-23,2.9,"sc2307,sc2308",601.9,sc2212,8-9
2022-11-24,3.6,"sc2307,sc2308",575.0,sc2212,8-9
2022-11-25,3.1,"sc2307,sc2308",576.1,sc2212,8-9
2022-11-28,2.0,"sc2307,sc2308",556.0,sc2212,8-9
2022-11-29,0.3,"sc2307,sc2308",554.9,sc2212,8-9
2022-11-30,0.8,"sc2307,sc2308",579.2,sc2212,8-9
2022-12-01,3.1,"sc2308,sc2309",578.9,sc2301,8-9
2022-12-02,1.3,"sc2308,sc2309",577.7,sc2301,8-9
2022-12-05,3.0,"sc2308,sc2309",570.0,sc2301,8-9
2022-12-06,0.1,"sc2308,sc2309",552.6,sc2301,8-9
2022-12-07,-1.9,"sc2308,sc2309",523.3,sc2301,8-9
2022-12-08,-0.4,"sc2308,sc2309",512.6,sc2301,8-9
2022-12-09,-0.7,"sc2308,sc2309",505.1,sc2301,8-9
2022-12-12,-1.0,"sc2308,sc2309",501.6,sc2301,8-9
2022-12-13,-1.8,"sc2308,sc2309",510.2,sc2301,8-9
2022-12-14,-2.5,"sc2308,sc2309",521.7,sc2301,8-9
2022-12-15,-2.1,"sc2308,sc2309",530.3,sc2301,8-9
2022-12-16,-1.1,"sc2308,sc2309",528.4,sc2301,8-9
2022-12-19,-1.3,"sc2308,sc2309",520.0,sc2301,8-9
2022-12-20,-2.6,"sc2308,sc2309",528.4,sc2301,8-9
2022-12-21,-1.6,"sc2308,sc2309",529.2,sc2301,8-9
2022-12-22,-0.6,"sc2308,sc2309",538.0,sc2301,8-9
2022-12-23,-1.6,"sc2309,sc2310",546.8,sc2302,8-9
2022-12-26,-2.8,"sc2309,sc2310",559.7,sc2302,8-9
2022-12-27,-2.8,"sc2309,sc2310",562.5,sc2302,8-9
2022-12-28,-0.4,"sc2309,sc2310",565.5,sc2302,8-9
2022-12-29,-2.4,"sc2309,sc2310",552.9,sc2302,8-9
2022-12-30,0.7,"sc2309,sc2310",553.7,sc2302,8-9
2023-01-03,18.2,"sc2309,sc2310",564.2,sc2302,8-9
2023-01-04,1.5,"sc2309,sc2310",549.9,sc2302,8-9
2023-01-05,2.1,"sc2309,sc2310",521.1,sc2302,8-9
2023-01-06,1.6,"sc2309,sc2310",525.5,sc2302,8-9
2023-01-09,-1.5,"sc2309,sc2310",525.7,sc2302,8-9
2023-01-10,-0.5,"sc2309,sc2310",524.4,sc2302,8-9
2023-01-11,2.6,"sc2309,sc2310",519.5,sc2302,8-9
2023-01-12,0.8,"sc2309,sc2310",527.3,sc2302,8-9
2023-01-13,1.5,"sc2309,sc2310",538.8,sc2302,8-9
2023-01-16,-0.5,"sc2309,sc2310",539.4,sc2302,8-9
2023-01-17,1.6,"sc2310,sc2311",544.2,sc2303,8-9
2023-01-18,0.5,"sc2310,sc2311",559.6,sc2303,8-9
2023-01-19,0.1,"sc2310,sc2311",556.2,sc2303,8-9
2023-01-20,-1.0,"sc2310,sc2311",559.8,sc2303,8-9
2023-01-30,20.0,"sc2310,sc2311",560.0,sc2303,8-9
2023-01-31,0.1,"sc2310,sc2311",546.6,sc2303,8-9
2023-02-01,0.8,"sc2310,sc2311",548.4,sc2303,8-9
2023-02-02,-0.5,"sc2310,sc2311",540.8,sc2303,8-9
2023-02-03,0.0,"sc2310,sc2311",532.3,sc2303,8-9
2023-02-06,-0.3,"sc2310,sc2311",526.5,sc2303,8-9
2023-02-07,0.8,"sc2310,sc2311",523.8,sc2303,8-9
2023-02-08,1.9,"sc2310,sc2311",537.9,sc2303,8-9
2023-02-09,-0.7,"sc2310,sc2311",550.9,sc2303,8-9
2023-02-10,-1.0,"sc2310,sc2311",552.6,sc2303,8-9
2023-02-13,-0.1,"sc2310,sc2311",563.0,sc2303,8-9
2023-02-14,1.6,"sc2310,sc2311",566.3,sc2303,8-9
2023-02-15,-0.2,"sc2310,sc2311",567.9,sc2303,8-9
2023-02-16,-0.9,"sc2310,sc2311",572.4,sc2303,8-9
2023-02-17,-0.3,"sc2310,sc2311",579.1,sc2303,8-9
2023-02-20,0.7,"sc2310,sc2311",559.1,sc2303,8-9
2023-02-21,1.1,"sc2310,sc2311",557.0,sc2303,8-9
2023-02-22,1.4,"sc2310,sc2311",556.1,sc2303,8-9
2023-02-23,1.6,"sc2310,sc2311",552.0,sc2303,8-9
2023-02-24,-0.9,"sc2310,sc2311",548.6,sc2303,8-9
2023-02-27,-1.0,"sc2310,sc2311",561.2,sc2303,8-9
2023-02-28,0.4,"sc2310,sc2311",553.0,sc2303,8-9
2023-03-01,-1.0,"sc2311,sc2312",556.5,sc2304,8-9
2023-03-02,-2.2,"sc2311,sc2312",556.0,sc2304,8-9
2023-03-03,0.1,"sc2311,sc2312",566.5,sc2304,8-9
2023-03-06,0.1,"sc2311,sc2312",568.7,sc2304,8-9
2023-03-07,-1.5,"sc2311,sc2312",579.2,sc2304,8-9
2023-03-08,-3.2,"sc2311,sc2312",571.1,sc2304,8-9
2023-03-09,-3.1,"sc2311,sc2312",560.5,sc2304,8-9
2023-03-10,-1.7,"sc2311,sc2312",557.3,sc2304,8-9
2023-03-13,-0.6,"sc2311,sc2312",551.7,sc2304,8-9
2023-03-14,-1.7,"sc2311,sc2312",535.6,sc2304,8-9
2023-03-15,0.3,"sc2311,sc2312",526.7,sc2304,8-9
2023-03-16,-1.0,"sc2311,sc2312",496.4,sc2304,8-9
2023-03-17,0.0,"sc2311,sc2312",496.1,sc2304,8-9
2023-03-20,-0.9,"sc2311,sc2312",490.2,sc2304,8-9
2023-03-21,-2.1,"sc2311,sc2312",486.1,sc2304,8-9
2023-03-22,-2.2,"sc2311,sc2312",497.7,sc2304,8-9
2023-03-23,0.1,"sc2311,sc2312",504.4,sc2304,8-9
2023-03-24,-0.2,"sc2311,sc2312",505.2,sc2304,8-9
2023-03-27,-2.7,"sc2311,sc2312",498.0,sc2304,8-9
2023-03-28,1.4,"sc2311,sc2312",514.8,sc2304,8-9
2023-03-29,1.5,"sc2311,sc2312",524.3,sc2304,8-9
2023-03-30,0.4,"sc2311,sc2312",525.8,sc2304,8-9
2023-03-31,1.0,"sc2311,sc2312",531.0,sc2304,8-9
2023-04-03,0.7,"sc2312,sc2401",547.2,sc2305,8-9
2023-04-04,0.4,"sc2312,sc2401",576.9,sc2305,8-9
2023-04-06,-0.2,"sc2312,sc2401",583.0,sc2305,8-9
2023-04-07,-0.2,"sc2312,sc2401",586.9,sc2305,8-9
2023-04-10,1.0,"sc2312,sc2401",589.3,sc2305,8-9
2023-04-11,0.7,"sc2312,sc2401",586.3,sc2305,8-9
2023-04-12,1.7,"sc2312,sc2401",591.9,sc2305,8-9
2023-04-13,1.6,"sc2312,sc2401",601.8,sc2305,8-9
2023-04-14,2.9,"sc2312,sc2401",597.4,sc2305,8-9
2023-04-17,2.7,"sc2312,sc2401",599.2,sc2305,8-9
2023-04-18,1.5,"sc2312,sc2401",597.5,sc2305,8-9
2023-04-19,1.2,"sc2312,sc2401",593.6,sc2305,8-9
2023-04-20,0.9,"sc2312,sc2401",580.9,sc2305,8-9
2023-04-21,0.0,"sc2312,sc2401",566.6,sc2305,8-9
2023-04-24,0.9,"sc2312,sc2401",565.4,sc2305,8-9
2023-04-25,0.1,"sc2312,sc2401",566.9,sc2305,8-9
2023-04-26,1.8,"sc2312,sc2401",561.8,sc2305,8-9
2023-04-27,1.5,"sc2312,sc2401",534.9,sc2305,8-9
2023-04-28,0.8,"sc2312,sc2401",545.9,sc2305,8-9
2023-05-04,0.1,"sc2401,sc2402",494.9,sc2306,8-9
2023-05-05,1.5,"sc2401,sc2402",491.7,sc2306,8-9
2023-05-08,0.8,"sc2401,sc2402",508.7,sc2306,8-9
2023-05-09,-0.1,"sc2401,sc2402",518.9,sc2306,8-9
2023-05-10,0.1,"sc2401,sc2402",517.5,sc2306,8-9
2023-05-11,1.2,"sc2401,sc2402",514.7,sc2306,8-9
2023-05-12,0.6,"sc2401,sc2402",502.1,sc2306,8-9
2023-05-15,1.3,"sc2401,sc2402",496.2,sc2306,8-9
2023-05-16,0.6,"sc2401,sc2402",505.7,sc2306,8-9
2023-05-17,0.4,"sc2401,sc2402",504.1,sc2306,8-9
2023-05-18,0.5,"sc2401,sc2402",512.7,sc2306,8-9
2023-05-19,0.4,"sc2401,sc2402",514.4,sc2306,8-9
2023-05-22,-0.1,"sc2401,sc2402",509.6,sc2306,8-9
2023-05-23,0.1,"sc2401,sc2402",513.7,sc2306,8-9
2023-05-24,0.8,"sc2401,sc2402",523.5,sc2306,8-9
2023-05-25,2.0,"sc2401,sc2402",529.4,sc2306,8-9
2023-05-26,1.7,"sc2401,sc2402",516.7,sc2306,8-9
2023-05-29,1.7,"sc2401,sc2402",527.4,sc2306,8-9
2023-05-30,2.6,"sc2401,sc2402",528.2,sc2306,8-9
2023-05-31,2.0,"sc2401,sc2402",517.5,sc2306,8-9
2023-06-01,1.5,"sc2402,sc2403",501.9,sc2307,8-9
2023-06-02,1.1,"sc2402,sc2403",511.8,sc2307,8-9
2023-06-05,1.1,"sc2402,sc2403",523.7,sc2307,8-9
2023-06-06,0.1,"sc2402,sc2403",528.0,sc2307,8-9
2023-06-07,0.7,"sc2402,sc2403",524.1,sc2307,8-9
2023-06-08,1.0,"sc2402,sc2403",534.2,sc2307,8-9
2023-06-09,1.5,"sc2402,sc2403",527.3,sc2307,8-9
2023-06-12,1.3,"sc2402,sc2403",523.1,sc2307,8-9
2023-06-13,1.3,"sc2402,sc2403",506.3,sc2307,8-9
2023-06-14,1.4,"sc2402,sc2403",519.6,sc2307,8-9
2023-06-15,0.9,"sc2402,sc2403",517.6,sc2307,8-9
2023-06-16,1.1,"sc2402,sc2403",525.1,sc2307,8-9
2023-06-19,1.0,"sc2402,sc2403",530.0,sc2307,8-9
2023-06-20,1.3,"sc2402,sc2403",533.6,sc2307,8-9
2023-06-21,0.4,"sc2402,sc2403",542.5,sc2307,8-9
2023-06-26,2.3,"sc2402,sc2403",539.3,sc2307,8-9
2023-06-27,1.3,"sc2402,sc2403",541.1,sc2307,8-9
2023-06-28,2.1,"sc2402,sc2403",534.6,sc2307,8-9
2023-06-29,1.3,"sc2402,sc2403",539.1,sc2307,8-9
2023-06-30,-0.4,"sc2402,sc2403",542.1,sc2307,8-9
2023-07-03,-0.9,"sc2403,sc2404",551.7,sc2308,8-9
2023-07-04,-4.4,"sc2403,sc2404",551.0,sc2308,8-9
2023-07-05,-0.4,"sc2403,sc2404",553.8,sc2308,8-9
2023-07-06,0.1,"sc2403,sc2404",558.8,sc2308,8-9
2023-07-07,1.6,"sc2403,sc2404",556.5,sc2308,8-9
2023-07-10,3.5,"sc2403,sc2404",565.3,sc2308,8-9
2023-07-11,0.9,"sc2403,sc2404",568.8,sc2308,8-9
2023-07-12,0.3,"sc2403,sc2404",574.4,sc2308,8-9
2023-07-13,3.2,"sc2403,sc2404",578.6,sc2308,8-9
2023-07-14,1.4,"sc2403,sc2404",584.9,sc2308,8-9
2023-07-17,2.5,"sc2403,sc2404",580.1,sc2308,8-9
2023-07-18,1.4,"sc2403,sc2404",577.2,sc2308,8-9
2023-07-19,1.7,"sc2403,sc2404",583.4,sc2308,8-9
2023-07-20,0.8,"sc2403,sc2404",589.1,sc2308,8-9
2023-07-21,0.6,"sc2403,sc2404",585.3,sc2308,8-9
2023-07-24,0.2,"sc2403,sc2404",587.7,sc2308,8-9
2023-07-25,0.8,"sc2403,sc2404",598.9,sc2308,8-9
2023-07-26,0.7,"sc2403,sc2404",601.8,sc2308,8-9
2023-07-27,2.1,"sc2403,sc2404",606.8,sc2308,8-9
2023-07-28,1.5,"sc2403,sc2404",610.3,sc2308,8-9
2023-07-31,3.3,"sc2403,sc2404",604.4,sc2308,8-9
2023-08-01,2.1,"sc2404,sc2405",618.2,sc2309,8-9
2023-08-02,2.5,"sc2404,sc2405",621.8,sc2309,8-9
2023-08-03,3.4,"sc2404,sc2405",610.6,sc2309,8-9
2023-08-04,2.1,"sc2404,sc2405",619.3,sc2309,8-9
2023-08-07,2.5,"sc2404,sc2405",627.5,sc2309,8-9
2023-08-08,3.3,"sc2404,sc2405",625.5,sc2309,8-9
2023-08-09,2.5,"sc2404,sc2405",626.9,sc2309,8-9
2023-08-10,2.7,"sc2404,sc2405",638.1,sc2309,8-9
2023-08-11,2.0,"sc2404,sc2405",639.4,sc2309,8-9
2023-08-14,2.5,"sc2404,sc2405",658.7,sc2309,8-9
2023-08-15,4.6,"sc2404,sc2405",658.7,sc2309,8-9
2023-08-16,5.2,"sc2404,sc2405",655.8,sc2309,8-9
2023-08-17,4.0,"sc2404,sc2405",655.6,sc2309,8-9
2023-08-18,7.3,"sc2404,sc2405",658.4,sc2309,8-9
2023-08-21,6.0,"sc2404,sc2405",667.6,sc2309,8-9
2023-08-22,4.9,"sc2404,sc2405",671.8,sc2309,8-9
2023-08-23,5.2,"sc2404,sc2405",665.6,sc2309,8-9
2023-08-24,3.1,"sc2404,sc2405",668.8,sc2309,8-9
2023-08-25,4.0,"sc2404,sc2405",678.7,sc2309,8-9
2023-08-28,2.9,"sc2404,sc2405",690.9,sc2309,8-9
2023-08-29,3.2,"sc2404,sc2405",657.4,sc2309,8-9
2023-08-30,3.7,"sc2404,sc2405",632.0,sc2309,8-9
2023-08-31,3.2,"sc2404,sc2405",607.6,sc2309,8-9
2023-09-01,6.6,"sc2405,sc2406",649.8,sc2310,8-9
2023-09-04,6.1,"sc2405,sc2406",666.2,sc2310,8-9
2023-09-05,8.8,"sc2405,sc2406",668.6,sc2310,8-9
2023-09-06,6.9,"sc2405,sc2406",690.0,sc2310,8-9
2023-09-07,5.2,"sc2405,sc2406",691.0,sc2310,8-9
2023-09-08,5.7,"sc2405,sc2406",693.8,sc2310,8-9
2023-09-11,5.9,"sc2405,sc2406",694.8,sc2310,8-9
2023-09-12,7.2,"sc2405,sc2406",696.3,sc2310,8-9
2023-09-13,8.7,"sc2405,sc2406",708.3,sc2310,8-9
2023-09-14,4.2,"sc2405,sc2406",717.7,sc2310,8-9
2023-09-15,6.1,"sc2405,sc2406",736.8,sc2310,8-9
2023-09-18,7.9,"sc2405,sc2406",733.1,sc2310,8-9
2023-09-19,6.4,"sc2405,sc2406",736.7,sc2310,8-9
2023-09-20,6.8,"sc2405,sc2406",728.9,sc2310,8-9
2023-09-21,6.4,"sc2405,sc2406",725.6,sc2310,8-9
2023-09-22,6.7,"sc2405,sc2406",736.5,sc2310,8-9
2023-09-25,6.4,"sc2405,sc2406",731.7,sc2310,8-9
2023-09-26,4.6,"sc2405,sc2406",702.4,sc2310,8-9
2023-09-27,6.5,"sc2405,sc2406",695.9,sc2310,8-9
2023-09-28,8.1,"sc2405,sc2406",700.9,sc2310,8-9
2023-10-09,5.0,"sc2406,sc2407",660.7,sc2311,8-9
2023-10-10,4.9,"sc2406,sc2407",660.8,sc2311,8-9
2023-10-11,6.3,"sc2406,sc2407",657.0,sc2311,8-9
2023-10-12,4.2,"sc2406,sc2407",650.1,sc2311,8-9
2023-10-13,4.2,"sc2406,sc2407",652.3,sc2311,8-9
2023-10-16,2.2,"sc2406,sc2407",676.5,sc2311,8-9
2023-10-17,3.1,"sc2406,sc2407",674.6,sc2311,8-9
2023-10-18,5.0,"sc2406,sc2407",681.5,sc2311,8-9
2023-10-19,5.7,"sc2406,sc2407",689.1,sc2311,8-9
2023-10-20,5.9,"sc2406,sc2407",694.0,sc2311,8-9
2023-10-23,6.8,"sc2406,sc2407",694.9,sc2311,8-9
2023-10-24,7.6,"sc2406,sc2407",682.7,sc2311,8-9
2023-10-25,5.2,"sc2406,sc2407",668.0,sc2311,8-9
2023-10-26,5.6,"sc2406,sc2407",674.5,sc2311,8-9
2023-10-27,6.3,"sc2406,sc2407",673.0,sc2311,8-9
2023-10-30,6.6,"sc2406,sc2407",678.3,sc2311,8-9
2023-10-31,3.6,"sc2406,sc2407",671.6,sc2311,8-9
2023-11-01,6.7,"sc2407,sc2408",649.8,sc2312,8-9
2023-11-02,5.0,"sc2407,sc2408",650.1,sc2312,8-9
2023-11-03,4.9,"sc2407,sc2408",653.5,sc2312,8-9
2023-11-06,4.3,"sc2407,sc2408",647.3,sc2312,8-9
2023-11-07,4.5,"sc2407,sc2408",636.5,sc2312,8-9
2023-11-08,5.3,"sc2407,sc2408",610.4,sc2312,8-9
2023-11-09,5.0,"sc2407,sc2408",596.2,sc2312,8-9
2023-11-10,2.5,"sc2407,sc2408",596.9,sc2312,8-9
2023-11-13,2.4,"sc2407,sc2408",598.9,sc2312,8-9
2023-11-14,1.6,"sc2407,sc2408",602.7,sc2312,8-9
2023-11-15,4.1,"sc2407,sc2408",604.1,sc2312,8-9
2023-11-16,2.7,"sc2407,sc2408",590.4,sc2312,8-9
2023-11-17,2.1,"sc2407,sc2408",568.9,sc2312,8-9
2023-11-20,2.1,"sc2407,sc2408",576.7,sc2312,8-9
2023-11-21,-0.2,"sc2407,sc2408",587.4,sc2312,8-9
2023-11-22,-0.2,"sc2407,sc2408",589.2,sc2312,8-9
2023-11-23,1.5,"sc2407,sc2408",571.9,sc2312,8-9
2023-11-24,2.0,"sc2407,sc2408",575.9,sc2312,8-9
2023-11-27,1.7,"sc2407,sc2408",573.3,sc2312,8-9
2023-11-28,1.4,"sc2407,sc2408",566.9,sc2312,8-9
2023-11-29,1.5,"sc2407,sc2408",573.7,sc2312,8-9
2023-11-30,1.9,"sc2407,sc2408",577.1,sc2312,8-9
2023-12-01,2.4,"sc2408,sc2409",579.3,sc2401,8-9
2023-12-04,1.3,"sc2408,sc2409",566.0,sc2401,8-9
2023-12-05,0.8,"sc2408,sc2409",556.7,sc2401,8-9
2023-12-06,1.5,"sc2408,sc2409",554.3,sc2401,8-9
2023-12-07,0.6,"sc2408,sc2409",536.6,sc2401,8-9
2023-12-08,0.1,"sc2408,sc2409",546.7,sc2401,8-9
2023-12-11,0.3,"sc2408,sc2409",551.5,sc2401,8-9
2023-12-12,0.9,"sc2408,sc2409",550.8,sc2401,8-9
2023-12-13,0.6,"sc2408,sc2409",530.2,sc2401,8-9
2023-12-14,-0.2,"sc2408,sc2409",529.5,sc2401,8-9
2023-12-15,1.2,"sc2408,sc2409",542.9,sc2401,8-9
2023-12-18,0.5,"sc2408,sc2409",542.5,sc2401,8-9
2023-12-19,-1.4,"sc2408,sc2409",553.8,sc2401,8-9
2023-12-20,0.1,"sc2408,sc2409",556.1,sc2401,8-9
2023-12-21,-0.8,"sc2408,sc2409",560.2,sc2401,8-9
2023-12-22,-0.5,"sc2408,sc2409",554.9,sc2401,8-9
2023-12-25,-0.3,"sc2408,sc2409",552.7,sc2401,8-9
2023-12-26,0.3,"sc2408,sc2409",553.7,sc2401,8-9
2023-12-27,0.5,"sc2408,sc2409",567.3,sc2401,8-9
2023-12-28,1.0,"sc2408,sc2409",560.2,sc2401,8-9
2023-12-29,1.3,"sc2408,sc2409",551.2,sc2401,8-9
2024-01-02,4.1,"sc2409,sc2410",547.2,sc2402,8-9
2024-01-03,-0.4,"sc2409,sc2410",544.7,sc2402,8-9
2024-01-04,0.3,"sc2409,sc2410",554.3,sc2402,8-9
2024-01-05,0.8,"sc2409,sc2410",552.9,sc2402,8-9
2024-01-08,-0.1,"sc2409,sc2410",556.6,sc2402,8-9
2024-01-09,0.8,"sc2409,sc2410",539.0,sc2402,8-9
2024-01-10,-0.4,"sc2409,sc2410",553.2,sc2402,8-9
2024-01-11,-1.8,"sc2409,sc2410",559.0,sc2402,8-9
2024-01-12,0.2,"sc2409,sc2410",566.1,sc2402,8-9
2024-01-15,0.9,"sc2409,sc2410",562.8,sc2402,8-9
2024-01-16,1.6,"sc2409,sc2410",553.5,sc2402,8-9
2024-01-17,2.4,"sc2409,sc2410",554.5,sc2402,8-9
2024-01-18,2.7,"sc2409,sc2410",550.6,sc2402,8-9
2024-01-19,1.1,"sc2409,sc2410",557.9,sc2402,8-9
2024-01-22,0.9,"sc2409,sc2410",557.9,sc2402,8-9
2024-01-23,0.3,"sc2409,sc2410",564.2,sc2402,8-9
2024-01-24,1.2,"sc2409,sc2410",562.0,sc2402,8-9
2024-01-25,0.5,"sc2409,sc2410",567.7,sc2402,8-9
2024-01-26,2.6,"sc2409,sc2410",579.7,sc2402,8-9
2024-01-29,2.0,"sc2409,sc2410",587.6,sc2402,8-9
2024-01-30,1.5,"sc2409,sc2410",584.8,sc2402,8-9
2024-01-31,1.9,"sc2409,sc2410",577.8,sc2402,8-9
2024-02-01,2.6,"sc2410,sc2411",579.4,sc2403,8-9
2024-02-02,1.8,"sc2410,sc2411",572.2,sc2403,8-9
2024-02-05,0.6,"sc2410,sc2411",555.9,sc2403,8-9
2024-02-06,-0.3,"sc2410,sc2411",556.6,sc2403,8-9
2024-02-07,-1.5,"sc2410,sc2411",562.1,sc2403,8-9
2024-02-08,0.0,"sc2410,sc2411",567.4,sc2403,8-9
2024-02-19,15.6,"sc2410,sc2411",581.7,sc2403,8-9
2024-02-20,-0.2,"sc2410,sc2411",598.7,sc2403,8-9
2024-02-21,1.1,"sc2410,sc2411",592.2,sc2403,8-9
2024-02-22,0.8,"sc2410,sc2411",593.2,sc2403,8-9
2024-02-23,0.3,"sc2410,sc2411",598.7,sc2403,8-9
2024-02-26,1.9,"sc2410,sc2411",595.7,sc2403,8-9
2024-02-27,3.0,"sc2410,sc2411",600.4,sc2403,8-9
2024-02-28,2.8,"sc2410,sc2411",613.0,sc2403,8-9
2024-02-29,2.5,"sc2410,sc2411",613.1,sc2403,8-9
2024-03-01,3.7,"sc2411,sc2412",607.0,sc2404,8-9
2024-03-04,3.0,"sc2411,sc2412",617.9,sc2404,8-9
2024-03-05,2.8,"sc2411,sc2412",615.4,sc2404,8-9
2024-03-06,2.3,"sc2411,sc2412",608.9,sc2404,8-9
2024-03-07,4.3,"sc2411,sc2412",614.2,sc2404,8-9
2024-03-08,5.9,"sc2411,sc2412",613.6,sc2404,8-9
2024-03-11,5.2,"sc2411,sc2412",610.0,sc2404,8-9
2024-03-12,3.5,"sc2411,sc2412",616.1,sc2404,8-9
2024-03-13,3.0,"sc2411,sc2412",621.0,sc2404,8-9
2024-03-14,4.6,"sc2411,sc2412",630.5,sc2404,8-9
2024-03-15,3.4,"sc2411,sc2412",646.8,sc2404,8-9
2024-03-18,5.0,"sc2411,sc2412",635.7,sc2404,8-9
2024-03-19,4.9,"sc2411,sc2412",632.9,sc2404,8-9
2024-03-20,5.7,"sc2411,sc2412",637.0,sc2404,8-9
2024-03-21,3.9,"sc2411,sc2412",630.5,sc2404,8-9
2024-03-22,4.8,"sc2411,sc2412",626.7,sc2404,8-9
2024-03-25,6.0,"sc2411,sc2412",631.8,sc2404,8-9
2024-03-26,4.2,"sc2411,sc2412",636.3,sc2404,8-9
2024-03-27,5.5,"sc2411,sc2412",632.5,sc2404,8-9
2024-03-28,4.4,"sc2411,sc2412",635.0,sc2404,8-9
2024-03-29,4.8,"sc2411,sc2412",651.3,sc2404,8-9
2024-04-01,6.2,"sc2412,sc2501",645.2,sc2405,8-9
2024-04-02,5.8,"sc2412,sc2501",647.0,sc2405,8-9
2024-04-03,5.2,"sc2412,sc2501",656.1,sc2405,8-9
2024-04-08,2.9,"sc2412,sc2501",660.8,sc2405,8-9
2024-04-09,5.5,"sc2412,sc2501",666.2,sc2405,8-9
2024-04-10,4.6,"sc2412,sc2501",662.2,sc2405,8-9
2024-04-11,5.5,"sc2412,sc2501",666.3,sc2405,8-9
2024-04-12,6.1,"sc2412,sc2501",667.7,sc2405,8-9
2024-04-15,5.9,"sc2412,sc2501",670.6,sc2405,8-9
2024-04-16,4.0,"sc2412,sc2501",663.9,sc2405,8-9
2024-04-17,7.5,"sc2412,sc2501",665.4,sc2405,8-9
2024-04-18,3.4,"sc2412,sc2501",652.0,sc2405,8-9
2024-04-19,3.8,"sc2412,sc2501",650.8,sc2405,8-9
2024-04-22,2.8,"sc2412,sc2501",643.0,sc2405,8-9
2024-04-23,2.4,"sc2412,sc2501",640.9,sc2405,8-9
2024-04-24,2.1,"sc2412,sc2501",646.7,sc2405,8-9
2024-04-25,3.2,"sc2412,sc2501",652.6,sc2405,8-9
2024-04-26,4.5,"sc2412,sc2501",645.9,sc2405,8-9
2024-04-29,4.1,"sc2412,sc2501",652.5,sc2405,8-9
2024-04-30,3.7,"sc2412,sc2501",649.6,sc2405,8-9
2024-05-06,2.2,"sc2501,sc2502",634.0,sc2406,8-9
2024-05-07,4.0,"sc2501,sc2502",617.6,sc2406,8-9
2024-05-08,2.5,"sc2501,sc2502",615.5,sc2406,8-9
2024-05-09,3.1,"sc2501,sc2502",615.8,sc2406,8-9
2024-05-10,3.6,"sc2501,sc2502",620.1,sc2406,8-9
2024-05-13,4.1,"sc2501,sc2502",616.2,sc2406,8-9
2024-05-14,3.9,"sc2501,sc2502",618.2,sc2406,8-9
2024-05-15,3.2,"sc2501,sc2502",613.5,sc2406,8-9
2024-05-16,2.5,"sc2501,sc2502",610.3,sc2406,8-9
2024-05-17,3.8,"sc2501,sc2502",616.5,sc2406,8-9
2024-05-20,4.6,"sc2501,sc2502",619.6,sc2406,8-9
2024-05-21,2.8,"sc2501,sc2502",616.6,sc2406,8-9
2024-05-22,1.1,"sc2501,sc2502",607.8,sc2406,8-9
2024-05-23,3.1,"sc2501,sc2502",600.9,sc2406,8-9
2024-05-24,2.6,"sc2501,sc2502",599.3,sc2406,8-9
2024-05-27,2.6,"sc2501,sc2502",602.1,sc2406,8-9
2024-05-28,2.9,"sc2501,sc2502",608.4,sc2406,8-9
2024-05-29,3.2,"sc2501,sc2502",616.2,sc2406,8-9
2024-05-30,2.4,"sc2501,sc2502",620.8,sc2406,8-9
2024-05-31,2.5,"sc2501,sc2502",607.9,sc2406,8-9
2024-06-03,2.0,"sc2502,sc2503",599.7,sc2407,8-9
2024-06-04,1.6,"sc2502,sc2503",578.6,sc2407,8-9
2024-06-05,0.1,"sc2502,sc2503",570.5,sc2407,8-9
2024-06-06,2.6,"sc2502,sc2503",575.3,sc2407,8-9
2024-06-07,1.7,"sc2502,sc2503",583.1,sc2407,8-9
2024-06-11,7.3,"sc2502,sc2503",589.2,sc2407,8-9
2024-06-12,2.2,"sc2502,sc2503",601.9,sc2407,8-9
2024-06-13,2.5,"sc2502,sc2503",605.7,sc2407,8-9
2024-06-14,2.8,"sc2502,sc2503",606.4,sc2407,8-9
2024-06-17,2.7,"sc2502,sc2503",605.1,sc2407,8-9
2024-06-18,1.8,"sc2502,sc2503",612.8,sc2407,8-9
2024-06-19,2.4,"sc2502,sc2503",620.6,sc2407,8-9
2024-06-20,3.2,"sc2502,sc2503",623.6,sc2407,8-9
2024-06-21,3.3,"sc2502,sc2503",626.0,sc2407,8-9
2024-06-24,3.2,"sc2502,sc2503",625.1,sc2407,8-9
2024-06-25,4.2,"sc2502,sc2503",626.6,sc2407,8-9
2024-06-26,2.7,"sc2502,sc2503",625.1,sc2407,8-9
2024-06-27,4.4,"sc2502,sc2503",621.2,sc2407,8-9
2024-06-28,3.2,"sc2502,sc2503",625.0,sc2407,8-9
2024-07-01,2.5,"sc2503,sc2504",623.5,sc2408,8-9
2024-07-02,3.4,"sc2503,sc2504",631.1,sc2408,8-9
2024-07-03,3.0,"sc2503,sc2504",634.5,sc2408,8-9
2024-07-04,2.4,"sc2503,sc2504",634.3,sc2408,8-9
2024-07-05,2.5,"sc2503,sc2504",636.8,sc2408,8-9
2024-07-08,2.8,"sc2503,sc2504",634.2,sc2408,8-9
2024-07-09,2.7,"sc2503,sc2504",626.8,sc2408,8-9
2024-07-10,2.7,"sc2503,sc2504",620.2,sc2408,8-9
2024-07-11,1.8,"sc2503,sc2504",622.5,sc2408,8-9
2024-07-12,3.3,"sc2503,sc2504",620.7,sc2408,8-9
2024-07-15,2.9,"sc2503,sc2504",619.8,sc2408,8-9
2024-07-16,2.8,"sc2503,sc2504",615.9,sc2408,8-9
2024-07-17,3.0,"sc2503,sc2504",608.1,sc2408,8-9
2024-07-18,2.8,"sc2503,sc2504",615.0,sc2408,8-9
2024-07-19,3.2,"sc2503,sc2504",611.1,sc2408,8-9
2024-07-22,2.9,"sc2503,sc2504",600.1,sc2408,8-9
2024-07-23,4.1,"sc2503,sc2504",591.3,sc2408,8-9
2024-07-24,3.3,"sc2503,sc2504",583.6,sc2408,8-9
2024-07-25,3.2,"sc2503,sc2504",584.1,sc2408,8-9
2024-07-26,3.3,"sc2503,sc2504",585.3,sc2408,8-9
2024-07-29,2.8,"sc2503,sc2504",584.7,sc2408,8-9
2024-07-30,3.4,"sc2503,sc2504",586.3,sc2408,8-9
2024-07-31,2.4,"sc2503,sc2504",581.2,sc2408,8-9
2024-08-01,2.0,"sc2504,sc2505",587.9,sc2409,8-9
2024-08-02,3.0,"sc2504,sc2505",585.0,sc2409,8-9
2024-08-05,1.5,"sc2504,sc2505",555.7,sc2409,8-9
2024-08-06,3.7,"sc2504,sc2505",549.7,sc2409,8-9
2024-08-07,3.5,"sc2504,sc2505",546.3,sc2409,8-9
2024-08-08,1.9,"sc2504,sc2505",555.9,sc2409,8-9
2024-08-09,2.4,"sc2504,sc2505",560.4,sc2409,8-9
2024-08-12,2.9,"sc2504,sc2505",563.4,sc2409,8-9
2024-08-13,3.0,"sc2504,sc2505",576.4,sc2409,8-9
2024-08-14,2.9,"sc2504,sc2505",574.7,sc2409,8-9
2024-08-15,3.3,"sc2504,sc2505",568.8,sc2409,8-9
2024-08-16,2.6,"sc2504,sc2505",574.6,sc2409,8-9
2024-08-19,2.8,"sc2504,sc2505",563.2,sc2409,8-9
2024-08-20,2.9,"sc2504,sc2505",551.5,sc2409,8-9
2024-08-21,2.3,"sc2504,sc2505",545.2,sc2409,8-9
2024-08-22,1.6,"sc2504,sc2505",538.9,sc2409,8-9
2024-08-23,0.7,"sc2504,sc2505",540.2,sc2409,8-9
2024-08-26,1.3,"sc2504,sc2505",552.6,sc2409,8-9
2024-08-27,1.5,"sc2504,sc2505",566.9,sc2409,8-9
2024-08-28,1.7,"sc2504,sc2505",557.6,sc2409,8-9
2024-08-29,1.5,"sc2504,sc2505",551.9,sc2409,8-9
2024-08-30,1.7,"sc2504,sc2505",563.1,sc2409,8-9
2024-09-02,1.4,"sc2505,sc2506",542.6,sc2410,8-9
2024-09-03,2.0,"sc2505,sc2506",547.8,sc2410,8-9
2024-09-04,2.1,"sc2505,sc2506",526.2,sc2410,8-9
2024-09-05,1.9,"sc2505,sc2506",522.2,sc2410,8-9
2024-09-06,1.0,"sc2505,sc2506",520.5,sc2410,8-9
2024-09-09,1.8,"sc2505,sc2506",511.7,sc2410,8-9
2024-09-10,1.3,"sc2505,sc2506",510.9,sc2410,8-9
2024-09-11,1.8,"sc2505,sc2506",499.1,sc2410,8-9
2024-09-12,2.1,"sc2505,sc2506",505.1,sc2410,8-9
2024-09-13,0.7,"sc2505,sc2506",514.0,sc2410,8-9
2024-09-18,0.8,"sc2505,sc2506",514.3,sc2410,8-9
2024-09-19,1.8,"sc2505,sc2506",514.6,sc2410,8-9
2024-09-20,1.8,"sc2505,sc2506",521.9,sc2410,8-9
2024-09-23,1.7,"sc2505,sc2506",520.9,sc2410,8-9
2024-09-24,0.6,"sc2505,sc2506",520.1,sc2410,8-9
2024-09-25,2.3,"sc2505,sc2506",526.2,sc2410,8-9
2024-09-26,1.2,"sc2505,sc2506",532.0,sc2410,8-9
2024-09-27,2.4,"sc2505,sc2506",518.9,sc2410,8-9
2024-09-30,1.6,"sc2505,sc2506",520.7,sc2410,8-9
2024-10-08,-6.4,"sc2506,sc2507",551.1,sc2411,8-9
2024-10-09,2.4,"sc2506,sc2507",564.0,sc2411,8-9
2024-10-10,1.5,"sc2506,sc2507",554.3,sc2411,8-9
2024-10-11,0.7,"sc2506,sc2507",570.3,sc2411,8-9
2024-10-14,0.4,"sc2506,sc2507",574.5,sc2411,8-9
2024-10-15,1.1,"sc2506,sc2507",558.8,sc2411,8-9
2024-10-16,1.7,"sc2506,sc2507",539.1,sc2411,8-9
2024-10-17,1.1,"sc2506,sc2507",537.7,sc2411,8-9
2024-10-18,2.1,"sc2506,sc2507",537.0,sc2411,8-9
2024-10-21,3.2,"sc2506,sc2507",529.3,sc2411,8-9
2024-10-22,1.5,"sc2506,sc2507",535.9,sc2411,8-9
2024-10-23,1.3,"sc2506,sc2507",550.4,sc2411,8-9
2024-10-24,1.5,"sc2506,sc2507",551.9,sc2411,8-9
2024-10-25,1.6,"sc2506,sc2507",543.8,sc2411,8-9
2024-10-28,0.8,"sc2506,sc2507",535.9,sc2411,8-9
2024-10-29,0.9,"sc2506,sc2507",512.1,sc2411,8-9
2024-10-30,1.2,"sc2506,sc2507",509.6,sc2411,8-9
2024-10-31,1.2,"sc2506,sc2507",524.2,sc2411,8-9
2024-11-01,1.5,"sc2507,sc2508",528.3,sc2412,8-9
2024-11-04,1.8,"sc2507,sc2508",530.3,sc2412,8-9
2024-11-05,0.9,"sc2507,sc2508",536.3,sc2412,8-9
2024-11-06,1.3,"sc2507,sc2508",538.6,sc2412,8-9
2024-11-07,1.8,"sc2507,sc2508",540.4,sc2412,8-9
2024-11-08,1.9,"sc2507,sc2508",539.0,sc2412,8-9
2024-11-11,2.0,"sc2507,sc2508",532.2,sc2412,8-9
2024-11-12,2.4,"sc2507,sc2508",521.6,sc2412,8-9
2024-11-13,0.9,"sc2507,sc2508",525.7,sc2412,8-9
2024-11-14,0.4,"sc2507,sc2508",523.6,sc2412,8-9
2024-11-15,1.2,"sc2507,sc2508",526.5,sc2412,8-9
2024-11-18,0.7,"sc2507,sc2508",520.0,sc2412,8-9
2024-11-19,0.6,"sc2507,sc2508",527.7,sc2412,8-9
2024-11-20,0.4,"sc2507,sc2508",531.5,sc2412,8-9
2024-11-21,0.5,"sc2507,sc2508",536.0,sc2412,8-9
2024-11-22,-0.1,"sc2507,sc2508",543.9,sc2412,8-9
2024-11-25,0.9,"sc2507,sc2508",542.6,sc2412,8-9
2024-11-26,1.5,"sc2507,sc2508",533.0,sc2412,8-9
2024-11-27,1.4,"sc2507,sc2508",531.6,sc2412,8-9
2024-11-28,1.2,"sc2507,sc2508",531.2,sc2412,8-9
2024-11-29,1.1,"sc2507,sc2508",520.4,sc2412,8-9
2024-12-02,0.8,"sc2508,sc2509",529.9,sc2501,8-9
2024-12-03,0.8,"sc2508,sc2509",529.9,sc2501,8-9
2024-12-04,1.1,"sc2508,sc2509",538.2,sc2501,8-9
2024-12-05,0.8,"sc2508,sc2509",535.4,sc2501,8-9
2024-12-06,0.5,"sc2508,sc2509",528.3,sc2501,8-9
2024-12-09,1.2,"sc2508,sc2509",522.1,sc2501,8-9
2024-12-10,1.3,"sc2508,sc2509",529.5,sc2501,8-9
2024-12-11,0.3,"sc2508,sc2509",530.6,sc2501,8-9
2024-12-12,1.7,"sc2508,sc2509",537.7,sc2501,8-9
2024-12-13,2.4,"sc2508,sc2509",542.5,sc2501,8-9
2024-12-16,2.4,"sc2508,sc2509",548.9,sc2501,8-9
2024-12-17,0.6,"sc2508,sc2509",548.7,sc2501,8-9
2024-12-18,1.6,"sc2508,sc2509",543.8,sc2501,8-9
2024-12-19,1.7,"sc2508,sc2509",548.5,sc2501,8-9
2024-12-20,1.6,"sc2508,sc2509",546.1,sc2501,8-9
2024-12-23,1.9,"sc2508,sc2509",543.7,sc2501,8-9
2024-12-24,2.0,"sc2508,sc2509",542.5,sc2501,8-9
2024-12-25,2.3,"sc2508,sc2509",548.5,sc2501,8-9
2024-12-26,2.6,"sc2508,sc2509",551.9,sc2501,8-9
2024-12-27,1.7,"sc2508,sc2509",552.8,sc2501,8-9
2024-12-30,1.2,"sc2508,sc2509",550.0,sc2501,8-9
2024-12-31,0.9,"sc2508,sc2509",549.8,sc2501,8-9
2025-01-02,1.5,"sc2509,sc2510",560.9,sc2502,8-9
2025-01-03,1.8,"sc2509,sc2510",571.1,sc2502,8-9
2025-01-06,1.1,"sc2509,sc2510",577.2,sc2502,8-9
2025-01-07,0.9,"sc2509,sc2510",579.6,sc2502,8-9
2025-01-08,1.5,"sc2509,sc2510",587.8,sc2502,8-9
2025-01-09,3.0,"sc2509,sc2510",583.6,sc2502,8-9
2025-01-10,2.2,"sc2509,sc2510",586.1,sc2502,8-9
2025-01-13,3.0,"sc2509,sc2510",613.7,sc2502,8-9
2025-01-14,2.5,"sc2509,sc2510",620.4,sc2502,8-9
2025-01-15,2.5,"sc2509,sc2510",630.8,sc2502,8-9
2025-01-16,4.0,"sc2509,sc2510",644.3,sc2502,8-9
2025-01-17,6.1,"sc2509,sc2510",642.2,sc2502,8-9
2025-01-20,5.6,"sc2509,sc2510",640.8,sc2502,8-9
2025-01-21,3.8,"sc2509,sc2510",661.0,sc2502,8-9
2025-01-22,2.8,"sc2509,sc2510",680.6,sc2502,8-9
2025-01-23,3.1,"sc2509,sc2510",683.2,sc2502,8-9
2025-01-24,3.2,"sc2509,sc2510",647.7,sc2502,8-9
2025-01-27,4.3,"sc2509,sc2510",621.0,sc2502,8-9
2025-02-05,-2.1,"sc2510,sc2511",602.3,sc2503,8-9
2025-02-06,2.3,"sc2510,sc2511",598.2,sc2503,8-9
2025-02-07,3.2,"sc2510,sc2511",599.7,sc2503,8-9
2025-02-10,3.7,"sc2510,sc2511",606.4,sc2503,8-9
2025-02-11,4.5,"sc2510,sc2511",616.8,sc2503,8-9
2025-02-12,3.7,"sc2510,sc2511",620.5,sc2503,8-9
2025-02-13,3.3,"sc2510,sc2511",605.1,sc2503,8-9
2025-02-14,2.8,"sc2510,sc2511",594.0,sc2503,8-9
2025-02-17,3.2,"sc2510,sc2511",602.5,sc2503,8-9
2025-02-18,3.6,"sc2510,sc2511",605.6,sc2503,8-9
2025-02-19,3.7,"sc2510,sc2511",614.3,sc2503,8-9
2018-07-26,-0.5,"sc1905,sc1906",501.9,sc1809,9-10
2018-07-27,-2.4,"sc1905,sc1906",506.1,sc1809,9-10
2018-07-30,-0.2,"sc1905,sc1906",507.1,sc1809,9-10
2018-07-31,0.0,"sc1905,sc1906",513.9,sc1809,9-10
2018-08-01,-2.0,"sc1905,sc1906",506.0,sc1809,9-10
2018-08-02,-1.9,"sc1905,sc1906",501.6,sc1809,9-10
2018-08-03,-0.7,"sc1905,sc1906",508.8,sc1809,9-10
2018-08-06,-1.3,"sc1905,sc1906",512.3,sc1809,9-10
2018-08-07,-0.2,"sc1905,sc1906",534.1,sc1809,9-10
2018-08-08,0.7,"sc1905,sc1906",527.2,sc1809,9-10
2018-08-09,1.2,"sc1905,sc1906",518.9,sc1809,9-10
2018-08-10,1.2,"sc1905,sc1906",520.0,sc1809,9-10
2018-08-13,1.0,"sc1905,sc1906",522.5,sc1809,9-10
2018-08-14,-0.8,"sc1905,sc1906",519.3,sc1809,9-10
2018-08-15,-1.4,"sc1905,sc1906",519.4,sc1809,9-10
2018-08-16,-1.9,"sc1905,sc1906",508.0,sc1809,9-10
2018-08-17,-1.7,"sc1905,sc1906",505.2,sc1809,9-10
2018-08-20,-1.1,"sc1905,sc1906",493.2,sc1809,9-10
2018-08-21,-2.8,"sc1905,sc1906",480.5,sc1809,9-10
2018-08-22,-3.6,"sc1905,sc1906",479.8,sc1809,9-10
2018-08-23,-4.6,"sc1905,sc1906",485.0,sc1809,9-10
2018-08-24,-3.8,"sc1905,sc1906",482.1,sc1809,9-10
2018-08-27,-3.0,"sc1905,sc1906",482.2,sc1809,9-10
2018-08-28,-2.3,"sc1905,sc1906",486.6,sc1809,9-10
2018-08-29,-2.0,"sc1905,sc1906",485.7,sc1809,9-10
2018-08-30,-3.6,"sc1905,sc1906",488.6,sc1809,9-10
2018-08-31,-3.3,"sc1905,sc1906",488.3,sc1809,9-10
2018-09-03,4.5,"sc1906,sc1907",503.0,sc1810,9-10
2018-09-04,3.5,"sc1906,sc1907",504.6,sc1810,9-10
2018-09-05,3.1,"sc1906,sc1907",505.4,sc1810,9-10
2018-09-06,2.5,"sc1906,sc1907",501.1,sc1810,9-10
2018-09-07,2.1,"sc1906,sc1907",496.7,sc1810,9-10
2018-09-10,3.2,"sc1906,sc1907",498.5,sc1810,9-10
2018-09-11,1.1,"sc1906,sc1907",500.6,sc1810,9-10
2018-09-12,-0.7,"sc1906,sc1907",503.6,sc1810,9-10
2018-09-13,-1.4,"sc1906,sc1907",515.3,sc1810,9-10
2018-09-14,-1.3,"sc1906,sc1907",501.3,sc1810,9-10
2018-09-17,0.3,"sc1906,sc1907",510.3,sc1810,9-10
2018-09-18,-0.9,"sc1906,sc1907",507.7,sc1810,9-10
2018-09-19,0.7,"sc1906,sc1907",528.5,sc1810,9-10
2018-09-20,0.5,"sc1906,sc1907",532.4,sc1810,9-10
2018-09-21,1.5,"sc1907,sc1908",521.7,sc1811,9-10
2018-09-25,0.3,"sc1907,sc1908",540.6,sc1811,9-10
2018-09-26,-0.2,"sc1907,sc1908",542.6,sc1811,9-10
2018-09-27,0.1,"sc1907,sc1908",545.3,sc1811,9-10
2018-09-28,0.2,"sc1907,sc1908",548.3,sc1811,9-10
2018-10-08,-1.4,"sc1907,sc1908",561.2,sc1811,9-10
2018-10-10,3.1,"sc1907,sc1908",583.0,sc1811,9-10
2018-10-11,1.0,"sc1907,sc1908",579.7,sc1811,9-10
2018-10-12,0.0,"sc1907,sc1908",562.6,sc1811,9-10
2018-10-15,1.4,"sc1907,sc1908",563.6,sc1811,9-10
2018-10-16,-0.4,"sc1907,sc1908",555.3,sc1811,9-10
2018-10-17,0.5,"sc1907,sc1908",543.4,sc1811,9-10
2018-10-18,0.2,"sc1907,sc1908",559.3,sc1811,9-10
2018-10-19,0.7,"sc1907,sc1908",551.4,sc1811,9-10
2018-10-22,0.2,"sc1907,sc1908",549.7,sc1811,9-10
2018-10-23,0.4,"sc1907,sc1908",552.7,sc1811,9-10
2018-10-24,-2.7,"sc1907,sc1908",572.0,sc1811,9-10
2018-10-25,0.0,"sc1907,sc1908",554.4,sc1811,9-10
2018-10-26,0.4,"sc1907,sc1908",577.5,sc1811,9-10
2018-10-29,-0.4,"sc1907,sc1908",576.7,sc1811,9-10
2018-10-30,0.3,"sc1907,sc1908",576.7,sc1811,9-10
2018-10-31,-1.5,"sc1907,sc1908",573.3,sc1811,9-10
2018-11-01,-2.6,"sc1908,sc1909",527.8,sc1812,9-10
2018-11-02,-1.6,"sc1908,sc1909",513.7,sc1812,9-10
2018-11-05,-4.0,"sc1908,sc1909",507.8,sc1812,9-10
2018-11-06,-4.0,"sc1908,sc1909",512.2,sc1812,9-10
2018-11-07,-3.0,"sc1908,sc1909",504.4,sc1812,9-10
2018-11-08,-5.1,"sc1908,sc1909",502.7,sc1812,9-10
2018-11-09,-5.9,"sc1908,sc1909",497.8,sc1812,9-10
2018-11-12,-3.3,"sc1908,sc1909",492.9,sc1812,9-10
2018-11-13,0.2,"sc1908,sc1909",491.9,sc1812,9-10
2018-11-14,6.0,"sc1908,sc1909",473.8,sc1812,9-10
2018-11-15,-0.9,"sc1908,sc1909",461.7,sc1812,9-10
2018-11-16,-1.2,"sc1908,sc1909",465.0,sc1812,9-10
2018-11-19,-3.1,"sc1908,sc1909",466.7,sc1812,9-10
2018-11-20,-4.8,"sc1908,sc1909",459.7,sc1812,9-10
2018-11-21,-3.0,"sc1908,sc1909",441.8,sc1812,9-10
2018-11-22,-1.8,"sc1908,sc1909",438.6,sc1812,9-10
2018-11-23,-2.0,"sc1908,sc1909",432.0,sc1812,9-10
2018-11-26,9.9,"sc1908,sc1909",411.4,sc1812,9-10
2018-11-27,-1.0,"sc1908,sc1909",409.1,sc1812,9-10
2018-11-28,-2.3,"sc1908,sc1909",413.0,sc1812,9-10
2018-11-29,-4.3,"sc1908,sc1909",407.2,sc1812,9-10
2018-11-30,-5.0,"sc1908,sc1909",396.7,sc1812,9-10
2018-12-03,4.0,"sc1909,sc1910",419.4,sc1901,9-10
2018-12-04,2.2,"sc1909,sc1910",428.6,sc1901,9-10
2018-12-05,1.6,"sc1909,sc1910",428.3,sc1901,9-10
2018-12-06,2.7,"sc1909,sc1910",428.0,sc1901,9-10
2018-12-07,2.8,"sc1909,sc1910",413.3,sc1901,9-10
2018-12-10,2.9,"sc1909,sc1910",431.1,sc1901,9-10
2018-12-11,3.9,"sc1909,sc1910",421.8,sc1901,9-10
2018-12-12,5.0,"sc1909,sc1910",423.7,sc1901,9-10
2018-12-13,2.7,"sc1909,sc1910",424.6,sc1901,9-10
2018-12-14,3.0,"sc1909,sc1910",422.5,sc1901,9-10
2018-12-17,3.2,"sc1909,sc1910",419.0,sc1901,9-10
2018-12-18,3.2,"sc1909,sc1910",411.6,sc1901,9-10
2018-12-19,1.3,"sc1909,sc1910",395.1,sc1901,9-10
2018-12-20,1.1,"sc1909,sc1910",398.1,sc1901,9-10
2018-12-21,1.3,"sc1909,sc1910",400.9,sc1901,9-10
2018-12-24,0.1,"sc1909,sc1910",394.5,sc1901,9-10
2018-12-25,0.1,"sc1909,sc1910",385.0,sc1901,9-10
2018-12-26,-1.6,"sc1909,sc1910",374.7,sc1901,9-10
2018-12-27,-0.4,"sc1909,sc1910",381.0,sc1901,9-10
2018-12-28,-1.6,"sc1909,sc1910",377.0,sc1901,9-10
2019-01-02,-1.4,"sc1910,sc1911",370.7,sc1902,9-10
2019-01-03,-1.8,"sc1910,sc1911",379.8,sc1902,9-10
2019-01-04,-2.1,"sc1910,sc1911",388.7,sc1902,9-10
2019-01-07,-1.8,"sc1910,sc1911",401.4,sc1902,9-10
2019-01-08,-1.5,"sc1910,sc1911",405.1,sc1902,9-10
2019-01-09,-1.9,"sc1910,sc1911",412.2,sc1902,9-10
2019-01-10,-2.9,"sc1910,sc1911",423.6,sc1902,9-10
2019-01-11,-2.3,"sc1910,sc1911",424.5,sc1902,9-10
2019-01-14,-1.7,"sc1910,sc1911",416.3,sc1902,9-10
2019-01-15,-2.1,"sc1910,sc1911",412.4,sc1902,9-10
2019-01-16,-2.3,"sc1910,sc1911",410.5,sc1902,9-10
2019-01-17,-1.7,"sc1910,sc1911",411.8,sc1902,9-10
2019-01-18,-1.8,"sc1910,sc1911",410.5,sc1902,9-10
2019-01-21,-2.8,"sc1910,sc1911",414.6,sc1902,9-10
2019-01-22,-2.7,"sc1910,sc1911",417.2,sc1902,9-10
2019-01-23,-2.8,"sc1910,sc1911",427.6,sc1902,9-10
2019-01-24,-2.3,"sc1910,sc1911",423.6,sc1902,9-10
2019-01-25,-2.6,"sc1910,sc1911",422.6,sc1902,9-10
2019-01-28,0.4,"sc1911,sc1912",427.8,sc1903,9-10
2019-01-29,1.3,"sc1911,sc1912",417.9,sc1903,9-10
2019-01-30,1.9,"sc1911,sc1912",425.2,sc1903,9-10
2019-01-31,-0.8,"sc1911,sc1912",431.4,sc1903,9-10
2019-02-01,0.6,"sc1911,sc1912",429.8,sc1903,9-10
2019-02-11,-0.3,"sc1911,sc1912",428.2,sc1903,9-10
2019-02-12,4.6,"sc1911,sc1912",428.7,sc1903,9-10
2019-02-13,2.0,"sc1911,sc1912",433.3,sc1903,9-10
2019-02-14,0.8,"sc1911,sc1912",435.9,sc1903,9-10
2019-02-15,1.4,"sc1911,sc1912",441.7,sc1903,9-10
2019-02-18,3.3,"sc1911,sc1912",450.6,sc1903,9-10
2019-02-20,2.3,"sc1911,sc1912",451.2,sc1903,9-10
2019-02-21,3.7,"sc1911,sc1912",449.6,sc1903,9-10
2019-02-22,0.0,"sc1911,sc1912",446.4,sc1903,9-10
2019-02-25,1.5,"sc1911,sc1912",446.3,sc1903,9-10
2019-02-26,-1.5,"sc1911,sc1912",426.8,sc1903,9-10
2019-02-27,-2.2,"sc1911,sc1912",427.3,sc1903,9-10
2019-02-28,-0.6,"sc1911,sc1912",430.1,sc1903,9-10
2019-03-01,0.3,"sc1912,sc2001",443.0,sc1904,9-10
2019-03-04,1.0,"sc1912,sc2001",438.4,sc1904,9-10
2019-03-05,-0.7,"sc1912,sc2001",438.4,sc1904,9-10
2019-03-06,1.0,"sc1912,sc2001",433.8,sc1904,9-10
2019-03-07,0.9,"sc1912,sc2001",439.7,sc1904,9-10
2019-03-08,0.5,"sc1912,sc2001",439.9,sc1904,9-10
2019-03-11,-1.5,"sc1912,sc2001",432.9,sc1904,9-10
2019-03-12,-0.5,"sc1912,sc2001",444.9,sc1904,9-10
2019-03-13,1.3,"sc1912,sc2001",444.2,sc1904,9-10
2019-03-14,0.5,"sc1912,sc2001",450.4,sc1904,9-10
2019-03-15,-1.9,"sc1912,sc2001",452.2,sc1904,9-10
2019-03-18,0.0,"sc1912,sc2001",450.1,sc1904,9-10
2019-03-19,-0.8,"sc1912,sc2001",461.8,sc1904,9-10
2019-03-20,-0.5,"sc1912,sc2001",462.5,sc1904,9-10
2019-03-21,-1.3,"sc1912,sc2001",466.3,sc1904,9-10
2019-03-22,-1.3,"sc1912,sc2001",467.7,sc1904,9-10
2019-03-25,-3.0,"sc1912,sc2001",459.0,sc1904,9-10
2019-03-26,-0.9,"sc1912,sc2001",459.1,sc1904,9-10
2019-03-27,-1.2,"sc1912,sc2001",463.3,sc1904,9-10
2019-03-28,-2.9,"sc1912,sc2001",462.2,sc1904,9-10
2019-03-29,-0.4,"sc1912,sc2001",453.5,sc1904,9-10
2019-04-01,-1.8,"sc2001,sc2002",459.4,sc1905,9-10
2019-04-02,-1.3,"sc2001,sc2002",467.5,sc1905,9-10
2019-04-03,-2.7,"sc2001,sc2002",471.7,sc1905,9-10
2019-04-04,-2.1,"sc2001,sc2002",469.5,sc1905,9-10
2019-04-08,-7.8,"sc2001,sc2002",478.2,sc1905,9-10
2019-04-09,-0.2,"sc2001,sc2002",479.3,sc1905,9-10
2019-04-10,0.0,"sc2001,sc2002",475.7,sc1905,9-10
2019-04-11,-1.5,"sc2001,sc2002",480.3,sc1905,9-10
2019-04-12,-0.4,"sc2001,sc2002",475.8,sc1905,9-10
2019-04-15,-0.8,"sc2001,sc2002",473.7,sc1905,9-10
2019-04-16,-2.5,"sc2001,sc2002",468.2,sc1905,9-10
2019-04-17,-1.7,"sc2001,sc2002",470.7,sc1905,9-10
2019-04-18,-1.2,"sc2001,sc2002",472.0,sc1905,9-10
2019-04-19,-0.6,"sc2001,sc2002",472.5,sc1905,9-10
2019-04-22,-3.0,"sc2001,sc2002",480.3,sc1905,9-10
2019-04-23,-3.4,"sc2001,sc2002",489.0,sc1905,9-10
2019-04-24,-0.1,"sc2001,sc2002",493.2,sc1905,9-10
2019-04-25,0.5,"sc2001,sc2002",494.7,sc1905,9-10
2019-04-26,0.8,"sc2001,sc2002",499.5,sc1905,9-10
2019-04-29,0.8,"sc2001,sc2002",485.7,sc1905,9-10
2019-04-30,-1.1,"sc2001,sc2002",488.1,sc1905,9-10
2019-05-06,13.6,"sc2002,sc2003",472.5,sc1906,9-10
2019-05-07,4.7,"sc2002,sc2003",483.5,sc1906,9-10
2019-05-08,5.1,"sc2002,sc2003",480.2,sc1906,9-10
2019-05-09,4.4,"sc2002,sc2003",482.6,sc1906,9-10
2019-05-10,5.7,"sc2002,sc2003",486.1,sc1906,9-10
2019-05-13,3.6,"sc2002,sc2003",491.3,sc1906,9-10
2019-05-14,0.0,"sc2002,sc2003",497.1,sc1906,9-10
2019-05-15,3.1,"sc2002,sc2003",501.2,sc1906,9-10
2019-05-16,-0.7,"sc2002,sc2003",505.5,sc1906,9-10
2019-05-17,-1.2,"sc2002,sc2003",512.3,sc1906,9-10
2019-05-20,-3.1,"sc2002,sc2003",514.2,sc1906,9-10
2019-05-21,-0.2,"sc2002,sc2003",507.1,sc1906,9-10
2019-05-22,2.3,"sc2002,sc2003",504.0,sc1906,9-10
2019-05-23,4.6,"sc2002,sc2003",494.0,sc1906,9-10
2019-05-24,0.8,"sc2002,sc2003",469.7,sc1906,9-10
2019-05-27,1.4,"sc2002,sc2003",473.7,sc1906,9-10
2019-05-28,2.9,"sc2002,sc2003",475.0,sc1906,9-10
2019-05-29,1.5,"sc2002,sc2003",470.2,sc1906,9-10
2019-05-30,1.7,"sc2002,sc2003",466.1,sc1906,9-10
2019-05-31,1.2,"sc2002,sc2003",461.2,sc1906,9-10
2019-06-03,3.6,"sc2003,sc2004",435.2,sc1907,9-10
2019-06-04,-0.2,"sc2003,sc2004",425.5,sc1907,9-10
2019-06-05,1.0,"sc2003,sc2004",426.2,sc1907,9-10
2019-06-06,1.0,"sc2003,sc2004",417.6,sc1907,9-10
2019-06-10,2.2,"sc2003,sc2004",434.5,sc1907,9-10
2019-06-11,1.8,"sc2003,sc2004",429.9,sc1907,9-10
2019-06-12,0.4,"sc2003,sc2004",426.1,sc1907,9-10
2019-06-13,1.4,"sc2003,sc2004",420.2,sc1907,9-10
2019-06-14,1.8,"sc2003,sc2004",425.5,sc1907,9-10
2019-06-17,1.5,"sc2003,sc2004",427.3,sc1907,9-10
2019-06-18,0.6,"sc2003,sc2004",419.6,sc1907,9-10
2019-06-19,2.5,"sc2003,sc2004",420.0,sc1907,9-10
2019-06-20,1.1,"sc2003,sc2004",418.9,sc1907,9-10
2019-06-21,0.8,"sc2003,sc2004",431.6,sc1907,9-10
2019-06-24,2.0,"sc2003,sc2004",436.8,sc1907,9-10
2019-06-25,2.9,"sc2003,sc2004",431.2,sc1907,9-10
2019-06-26,2.2,"sc2003,sc2004",432.9,sc1907,9-10
2019-06-27,2.5,"sc2003,sc2004",435.9,sc1907,9-10
2019-06-28,1.2,"sc2003,sc2004",437.4,sc1907,9-10
2019-07-01,1.5,"sc2004,sc2005",447.3,sc1908,9-10
2019-07-02,1.1,"sc2004,sc2005",442.0,sc1908,9-10
2019-07-03,0.4,"sc2004,sc2005",430.2,sc1908,9-10
2019-07-04,1.0,"sc2004,sc2005",431.9,sc1908,9-10
2019-07-05,1.1,"sc2004,sc2005",431.3,sc1908,9-10
2019-07-08,1.4,"sc2004,sc2005",439.1,sc1908,9-10
2019-07-09,0.6,"sc2004,sc2005",443.9,sc1908,9-10
2019-07-10,1.2,"sc2004,sc2005",441.6,sc1908,9-10
2019-07-11,1.2,"sc2004,sc2005",455.7,sc1908,9-10
2019-07-12,1.2,"sc2004,sc2005",457.8,sc1908,9-10
2019-07-15,1.0,"sc2004,sc2005",454.8,sc1908,9-10
2019-07-16,0.9,"sc2004,sc2005",453.0,sc1908,9-10
2019-07-17,1.3,"sc2004,sc2005",443.7,sc1908,9-10
2019-07-18,1.1,"sc2004,sc2005",433.5,sc1908,9-10
2019-07-19,1.1,"sc2004,sc2005",421.6,sc1908,9-10
2019-07-22,1.1,"sc2004,sc2005",423.1,sc1908,9-10
2019-07-23,1.2,"sc2004,sc2005",427.4,sc1908,9-10
2019-07-24,1.2,"sc2004,sc2005",430.4,sc1908,9-10
2019-07-25,0.9,"sc2004,sc2005",433.4,sc1908,9-10
2019-07-26,1.2,"sc2004,sc2005",435.8,sc1908,9-10
2019-07-29,1.1,"sc2004,sc2005",435.5,sc1908,9-10
2019-07-30,1.0,"sc2004,sc2005",425.2,sc1908,9-10
2019-07-31,1.1,"sc2004,sc2005",427.5,sc1908,9-10
2019-08-01,0.9,"sc2005,sc2006",444.0,sc1909,9-10
2019-08-02,1.4,"sc2005,sc2006",432.1,sc1909,9-10
2019-08-05,-0.1,"sc2005,sc2006",433.5,sc1909,9-10
2019-08-06,0.6,"sc2005,sc2006",429.4,sc1909,9-10
2019-08-07,0.7,"sc2005,sc2006",423.3,sc1909,9-10
2019-08-08,-2.9,"sc2005,sc2006",408.6,sc1909,9-10
2019-08-09,-2.7,"sc2005,sc2006",409.9,sc1909,9-10
2019-08-12,-0.4,"sc2005,sc2006",418.8,sc1909,9-10
2019-08-13,-1.6,"sc2005,sc2006",419.7,sc1909,9-10
2019-08-14,0.5,"sc2005,sc2006",430.9,sc1909,9-10
2019-08-15,-0.2,"sc2005,sc2006",420.5,sc1909,9-10
2019-08-16,-0.8,"sc2005,sc2006",418.6,sc1909,9-10
2019-08-19,1.9,"sc2005,sc2006",425.7,sc1909,9-10
2019-08-20,0.4,"sc2005,sc2006",432.8,sc1909,9-10
2019-08-21,-0.2,"sc2005,sc2006",429.5,sc1909,9-10
2019-08-22,-3.2,"sc2005,sc2006",432.7,sc1909,9-10
2019-08-23,0.1,"sc2005,sc2006",428.5,sc1909,9-10
2019-08-26,0.0,"sc2005,sc2006",422.8,sc1909,9-10
2019-08-27,1.0,"sc2005,sc2006",425.2,sc1909,9-10
2019-08-28,1.6,"sc2005,sc2006",423.0,sc1909,9-10
2019-08-29,-0.4,"sc2005,sc2006",429.0,sc1909,9-10
2019-08-30,0.5,"sc2005,sc2006",411.8,sc1909,9-10
2019-09-02,0.9,"sc2006,sc2007",432.7,sc1910,9-10
2019-09-03,-0.4,"sc2006,sc2007",430.3,sc1910,9-10
2019-09-04,-1.0,"sc2006,sc2007",425.5,sc1910,9-10
2019-09-05,0.1,"sc2006,sc2007",439.2,sc1910,9-10
2019-09-06,0.2,"sc2006,sc2007",445.1,sc1910,9-10
2019-09-09,0.1,"sc2006,sc2007",444.6,sc1910,9-10
2019-09-10,0.6,"sc2006,sc2007",450.1,sc1910,9-10
2019-09-11,-2.2,"sc2006,sc2007",460.9,sc1910,9-10
2019-09-12,-1.7,"sc2006,sc2007",450.3,sc1910,9-10
2019-09-16,2.0,"sc2006,sc2007",479.8,sc1910,9-10
2019-09-17,-0.2,"sc2006,sc2007",496.7,sc1910,9-10
2019-09-18,-4.5,"sc2006,sc2007",487.2,sc1910,9-10
2019-09-19,-4.2,"sc2006,sc2007",473.5,sc1910,9-10
2019-09-20,1.2,"sc2006,sc2007",458.5,sc1910,9-10
2019-09-23,-2.3,"sc2006,sc2007",472.7,sc1910,9-10
2019-09-24,0.9,"sc2007,sc2008",464.3,sc1911,9-10
2019-09-25,1.2,"sc2007,sc2008",457.2,sc1911,9-10
2019-09-26,0.7,"sc2007,sc2008",449.8,sc1911,9-10
2019-09-27,1.1,"sc2007,sc2008",448.7,sc1911,9-10
2019-09-30,1.2,"sc2007,sc2008",448.1,sc1911,9-10
2019-10-08,0.9,"sc2007,sc2008",437.6,sc1911,9-10
2019-10-09,0.7,"sc2007,sc2008",447.0,sc1911,9-10
2019-10-10,0.2,"sc2007,sc2008",451.7,sc1911,9-10
2019-10-11,0.5,"sc2007,sc2008",458.1,sc1911,9-10
2019-10-14,0.9,"sc2007,sc2008",471.7,sc1911,9-10
2019-10-15,-0.1,"sc2007,sc2008",466.6,sc1911,9-10
2019-10-16,-1.1,"sc2007,sc2008",465.1,sc1911,9-10
2019-10-17,-2.3,"sc2007,sc2008",451.4,sc1911,9-10
2019-10-18,-1.0,"sc2007,sc2008",445.1,sc1911,9-10
2019-10-21,-0.3,"sc2007,sc2008",443.2,sc1911,9-10
2019-10-22,0.0,"sc2007,sc2008",437.2,sc1911,9-10
2019-10-23,0.2,"sc2007,sc2008",438.6,sc1911,9-10
2019-10-24,-0.5,"sc2007,sc2008",441.3,sc1911,9-10
2019-10-25,-1.4,"sc2007,sc2008",451.1,sc1911,9-10
2019-10-28,-0.4,"sc2007,sc2008",447.9,sc1911,9-10
2019-10-29,0.0,"sc2007,sc2008",456.7,sc1911,9-10
2019-10-30,-0.7,"sc2007,sc2008",451.1,sc1911,9-10
2019-10-31,1.3,"sc2007,sc2008",452.8,sc1911,9-10
2019-11-01,1.7,"sc2008,sc2009",444.3,sc1912,9-10
2019-11-04,2.7,"sc2008,sc2009",449.3,sc1912,9-10
2019-11-05,4.4,"sc2008,sc2009",458.4,sc1912,9-10
2019-11-06,4.4,"sc2008,sc2009",459.6,sc1912,9-10
2019-11-07,2.9,"sc2008,sc2009",456.4,sc1912,9-10
2019-11-08,5.6,"sc2008,sc2009",456.0,sc1912,9-10
2019-11-11,4.0,"sc2008,sc2009",452.8,sc1912,9-10
2019-11-12,5.2,"sc2008,sc2009",455.9,sc1912,9-10
2019-11-13,5.9,"sc2008,sc2009",453.9,sc1912,9-10
2019-11-14,5.0,"sc2008,sc2009",453.4,sc1912,9-10
2019-11-15,3.3,"sc2008,sc2009",453.9,sc1912,9-10
2019-11-18,3.7,"sc2008,sc2009",453.7,sc1912,9-10
2019-11-19,1.7,"sc2008,sc2009",454.0,sc1912,9-10
2019-11-20,1.2,"sc2008,sc2009",451.2,sc1912,9-10
2019-11-21,3.7,"sc2008,sc2009",454.8,sc1912,9-10
2019-11-22,4.1,"sc2008,sc2009",453.8,sc1912,9-10
2019-11-25,2.9,"sc2008,sc2009",456.1,sc1912,9-10
2019-11-26,4.7,"sc2008,sc2009",454.6,sc1912,9-10
2019-11-27,3.6,"sc2008,sc2009",456.2,sc1912,9-10
2019-11-28,4.5,"sc2008,sc2009",447.3,sc1912,9-10
2019-11-29,5.5,"sc2008,sc2009",451.2,sc1912,9-10
2019-12-02,-3.9,"sc2009,sc2010",454.8,sc2001,9-10
2019-12-03,-3.7,"sc2009,sc2010",451.7,sc2001,9-10
2019-12-04,-1.0,"sc2009,sc2010",449.2,sc2001,9-10
2019-12-05,-2.5,"sc2009,sc2010",456.3,sc2001,9-10
2019-12-06,-2.4,"sc2009,sc2010",458.0,sc2001,9-10
2019-12-09,-1.4,"sc2009,sc2010",464.8,sc2001,9-10
2019-12-10,0.4,"sc2009,sc2010",469.2,sc2001,9-10
2019-12-11,0.6,"sc2009,sc2010",470.9,sc2001,9-10
2019-12-12,-0.2,"sc2009,sc2010",466.1,sc2001,9-10
2019-12-13,0.7,"sc2009,sc2010",462.2,sc2001,9-10
2019-12-16,-0.3,"sc2009,sc2010",467.4,sc2001,9-10
2019-12-17,-1.0,"sc2009,sc2010",470.2,sc2001,9-10
2019-12-18,-1.4,"sc2009,sc2010",480.4,sc2001,9-10
2019-12-19,-2.5,"sc2009,sc2010",476.3,sc2001,9-10
2019-12-20,-1.8,"sc2009,sc2010",468.0,sc2001,9-10
2019-12-23,0.9,"sc2010,sc2011",478.1,sc2002,9-10
2019-12-24,2.9,"sc2010,sc2011",479.1,sc2002,9-10
2019-12-25,1.5,"sc2010,sc2011",483.6,sc2002,9-10
2019-12-26,3.8,"sc2010,sc2011",484.4,sc2002,9-10
2019-12-27,3.0,"sc2010,sc2011",487.1,sc2002,9-10
2019-12-30,3.9,"sc2010,sc2011",490.2,sc2002,9-10
2019-12-31,2.0,"sc2010,sc2011",487.5,sc2002,9-10
2020-01-02,1.6,"sc2010,sc2011",481.7,sc2002,9-10
2020-01-03,1.5,"sc2010,sc2011",486.5,sc2002,9-10
2020-01-06,6.4,"sc2010,sc2011",507.8,sc2002,9-10
2020-01-07,5.3,"sc2010,sc2011",499.9,sc2002,9-10
2020-01-08,3.0,"sc2010,sc2011",498.4,sc2002,9-10
2020-01-09,4.6,"sc2010,sc2011",483.2,sc2002,9-10
2020-01-10,3.3,"sc2010,sc2011",470.9,sc2002,9-10
2020-01-13,1.9,"sc2010,sc2011",468.8,sc2002,9-10
2020-01-14,3.0,"sc2010,sc2011",458.6,sc2002,9-10
2020-01-15,2.1,"sc2010,sc2011",458.0,sc2002,9-10
2020-01-16,1.4,"sc2010,sc2011",453.3,sc2002,9-10
2020-01-17,1.9,"sc2011,sc2012",465.3,sc2003,9-10
2020-01-20,0.1,"sc2011,sc2012",466.1,sc2003,9-10
2020-01-21,2.2,"sc2011,sc2012",464.0,sc2003,9-10
2020-01-22,3.0,"sc2011,sc2012",461.0,sc2003,9-10
2020-01-23,1.0,"sc2011,sc2012",451.1,sc2003,9-10
2020-02-03,9.9,"sc2011,sc2012",431.3,sc2003,9-10
2020-02-04,0.3,"sc2011,sc2012",396.5,sc2003,9-10
2020-02-05,1.4,"sc2011,sc2012",396.8,sc2003,9-10
2020-02-06,-1.3,"sc2011,sc2012",402.3,sc2003,9-10
2020-02-07,-0.8,"sc2011,sc2012",398.4,sc2003,9-10
2020-02-10,-2.8,"sc2011,sc2012",393.5,sc2003,9-10
2020-02-11,-2.2,"sc2011,sc2012",391.7,sc2003,9-10
2020-02-12,-1.2,"sc2011,sc2012",394.5,sc2003,9-10
2020-02-13,-1.2,"sc2011,sc2012",400.0,sc2003,9-10
2020-02-14,0.4,"sc2011,sc2012",399.6,sc2003,9-10
2020-02-17,0.0,"sc2011,sc2012",401.5,sc2003,9-10
2020-02-18,1.0,"sc2011,sc2012",399.2,sc2003,9-10
2020-02-19,1.9,"sc2011,sc2012",403.8,sc2003,9-10
2020-02-20,0.4,"sc2011,sc2012",411.9,sc2003,9-10
2020-02-21,0.1,"sc2011,sc2012",408.9,sc2003,9-10
2020-02-24,-0.5,"sc2011,sc2012",393.1,sc2003,9-10
2020-02-25,0.4,"sc2011,sc2012",388.3,sc2003,9-10
2020-02-26,-0.3,"sc2011,sc2012",377.9,sc2003,9-10
2020-02-27,-12.3,"sc2011,sc2012",360.3,sc2003,9-10
2020-02-28,-1.4,"sc2011,sc2012",347.0,sc2003,9-10
2020-03-02,0.3,"sc2012,sc2101",359.7,sc2004,9-10
2020-03-03,0.6,"sc2012,sc2101",372.4,sc2004,9-10
2020-03-04,0.1,"sc2012,sc2101",368.5,sc2004,9-10
2020-03-05,1.2,"sc2012,sc2101",366.6,sc2004,9-10
2020-03-06,-1.6,"sc2012,sc2101",351.9,sc2004,9-10
2020-03-09,-4.8,"sc2012,sc2101",340.4,sc2004,9-10
2020-03-10,-19.5,"sc2012,sc2101",325.5,sc2004,9-10
2020-03-11,-7.1,"sc2012,sc2101",275.2,sc2004,9-10
2020-03-12,-6.4,"sc2012,sc2101",252.6,sc2004,9-10
2020-03-13,-7.3,"sc2012,sc2101",252.7,sc2004,9-10
2020-03-16,-7.5,"sc2012,sc2101",250.1,sc2004,9-10
2020-03-17,-4.9,"sc2012,sc2101",239.4,sc2004,9-10
2020-03-18,-5.4,"sc2012,sc2101",232.3,sc2004,9-10
2020-03-19,-7.4,"sc2012,sc2101",215.0,sc2004,9-10
2020-03-20,-7.4,"sc2012,sc2101",232.9,sc2004,9-10
2020-03-23,-7.8,"sc2012,sc2101",229.8,sc2004,9-10
2020-03-24,-5.5,"sc2012,sc2101",245.4,sc2004,9-10
2020-03-25,-7.0,"sc2012,sc2101",251.4,sc2004,9-10
2020-03-26,-7.3,"sc2012,sc2101",249.1,sc2004,9-10
2020-03-27,-5.8,"sc2012,sc2101",243.8,sc2004,9-10
2020-03-30,-6.2,"sc2012,sc2101",239.1,sc2004,9-10
2020-03-31,-6.8,"sc2012,sc2101",245.1,sc2004,9-10
2020-04-01,-6.3,"sc2101,sc2102",256.9,sc2005,9-10
2020-04-02,-6.2,"sc2101,sc2102",267.4,sc2005,9-10
2020-04-03,-7.1,"sc2101,sc2102",278.3,sc2005,9-10
2020-04-07,-5.8,"sc2101,sc2102",289.2,sc2005,9-10
2020-04-08,-6.9,"sc2101,sc2102",285.9,sc2005,9-10
2020-04-09,-6.5,"sc2101,sc2102",293.4,sc2005,9-10
2020-04-10,-4.2,"sc2101,sc2102",285.0,sc2005,9-10
2020-04-13,-6.2,"sc2101,sc2102",286.5,sc2005,9-10
2020-04-14,-5.1,"sc2101,sc2102",276.3,sc2005,9-10
2020-04-15,-6.4,"sc2101,sc2102",267.7,sc2005,9-10
2020-04-16,-7.6,"sc2101,sc2102",258.4,sc2005,9-10
2020-04-17,-7.8,"sc2101,sc2102",245.3,sc2005,9-10
2020-04-20,-8.9,"sc2101,sc2102",234.2,sc2005,9-10
2020-04-21,-8.8,"sc2101,sc2102",228.2,sc2005,9-10
2020-04-22,-4.8,"sc2101,sc2102",205.4,sc2005,9-10
2020-04-23,-8.9,"sc2101,sc2102",213.7,sc2005,9-10
2020-04-24,-9.2,"sc2101,sc2102",225.2,sc2005,9-10
2020-04-27,-9.6,"sc2101,sc2102",212.7,sc2005,9-10
2020-04-28,-9.6,"sc2101,sc2102",202.2,sc2005,9-10
2020-04-29,-10.0,"sc2101,sc2102",212.9,sc2005,9-10
2020-04-30,-10.3,"sc2101,sc2102",227.2,sc2005,9-10
2020-05-06,-8.0,"sc2102,sc2103",248.2,sc2006,9-10
2020-05-07,-8.0,"sc2102,sc2103",246.8,sc2006,9-10
2020-05-08,-7.4,"sc2102,sc2103",247.1,sc2006,9-10
2020-05-11,-6.7,"sc2102,sc2103",243.7,sc2006,9-10
2020-05-12,-6.5,"sc2102,sc2103",241.1,sc2006,9-10
2020-05-13,-6.9,"sc2102,sc2103",237.4,sc2006,9-10
2020-05-14,-6.8,"sc2102,sc2103",231.6,sc2006,9-10
2020-05-15,-8.1,"sc2102,sc2103",238.7,sc2006,9-10
2020-05-18,-7.3,"sc2102,sc2103",246.7,sc2006,9-10
2020-05-19,-7.1,"sc2102,sc2103",258.5,sc2006,9-10
2020-05-20,-7.8,"sc2102,sc2103",254.3,sc2006,9-10
2020-05-21,-8.5,"sc2102,sc2103",261.8,sc2006,9-10
2020-05-22,-8.6,"sc2102,sc2103",258.5,sc2006,9-10
2020-05-25,-8.1,"sc2102,sc2103",253.8,sc2006,9-10
2020-05-26,-7.7,"sc2102,sc2103",259.2,sc2006,9-10
2020-05-27,-7.4,"sc2102,sc2103",258.4,sc2006,9-10
2020-05-28,-7.1,"sc2102,sc2103",258.0,sc2006,9-10
2020-05-29,-6.9,"sc2102,sc2103",261.1,sc2006,9-10
2020-06-01,-5.8,"sc2103,sc2104",276.8,sc2007,9-10
2020-06-02,-5.7,"sc2103,sc2104",278.3,sc2007,9-10
2020-06-03,-6.5,"sc2103,sc2104",286.7,sc2007,9-10
2020-06-04,-5.6,"sc2103,sc2104",284.3,sc2007,9-10
2020-06-05,-5.2,"sc2103,sc2104",282.2,sc2007,9-10
2020-06-08,-5.9,"sc2103,sc2104",292.1,sc2007,9-10
2020-06-09,-5.6,"sc2103,sc2104",290.4,sc2007,9-10
2020-06-10,-6.2,"sc2103,sc2104",288.3,sc2007,9-10
2020-06-11,-6.5,"sc2103,sc2104",285.4,sc2007,9-10
2020-06-12,-7.7,"sc2103,sc2104",270.5,sc2007,9-10
2020-06-15,-6.7,"sc2103,sc2104",267.8,sc2007,9-10
2020-06-16,-5.8,"sc2103,sc2104",270.2,sc2007,9-10
2020-06-17,-6.7,"sc2103,sc2104",279.5,sc2007,9-10
2020-06-18,-6.2,"sc2103,sc2104",279.7,sc2007,9-10
2020-06-19,-6.6,"sc2103,sc2104",281.9,sc2007,9-10
2020-06-22,-5.7,"sc2103,sc2104",284.4,sc2007,9-10
2020-06-23,-4.8,"sc2103,sc2104",285.0,sc2007,9-10
2020-06-24,-5.2,"sc2103,sc2104",285.4,sc2007,9-10
2020-06-29,-5.6,"sc2103,sc2104",273.2,sc2007,9-10
2020-06-30,-6.1,"sc2103,sc2104",281.2,sc2007,9-10
2020-07-01,-6.1,"sc2104,sc2105",292.0,sc2008,9-10
2020-07-02,-5.0,"sc2104,sc2105",294.5,sc2008,9-10
2020-07-03,-6.0,"sc2104,sc2105",298.6,sc2008,9-10
2020-07-06,-4.6,"sc2104,sc2105",296.8,sc2008,9-10
2020-07-07,-3.5,"sc2104,sc2105",297.8,sc2008,9-10
2020-07-08,-4.3,"sc2104,sc2105",298.7,sc2008,9-10
2020-07-09,-4.7,"sc2104,sc2105",299.1,sc2008,9-10
2020-07-10,-4.2,"sc2104,sc2105",293.8,sc2008,9-10
2020-07-13,-3.2,"sc2104,sc2105",296.2,sc2008,9-10
2020-07-14,-3.1,"sc2104,sc2105",293.5,sc2008,9-10
2020-07-15,-3.7,"sc2104,sc2105",294.9,sc2008,9-10
2020-07-16,-3.8,"sc2104,sc2105",293.1,sc2008,9-10
2020-07-17,-3.9,"sc2104,sc2105",289.6,sc2008,9-10
2020-07-20,-4.2,"sc2104,sc2105",284.0,sc2008,9-10
2020-07-21,-3.4,"sc2104,sc2105",284.8,sc2008,9-10
2020-07-22,-4.3,"sc2104,sc2105",289.2,sc2008,9-10
2020-07-23,-3.9,"sc2104,sc2105",286.6,sc2008,9-10
2020-07-24,-4.0,"sc2104,sc2105",286.2,sc2008,9-10
2020-07-27,-3.5,"sc2104,sc2105",282.1,sc2008,9-10
2020-07-28,-3.6,"sc2104,sc2105",278.4,sc2008,9-10
2020-07-29,-4.2,"sc2104,sc2105",276.7,sc2008,9-10
2020-07-30,-5.0,"sc2104,sc2105",279.5,sc2008,9-10
2020-07-31,-4.8,"sc2104,sc2105",274.1,sc2008,9-10
2020-08-03,-6.0,"sc2105,sc2106",281.7,sc2009,9-10
2020-08-04,-7.5,"sc2105,sc2106",282.3,sc2009,9-10
2020-08-05,-8.6,"sc2105,sc2106",280.7,sc2009,9-10
2020-08-06,-6.5,"sc2105,sc2106",282.5,sc2009,9-10
2020-08-07,-7.6,"sc2105,sc2106",282.5,sc2009,9-10
2020-08-10,-6.5,"sc2105,sc2106",281.9,sc2009,9-10
2020-08-11,-5.7,"sc2105,sc2106",284.6,sc2009,9-10
2020-08-12,-6.2,"sc2105,sc2106",284.2,sc2009,9-10
2020-08-13,-6.9,"sc2105,sc2106",283.6,sc2009,9-10
2020-08-14,-7.0,"sc2105,sc2106",282.3,sc2009,9-10
2020-08-17,-8.1,"sc2105,sc2106",280.2,sc2009,9-10
2020-08-18,-8.2,"sc2105,sc2106",279.1,sc2009,9-10
2020-08-19,-6.6,"sc2105,sc2106",277.3,sc2009,9-10
2020-08-20,-5.7,"sc2105,sc2106",278.4,sc2009,9-10
2020-08-21,-6.2,"sc2105,sc2106",276.0,sc2009,9-10
2020-08-24,-4.5,"sc2105,sc2106",277.9,sc2009,9-10
2020-08-25,-4.4,"sc2105,sc2106",280.3,sc2009,9-10
2020-08-26,-3.9,"sc2105,sc2106",284.9,sc2009,9-10
2020-08-27,-4.9,"sc2105,sc2106",284.3,sc2009,9-10
2020-08-28,-4.6,"sc2105,sc2106",282.4,sc2009,9-10
2020-08-31,-4.8,"sc2105,sc2106",283.3,sc2009,9-10
2020-09-01,-6.6,"sc2106,sc2107",295.7,sc2010,9-10
2020-09-02,-6.8,"sc2106,sc2107",293.5,sc2010,9-10
2020-09-03,-7.0,"sc2106,sc2107",288.2,sc2010,9-10
2020-09-04,-6.4,"sc2106,sc2107",285.0,sc2010,9-10
2020-09-07,-7.0,"sc2106,sc2107",279.3,sc2010,9-10
2020-09-08,-4.1,"sc2106,sc2107",273.9,sc2010,9-10
2020-09-09,-5.6,"sc2106,sc2107",251.4,sc2010,9-10
2020-09-10,-6.0,"sc2106,sc2107",250.6,sc2010,9-10
2020-09-11,-5.7,"sc2106,sc2107",247.6,sc2010,9-10
2020-09-14,-6.4,"sc2106,sc2107",245.8,sc2010,9-10
2020-09-15,-7.7,"sc2106,sc2107",245.5,sc2010,9-10
2020-09-16,-8.3,"sc2106,sc2107",251.3,sc2010,9-10
2020-09-17,-8.2,"sc2106,sc2107",256.2,sc2010,9-10
2020-09-18,-7.8,"sc2106,sc2107",260.0,sc2010,9-10
2020-09-21,-7.2,"sc2106,sc2107",263.9,sc2010,9-10
2020-09-22,-7.0,"sc2106,sc2107",252.9,sc2010,9-10
2020-09-23,-7.2,"sc2106,sc2107",253.6,sc2010,9-10
2020-09-24,-5.8,"sc2107,sc2108",265.1,sc2011,9-10
2020-09-25,-6.5,"sc2107,sc2108",265.7,sc2011,9-10
2020-09-28,-5.9,"sc2107,sc2108",265.0,sc2011,9-10
2020-09-29,-5.8,"sc2107,sc2108",264.8,sc2011,9-10
2020-09-30,-5.6,"sc2107,sc2108",257.8,sc2011,9-10
2020-10-09,-6.1,"sc2107,sc2108",263.5,sc2011,9-10
2020-10-12,-6.2,"sc2107,sc2108",263.2,sc2011,9-10
2020-10-13,-6.8,"sc2107,sc2108",259.5,sc2011,9-10
2020-10-14,-6.4,"sc2107,sc2108",258.0,sc2011,9-10
2020-10-15,-6.7,"sc2107,sc2108",260.8,sc2011,9-10
2020-10-16,-6.6,"sc2107,sc2108",258.7,sc2011,9-10
2020-10-19,-6.4,"sc2107,sc2108",260.2,sc2011,9-10
2020-10-20,-6.2,"sc2107,sc2108",258.8,sc2011,9-10
2020-10-21,-7.0,"sc2107,sc2108",257.3,sc2011,9-10
2020-10-22,-7.9,"sc2107,sc2108",254.2,sc2011,9-10
2020-10-23,-6.0,"sc2107,sc2108",254.1,sc2011,9-10
2020-10-26,-6.7,"sc2107,sc2108",248.5,sc2011,9-10
2020-10-27,-7.4,"sc2107,sc2108",243.7,sc2011,9-10
2020-10-28,-6.8,"sc2107,sc2108",243.4,sc2011,9-10
2020-10-29,-7.2,"sc2107,sc2108",228.0,sc2011,9-10
2020-10-30,-6.0,"sc2107,sc2108",218.3,sc2011,9-10
2020-11-02,-8.6,"sc2108,sc2109",224.9,sc2012,9-10
2020-11-03,-6.3,"sc2108,sc2109",230.2,sc2012,9-10
2020-11-04,-6.7,"sc2108,sc2109",234.8,sc2012,9-10
2020-11-05,-7.4,"sc2108,sc2109",236.5,sc2012,9-10
2020-11-06,-6.8,"sc2108,sc2109",235.3,sc2012,9-10
2020-11-09,-6.5,"sc2108,sc2109",234.2,sc2012,9-10
2020-11-10,-6.4,"sc2108,sc2109",247.7,sc2012,9-10
2020-11-11,-5.6,"sc2108,sc2109",251.4,sc2012,9-10
2020-11-12,-6.3,"sc2108,sc2109",253.7,sc2012,9-10
2020-11-13,-6.1,"sc2108,sc2109",252.4,sc2012,9-10
2020-11-16,-5.5,"sc2108,sc2109",251.0,sc2012,9-10
2020-11-17,-6.6,"sc2108,sc2109",252.3,sc2012,9-10
2020-11-18,-6.2,"sc2108,sc2109",250.0,sc2012,9-10
2020-11-19,-5.9,"sc2108,sc2109",251.0,sc2012,9-10
2020-11-20,-6.2,"sc2108,sc2109",251.6,sc2012,9-10
2020-11-23,-7.1,"sc2108,sc2109",253.4,sc2012,9-10
2020-11-24,-7.2,"sc2108,sc2109",259.5,sc2012,9-10
2020-11-25,-5.2,"sc2108,sc2109",279.0,sc2012,9-10
2020-11-26,-5.4,"sc2108,sc2109",280.2,sc2012,9-10
2020-11-27,-3.8,"sc2108,sc2109",278.3,sc2012,9-10
2020-11-30,-4.8,"sc2108,sc2109",271.8,sc2012,9-10
2020-12-01,-3.6,"sc2109,sc2110",286.4,sc2101,9-10
2020-12-02,-4.0,"sc2109,sc2110",285.1,sc2101,9-10
2020-12-03,-3.5,"sc2109,sc2110",288.5,sc2101,9-10
2020-12-04,-3.4,"sc2109,sc2110",291.1,sc2101,9-10
2020-12-07,-3.0,"sc2109,sc2110",294.0,sc2101,9-10
2020-12-08,-4.6,"sc2109,sc2110",291.9,sc2101,9-10
2020-12-09,-4.5,"sc2109,sc2110",285.0,sc2101,9-10
2020-12-10,-4.4,"sc2109,sc2110",284.8,sc2101,9-10
2020-12-11,-3.1,"sc2109,sc2110",291.1,sc2101,9-10
2020-12-14,-3.3,"sc2109,sc2110",289.4,sc2101,9-10
2020-12-15,-2.2,"sc2109,sc2110",287.8,sc2101,9-10
2020-12-16,-3.9,"sc2109,sc2110",290.9,sc2101,9-10
2020-12-17,-4.2,"sc2109,sc2110",297.4,sc2101,9-10
2020-12-18,-3.5,"sc2109,sc2110",302.7,sc2101,9-10
2020-12-21,-4.0,"sc2109,sc2110",303.5,sc2101,9-10
2020-12-22,-4.6,"sc2109,sc2110",295.4,sc2101,9-10
2020-12-23,-4.6,"sc2109,sc2110",284.6,sc2101,9-10
2020-12-24,-3.9,"sc2109,sc2110",291.6,sc2101,9-10
2020-12-25,-1.3,"sc2110,sc2111",307.3,sc2102,9-10
2020-12-28,-2.7,"sc2110,sc2111",309.1,sc2102,9-10
2020-12-29,-3.7,"sc2110,sc2111",307.2,sc2102,9-10
2020-12-30,-3.9,"sc2110,sc2111",304.7,sc2102,9-10
2020-12-31,-5.8,"sc2110,sc2111",303.2,sc2102,9-10
2021-01-04,-4.0,"sc2110,sc2111",315.0,sc2102,9-10
2021-01-05,-3.2,"sc2110,sc2111",312.9,sc2102,9-10
2021-01-06,-3.4,"sc2110,sc2111",319.8,sc2102,9-10
2021-01-07,-2.3,"sc2110,sc2111",328.1,sc2102,9-10
2021-01-08,-1.9,"sc2110,sc2111",332.6,sc2102,9-10
2021-01-11,-1.0,"sc2110,sc2111",336.0,sc2102,9-10
2021-01-12,-2.2,"sc2110,sc2111",333.2,sc2102,9-10
2021-01-13,0.7,"sc2110,sc2111",339.7,sc2102,9-10
2021-01-14,1.8,"sc2110,sc2111",335.5,sc2102,9-10
2021-01-15,-1.1,"sc2110,sc2111",333.4,sc2102,9-10
2021-01-18,-1.0,"sc2110,sc2111",326.0,sc2102,9-10
2021-01-19,-1.7,"sc2110,sc2111",329.9,sc2102,9-10
2021-01-20,-1.0,"sc2110,sc2111",337.2,sc2102,9-10
2021-01-21,-0.6,"sc2110,sc2111",336.1,sc2102,9-10
2021-01-22,-1.1,"sc2110,sc2111",331.7,sc2102,9-10
2021-01-25,-1.0,"sc2110,sc2111",324.0,sc2102,9-10
2021-01-26,-1.5,"sc2110,sc2111",322.4,sc2102,9-10
2021-01-27,-1.4,"sc2110,sc2111",327.2,sc2102,9-10
2021-01-28,-0.9,"sc2110,sc2111",333.4,sc2102,9-10
2021-01-29,-1.9,"sc2110,sc2111",336.1,sc2102,9-10
2021-02-01,-1.9,"sc2111,sc2112",336.1,sc2103,9-10
2021-02-02,-0.4,"sc2111,sc2112",340.3,sc2103,9-10
2021-02-03,-0.6,"sc2111,sc2112",347.1,sc2103,9-10
2021-02-04,-0.3,"sc2111,sc2112",353.3,sc2103,9-10
2021-02-05,-1.1,"sc2111,sc2112",356.6,sc2103,9-10
2021-02-08,-0.1,"sc2111,sc2112",361.8,sc2103,9-10
2021-02-09,0.1,"sc2111,sc2112",368.0,sc2103,9-10
2021-02-10,0.6,"sc2111,sc2112",367.0,sc2103,9-10
2021-02-18,-0.9,"sc2111,sc2112",395.8,sc2103,9-10
2021-02-19,-0.7,"sc2111,sc2112",388.9,sc2103,9-10
2021-02-22,0.6,"sc2111,sc2112",386.2,sc2103,9-10
2021-02-23,0.3,"sc2111,sc2112",397.6,sc2103,9-10
2021-02-24,1.0,"sc2111,sc2112",400.9,sc2103,9-10
2021-02-25,-0.7,"sc2111,sc2112",416.2,sc2103,9-10
2021-02-26,-0.5,"sc2111,sc2112",399.0,sc2103,9-10
2021-03-01,0.0,"sc2112,sc2201",407.6,sc2104,9-10
2021-03-02,0.9,"sc2112,sc2201",397.7,sc2104,9-10
2021-03-03,0.9,"sc2112,sc2201",392.7,sc2104,9-10
2021-03-04,0.5,"sc2112,sc2201",397.4,sc2104,9-10
2021-03-05,0.1,"sc2112,sc2201",413.0,sc2104,9-10
2021-03-08,0.2,"sc2112,sc2201",435.8,sc2104,9-10
2021-03-09,0.0,"sc2112,sc2201",427.6,sc2104,9-10
2021-03-10,0.6,"sc2112,sc2201",417.8,sc2104,9-10
2021-03-11,0.3,"sc2112,sc2201",416.0,sc2104,9-10
2021-03-12,0.3,"sc2112,sc2201",421.8,sc2104,9-10
2021-03-15,1.2,"sc2112,sc2201",420.4,sc2104,9-10
2021-03-16,0.2,"sc2112,sc2201",411.3,sc2104,9-10
2021-03-17,0.0,"sc2112,sc2201",409.3,sc2104,9-10
2021-03-18,1.4,"sc2112,sc2201",408.0,sc2104,9-10
2021-03-19,0.0,"sc2112,sc2201",390.9,sc2104,9-10
2021-03-22,-0.4,"sc2112,sc2201",381.1,sc2104,9-10
2021-03-23,-0.8,"sc2112,sc2201",387.9,sc2104,9-10
2021-03-24,-1.6,"sc2112,sc2201",376.8,sc2104,9-10
2021-03-25,-1.7,"sc2112,sc2201",382.5,sc2104,9-10
2021-03-26,-1.2,"sc2112,sc2201",373.9,sc2104,9-10
2021-03-29,-1.3,"sc2112,sc2201",384.1,sc2104,9-10
2021-03-30,-1.2,"sc2112,sc2201",388.3,sc2104,9-10
2021-03-31,-0.7,"sc2112,sc2201",384.1,sc2104,9-10
2021-04-01,-1.7,"sc2201,sc2202",393.4,sc2105,9-10
2021-04-02,-1.9,"sc2201,sc2202",399.1,sc2105,9-10
2021-04-06,-2.6,"sc2201,sc2202",388.0,sc2105,9-10
2021-04-07,-1.4,"sc2201,sc2202",388.6,sc2105,9-10
2021-04-08,0.1,"sc2201,sc2202",384.8,sc2105,9-10
2021-04-09,-1.3,"sc2201,sc2202",386.7,sc2105,9-10
2021-04-12,-1.4,"sc2201,sc2202",387.2,sc2105,9-10
2021-04-13,-1.2,"sc2201,sc2202",390.6,sc2105,9-10
2021-04-14,-0.8,"sc2201,sc2202",393.7,sc2105,9-10
2021-04-15,-1.0,"sc2201,sc2202",407.4,sc2105,9-10
2021-04-16,-0.7,"sc2201,sc2202",410.4,sc2105,9-10
2021-04-19,-1.8,"sc2201,sc2202",408.7,sc2105,9-10
2021-04-20,-1.5,"sc2201,sc2202",413.4,sc2105,9-10
2021-04-21,-1.2,"sc2201,sc2202",409.8,sc2105,9-10
2021-04-22,-1.3,"sc2201,sc2202",402.9,sc2105,9-10
2021-04-23,-1.1,"sc2201,sc2202",402.0,sc2105,9-10
2021-04-26,-0.9,"sc2201,sc2202",407.3,sc2105,9-10
2021-04-27,-1.4,"sc2201,sc2202",405.6,sc2105,9-10
2021-04-28,-3.2,"sc2201,sc2202",397.2,sc2105,9-10
2021-04-29,-0.8,"sc2201,sc2202",407.9,sc2105,9-10
2021-04-30,-1.4,"sc2201,sc2202",409.5,sc2105,9-10
2021-05-06,1.4,"sc2202,sc2203",429.8,sc2106,9-10
2021-05-07,1.1,"sc2202,sc2203",424.1,sc2106,9-10
2021-05-10,1.5,"sc2202,sc2203",424.3,sc2106,9-10
2021-05-11,1.0,"sc2202,sc2203",420.8,sc2106,9-10
2021-05-12,1.1,"sc2202,sc2203",421.5,sc2106,9-10
2021-05-13,2.5,"sc2202,sc2203",429.0,sc2106,9-10
2021-05-14,1.2,"sc2202,sc2203",417.1,sc2106,9-10
2021-05-17,1.4,"sc2202,sc2203",425.7,sc2106,9-10
2021-05-18,-0.2,"sc2202,sc2203",434.2,sc2106,9-10
2021-05-19,1.9,"sc2202,sc2203",429.5,sc2106,9-10
2021-05-20,2.2,"sc2202,sc2203",409.5,sc2106,9-10
2021-05-21,-0.3,"sc2202,sc2203",403.2,sc2106,9-10
2021-05-24,1.0,"sc2202,sc2203",408.2,sc2106,9-10
2021-05-25,1.8,"sc2202,sc2203",423.4,sc2106,9-10
2021-05-26,2.0,"sc2202,sc2203",427.9,sc2106,9-10
2021-05-27,1.1,"sc2202,sc2203",428.8,sc2106,9-10
2021-05-28,0.4,"sc2202,sc2203",432.7,sc2106,9-10
2021-05-31,0.2,"sc2202,sc2203",427.6,sc2106,9-10
2021-06-01,-1.7,"sc2203,sc2204",433.9,sc2107,9-10
2021-06-02,-1.1,"sc2203,sc2204",439.9,sc2107,9-10
2021-06-03,-2.4,"sc2203,sc2204",445.4,sc2107,9-10
2021-06-04,-0.7,"sc2203,sc2204",443.2,sc2107,9-10
2021-06-07,-2.8,"sc2203,sc2204",447.3,sc2107,9-10
2021-06-08,-1.9,"sc2203,sc2204",444.1,sc2107,9-10
2021-06-09,-2.1,"sc2203,sc2204",449.4,sc2107,9-10
2021-06-10,-0.5,"sc2203,sc2204",447.7,sc2107,9-10
2021-06-11,-0.4,"sc2203,sc2204",450.2,sc2107,9-10
2021-06-15,-2.7,"sc2203,sc2204",455.8,sc2107,9-10
2021-06-16,-2.5,"sc2203,sc2204",459.2,sc2107,9-10
2021-06-17,0.0,"sc2203,sc2204",454.1,sc2107,9-10
2021-06-18,0.4,"sc2203,sc2204",443.0,sc2107,9-10
2021-06-21,-0.3,"sc2203,sc2204",443.5,sc2107,9-10
2021-06-22,-1.8,"sc2203,sc2204",449.4,sc2107,9-10
2021-06-23,-2.2,"sc2203,sc2204",453.3,sc2107,9-10
2021-06-24,-0.3,"sc2203,sc2204",457.6,sc2107,9-10
2021-06-25,-1.0,"sc2203,sc2204",457.2,sc2107,9-10
2021-06-28,-1.5,"sc2203,sc2204",459.6,sc2107,9-10
2021-06-29,-1.6,"sc2203,sc2204",449.3,sc2107,9-10
2021-06-30,2.6,"sc2203,sc2204",449.2,sc2107,9-10
2021-07-01,-0.7,"sc2204,sc2205",460.4,sc2108,9-10
2021-07-02,0.1,"sc2204,sc2205",467.8,sc2108,9-10
2021-07-05,-0.1,"sc2204,sc2205",468.4,sc2108,9-10
2021-07-06,-0.7,"sc2204,sc2205",473.1,sc2108,9-10
2021-07-07,-0.3,"sc2204,sc2205",455.8,sc2108,9-10
2021-07-08,1.3,"sc2204,sc2205",442.1,sc2108,9-10
2021-07-09,-0.3,"sc2204,sc2205",441.9,sc2108,9-10
2021-07-12,-1.0,"sc2204,sc2205",451.1,sc2108,9-10
2021-07-13,0.7,"sc2204,sc2205",450.9,sc2108,9-10
2021-07-14,0.5,"sc2204,sc2205",458.2,sc2108,9-10
2021-07-15,0.5,"sc2204,sc2205",449.6,sc2108,9-10
2021-07-16,0.3,"sc2204,sc2205",438.6,sc2108,9-10
2021-07-19,0.8,"sc2204,sc2205",431.7,sc2108,9-10
2021-07-20,-0.1,"sc2204,sc2205",410.0,sc2108,9-10
2021-07-21,0.2,"sc2204,sc2205",406.4,sc2108,9-10
2021-07-22,0.0,"sc2204,sc2205",416.6,sc2108,9-10
2021-07-23,-0.1,"sc2204,sc2205",427.2,sc2108,9-10
2021-07-26,0.5,"sc2204,sc2205",432.4,sc2108,9-10
2021-07-27,1.4,"sc2204,sc2205",439.0,sc2108,9-10
2021-07-28,0.1,"sc2204,sc2205",439.5,sc2108,9-10
2021-07-29,0.3,"sc2204,sc2205",447.9,sc2108,9-10
2021-07-30,1.7,"sc2204,sc2205",445.2,sc2108,9-10
2021-08-02,3.0,"sc2205,sc2206",452.9,sc2109,9-10
2021-08-03,1.5,"sc2205,sc2206",440.7,sc2109,9-10
2021-08-04,1.2,"sc2205,sc2206",433.5,sc2109,9-10
2021-08-05,-0.2,"sc2205,sc2206",428.3,sc2109,9-10
2021-08-06,1.9,"sc2205,sc2206",429.1,sc2109,9-10
2021-08-09,-0.5,"sc2205,sc2206",425.0,sc2109,9-10
2021-08-10,-0.2,"sc2205,sc2206",418.0,sc2109,9-10
2021-08-11,0.2,"sc2205,sc2206",430.6,sc2109,9-10
2021-08-12,0.6,"sc2205,sc2206",430.4,sc2109,9-10
2021-08-13,1.0,"sc2205,sc2206",431.4,sc2109,9-10
2021-08-16,0.5,"sc2205,sc2206",428.4,sc2109,9-10
2021-08-17,0.8,"sc2205,sc2206",423.6,sc2109,9-10
2021-08-18,-0.7,"sc2205,sc2206",423.9,sc2109,9-10
2021-08-19,-0.7,"sc2205,sc2206",418.7,sc2109,9-10
2021-08-20,1.2,"sc2205,sc2206",407.8,sc2109,9-10
2021-08-23,0.2,"sc2205,sc2206",403.6,sc2109,9-10
2021-08-24,2.0,"sc2205,sc2206",421.4,sc2109,9-10
2021-08-25,-0.2,"sc2205,sc2206",431.4,sc2109,9-10
2021-08-26,-0.4,"sc2205,sc2206",435.8,sc2109,9-10
2021-08-27,0.8,"sc2205,sc2206",438.6,sc2109,9-10
2021-08-30,2.0,"sc2205,sc2206",445.3,sc2109,9-10
2021-08-31,0.8,"sc2205,sc2206",450.2,sc2109,9-10
2021-09-01,-0.4,"sc2206,sc2207",440.5,sc2110,9-10
2021-09-02,-0.2,"sc2206,sc2207",439.3,sc2110,9-10
2021-09-03,1.0,"sc2206,sc2207",456.2,sc2110,9-10
2021-09-06,1.6,"sc2206,sc2207",451.4,sc2110,9-10
2021-09-07,0.8,"sc2206,sc2207",453.8,sc2110,9-10
2021-09-08,0.3,"sc2206,sc2207",450.9,sc2110,9-10
2021-09-09,-0.4,"sc2206,sc2207",454.8,sc2110,9-10
2021-09-10,-0.2,"sc2206,sc2207",454.6,sc2110,9-10
2021-09-13,0.0,"sc2206,sc2207",461.2,sc2110,9-10
2021-09-14,0.3,"sc2206,sc2207",463.0,sc2110,9-10
2021-09-15,0.9,"sc2206,sc2207",461.9,sc2110,9-10
2021-09-16,1.3,"sc2206,sc2207",473.4,sc2110,9-10
2021-09-17,0.6,"sc2206,sc2207",477.1,sc2110,9-10
2021-09-22,1.7,"sc2206,sc2207",469.0,sc2110,9-10
2021-09-23,1.5,"sc2206,sc2207",469.4,sc2110,9-10
2021-09-24,2.2,"sc2207,sc2208",485.1,sc2111,9-10
2021-09-27,2.0,"sc2207,sc2208",492.1,sc2111,9-10
2021-09-28,1.7,"sc2207,sc2208",501.8,sc2111,9-10
2021-09-29,3.5,"sc2207,sc2208",495.4,sc2111,9-10
2021-09-30,2.7,"sc2207,sc2208",495.9,sc2111,9-10
2021-10-08,2.1,"sc2207,sc2208",527.1,sc2111,9-10
2021-10-11,1.6,"sc2207,sc2208",526.8,sc2111,9-10
2021-10-12,2.2,"sc2207,sc2208",531.6,sc2111,9-10
2021-10-13,2.1,"sc2207,sc2208",528.3,sc2111,9-10
2021-10-14,2.0,"sc2207,sc2208",521.5,sc2111,9-10
2021-10-15,2.4,"sc2207,sc2208",525.5,sc2111,9-10
2021-10-18,2.1,"sc2207,sc2208",533.6,sc2111,9-10
2021-10-19,2.6,"sc2207,sc2208",528.6,sc2111,9-10
2021-10-20,2.2,"sc2207,sc2208",531.2,sc2111,9-10
2021-10-21,1.8,"sc2207,sc2208",531.5,sc2111,9-10
2021-10-22,2.1,"sc2207,sc2208",525.1,sc2111,9-10
2021-10-25,1.8,"sc2207,sc2208",527.7,sc2111,9-10
2021-10-26,1.0,"sc2207,sc2208",527.3,sc2111,9-10
2021-10-27,2.5,"sc2207,sc2208",525.3,sc2111,9-10
2021-10-28,2.7,"sc2207,sc2208",511.2,sc2111,9-10
2021-10-29,2.5,"sc2207,sc2208",495.5,sc2111,9-10
2021-11-01,2.3,"sc2208,sc2209",521.7,sc2112,9-10
2021-11-02,3.7,"sc2208,sc2209",531.6,sc2112,9-10
2021-11-03,3.3,"sc2208,sc2209",526.7,sc2112,9-10
2021-11-04,2.7,"sc2208,sc2209",513.0,sc2112,9-10
2021-11-05,3.4,"sc2208,sc2209",513.6,sc2112,9-10
2021-11-08,3.1,"sc2208,sc2209",524.0,sc2112,9-10
2021-11-09,3.0,"sc2208,sc2209",526.3,sc2112,9-10
2021-11-10,2.9,"sc2208,sc2209",531.6,sc2112,9-10
2021-11-11,2.4,"sc2208,sc2209",525.9,sc2112,9-10
2021-11-12,2.3,"sc2208,sc2209",517.3,sc2112,9-10
2021-11-15,2.8,"sc2208,sc2209",513.4,sc2112,9-10
2021-11-16,3.8,"sc2208,sc2209",511.9,sc2112,9-10
2021-11-17,2.6,"sc2208,sc2209",515.0,sc2112,9-10
2021-11-18,2.8,"sc2208,sc2209",511.6,sc2112,9-10
2021-11-19,4.8,"sc2208,sc2209",513.5,sc2112,9-10
2021-11-22,3.7,"sc2208,sc2209",501.9,sc2112,9-10
2021-11-23,4.2,"sc2208,sc2209",504.8,sc2112,9-10
2021-11-24,3.5,"sc2208,sc2209",518.8,sc2112,9-10
2021-11-25,3.4,"sc2208,sc2209",521.7,sc2112,9-10
2021-11-26,2.5,"sc2208,sc2209",505.0,sc2112,9-10
2021-11-29,2.1,"sc2208,sc2209",495.6,sc2112,9-10
2021-11-30,0.6,"sc2208,sc2209",478.8,sc2112,9-10
2021-12-01,0.0,"sc2209,sc2210",445.0,sc2201,9-10
2021-12-02,1.8,"sc2209,sc2210",444.1,sc2201,9-10
2021-12-03,-1.0,"sc2209,sc2210",439.2,sc2201,9-10
2021-12-06,-0.8,"sc2209,sc2210",450.6,sc2201,9-10
2021-12-07,1.4,"sc2209,sc2210",457.6,sc2201,9-10
2021-12-08,1.2,"sc2209,sc2210",473.8,sc2201,9-10
2021-12-09,0.9,"sc2209,sc2210",476.0,sc2201,9-10
2021-12-10,-0.2,"sc2209,sc2210",472.9,sc2201,9-10
2021-12-13,1.3,"sc2209,sc2210",477.0,sc2201,9-10
2021-12-14,2.3,"sc2209,sc2210",474.2,sc2201,9-10
2021-12-15,1.3,"sc2209,sc2210",460.0,sc2201,9-10
2021-12-16,1.8,"sc2209,sc2210",467.4,sc2201,9-10
2021-12-17,2.5,"sc2209,sc2210",474.7,sc2201,9-10
2021-12-20,2.0,"sc2209,sc2210",466.2,sc2201,9-10
2021-12-21,1.3,"sc2209,sc2210",453.1,sc2201,9-10
2021-12-22,0.5,"sc2209,sc2210",456.2,sc2201,9-10
2021-12-23,1.9,"sc2210,sc2211",470.0,sc2202,9-10
2021-12-24,0.2,"sc2210,sc2211",475.6,sc2202,9-10
2021-12-27,0.2,"sc2210,sc2211",475.5,sc2202,9-10
2021-12-28,1.6,"sc2210,sc2211",487.0,sc2202,9-10
2021-12-29,1.2,"sc2210,sc2211",492.8,sc2202,9-10
2021-12-30,3.2,"sc2210,sc2211",494.5,sc2202,9-10
2021-12-31,2.4,"sc2210,sc2211",496.8,sc2202,9-10
2022-01-04,3.0,"sc2210,sc2211",496.9,sc2202,9-10
2022-01-05,2.2,"sc2210,sc2211",501.1,sc2202,9-10
2022-01-06,2.0,"sc2210,sc2211",504.6,sc2202,9-10
2022-01-07,1.9,"sc2210,sc2211",516.4,sc2202,9-10
2022-01-10,3.1,"sc2210,sc2211",511.1,sc2202,9-10
2022-01-11,3.0,"sc2210,sc2211",508.9,sc2202,9-10
2022-01-12,2.9,"sc2210,sc2211",514.8,sc2202,9-10
2022-01-13,2.2,"sc2210,sc2211",526.0,sc2202,9-10
2022-01-14,4.6,"sc2210,sc2211",530.7,sc2202,9-10
2022-01-17,3.6,"sc2210,sc2211",538.5,sc2202,9-10
2022-01-18,4.6,"sc2210,sc2211",541.1,sc2202,9-10
2022-01-19,4.2,"sc2210,sc2211",547.6,sc2202,9-10
2022-01-20,4.1,"sc2210,sc2211",547.7,sc2202,9-10
2022-01-21,4.2,"sc2210,sc2211",557.1,sc2202,9-10
2022-01-24,3.6,"sc2211,sc2212",541.6,sc2203,9-10
2022-01-25,1.8,"sc2211,sc2212",530.4,sc2203,9-10
2022-01-26,2.2,"sc2211,sc2212",534.3,sc2203,9-10
2022-01-27,1.5,"sc2211,sc2212",545.5,sc2203,9-10
2022-01-28,2.3,"sc2211,sc2212",542.0,sc2203,9-10
2022-02-07,1.0,"sc2211,sc2212",567.3,sc2203,9-10
2022-02-08,2.0,"sc2211,sc2212",558.7,sc2203,9-10
2022-02-09,1.7,"sc2211,sc2212",547.5,sc2203,9-10
2022-02-10,1.3,"sc2211,sc2212",549.1,sc2203,9-10
2022-02-11,2.0,"sc2211,sc2212",553.3,sc2203,9-10
2022-02-14,2.8,"sc2211,sc2212",562.5,sc2203,9-10
2022-02-15,5.0,"sc2211,sc2212",566.5,sc2203,9-10
2022-02-16,3.8,"sc2211,sc2212",554.8,sc2203,9-10
2022-02-17,3.4,"sc2211,sc2212",560.8,sc2203,9-10
2022-02-18,5.1,"sc2211,sc2212",559.7,sc2203,9-10
2022-02-21,5.2,"sc2211,sc2212",561.4,sc2203,9-10
2022-02-22,3.7,"sc2211,sc2212",580.9,sc2203,9-10
2022-02-23,2.9,"sc2211,sc2212",585.3,sc2203,9-10
2022-02-24,3.7,"sc2211,sc2212",593.9,sc2203,9-10
2022-02-25,2.8,"sc2211,sc2212",613.8,sc2203,9-10
2022-02-28,1.9,"sc2211,sc2212",591.8,sc2203,9-10
2022-03-01,6.0,"sc2212,sc2301",615.9,sc2204,9-10
2022-03-02,7.5,"sc2212,sc2301",654.2,sc2204,9-10
2022-03-03,13.8,"sc2212,sc2301",699.5,sc2204,9-10
2022-03-04,12.5,"sc2212,sc2301",704.8,sc2204,9-10
2022-03-07,18.5,"sc2212,sc2301",723.6,sc2204,9-10
2022-03-08,17.7,"sc2212,sc2301",765.8,sc2204,9-10
2022-03-09,18.0,"sc2212,sc2301",806.9,sc2204,9-10
2022-03-10,14.2,"sc2212,sc2301",726.1,sc2204,9-10
2022-03-11,10.8,"sc2212,sc2301",691.9,sc2204,9-10
2022-03-14,9.7,"sc2212,sc2301",683.0,sc2204,9-10
2022-03-15,9.2,"sc2212,sc2301",645.7,sc2204,9-10
2022-03-16,6.7,"sc2212,sc2301",622.9,sc2204,9-10
2022-03-17,11.4,"sc2212,sc2301",615.8,sc2204,9-10
2022-03-18,2.1,"sc2212,sc2301",657.0,sc2204,9-10
2022-03-21,8.0,"sc2212,sc2301",678.9,sc2204,9-10
2022-03-22,7.8,"sc2212,sc2301",722.8,sc2204,9-10
2022-03-23,9.4,"sc2212,sc2301",717.8,sc2204,9-10
2022-03-24,6.8,"sc2212,sc2301",760.1,sc2204,9-10
2022-03-25,7.9,"sc2212,sc2301",753.4,sc2204,9-10
2022-03-28,4.4,"sc2212,sc2301",742.4,sc2204,9-10
2022-03-29,10.0,"sc2212,sc2301",706.2,sc2204,9-10
2022-03-30,9.7,"sc2212,sc2301",678.2,sc2204,9-10
2022-03-31,8.6,"sc2212,sc2301",675.2,sc2204,9-10
2022-04-01,9.1,"sc2301,sc2302",666.4,sc2205,9-10
2022-04-06,12.9,"sc2301,sc2302",675.4,sc2205,9-10
2022-04-07,8.0,"sc2301,sc2302",643.1,sc2205,9-10
2022-04-08,3.6,"sc2301,sc2302",617.3,sc2205,9-10
2022-04-11,2.8,"sc2301,sc2302",625.8,sc2205,9-10
2022-04-12,3.5,"sc2301,sc2302",618.4,sc2205,9-10
2022-04-13,2.8,"sc2301,sc2302",649.9,sc2205,9-10
2022-04-14,0.6,"sc2301,sc2302",665.8,sc2205,9-10
2022-04-15,4.3,"sc2301,sc2302",679.7,sc2205,9-10
2022-04-18,1.2,"sc2301,sc2302",694.1,sc2205,9-10
2022-04-19,1.1,"sc2301,sc2302",705.9,sc2205,9-10
2022-04-20,4.7,"sc2301,sc2302",674.5,sc2205,9-10
2022-04-21,4.7,"sc2301,sc2302",674.4,sc2205,9-10
2022-04-22,4.7,"sc2301,sc2302",680.5,sc2205,9-10
2022-04-25,4.9,"sc2301,sc2302",662.4,sc2205,9-10
2022-04-26,3.6,"sc2301,sc2302",637.6,sc2205,9-10
2022-04-27,3.7,"sc2301,sc2302",663.8,sc2205,9-10
2022-04-28,3.8,"sc2301,sc2302",659.1,sc2205,9-10
2022-04-29,4.5,"sc2301,sc2302",671.2,sc2205,9-10
2022-05-05,5.0,"sc2302,sc2303",692.4,sc2206,9-10
2022-05-06,7.1,"sc2302,sc2303",696.4,sc2206,9-10
2022-05-09,6.4,"sc2302,sc2303",705.6,sc2206,9-10
2022-05-10,3.9,"sc2302,sc2303",669.8,sc2206,9-10
2022-05-11,4.8,"sc2302,sc2303",656.1,sc2206,9-10
2022-05-12,7.1,"sc2302,sc2303",680.0,sc2206,9-10
2022-05-13,9.0,"sc2302,sc2303",692.4,sc2206,9-10
2022-05-16,5.8,"sc2302,sc2303",704.6,sc2206,9-10
2022-05-17,7.0,"sc2302,sc2303",721.8,sc2206,9-10
2022-05-18,6.6,"sc2302,sc2303",721.9,sc2206,9-10
2022-05-19,2.1,"sc2302,sc2303",698.6,sc2206,9-10
2022-05-20,3.5,"sc2302,sc2303",699.8,sc2206,9-10
2022-05-23,6.6,"sc2302,sc2303",706.2,sc2206,9-10
2022-05-24,7.3,"sc2302,sc2303",699.0,sc2206,9-10
2022-05-25,8.8,"sc2302,sc2303",710.8,sc2206,9-10
2022-05-26,13.4,"sc2302,sc2303",716.1,sc2206,9-10
2022-05-27,12.3,"sc2302,sc2303",740.4,sc2206,9-10
2022-05-30,11.8,"sc2302,sc2303",724.3,sc2206,9-10
2022-05-31,8.0,"sc2302,sc2303",737.3,sc2206,9-10
2022-06-01,4.9,"sc2303,sc2304",741.1,sc2207,9-10
2022-06-02,10.7,"sc2303,sc2304",728.8,sc2207,9-10
2022-06-06,7.8,"sc2303,sc2304",750.3,sc2207,9-10
2022-06-07,7.6,"sc2303,sc2304",748.7,sc2207,9-10
2022-06-08,6.5,"sc2303,sc2304",753.8,sc2207,9-10
2022-06-09,3.6,"sc2303,sc2304",771.4,sc2207,9-10
2022-06-10,8.9,"sc2303,sc2304",770.5,sc2207,9-10
2022-06-13,10.0,"sc2303,sc2304",756.8,sc2207,9-10
2022-06-14,8.2,"sc2303,sc2304",768.0,sc2207,9-10
2022-06-15,4.9,"sc2303,sc2304",770.6,sc2207,9-10
2022-06-16,7.9,"sc2303,sc2304",748.2,sc2207,9-10
2022-06-17,9.7,"sc2303,sc2304",731.7,sc2207,9-10
2022-06-20,9.6,"sc2303,sc2304",704.3,sc2207,9-10
2022-06-21,7.1,"sc2303,sc2304",702.2,sc2207,9-10
2022-06-22,7.1,"sc2303,sc2304",703.7,sc2207,9-10
2022-06-23,7.8,"sc2303,sc2304",687.6,sc2207,9-10
2022-06-24,5.8,"sc2303,sc2304",684.0,sc2207,9-10
2022-06-27,6.0,"sc2303,sc2304",689.6,sc2207,9-10
2022-06-28,3.7,"sc2303,sc2304",707.1,sc2207,9-10
2022-06-29,5.5,"sc2303,sc2304",715.0,sc2207,9-10
2022-06-30,7.5,"sc2303,sc2304",731.1,sc2207,9-10
2022-07-01,8.0,"sc2304,sc2305",704.4,sc2208,9-10
2022-07-04,9.4,"sc2304,sc2305",711.7,sc2208,9-10
2022-07-05,7.3,"sc2304,sc2305",727.5,sc2208,9-10
2022-07-06,10.6,"sc2304,sc2305",674.2,sc2208,9-10
2022-07-07,7.8,"sc2304,sc2305",644.9,sc2208,9-10
2022-07-08,7.8,"sc2304,sc2305",676.8,sc2208,9-10
2022-07-11,6.3,"sc2304,sc2305",686.1,sc2208,9-10
2022-07-12,7.6,"sc2304,sc2305",680.6,sc2208,9-10
2022-07-13,7.6,"sc2304,sc2305",650.2,sc2208,9-10
2022-07-14,7.4,"sc2304,sc2305",650.8,sc2208,9-10
2022-07-15,7.1,"sc2304,sc2305",641.1,sc2208,9-10
2022-07-18,6.1,"sc2304,sc2305",668.0,sc2208,9-10
2022-07-19,5.4,"sc2304,sc2305",697.5,sc2208,9-10
2022-07-20,5.5,"sc2304,sc2305",704.9,sc2208,9-10
2022-07-21,6.6,"sc2304,sc2305",706.9,sc2208,9-10
2022-07-22,6.4,"sc2304,sc2305",695.8,sc2208,9-10
2022-07-25,5.8,"sc2304,sc2305",697.9,sc2208,9-10
2022-07-26,5.9,"sc2304,sc2305",704.3,sc2208,9-10
2022-07-27,6.2,"sc2304,sc2305",661.3,sc2208,9-10
2022-07-28,4.2,"sc2304,sc2305",676.1,sc2208,9-10
2022-07-29,5.8,"sc2304,sc2305",730.3,sc2208,9-10
2022-08-01,9.4,"sc2305,sc2306",698.1,sc2209,9-10
2022-08-02,5.2,"sc2305,sc2306",672.7,sc2209,9-10
2022-08-03,7.7,"sc2305,sc2306",681.6,sc2209,9-10
2022-08-04,4.6,"sc2305,sc2306",667.1,sc2209,9-10
2022-08-05,4.9,"sc2305,sc2306",650.3,sc2209,9-10
2022-08-08,5.8,"sc2305,sc2306",659.6,sc2209,9-10
2022-08-09,5.2,"sc2305,sc2306",665.7,sc2209,9-10
2022-08-10,2.3,"sc2305,sc2306",676.5,sc2209,9-10
2022-08-11,5.2,"sc2305,sc2306",682.6,sc2209,9-10
2022-08-12,7.0,"sc2305,sc2306",698.9,sc2209,9-10
2022-08-15,8.5,"sc2305,sc2306",695.9,sc2209,9-10
2022-08-16,7.7,"sc2305,sc2306",685.6,sc2209,9-10
2022-08-17,7.4,"sc2305,sc2306",690.7,sc2209,9-10
2022-08-18,5.2,"sc2305,sc2306",698.6,sc2209,9-10
2022-08-19,5.6,"sc2305,sc2306",725.4,sc2209,9-10
2022-08-22,6.3,"sc2305,sc2306",749.9,sc2209,9-10
2022-08-23,5.8,"sc2305,sc2306",747.2,sc2209,9-10
2022-08-24,6.8,"sc2305,sc2306",765.8,sc2209,9-10
2022-08-25,6.1,"sc2305,sc2306",790.6,sc2209,9-10
2022-08-26,3.0,"sc2305,sc2306",787.3,sc2209,9-10
2022-08-29,5.7,"sc2305,sc2306",726.4,sc2209,9-10
2022-08-30,5.4,"sc2305,sc2306",738.7,sc2209,9-10
2022-08-31,5.9,"sc2305,sc2306",724.7,sc2209,9-10
2022-09-01,7.8,"sc2306,sc2307",705.5,sc2210,9-10
2022-09-02,9.4,"sc2306,sc2307",694.7,sc2210,9-10
2022-09-05,8.8,"sc2306,sc2307",696.2,sc2210,9-10
2022-09-06,3.3,"sc2306,sc2307",707.4,sc2210,9-10
2022-09-07,7.0,"sc2306,sc2307",688.4,sc2210,9-10
2022-09-08,8.6,"sc2306,sc2307",673.8,sc2210,9-10
2022-09-09,6.2,"sc2306,sc2307",670.0,sc2210,9-10
2022-09-13,4.0,"sc2306,sc2307",705.6,sc2210,9-10
2022-09-14,2.3,"sc2306,sc2307",691.6,sc2210,9-10
2022-09-15,4.0,"sc2306,sc2307",718.3,sc2210,9-10
2022-09-16,3.0,"sc2306,sc2307",712.2,sc2210,9-10
2022-09-19,8.6,"sc2306,sc2307",709.2,sc2210,9-10
2022-09-20,4.7,"sc2306,sc2307",707.4,sc2210,9-10
2022-09-21,4.5,"sc2306,sc2307",674.3,sc2210,9-10
2022-09-22,4.5,"sc2306,sc2307",653.6,sc2210,9-10
2022-09-23,4.0,"sc2306,sc2307",645.8,sc2210,9-10
2022-09-26,5.9,"sc2307,sc2308",624.8,sc2211,9-10
2022-09-27,7.3,"sc2307,sc2308",612.0,sc2211,9-10
2022-09-28,8.3,"sc2307,sc2308",612.2,sc2211,9-10
2022-09-29,5.3,"sc2307,sc2308",628.6,sc2211,9-10
2022-09-30,5.5,"sc2307,sc2308",631.5,sc2211,9-10
2022-10-10,6.4,"sc2307,sc2308",699.6,sc2211,9-10
2022-10-11,5.1,"sc2307,sc2308",702.2,sc2211,9-10
2022-10-12,4.5,"sc2307,sc2308",688.2,sc2211,9-10
2022-10-13,6.0,"sc2307,sc2308",684.8,sc2211,9-10
2022-10-14,6.1,"sc2307,sc2308",689.7,sc2211,9-10
2022-10-17,6.7,"sc2307,sc2308",676.7,sc2211,9-10
2022-10-18,4.3,"sc2307,sc2308",677.9,sc2211,9-10
2022-10-19,3.1,"sc2307,sc2308",665.4,sc2211,9-10
2022-10-20,3.1,"sc2307,sc2308",667.1,sc2211,9-10
2022-10-21,1.1,"sc2307,sc2308",669.6,sc2211,9-10
2022-10-24,0.4,"sc2307,sc2308",670.1,sc2211,9-10
2022-10-25,1.5,"sc2307,sc2308",669.9,sc2211,9-10
2022-10-26,4.1,"sc2307,sc2308",671.3,sc2211,9-10
2022-10-27,3.5,"sc2307,sc2308",677.4,sc2211,9-10
2022-10-28,-0.2,"sc2307,sc2308",684.9,sc2211,9-10
2022-10-31,2.2,"sc2307,sc2308",686.8,sc2211,9-10
2022-11-01,4.6,"sc2308,sc2309",685.5,sc2212,9-10
2022-11-02,4.5,"sc2308,sc2309",696.3,sc2212,9-10
2022-11-03,6.9,"sc2308,sc2309",698.4,sc2212,9-10
2022-11-04,5.0,"sc2308,sc2309",699.9,sc2212,9-10
2022-11-07,3.1,"sc2308,sc2309",715.4,sc2212,9-10
2022-11-08,3.8,"sc2308,sc2309",716.5,sc2212,9-10
2022-11-09,2.8,"sc2308,sc2309",700.6,sc2212,9-10
2022-11-10,3.5,"sc2308,sc2309",677.4,sc2212,9-10
2022-11-11,4.5,"sc2308,sc2309",673.8,sc2212,9-10
2022-11-14,3.9,"sc2308,sc2309",677.5,sc2212,9-10
2022-11-15,5.1,"sc2308,sc2309",658.4,sc2212,9-10
2022-11-16,5.2,"sc2308,sc2309",647.0,sc2212,9-10
2022-11-17,2.9,"sc2308,sc2309",636.7,sc2212,9-10
2022-11-18,3.7,"sc2308,sc2309",623.1,sc2212,9-10
2022-11-21,2.0,"sc2308,sc2309",601.6,sc2212,9-10
2022-11-22,3.6,"sc2308,sc2309",591.8,sc2212,9-10
2022-11-23,2.2,"sc2308,sc2309",601.9,sc2212,9-10
2022-11-24,0.2,"sc2308,sc2309",575.0,sc2212,9-10
2022-11-25,-1.9,"sc2308,sc2309",576.1,sc2212,9-10
2022-11-28,-0.6,"sc2308,sc2309",556.0,sc2212,9-10
2022-11-29,0.5,"sc2308,sc2309",554.9,sc2212,9-10
2022-11-30,0.3,"sc2308,sc2309",579.2,sc2212,9-10
2022-12-01,0.4,"sc2309,sc2310",578.9,sc2301,9-10
2022-12-02,1.2,"sc2309,sc2310",577.7,sc2301,9-10
2022-12-05,0.0,"sc2309,sc2310",570.0,sc2301,9-10
2022-12-06,1.8,"sc2309,sc2310",552.6,sc2301,9-10
2022-12-07,1.4,"sc2309,sc2310",523.3,sc2301,9-10
2022-12-08,-0.1,"sc2309,sc2310",512.6,sc2301,9-10
2022-12-09,-0.9,"sc2309,sc2310",505.1,sc2301,9-10
2022-12-12,-0.9,"sc2309,sc2310",501.6,sc2301,9-10
2022-12-13,0.1,"sc2309,sc2310",510.2,sc2301,9-10
2022-12-14,0.3,"sc2309,sc2310",521.7,sc2301,9-10
2022-12-15,0.1,"sc2309,sc2310",530.3,sc2301,9-10
2022-12-16,-1.7,"sc2309,sc2310",528.4,sc2301,9-10
2022-12-19,-1.9,"sc2309,sc2310",520.0,sc2301,9-10
2022-12-20,-1.4,"sc2309,sc2310",528.4,sc2301,9-10
2022-12-21,-1.9,"sc2309,sc2310",529.2,sc2301,9-10
2022-12-22,-2.9,"sc2309,sc2310",538.0,sc2301,9-10
2022-12-23,2.5,"sc2310,sc2311",546.8,sc2302,9-10
2022-12-26,0.5,"sc2310,sc2311",559.7,sc2302,9-10
2022-12-27,0.0,"sc2310,sc2311",562.5,sc2302,9-10
2022-12-28,1.8,"sc2310,sc2311",565.5,sc2302,9-10
2022-12-29,3.1,"sc2310,sc2311",552.9,sc2302,9-10
2022-12-30,-0.2,"sc2310,sc2311",553.7,sc2302,9-10
2023-01-03,-18.8,"sc2310,sc2311",564.2,sc2302,9-10
2023-01-04,0.0,"sc2310,sc2311",549.9,sc2302,9-10
2023-01-05,4.5,"sc2310,sc2311",521.1,sc2302,9-10
2023-01-06,1.7,"sc2310,sc2311",525.5,sc2302,9-10
2023-01-09,1.6,"sc2310,sc2311",525.7,sc2302,9-10
2023-01-10,1.8,"sc2310,sc2311",524.4,sc2302,9-10
2023-01-11,1.3,"sc2310,sc2311",519.5,sc2302,9-10
2023-01-12,0.9,"sc2310,sc2311",527.3,sc2302,9-10
2023-01-13,0.7,"sc2310,sc2311",538.8,sc2302,9-10
2023-01-16,1.9,"sc2310,sc2311",539.4,sc2302,9-10
2023-01-17,-2.1,"sc2311,sc2312",544.2,sc2303,9-10
2023-01-18,1.8,"sc2311,sc2312",559.6,sc2303,9-10
2023-01-19,1.3,"sc2311,sc2312",556.2,sc2303,9-10
2023-01-20,3.2,"sc2311,sc2312",559.8,sc2303,9-10
2023-01-30,-19.6,"sc2311,sc2312",560.0,sc2303,9-10
2023-01-31,-0.7,"sc2311,sc2312",546.6,sc2303,9-10
2023-02-01,-2.2,"sc2311,sc2312",548.4,sc2303,9-10
2023-02-02,1.0,"sc2311,sc2312",540.8,sc2303,9-10
2023-02-03,0.0,"sc2311,sc2312",532.3,sc2303,9-10
2023-02-06,1.5,"sc2311,sc2312",526.5,sc2303,9-10
2023-02-07,-1.4,"sc2311,sc2312",523.8,sc2303,9-10
2023-02-08,-1.5,"sc2311,sc2312",537.9,sc2303,9-10
2023-02-09,0.2,"sc2311,sc2312",550.9,sc2303,9-10
2023-02-10,2.9,"sc2311,sc2312",552.6,sc2303,9-10
2023-02-13,3.4,"sc2311,sc2312",563.0,sc2303,9-10
2023-02-14,0.9,"sc2311,sc2312",566.3,sc2303,9-10
2023-02-15,0.1,"sc2311,sc2312",567.9,sc2303,9-10
2023-02-16,-0.1,"sc2311,sc2312",572.4,sc2303,9-10
2023-02-17,1.3,"sc2311,sc2312",579.1,sc2303,9-10
2023-02-20,-0.9,"sc2311,sc2312",559.1,sc2303,9-10
2023-02-21,-1.0,"sc2311,sc2312",557.0,sc2303,9-10
2023-02-22,-1.2,"sc2311,sc2312",556.1,sc2303,9-10
2023-02-23,-2.6,"sc2311,sc2312",552.0,sc2303,9-10
2023-02-24,-1.5,"sc2311,sc2312",548.6,sc2303,9-10
2023-02-27,-0.2,"sc2311,sc2312",561.2,sc2303,9-10
2023-02-28,-1.5,"sc2311,sc2312",553.0,sc2303,9-10
2023-03-01,1.0,"sc2312,sc2401",556.5,sc2304,9-10
2023-03-02,1.9,"sc2312,sc2401",556.0,sc2304,9-10
2023-03-03,1.8,"sc2312,sc2401",566.5,sc2304,9-10
2023-03-06,1.8,"sc2312,sc2401",568.7,sc2304,9-10
2023-03-07,2.5,"sc2312,sc2401",579.2,sc2304,9-10
2023-03-08,6.2,"sc2312,sc2401",571.1,sc2304,9-10
2023-03-09,5.6,"sc2312,sc2401",560.5,sc2304,9-10
2023-03-10,5.9,"sc2312,sc2401",557.3,sc2304,9-10
2023-03-13,4.4,"sc2312,sc2401",551.7,sc2304,9-10
2023-03-14,4.6,"sc2312,sc2401",535.6,sc2304,9-10
2023-03-15,2.7,"sc2312,sc2401",526.7,sc2304,9-10
2023-03-16,4.3,"sc2312,sc2401",496.4,sc2304,9-10
2023-03-17,1.6,"sc2312,sc2401",496.1,sc2304,9-10
2023-03-20,2.2,"sc2312,sc2401",490.2,sc2304,9-10
2023-03-21,0.3,"sc2312,sc2401",486.1,sc2304,9-10
2023-03-22,0.0,"sc2312,sc2401",497.7,sc2304,9-10
2023-03-23,0.3,"sc2312,sc2401",504.4,sc2304,9-10
2023-03-24,0.6,"sc2312,sc2401",505.2,sc2304,9-10
2023-03-27,0.2,"sc2312,sc2401",498.0,sc2304,9-10
2023-03-28,-1.4,"sc2312,sc2401",514.8,sc2304,9-10
2023-03-29,1.3,"sc2312,sc2401",524.3,sc2304,9-10
2023-03-30,1.4,"sc2312,sc2401",525.8,sc2304,9-10
2023-03-31,1.7,"sc2312,sc2401",531.0,sc2304,9-10
2023-04-03,2.3,"sc2401,sc2402",547.2,sc2305,9-10
2023-04-04,2.4,"sc2401,sc2402",576.9,sc2305,9-10
2023-04-06,3.4,"sc2401,sc2402",583.0,sc2305,9-10
2023-04-07,3.8,"sc2401,sc2402",586.9,sc2305,9-10
2023-04-10,3.1,"sc2401,sc2402",589.3,sc2305,9-10
2023-04-11,3.6,"sc2401,sc2402",586.3,sc2305,9-10
2023-04-12,2.4,"sc2401,sc2402",591.9,sc2305,9-10
2023-04-13,2.4,"sc2401,sc2402",601.8,sc2305,9-10
2023-04-14,2.5,"sc2401,sc2402",597.4,sc2305,9-10
2023-04-17,4.3,"sc2401,sc2402",599.2,sc2305,9-10
2023-04-18,6.8,"sc2401,sc2402",597.5,sc2305,9-10
2023-04-19,3.3,"sc2401,sc2402",593.6,sc2305,9-10
2023-04-20,1.3,"sc2401,sc2402",580.9,sc2305,9-10
2023-04-21,0.2,"sc2401,sc2402",566.6,sc2305,9-10
2023-04-24,0.4,"sc2401,sc2402",565.4,sc2305,9-10
2023-04-25,0.2,"sc2401,sc2402",566.9,sc2305,9-10
2023-04-26,0.8,"sc2401,sc2402",561.8,sc2305,9-10
2023-04-27,1.4,"sc2401,sc2402",534.9,sc2305,9-10
2023-04-28,1.7,"sc2401,sc2402",545.9,sc2305,9-10
2023-05-04,2.8,"sc2402,sc2403",494.9,sc2306,9-10
2023-05-05,0.4,"sc2402,sc2403",491.7,sc2306,9-10
2023-05-08,-0.4,"sc2402,sc2403",508.7,sc2306,9-10
2023-05-09,2.0,"sc2402,sc2403",518.9,sc2306,9-10
2023-05-10,1.0,"sc2402,sc2403",517.5,sc2306,9-10
2023-05-11,0.4,"sc2402,sc2403",514.7,sc2306,9-10
2023-05-12,0.7,"sc2402,sc2403",502.1,sc2306,9-10
2023-05-15,-0.4,"sc2402,sc2403",496.2,sc2306,9-10
2023-05-16,0.1,"sc2402,sc2403",505.7,sc2306,9-10
2023-05-17,-0.1,"sc2402,sc2403",504.1,sc2306,9-10
2023-05-18,0.3,"sc2402,sc2403",512.7,sc2306,9-10
2023-05-19,1.4,"sc2402,sc2403",514.4,sc2306,9-10
2023-05-22,0.7,"sc2402,sc2403",509.6,sc2306,9-10
2023-05-23,-0.1,"sc2402,sc2403",513.7,sc2306,9-10
2023-05-24,0.2,"sc2402,sc2403",523.5,sc2306,9-10
2023-05-25,0.8,"sc2402,sc2403",529.4,sc2306,9-10
2023-05-26,1.2,"sc2402,sc2403",516.7,sc2306,9-10
2023-05-29,1.0,"sc2402,sc2403",527.4,sc2306,9-10
2023-05-30,1.0,"sc2402,sc2403",528.2,sc2306,9-10
2023-05-31,0.8,"sc2402,sc2403",517.5,sc2306,9-10
2023-06-01,1.5,"sc2403,sc2404",501.9,sc2307,9-10
2023-06-02,1.8,"sc2403,sc2404",511.8,sc2307,9-10
2023-06-05,1.0,"sc2403,sc2404",523.7,sc2307,9-10
2023-06-06,0.9,"sc2403,sc2404",528.0,sc2307,9-10
2023-06-07,0.8,"sc2403,sc2404",524.1,sc2307,9-10
2023-06-08,0.6,"sc2403,sc2404",534.2,sc2307,9-10
2023-06-09,0.9,"sc2403,sc2404",527.3,sc2307,9-10
2023-06-12,0.9,"sc2403,sc2404",523.1,sc2307,9-10
2023-06-13,1.0,"sc2403,sc2404",506.3,sc2307,9-10
2023-06-14,1.2,"sc2403,sc2404",519.6,sc2307,9-10
2023-06-15,1.0,"sc2403,sc2404",517.6,sc2307,9-10
2023-06-16,1.6,"sc2403,sc2404",525.1,sc2307,9-10
2023-06-19,1.3,"sc2403,sc2404",530.0,sc2307,9-10
2023-06-20,1.3,"sc2403,sc2404",533.6,sc2307,9-10
2023-06-21,1.0,"sc2403,sc2404",542.5,sc2307,9-10
2023-06-26,-0.3,"sc2403,sc2404",539.3,sc2307,9-10
2023-06-27,-0.6,"sc2403,sc2404",541.1,sc2307,9-10
2023-06-28,-0.4,"sc2403,sc2404",534.6,sc2307,9-10
2023-06-29,0.3,"sc2403,sc2404",539.1,sc2307,9-10
2023-06-30,0.4,"sc2403,sc2404",542.1,sc2307,9-10
2023-07-03,1.4,"sc2404,sc2405",551.7,sc2308,9-10
2023-07-04,1.5,"sc2404,sc2405",551.0,sc2308,9-10
2023-07-05,3.7,"sc2404,sc2405",553.8,sc2308,9-10
2023-07-06,2.5,"sc2404,sc2405",558.8,sc2308,9-10
2023-07-07,2.9,"sc2404,sc2405",556.5,sc2308,9-10
2023-07-10,2.9,"sc2404,sc2405",565.3,sc2308,9-10
2023-07-11,3.9,"sc2404,sc2405",568.8,sc2308,9-10
2023-07-12,4.2,"sc2404,sc2405",574.4,sc2308,9-10
2023-07-13,3.7,"sc2404,sc2405",578.6,sc2308,9-10
2023-07-14,5.1,"sc2404,sc2405",584.9,sc2308,9-10
2023-07-17,2.8,"sc2404,sc2405",580.1,sc2308,9-10
2023-07-18,4.2,"sc2404,sc2405",577.2,sc2308,9-10
2023-07-19,3.3,"sc2404,sc2405",583.4,sc2308,9-10
2023-07-20,2.1,"sc2404,sc2405",589.1,sc2308,9-10
2023-07-21,3.2,"sc2404,sc2405",585.3,sc2308,9-10
2023-07-24,5.2,"sc2404,sc2405",587.7,sc2308,9-10
2023-07-25,4.6,"sc2404,sc2405",598.9,sc2308,9-10
2023-07-26,4.0,"sc2404,sc2405",601.8,sc2308,9-10
2023-07-27,2.5,"sc2404,sc2405",606.8,sc2308,9-10
2023-07-28,4.4,"sc2404,sc2405",610.3,sc2308,9-10
2023-07-31,1.9,"sc2404,sc2405",604.4,sc2308,9-10
2023-08-01,2.1,"sc2405,sc2406",618.2,sc2309,9-10
2023-08-02,3.8,"sc2405,sc2406",621.8,sc2309,9-10
2023-08-03,2.2,"sc2405,sc2406",610.6,sc2309,9-10
2023-08-04,2.7,"sc2405,sc2406",619.3,sc2309,9-10
2023-08-07,3.9,"sc2405,sc2406",627.5,sc2309,9-10
2023-08-08,4.2,"sc2405,sc2406",625.5,sc2309,9-10
2023-08-09,3.8,"sc2405,sc2406",626.9,sc2309,9-10
2023-08-10,3.3,"sc2405,sc2406",638.1,sc2309,9-10
2023-08-11,3.4,"sc2405,sc2406",639.4,sc2309,9-10
2023-08-14,4.2,"sc2405,sc2406",658.7,sc2309,9-10
2023-08-15,6.4,"sc2405,sc2406",658.7,sc2309,9-10
2023-08-16,3.9,"sc2405,sc2406",655.8,sc2309,9-10
2023-08-17,3.3,"sc2405,sc2406",655.6,sc2309,9-10
2023-08-18,6.0,"sc2405,sc2406",658.4,sc2309,9-10
2023-08-21,8.0,"sc2405,sc2406",667.6,sc2309,9-10
2023-08-22,6.0,"sc2405,sc2406",671.8,sc2309,9-10
2023-08-23,5.2,"sc2405,sc2406",665.6,sc2309,9-10
2023-08-24,3.6,"sc2405,sc2406",668.8,sc2309,9-10
2023-08-25,7.7,"sc2405,sc2406",678.7,sc2309,9-10
2023-08-28,5.4,"sc2405,sc2406",690.9,sc2309,9-10
2023-08-29,4.7,"sc2405,sc2406",657.4,sc2309,9-10
2023-08-30,5.1,"sc2405,sc2406",632.0,sc2309,9-10
2023-08-31,5.4,"sc2405,sc2406",607.6,sc2309,9-10
2023-09-01,2.6,"sc2406,sc2407",649.8,sc2310,9-10
2023-09-04,2.2,"sc2406,sc2407",666.2,sc2310,9-10
2023-09-05,1.0,"sc2406,sc2407",668.6,sc2310,9-10
2023-09-06,3.3,"sc2406,sc2407",690.0,sc2310,9-10
2023-09-07,4.8,"sc2406,sc2407",691.0,sc2310,9-10
2023-09-08,3.5,"sc2406,sc2407",693.8,sc2310,9-10
2023-09-11,2.0,"sc2406,sc2407",694.8,sc2310,9-10
2023-09-12,1.6,"sc2406,sc2407",696.3,sc2310,9-10
2023-09-13,4.1,"sc2406,sc2407",708.3,sc2310,9-10
2023-09-14,5.7,"sc2406,sc2407",717.7,sc2310,9-10
2023-09-15,3.3,"sc2406,sc2407",736.8,sc2310,9-10
2023-09-18,4.2,"sc2406,sc2407",733.1,sc2310,9-10
2023-09-19,4.6,"sc2406,sc2407",736.7,sc2310,9-10
2023-09-20,4.0,"sc2406,sc2407",728.9,sc2310,9-10
2023-09-21,2.3,"sc2406,sc2407",725.6,sc2310,9-10
2023-09-22,3.2,"sc2406,sc2407",736.5,sc2310,9-10
2023-09-25,4.0,"sc2406,sc2407",731.7,sc2310,9-10
2023-09-26,3.3,"sc2406,sc2407",702.4,sc2310,9-10
2023-09-27,2.9,"sc2406,sc2407",695.9,sc2310,9-10
2023-09-28,1.6,"sc2406,sc2407",700.9,sc2310,9-10
2023-10-09,6.5,"sc2407,sc2408",660.7,sc2311,9-10
2023-10-10,1.0,"sc2407,sc2408",660.8,sc2311,9-10
2023-10-11,2.5,"sc2407,sc2408",657.0,sc2311,9-10
2023-10-12,5.3,"sc2407,sc2408",650.1,sc2311,9-10
2023-10-13,4.4,"sc2407,sc2408",652.3,sc2311,9-10
2023-10-16,5.2,"sc2407,sc2408",676.5,sc2311,9-10
2023-10-17,7.0,"sc2407,sc2408",674.6,sc2311,9-10
2023-10-18,4.0,"sc2407,sc2408",681.5,sc2311,9-10
2023-10-19,3.6,"sc2407,sc2408",689.1,sc2311,9-10
2023-10-20,4.5,"sc2407,sc2408",694.0,sc2311,9-10
2023-10-23,3.8,"sc2407,sc2408",694.9,sc2311,9-10
2023-10-24,3.3,"sc2407,sc2408",682.7,sc2311,9-10
2023-10-25,6.4,"sc2407,sc2408",668.0,sc2311,9-10
2023-10-26,4.5,"sc2407,sc2408",674.5,sc2311,9-10
2023-10-27,4.9,"sc2407,sc2408",673.0,sc2311,9-10
2023-10-30,4.4,"sc2407,sc2408",678.3,sc2311,9-10
2023-10-31,7.2,"sc2407,sc2408",671.6,sc2311,9-10
2023-11-01,2.0,"sc2408,sc2409",649.8,sc2312,9-10
2023-11-02,2.9,"sc2408,sc2409",650.1,sc2312,9-10
2023-11-03,2.5,"sc2408,sc2409",653.5,sc2312,9-10
2023-11-06,2.5,"sc2408,sc2409",647.3,sc2312,9-10
2023-11-07,2.3,"sc2408,sc2409",636.5,sc2312,9-10
2023-11-08,1.2,"sc2408,sc2409",610.4,sc2312,9-10
2023-11-09,-0.2,"sc2408,sc2409",596.2,sc2312,9-10
2023-11-10,1.0,"sc2408,sc2409",596.9,sc2312,9-10
2023-11-13,0.6,"sc2408,sc2409",598.9,sc2312,9-10
2023-11-14,-0.5,"sc2408,sc2409",602.7,sc2312,9-10
2023-11-15,0.4,"sc2408,sc2409",604.1,sc2312,9-10
2023-11-16,0.8,"sc2408,sc2409",590.4,sc2312,9-10
2023-11-17,0.0,"sc2408,sc2409",568.9,sc2312,9-10
2023-11-20,-0.6,"sc2408,sc2409",576.7,sc2312,9-10
2023-11-21,-0.1,"sc2408,sc2409",587.4,sc2312,9-10
2023-11-22,2.2,"sc2408,sc2409",589.2,sc2312,9-10
2023-11-23,-0.1,"sc2408,sc2409",571.9,sc2312,9-10
2023-11-24,2.0,"sc2408,sc2409",575.9,sc2312,9-10
2023-11-27,0.8,"sc2408,sc2409",573.3,sc2312,9-10
2023-11-28,1.0,"sc2408,sc2409",566.9,sc2312,9-10
2023-11-29,1.3,"sc2408,sc2409",573.7,sc2312,9-10
2023-11-30,1.0,"sc2408,sc2409",577.1,sc2312,9-10
2023-12-01,0.4,"sc2409,sc2410",579.3,sc2401,9-10
2023-12-04,1.4,"sc2409,sc2410",566.0,sc2401,9-10
2023-12-05,0.3,"sc2409,sc2410",556.7,sc2401,9-10
2023-12-06,2.5,"sc2409,sc2410",554.3,sc2401,9-10
2023-12-07,2.1,"sc2409,sc2410",536.6,sc2401,9-10
2023-12-08,0.8,"sc2409,sc2410",546.7,sc2401,9-10
2023-12-11,2.5,"sc2409,sc2410",551.5,sc2401,9-10
2023-12-12,1.6,"sc2409,sc2410",550.8,sc2401,9-10
2023-12-13,0.1,"sc2409,sc2410",530.2,sc2401,9-10
2023-12-14,-0.1,"sc2409,sc2410",529.5,sc2401,9-10
2023-12-15,0.1,"sc2409,sc2410",542.9,sc2401,9-10
2023-12-18,0.4,"sc2409,sc2410",542.5,sc2401,9-10
2023-12-19,1.9,"sc2409,sc2410",553.8,sc2401,9-10
2023-12-20,0.6,"sc2409,sc2410",556.1,sc2401,9-10
2023-12-21,0.3,"sc2409,sc2410",560.2,sc2401,9-10
2023-12-22,1.2,"sc2409,sc2410",554.9,sc2401,9-10
2023-12-25,-0.4,"sc2409,sc2410",552.7,sc2401,9-10
2023-12-26,0.0,"sc2409,sc2410",553.7,sc2401,9-10
2023-12-27,-0.7,"sc2409,sc2410",567.3,sc2401,9-10
2023-12-28,-0.1,"sc2409,sc2410",560.2,sc2401,9-10
2023-12-29,0.7,"sc2409,sc2410",551.2,sc2401,9-10
2024-01-02,3.2,"sc2410,sc2411",547.2,sc2402,9-10
2024-01-03,2.1,"sc2410,sc2411",544.7,sc2402,9-10
2024-01-04,2.4,"sc2410,sc2411",554.3,sc2402,9-10
2024-01-05,1.1,"sc2410,sc2411",552.9,sc2402,9-10
2024-01-08,1.6,"sc2410,sc2411",556.6,sc2402,9-10
2024-01-09,0.7,"sc2410,sc2411",539.0,sc2402,9-10
2024-01-10,1.9,"sc2410,sc2411",553.2,sc2402,9-10
2024-01-11,2.9,"sc2410,sc2411",559.0,sc2402,9-10
2024-01-12,2.4,"sc2410,sc2411",566.1,sc2402,9-10
2024-01-15,2.6,"sc2410,sc2411",562.8,sc2402,9-10
2024-01-16,1.5,"sc2410,sc2411",553.5,sc2402,9-10
2024-01-17,1.5,"sc2410,sc2411",554.5,sc2402,9-10
2024-01-18,1.7,"sc2410,sc2411",550.6,sc2402,9-10
2024-01-19,2.4,"sc2410,sc2411",557.9,sc2402,9-10
2024-01-22,2.0,"sc2410,sc2411",557.9,sc2402,9-10
2024-01-23,3.2,"sc2410,sc2411",564.2,sc2402,9-10
2024-01-24,3.1,"sc2410,sc2411",562.0,sc2402,9-10
2024-01-25,2.4,"sc2410,sc2411",567.7,sc2402,9-10
2024-01-26,2.6,"sc2410,sc2411",579.7,sc2402,9-10
2024-01-29,2.8,"sc2410,sc2411",587.6,sc2402,9-10
2024-01-30,4.2,"sc2410,sc2411",584.8,sc2402,9-10
2024-01-31,3.3,"sc2410,sc2411",577.8,sc2402,9-10
2024-02-01,0.9,"sc2411,sc2412",579.4,sc2403,9-10
2024-02-02,1.1,"sc2411,sc2412",572.2,sc2403,9-10
2024-02-05,1.6,"sc2411,sc2412",555.9,sc2403,9-10
2024-02-06,2.6,"sc2411,sc2412",556.6,sc2403,9-10
2024-02-07,1.8,"sc2411,sc2412",562.1,sc2403,9-10
2024-02-08,3.2,"sc2411,sc2412",567.4,sc2403,9-10
2024-02-19,5.6,"sc2411,sc2412",581.7,sc2403,9-10
2024-02-20,5.6,"sc2411,sc2412",598.7,sc2403,9-10
2024-02-21,3.3,"sc2411,sc2412",592.2,sc2403,9-10
2024-02-22,3.9,"sc2411,sc2412",593.2,sc2403,9-10
2024-02-23,4.0,"sc2411,sc2412",598.7,sc2403,9-10
2024-02-26,1.1,"sc2411,sc2412",595.7,sc2403,9-10
2024-02-27,4.4,"sc2411,sc2412",600.4,sc2403,9-10
2024-02-28,2.9,"sc2411,sc2412",613.0,sc2403,9-10
2024-02-29,3.3,"sc2411,sc2412",613.1,sc2403,9-10
2024-03-01,1.5,"sc2412,sc2501",607.0,sc2404,9-10
2024-03-04,2.2,"sc2412,sc2501",617.9,sc2404,9-10
2024-03-05,1.0,"sc2412,sc2501",615.4,sc2404,9-10
2024-03-06,2.9,"sc2412,sc2501",608.9,sc2404,9-10
2024-03-07,3.0,"sc2412,sc2501",614.2,sc2404,9-10
2024-03-08,3.7,"sc2412,sc2501",613.6,sc2404,9-10
2024-03-11,2.5,"sc2412,sc2501",610.0,sc2404,9-10
2024-03-12,2.8,"sc2412,sc2501",616.1,sc2404,9-10
2024-03-13,3.1,"sc2412,sc2501",621.0,sc2404,9-10
2024-03-14,3.6,"sc2412,sc2501",630.5,sc2404,9-10
2024-03-15,4.4,"sc2412,sc2501",646.8,sc2404,9-10
2024-03-18,2.4,"sc2412,sc2501",635.7,sc2404,9-10
2024-03-19,2.4,"sc2412,sc2501",632.9,sc2404,9-10
2024-03-20,3.4,"sc2412,sc2501",637.0,sc2404,9-10
2024-03-21,4.3,"sc2412,sc2501",630.5,sc2404,9-10
2024-03-22,1.7,"sc2412,sc2501",626.7,sc2404,9-10
2024-03-25,0.8,"sc2412,sc2501",631.8,sc2404,9-10
2024-03-26,0.8,"sc2412,sc2501",636.3,sc2404,9-10
2024-03-27,3.8,"sc2412,sc2501",632.5,sc2404,9-10
2024-03-28,2.9,"sc2412,sc2501",635.0,sc2404,9-10
2024-03-29,3.3,"sc2412,sc2501",651.3,sc2404,9-10
2024-04-01,3.8,"sc2501,sc2502",645.2,sc2405,9-10
2024-04-02,5.5,"sc2501,sc2502",647.0,sc2405,9-10
2024-04-03,3.7,"sc2501,sc2502",656.1,sc2405,9-10
2024-04-08,7.3,"sc2501,sc2502",660.8,sc2405,9-10
2024-04-09,4.6,"sc2501,sc2502",666.2,sc2405,9-10
2024-04-10,3.0,"sc2501,sc2502",662.2,sc2405,9-10
2024-04-11,4.1,"sc2501,sc2502",666.3,sc2405,9-10
2024-04-12,4.3,"sc2501,sc2502",667.7,sc2405,9-10
2024-04-15,4.2,"sc2501,sc2502",670.6,sc2405,9-10
2024-04-16,5.6,"sc2501,sc2502",663.9,sc2405,9-10
2024-04-17,2.9,"sc2501,sc2502",665.4,sc2405,9-10
2024-04-18,5.9,"sc2501,sc2502",652.0,sc2405,9-10
2024-04-19,3.8,"sc2501,sc2502",650.8,sc2405,9-10
2024-04-22,5.2,"sc2501,sc2502",643.0,sc2405,9-10
2024-04-23,6.0,"sc2501,sc2502",640.9,sc2405,9-10
2024-04-24,5.5,"sc2501,sc2502",646.7,sc2405,9-10
2024-04-25,3.2,"sc2501,sc2502",652.6,sc2405,9-10
2024-04-26,3.9,"sc2501,sc2502",645.9,sc2405,9-10
2024-04-29,4.3,"sc2501,sc2502",652.5,sc2405,9-10
2024-04-30,4.3,"sc2501,sc2502",649.6,sc2405,9-10
2024-05-06,5.9,"sc2502,sc2503",634.0,sc2406,9-10
2024-05-07,3.1,"sc2502,sc2503",617.6,sc2406,9-10
2024-05-08,4.2,"sc2502,sc2503",615.5,sc2406,9-10
2024-05-09,3.2,"sc2502,sc2503",615.8,sc2406,9-10
2024-05-10,2.2,"sc2502,sc2503",620.1,sc2406,9-10
2024-05-13,2.4,"sc2502,sc2503",616.2,sc2406,9-10
2024-05-14,3.2,"sc2502,sc2503",618.2,sc2406,9-10
2024-05-15,3.6,"sc2502,sc2503",613.5,sc2406,9-10
2024-05-16,3.9,"sc2502,sc2503",610.3,sc2406,9-10
2024-05-17,4.8,"sc2502,sc2503",616.5,sc2406,9-10
2024-05-20,2.3,"sc2502,sc2503",619.6,sc2406,9-10
2024-05-21,1.5,"sc2502,sc2503",616.6,sc2406,9-10
2024-05-22,4.4,"sc2502,sc2503",607.8,sc2406,9-10
2024-05-23,1.4,"sc2502,sc2503",600.9,sc2406,9-10
2024-05-24,2.8,"sc2502,sc2503",599.3,sc2406,9-10
2024-05-27,2.2,"sc2502,sc2503",602.1,sc2406,9-10
2024-05-28,2.8,"sc2502,sc2503",608.4,sc2406,9-10
2024-05-29,3.8,"sc2502,sc2503",616.2,sc2406,9-10
2024-05-30,2.1,"sc2502,sc2503",620.8,sc2406,9-10
2024-05-31,1.4,"sc2502,sc2503",607.9,sc2406,9-10
2024-06-03,1.9,"sc2503,sc2504",599.7,sc2407,9-10
2024-06-04,1.4,"sc2503,sc2504",578.6,sc2407,9-10
2024-06-05,1.6,"sc2503,sc2504",570.5,sc2407,9-10
2024-06-06,0.4,"sc2503,sc2504",575.3,sc2407,9-10
2024-06-07,0.7,"sc2503,sc2504",583.1,sc2407,9-10
2024-06-11,-7.8,"sc2503,sc2504",589.2,sc2407,9-10
2024-06-12,1.9,"sc2503,sc2504",601.9,sc2407,9-10
2024-06-13,2.3,"sc2503,sc2504",605.7,sc2407,9-10
2024-06-14,1.5,"sc2503,sc2504",606.4,sc2407,9-10
2024-06-17,1.6,"sc2503,sc2504",605.1,sc2407,9-10
2024-06-18,2.1,"sc2503,sc2504",612.8,sc2407,9-10
2024-06-19,2.7,"sc2503,sc2504",620.6,sc2407,9-10
2024-06-20,2.2,"sc2503,sc2504",623.6,sc2407,9-10
2024-06-21,3.6,"sc2503,sc2504",626.0,sc2407,9-10
2024-06-24,2.3,"sc2503,sc2504",625.1,sc2407,9-10
2024-06-25,0.6,"sc2503,sc2504",626.6,sc2407,9-10
2024-06-26,3.4,"sc2503,sc2504",625.1,sc2407,9-10
2024-06-27,2.8,"sc2503,sc2504",621.2,sc2407,9-10
2024-06-28,3.1,"sc2503,sc2504",625.0,sc2407,9-10
2024-07-01,5.6,"sc2504,sc2505",623.5,sc2408,9-10
2024-07-02,4.3,"sc2504,sc2505",631.1,sc2408,9-10
2024-07-03,4.5,"sc2504,sc2505",634.5,sc2408,9-10
2024-07-04,4.0,"sc2504,sc2505",634.3,sc2408,9-10
2024-07-05,4.9,"sc2504,sc2505",636.8,sc2408,9-10
2024-07-08,3.2,"sc2504,sc2505",634.2,sc2408,9-10
2024-07-09,3.0,"sc2504,sc2505",626.8,sc2408,9-10
2024-07-10,2.1,"sc2504,sc2505",620.2,sc2408,9-10
2024-07-11,4.1,"sc2504,sc2505",622.5,sc2408,9-10
2024-07-12,3.5,"sc2504,sc2505",620.7,sc2408,9-10
2024-07-15,2.9,"sc2504,sc2505",619.8,sc2408,9-10
2024-07-16,4.0,"sc2504,sc2505",615.9,sc2408,9-10
2024-07-17,3.0,"sc2504,sc2505",608.1,sc2408,9-10
2024-07-18,3.3,"sc2504,sc2505",615.0,sc2408,9-10
2024-07-19,3.9,"sc2504,sc2505",611.1,sc2408,9-10
2024-07-22,1.3,"sc2504,sc2505",600.1,sc2408,9-10
2024-07-23,0.9,"sc2504,sc2505",591.3,sc2408,9-10
2024-07-24,0.7,"sc2504,sc2505",583.6,sc2408,9-10
2024-07-25,3.6,"sc2504,sc2505",584.1,sc2408,9-10
2024-07-26,4.1,"sc2504,sc2505",585.3,sc2408,9-10
2024-07-29,2.3,"sc2504,sc2505",584.7,sc2408,9-10
2024-07-30,1.0,"sc2504,sc2505",586.3,sc2408,9-10
2024-07-31,0.8,"sc2504,sc2505",581.2,sc2408,9-10
2024-08-01,2.9,"sc2505,sc2506",587.9,sc2409,9-10
2024-08-02,1.8,"sc2505,sc2506",585.0,sc2409,9-10
2024-08-05,3.1,"sc2505,sc2506",555.7,sc2409,9-10
2024-08-06,1.0,"sc2505,sc2506",549.7,sc2409,9-10
2024-08-07,0.1,"sc2505,sc2506",546.3,sc2409,9-10
2024-08-08,2.3,"sc2505,sc2506",555.9,sc2409,9-10
2024-08-09,4.0,"sc2505,sc2506",560.4,sc2409,9-10
2024-08-12,3.3,"sc2505,sc2506",563.4,sc2409,9-10
2024-08-13,2.4,"sc2505,sc2506",576.4,sc2409,9-10
2024-08-14,1.0,"sc2505,sc2506",574.7,sc2409,9-10
2024-08-15,0.9,"sc2505,sc2506",568.8,sc2409,9-10
2024-08-16,1.0,"sc2505,sc2506",574.6,sc2409,9-10
2024-08-19,0.5,"sc2505,sc2506",563.2,sc2409,9-10
2024-08-20,1.4,"sc2505,sc2506",551.5,sc2409,9-10
2024-08-21,1.4,"sc2505,sc2506",545.2,sc2409,9-10
2024-08-22,1.2,"sc2505,sc2506",538.9,sc2409,9-10
2024-08-23,1.6,"sc2505,sc2506",540.2,sc2409,9-10
2024-08-26,2.7,"sc2505,sc2506",552.6,sc2409,9-10
2024-08-27,3.8,"sc2505,sc2506",566.9,sc2409,9-10
2024-08-28,1.6,"sc2505,sc2506",557.6,sc2409,9-10
2024-08-29,1.4,"sc2505,sc2506",551.9,sc2409,9-10
2024-08-30,1.3,"sc2505,sc2506",563.1,sc2409,9-10
2024-09-02,4.3,"sc2506,sc2507",542.6,sc2410,9-10
2024-09-03,2.2,"sc2506,sc2507",547.8,sc2410,9-10
2024-09-04,3.0,"sc2506,sc2507",526.2,sc2410,9-10
2024-09-05,2.6,"sc2506,sc2507",522.2,sc2410,9-10
2024-09-06,2.1,"sc2506,sc2507",520.5,sc2410,9-10
2024-09-09,2.2,"sc2506,sc2507",511.7,sc2410,9-10
2024-09-10,2.4,"sc2506,sc2507",510.9,sc2410,9-10
2024-09-11,2.4,"sc2506,sc2507",499.1,sc2410,9-10
2024-09-12,0.7,"sc2506,sc2507",505.1,sc2410,9-10
2024-09-13,1.9,"sc2506,sc2507",514.0,sc2410,9-10
2024-09-18,8.8,"sc2506,sc2507",514.3,sc2410,9-10
2024-09-19,1.8,"sc2506,sc2507",514.6,sc2410,9-10
2024-09-20,2.1,"sc2506,sc2507",521.9,sc2410,9-10
2024-09-23,1.9,"sc2506,sc2507",520.9,sc2410,9-10
2024-09-24,3.3,"sc2506,sc2507",520.1,sc2410,9-10
2024-09-25,1.2,"sc2506,sc2507",526.2,sc2410,9-10
2024-09-26,2.9,"sc2506,sc2507",532.0,sc2410,9-10
2024-09-27,1.2,"sc2506,sc2507",518.9,sc2410,9-10
2024-09-30,1.0,"sc2506,sc2507",520.7,sc2410,9-10
2024-10-08,8.7,"sc2507,sc2508",551.1,sc2411,9-10
2024-10-09,0.7,"sc2507,sc2508",564.0,sc2411,9-10
2024-10-10,1.3,"sc2507,sc2508",554.3,sc2411,9-10
2024-10-11,1.9,"sc2507,sc2508",570.3,sc2411,9-10
2024-10-14,3.2,"sc2507,sc2508",574.5,sc2411,9-10
2024-10-15,2.0,"sc2507,sc2508",558.8,sc2411,9-10
2024-10-16,1.8,"sc2507,sc2508",539.1,sc2411,9-10
2024-10-17,1.9,"sc2507,sc2508",537.7,sc2411,9-10
2024-10-18,1.3,"sc2507,sc2508",537.0,sc2411,9-10
2024-10-21,-0.4,"sc2507,sc2508",529.3,sc2411,9-10
2024-10-22,0.5,"sc2507,sc2508",535.9,sc2411,9-10
2024-10-23,1.2,"sc2507,sc2508",550.4,sc2411,9-10
2024-10-24,1.1,"sc2507,sc2508",551.9,sc2411,9-10
2024-10-25,2.0,"sc2507,sc2508",543.8,sc2411,9-10
2024-10-28,1.8,"sc2507,sc2508",535.9,sc2411,9-10
2024-10-29,1.0,"sc2507,sc2508",512.1,sc2411,9-10
2024-10-30,1.2,"sc2507,sc2508",509.6,sc2411,9-10
2024-10-31,1.7,"sc2507,sc2508",524.2,sc2411,9-10
2024-11-01,1.1,"sc2508,sc2509",528.3,sc2412,9-10
2024-11-04,1.2,"sc2508,sc2509",530.3,sc2412,9-10
2024-11-05,1.6,"sc2508,sc2509",536.3,sc2412,9-10
2024-11-06,0.9,"sc2508,sc2509",538.6,sc2412,9-10
2024-11-07,1.3,"sc2508,sc2509",540.4,sc2412,9-10
2024-11-08,0.5,"sc2508,sc2509",539.0,sc2412,9-10
2024-11-11,-0.1,"sc2508,sc2509",532.2,sc2412,9-10
2024-11-12,-0.1,"sc2508,sc2509",521.6,sc2412,9-10
2024-11-13,0.9,"sc2508,sc2509",525.7,sc2412,9-10
2024-11-14,1.4,"sc2508,sc2509",523.6,sc2412,9-10
2024-11-15,2.5,"sc2508,sc2509",526.5,sc2412,9-10
2024-11-18,0.8,"sc2508,sc2509",520.0,sc2412,9-10
2024-11-19,2.0,"sc2508,sc2509",527.7,sc2412,9-10
2024-11-20,1.7,"sc2508,sc2509",531.5,sc2412,9-10
2024-11-21,1.2,"sc2508,sc2509",536.0,sc2412,9-10
2024-11-22,2.0,"sc2508,sc2509",543.9,sc2412,9-10
2024-11-25,2.2,"sc2508,sc2509",542.6,sc2412,9-10
2024-11-26,1.3,"sc2508,sc2509",533.0,sc2412,9-10
2024-11-27,0.5,"sc2508,sc2509",531.6,sc2412,9-10
2024-11-28,0.7,"sc2508,sc2509",531.2,sc2412,9-10
2024-11-29,0.9,"sc2508,sc2509",520.4,sc2412,9-10
2024-12-02,1.4,"sc2509,sc2510",529.9,sc2501,9-10
2024-12-03,1.2,"sc2509,sc2510",529.9,sc2501,9-10
2024-12-04,1.5,"sc2509,sc2510",538.2,sc2501,9-10
2024-12-05,1.9,"sc2509,sc2510",535.4,sc2501,9-10
2024-12-06,1.8,"sc2509,sc2510",528.3,sc2501,9-10
2024-12-09,1.1,"sc2509,sc2510",522.1,sc2501,9-10
2024-12-10,0.6,"sc2509,sc2510",529.5,sc2501,9-10
2024-12-11,1.0,"sc2509,sc2510",530.6,sc2501,9-10
2024-12-12,1.1,"sc2509,sc2510",537.7,sc2501,9-10
2024-12-13,1.3,"sc2509,sc2510",542.5,sc2501,9-10
2024-12-16,0.8,"sc2509,sc2510",548.9,sc2501,9-10
2024-12-17,2.4,"sc2509,sc2510",548.7,sc2501,9-10
2024-12-18,1.4,"sc2509,sc2510",543.8,sc2501,9-10
2024-12-19,0.7,"sc2509,sc2510",548.5,sc2501,9-10
2024-12-20,0.9,"sc2509,sc2510",546.1,sc2501,9-10
2024-12-23,1.0,"sc2509,sc2510",543.7,sc2501,9-10
2024-12-24,0.3,"sc2509,sc2510",542.5,sc2501,9-10
2024-12-25,1.8,"sc2509,sc2510",548.5,sc2501,9-10
2024-12-26,1.4,"sc2509,sc2510",551.9,sc2501,9-10
2024-12-27,0.5,"sc2509,sc2510",552.8,sc2501,9-10
2024-12-30,0.9,"sc2509,sc2510",550.0,sc2501,9-10
2024-12-31,2.0,"sc2509,sc2510",549.8,sc2501,9-10
2025-01-02,1.4,"sc2510,sc2511",560.9,sc2502,9-10
2025-01-03,2.1,"sc2510,sc2511",571.1,sc2502,9-10
2025-01-06,2.3,"sc2510,sc2511",577.2,sc2502,9-10
2025-01-07,2.4,"sc2510,sc2511",579.6,sc2502,9-10
2025-01-08,2.1,"sc2510,sc2511",587.8,sc2502,9-10
2025-01-09,2.4,"sc2510,sc2511",583.6,sc2502,9-10
2025-01-10,2.1,"sc2510,sc2511",586.1,sc2502,9-10
2025-01-13,2.9,"sc2510,sc2511",613.7,sc2502,9-10
2025-01-14,4.7,"sc2510,sc2511",620.4,sc2502,9-10
2025-01-15,1.6,"sc2510,sc2511",630.8,sc2502,9-10
2025-01-16,3.3,"sc2510,sc2511",644.3,sc2502,9-10
2025-01-17,5.2,"sc2510,sc2511",642.2,sc2502,9-10
2025-01-20,4.7,"sc2510,sc2511",640.8,sc2502,9-10
2025-01-21,4.0,"sc2510,sc2511",661.0,sc2502,9-10
2025-01-22,2.5,"sc2510,sc2511",680.6,sc2502,9-10
2025-01-23,5.0,"sc2510,sc2511",683.2,sc2502,9-10
2025-01-24,3.3,"sc2510,sc2511",647.7,sc2502,9-10
2025-01-27,2.4,"sc2510,sc2511",621.0,sc2502,9-10
2025-02-05,18.2,"sc2511,sc2512",602.3,sc2503,9-10
2025-02-06,4.0,"sc2511,sc2512",598.2,sc2503,9-10
2025-02-07,4.2,"sc2511,sc2512",599.7,sc2503,9-10
2025-02-10,5.3,"sc2511,sc2512",606.4,sc2503,9-10
2025-02-11,3.3,"sc2511,sc2512",616.8,sc2503,9-10
2025-02-12,4.2,"sc2511,sc2512",620.5,sc2503,9-10
2025-02-13,3.8,"sc2511,sc2512",605.1,sc2503,9-10
2025-02-14,1.8,"sc2511,sc2512",594.0,sc2503,9-10
2025-02-17,3.3,"sc2511,sc2512",602.5,sc2503,9-10
2025-02-18,3.2,"sc2511,sc2512",605.6,sc2503,9-10
2025-02-19,3.6,"sc2511,sc2512",614.3,sc2503,9-10
2018-07-26,3.3,"sc1906,sc1907",501.9,sc1809,10-11
2018-07-27,8.1,"sc1906,sc1907",506.1,sc1809,10-11
2018-07-30,0.4,"sc1906,sc1907",507.1,sc1809,10-11
2018-07-31,3.0,"sc1906,sc1907",513.9,sc1809,10-11
2018-08-01,6.3,"sc1906,sc1907",506.0,sc1809,10-11
2018-08-02,3.3,"sc1906,sc1907",501.6,sc1809,10-11
2018-08-03,2.0,"sc1906,sc1907",508.8,sc1809,10-11
2018-08-06,2.6,"sc1906,sc1907",512.3,sc1809,10-11
2018-08-07,1.4,"sc1906,sc1907",534.1,sc1809,10-11
2018-08-08,1.5,"sc1906,sc1907",527.2,sc1809,10-11
2018-08-09,1.0,"sc1906,sc1907",518.9,sc1809,10-11
2018-08-10,0.8,"sc1906,sc1907",520.0,sc1809,10-11
2018-08-13,0.6,"sc1906,sc1907",522.5,sc1809,10-11
2018-08-14,2.8,"sc1906,sc1907",519.3,sc1809,10-11
2018-08-15,3.3,"sc1906,sc1907",519.4,sc1809,10-11
2018-08-16,2.6,"sc1906,sc1907",508.0,sc1809,10-11
2018-08-17,3.4,"sc1906,sc1907",505.2,sc1809,10-11
2018-08-20,2.4,"sc1906,sc1907",493.2,sc1809,10-11
2018-08-21,4.0,"sc1906,sc1907",480.5,sc1809,10-11
2018-08-22,4.1,"sc1906,sc1907",479.8,sc1809,10-11
2018-08-23,5.2,"sc1906,sc1907",485.0,sc1809,10-11
2018-08-24,4.6,"sc1906,sc1907",482.1,sc1809,10-11
2018-08-27,3.7,"sc1906,sc1907",482.2,sc1809,10-11
2018-08-28,3.3,"sc1906,sc1907",486.6,sc1809,10-11
2018-08-29,2.8,"sc1906,sc1907",485.7,sc1809,10-11
2018-08-30,4.3,"sc1906,sc1907",488.6,sc1809,10-11
2018-08-31,4.1,"sc1906,sc1907",488.3,sc1809,10-11
2018-09-03,-0.3,"sc1907,sc1908",503.0,sc1810,10-11
2018-09-04,-0.5,"sc1907,sc1908",504.6,sc1810,10-11
2018-09-05,1.3,"sc1907,sc1908",505.4,sc1810,10-11
2018-09-06,0.5,"sc1907,sc1908",501.1,sc1810,10-11
2018-09-07,1.9,"sc1907,sc1908",496.7,sc1810,10-11
2018-09-10,0.0,"sc1907,sc1908",498.5,sc1810,10-11
2018-09-11,0.4,"sc1907,sc1908",500.6,sc1810,10-11
2018-09-12,-0.2,"sc1907,sc1908",503.6,sc1810,10-11
2018-09-13,1.1,"sc1907,sc1908",515.3,sc1810,10-11
2018-09-14,0.2,"sc1907,sc1908",501.3,sc1810,10-11
2018-09-17,0.6,"sc1907,sc1908",510.3,sc1810,10-11
2018-09-18,1.0,"sc1907,sc1908",507.7,sc1810,10-11
2018-09-19,0.2,"sc1907,sc1908",528.5,sc1810,10-11
2018-09-20,-0.2,"sc1907,sc1908",532.4,sc1810,10-11
2018-09-21,-3.3,"sc1908,sc1909",521.7,sc1811,10-11
2018-09-25,-1.4,"sc1908,sc1909",540.6,sc1811,10-11
2018-09-26,1.1,"sc1908,sc1909",542.6,sc1811,10-11
2018-09-27,1.7,"sc1908,sc1909",545.3,sc1811,10-11
2018-09-28,-0.3,"sc1908,sc1909",548.3,sc1811,10-11
2018-10-08,2.4,"sc1908,sc1909",561.2,sc1811,10-11
2018-10-10,4.9,"sc1908,sc1909",583.0,sc1811,10-11
2018-10-11,2.6,"sc1908,sc1909",579.7,sc1811,10-11
2018-10-12,3.5,"sc1908,sc1909",562.6,sc1811,10-11
2018-10-15,6.6,"sc1908,sc1909",563.6,sc1811,10-11
2018-10-16,6.9,"sc1908,sc1909",555.3,sc1811,10-11
2018-10-17,2.7,"sc1908,sc1909",543.4,sc1811,10-11
2018-10-18,3.4,"sc1908,sc1909",559.3,sc1811,10-11
2018-10-19,3.7,"sc1908,sc1909",551.4,sc1811,10-11
2018-10-22,2.8,"sc1908,sc1909",549.7,sc1811,10-11
2018-10-23,4.6,"sc1908,sc1909",552.7,sc1811,10-11
2018-10-24,2.1,"sc1908,sc1909",572.0,sc1811,10-11
2018-10-25,-0.1,"sc1908,sc1909",554.4,sc1811,10-11
2018-10-26,-0.5,"sc1908,sc1909",577.5,sc1811,10-11
2018-10-29,-0.6,"sc1908,sc1909",576.7,sc1811,10-11
2018-10-30,-4.0,"sc1908,sc1909",576.7,sc1811,10-11
2018-10-31,-3.1,"sc1908,sc1909",573.3,sc1811,10-11
2018-11-01,-2.2,"sc1909,sc1910",527.8,sc1812,10-11
2018-11-02,-3.1,"sc1909,sc1910",513.7,sc1812,10-11
2018-11-05,1.3,"sc1909,sc1910",507.8,sc1812,10-11
2018-11-06,4.4,"sc1909,sc1910",512.2,sc1812,10-11
2018-11-07,0.7,"sc1909,sc1910",504.4,sc1812,10-11
2018-11-08,0.7,"sc1909,sc1910",502.7,sc1812,10-11
2018-11-09,1.6,"sc1909,sc1910",497.8,sc1812,10-11
2018-11-12,0.2,"sc1909,sc1910",492.9,sc1812,10-11
2018-11-13,2.2,"sc1909,sc1910",491.9,sc1812,10-11
2018-11-14,-2.2,"sc1909,sc1910",473.8,sc1812,10-11
2018-11-15,-1.1,"sc1909,sc1910",461.7,sc1812,10-11
2018-11-16,1.6,"sc1909,sc1910",465.0,sc1812,10-11
2018-11-19,4.1,"sc1909,sc1910",466.7,sc1812,10-11
2018-11-20,6.8,"sc1909,sc1910",459.7,sc1812,10-11
2018-11-21,5.8,"sc1909,sc1910",441.8,sc1812,10-11
2018-11-22,3.9,"sc1909,sc1910",438.6,sc1812,10-11
2018-11-23,4.8,"sc1909,sc1910",432.0,sc1812,10-11
2018-11-26,-5.4,"sc1909,sc1910",411.4,sc1812,10-11
2018-11-27,-1.5,"sc1909,sc1910",409.1,sc1812,10-11
2018-11-28,0.6,"sc1909,sc1910",413.0,sc1812,10-11
2018-11-29,2.9,"sc1909,sc1910",407.2,sc1812,10-11
2018-11-30,4.0,"sc1909,sc1910",396.7,sc1812,10-11
2018-12-03,-0.1,"sc1910,sc1911",419.4,sc1901,10-11
2018-12-04,0.1,"sc1910,sc1911",428.6,sc1901,10-11
2018-12-05,-1.2,"sc1910,sc1911",428.3,sc1901,10-11
2018-12-06,-0.7,"sc1910,sc1911",428.0,sc1901,10-11
2018-12-07,-0.5,"sc1910,sc1911",413.3,sc1901,10-11
2018-12-10,-0.7,"sc1910,sc1911",431.1,sc1901,10-11
2018-12-11,-1.3,"sc1910,sc1911",421.8,sc1901,10-11
2018-12-12,-1.6,"sc1910,sc1911",423.7,sc1901,10-11
2018-12-13,-0.5,"sc1910,sc1911",424.6,sc1901,10-11
2018-12-14,-1.4,"sc1910,sc1911",422.5,sc1901,10-11
2018-12-17,-1.3,"sc1910,sc1911",419.0,sc1901,10-11
2018-12-18,-1.7,"sc1910,sc1911",411.6,sc1901,10-11
2018-12-19,1.3,"sc1910,sc1911",395.1,sc1901,10-11
2018-12-20,-0.7,"sc1910,sc1911",398.1,sc1901,10-11
2018-12-21,-0.9,"sc1910,sc1911",400.9,sc1901,10-11
2018-12-24,0.0,"sc1910,sc1911",394.5,sc1901,10-11
2018-12-25,-0.9,"sc1910,sc1911",385.0,sc1901,10-11
2018-12-26,-0.4,"sc1910,sc1911",374.7,sc1901,10-11
2018-12-27,-2.1,"sc1910,sc1911",381.0,sc1901,10-11
2018-12-28,-1.8,"sc1910,sc1911",377.0,sc1901,10-11
2019-01-02,-3.5,"sc1911,sc1912",370.7,sc1902,10-11
2019-01-03,-4.8,"sc1911,sc1912",379.8,sc1902,10-11
2019-01-04,-3.7,"sc1911,sc1912",388.7,sc1902,10-11
2019-01-07,-1.9,"sc1911,sc1912",401.4,sc1902,10-11
2019-01-08,-3.0,"sc1911,sc1912",405.1,sc1902,10-11
2019-01-09,-0.7,"sc1911,sc1912",412.2,sc1902,10-11
2019-01-10,0.1,"sc1911,sc1912",423.6,sc1902,10-11
2019-01-11,1.5,"sc1911,sc1912",424.5,sc1902,10-11
2019-01-14,1.7,"sc1911,sc1912",416.3,sc1902,10-11
2019-01-15,1.4,"sc1911,sc1912",412.4,sc1902,10-11
2019-01-16,1.9,"sc1911,sc1912",410.5,sc1902,10-11
2019-01-17,1.3,"sc1911,sc1912",411.8,sc1902,10-11
2019-01-18,2.5,"sc1911,sc1912",410.5,sc1902,10-11
2019-01-21,4.6,"sc1911,sc1912",414.6,sc1902,10-11
2019-01-22,4.4,"sc1911,sc1912",417.2,sc1902,10-11
2019-01-23,5.1,"sc1911,sc1912",427.6,sc1902,10-11
2019-01-24,5.3,"sc1911,sc1912",423.6,sc1902,10-11
2019-01-25,1.0,"sc1911,sc1912",422.6,sc1902,10-11
2019-01-28,-4.4,"sc1912,sc2001",427.8,sc1903,10-11
2019-01-29,-4.8,"sc1912,sc2001",417.9,sc1903,10-11
2019-01-30,-5.7,"sc1912,sc2001",425.2,sc1903,10-11
2019-01-31,-4.1,"sc1912,sc2001",431.4,sc1903,10-11
2019-02-01,-4.9,"sc1912,sc2001",429.8,sc1903,10-11
2019-02-11,-3.8,"sc1912,sc2001",428.2,sc1903,10-11
2019-02-12,-8.6,"sc1912,sc2001",428.7,sc1903,10-11
2019-02-13,-5.2,"sc1912,sc2001",433.3,sc1903,10-11
2019-02-14,-2.5,"sc1912,sc2001",435.9,sc1903,10-11
2019-02-15,0.0,"sc1912,sc2001",441.7,sc1903,10-11
2019-02-18,-4.4,"sc1912,sc2001",450.6,sc1903,10-11
2019-02-20,-3.7,"sc1912,sc2001",451.2,sc1903,10-11
2019-02-21,-4.5,"sc1912,sc2001",449.6,sc1903,10-11
2019-02-22,-3.9,"sc1912,sc2001",446.4,sc1903,10-11
2019-02-25,-4.2,"sc1912,sc2001",446.3,sc1903,10-11
2019-02-26,-2.2,"sc1912,sc2001",426.8,sc1903,10-11
2019-02-27,-0.5,"sc1912,sc2001",427.3,sc1903,10-11
2019-02-28,-1.0,"sc1912,sc2001",430.1,sc1903,10-11
2019-03-01,0.6,"sc2001,sc2002",443.0,sc1904,10-11
2019-03-04,-0.4,"sc2001,sc2002",438.4,sc1904,10-11
2019-03-05,0.8,"sc2001,sc2002",438.4,sc1904,10-11
2019-03-06,-0.9,"sc2001,sc2002",433.8,sc1904,10-11
2019-03-07,-1.7,"sc2001,sc2002",439.7,sc1904,10-11
2019-03-08,-2.0,"sc2001,sc2002",439.9,sc1904,10-11
2019-03-11,0.0,"sc2001,sc2002",432.9,sc1904,10-11
2019-03-12,-1.1,"sc2001,sc2002",444.9,sc1904,10-11
2019-03-13,-1.3,"sc2001,sc2002",444.2,sc1904,10-11
2019-03-14,-2.2,"sc2001,sc2002",450.4,sc1904,10-11
2019-03-15,-1.0,"sc2001,sc2002",452.2,sc1904,10-11
2019-03-18,-3.4,"sc2001,sc2002",450.1,sc1904,10-11
2019-03-19,-2.6,"sc2001,sc2002",461.8,sc1904,10-11
2019-03-20,-2.0,"sc2001,sc2002",462.5,sc1904,10-11
2019-03-21,-3.4,"sc2001,sc2002",466.3,sc1904,10-11
2019-03-22,-2.8,"sc2001,sc2002",467.7,sc1904,10-11
2019-03-25,-2.9,"sc2001,sc2002",459.0,sc1904,10-11
2019-03-26,-0.6,"sc2001,sc2002",459.1,sc1904,10-11
2019-03-27,-1.2,"sc2001,sc2002",463.3,sc1904,10-11
2019-03-28,-0.6,"sc2001,sc2002",462.2,sc1904,10-11
2019-03-29,-1.4,"sc2001,sc2002",453.5,sc1904,10-11
2019-04-01,2.8,"sc2002,sc2003",459.4,sc1905,10-11
2019-04-02,2.4,"sc2002,sc2003",467.5,sc1905,10-11
2019-04-03,2.7,"sc2002,sc2003",471.7,sc1905,10-11
2019-04-04,2.2,"sc2002,sc2003",469.5,sc1905,10-11
2019-04-08,6.4,"sc2002,sc2003",478.2,sc1905,10-11
2019-04-09,2.1,"sc2002,sc2003",479.3,sc1905,10-11
2019-04-10,3.3,"sc2002,sc2003",475.7,sc1905,10-11
2019-04-11,2.5,"sc2002,sc2003",480.3,sc1905,10-11
2019-04-12,1.2,"sc2002,sc2003",475.8,sc1905,10-11
2019-04-15,0.0,"sc2002,sc2003",473.7,sc1905,10-11
2019-04-16,1.1,"sc2002,sc2003",468.2,sc1905,10-11
2019-04-17,0.9,"sc2002,sc2003",470.7,sc1905,10-11
2019-04-18,3.1,"sc2002,sc2003",472.0,sc1905,10-11
2019-04-19,1.7,"sc2002,sc2003",472.5,sc1905,10-11
2019-04-22,3.2,"sc2002,sc2003",480.3,sc1905,10-11
2019-04-23,5.2,"sc2002,sc2003",489.0,sc1905,10-11
2019-04-24,4.6,"sc2002,sc2003",493.2,sc1905,10-11
2019-04-25,4.2,"sc2002,sc2003",494.7,sc1905,10-11
2019-04-26,5.9,"sc2002,sc2003",499.5,sc1905,10-11
2019-04-29,7.1,"sc2002,sc2003",485.7,sc1905,10-11
2019-04-30,6.4,"sc2002,sc2003",488.1,sc1905,10-11
2019-05-06,-4.6,"sc2003,sc2004",472.5,sc1906,10-11
2019-05-07,-3.1,"sc2003,sc2004",483.5,sc1906,10-11
2019-05-08,-2.9,"sc2003,sc2004",480.2,sc1906,10-11
2019-05-09,-2.5,"sc2003,sc2004",482.6,sc1906,10-11
2019-05-10,-3.9,"sc2003,sc2004",486.1,sc1906,10-11
2019-05-13,-2.1,"sc2003,sc2004",491.3,sc1906,10-11
2019-05-14,-0.8,"sc2003,sc2004",497.1,sc1906,10-11
2019-05-15,-0.8,"sc2003,sc2004",501.2,sc1906,10-11
2019-05-16,-0.2,"sc2003,sc2004",505.5,sc1906,10-11
2019-05-17,-2.1,"sc2003,sc2004",512.3,sc1906,10-11
2019-05-20,0.8,"sc2003,sc2004",514.2,sc1906,10-11
2019-05-21,-0.5,"sc2003,sc2004",507.1,sc1906,10-11
2019-05-22,-1.4,"sc2003,sc2004",504.0,sc1906,10-11
2019-05-23,-2.6,"sc2003,sc2004",494.0,sc1906,10-11
2019-05-24,0.7,"sc2003,sc2004",469.7,sc1906,10-11
2019-05-27,0.6,"sc2003,sc2004",473.7,sc1906,10-11
2019-05-28,-0.3,"sc2003,sc2004",475.0,sc1906,10-11
2019-05-29,0.4,"sc2003,sc2004",470.2,sc1906,10-11
2019-05-30,0.4,"sc2003,sc2004",466.1,sc1906,10-11
2019-05-31,-0.5,"sc2003,sc2004",461.2,sc1906,10-11
2019-06-03,1.0,"sc2004,sc2005",435.2,sc1907,10-11
2019-06-04,1.1,"sc2004,sc2005",425.5,sc1907,10-11
2019-06-05,1.1,"sc2004,sc2005",426.2,sc1907,10-11
2019-06-06,-0.3,"sc2004,sc2005",417.6,sc1907,10-11
2019-06-10,-2.4,"sc2004,sc2005",434.5,sc1907,10-11
2019-06-11,0.4,"sc2004,sc2005",429.9,sc1907,10-11
2019-06-12,0.3,"sc2004,sc2005",426.1,sc1907,10-11
2019-06-13,1.0,"sc2004,sc2005",420.2,sc1907,10-11
2019-06-14,0.8,"sc2004,sc2005",425.5,sc1907,10-11
2019-06-17,1.0,"sc2004,sc2005",427.3,sc1907,10-11
2019-06-18,0.4,"sc2004,sc2005",419.6,sc1907,10-11
2019-06-19,0.4,"sc2004,sc2005",420.0,sc1907,10-11
2019-06-20,-0.6,"sc2004,sc2005",418.9,sc1907,10-11
2019-06-21,0.6,"sc2004,sc2005",431.6,sc1907,10-11
2019-06-24,0.4,"sc2004,sc2005",436.8,sc1907,10-11
2019-06-25,0.7,"sc2004,sc2005",431.2,sc1907,10-11
2019-06-26,0.8,"sc2004,sc2005",432.9,sc1907,10-11
2019-06-27,1.1,"sc2004,sc2005",435.9,sc1907,10-11
2019-06-28,1.1,"sc2004,sc2005",437.4,sc1907,10-11
2019-07-01,0.2,"sc2005,sc2006",447.3,sc1908,10-11
2019-07-02,0.4,"sc2005,sc2006",442.0,sc1908,10-11
2019-07-03,0.3,"sc2005,sc2006",430.2,sc1908,10-11
2019-07-04,-1.1,"sc2005,sc2006",431.9,sc1908,10-11
2019-07-05,-1.0,"sc2005,sc2006",431.3,sc1908,10-11
2019-07-08,0.0,"sc2005,sc2006",439.1,sc1908,10-11
2019-07-09,0.5,"sc2005,sc2006",443.9,sc1908,10-11
2019-07-10,-1.4,"sc2005,sc2006",441.6,sc1908,10-11
2019-07-11,0.6,"sc2005,sc2006",455.7,sc1908,10-11
2019-07-12,0.1,"sc2005,sc2006",457.8,sc1908,10-11
2019-07-15,-0.1,"sc2005,sc2006",454.8,sc1908,10-11
2019-07-16,0.7,"sc2005,sc2006",453.0,sc1908,10-11
2019-07-17,-0.8,"sc2005,sc2006",443.7,sc1908,10-11
2019-07-18,-1.7,"sc2005,sc2006",433.5,sc1908,10-11
2019-07-19,-1.2,"sc2005,sc2006",421.6,sc1908,10-11
2019-07-22,-0.9,"sc2005,sc2006",423.1,sc1908,10-11
2019-07-23,-1.6,"sc2005,sc2006",427.4,sc1908,10-11
2019-07-24,-1.4,"sc2005,sc2006",430.4,sc1908,10-11
2019-07-25,-0.1,"sc2005,sc2006",433.4,sc1908,10-11
2019-07-26,1.2,"sc2005,sc2006",435.8,sc1908,10-11
2019-07-29,0.9,"sc2005,sc2006",435.5,sc1908,10-11
2019-07-30,0.0,"sc2005,sc2006",425.2,sc1908,10-11
2019-07-31,0.9,"sc2005,sc2006",427.5,sc1908,10-11
2019-08-01,-2.7,"sc2006,sc2007",444.0,sc1909,10-11
2019-08-02,-2.2,"sc2006,sc2007",432.1,sc1909,10-11
2019-08-05,0.7,"sc2006,sc2007",433.5,sc1909,10-11
2019-08-06,-0.2,"sc2006,sc2007",429.4,sc1909,10-11
2019-08-07,-0.6,"sc2006,sc2007",423.3,sc1909,10-11
2019-08-08,3.6,"sc2006,sc2007",408.6,sc1909,10-11
2019-08-09,2.6,"sc2006,sc2007",409.9,sc1909,10-11
2019-08-12,0.6,"sc2006,sc2007",418.8,sc1909,10-11
2019-08-13,1.5,"sc2006,sc2007",419.7,sc1909,10-11
2019-08-14,0.1,"sc2006,sc2007",430.9,sc1909,10-11
2019-08-15,1.0,"sc2006,sc2007",420.5,sc1909,10-11
2019-08-16,1.9,"sc2006,sc2007",418.6,sc1909,10-11
2019-08-19,0.1,"sc2006,sc2007",425.7,sc1909,10-11
2019-08-20,0.5,"sc2006,sc2007",432.8,sc1909,10-11
2019-08-21,1.0,"sc2006,sc2007",429.5,sc1909,10-11
2019-08-22,-0.5,"sc2006,sc2007",432.7,sc1909,10-11
2019-08-23,-0.3,"sc2006,sc2007",428.5,sc1909,10-11
2019-08-26,-0.6,"sc2006,sc2007",422.8,sc1909,10-11
2019-08-27,-0.9,"sc2006,sc2007",425.2,sc1909,10-11
2019-08-28,-1.3,"sc2006,sc2007",423.0,sc1909,10-11
2019-08-29,1.0,"sc2006,sc2007",429.0,sc1909,10-11
2019-08-30,-0.9,"sc2006,sc2007",411.8,sc1909,10-11
2019-09-02,0.7,"sc2007,sc2008",432.7,sc1910,10-11
2019-09-03,1.3,"sc2007,sc2008",430.3,sc1910,10-11
2019-09-04,1.3,"sc2007,sc2008",425.5,sc1910,10-11
2019-09-05,-0.5,"sc2007,sc2008",439.2,sc1910,10-11
2019-09-06,-0.8,"sc2007,sc2008",445.1,sc1910,10-11
2019-09-09,1.2,"sc2007,sc2008",444.6,sc1910,10-11
2019-09-10,0.9,"sc2007,sc2008",450.1,sc1910,10-11
2019-09-11,1.1,"sc2007,sc2008",460.9,sc1910,10-11
2019-09-12,1.2,"sc2007,sc2008",450.3,sc1910,10-11
2019-09-16,-5.9,"sc2007,sc2008",479.8,sc1910,10-11
2019-09-17,-5.1,"sc2007,sc2008",496.7,sc1910,10-11
2019-09-18,-1.0,"sc2007,sc2008",487.2,sc1910,10-11
2019-09-19,-1.7,"sc2007,sc2008",473.5,sc1910,10-11
2019-09-20,-3.1,"sc2007,sc2008",458.5,sc1910,10-11
2019-09-23,1.0,"sc2007,sc2008",472.7,sc1910,10-11
2019-09-24,1.8,"sc2008,sc2009",464.3,sc1911,10-11
2019-09-25,1.5,"sc2008,sc2009",457.2,sc1911,10-11
2019-09-26,0.7,"sc2008,sc2009",449.8,sc1911,10-11
2019-09-27,0.8,"sc2008,sc2009",448.7,sc1911,10-11
2019-09-30,1.2,"sc2008,sc2009",448.1,sc1911,10-11
2019-10-08,-1.4,"sc2008,sc2009",437.6,sc1911,10-11
2019-10-09,1.1,"sc2008,sc2009",447.0,sc1911,10-11
2019-10-10,1.2,"sc2008,sc2009",451.7,sc1911,10-11
2019-10-11,1.7,"sc2008,sc2009",458.1,sc1911,10-11
2019-10-14,-4.0,"sc2008,sc2009",471.7,sc1911,10-11
2019-10-15,3.5,"sc2008,sc2009",466.6,sc1911,10-11
2019-10-16,2.7,"sc2008,sc2009",465.1,sc1911,10-11
2019-10-17,2.6,"sc2008,sc2009",451.4,sc1911,10-11
2019-10-18,2.2,"sc2008,sc2009",445.1,sc1911,10-11
2019-10-21,1.4,"sc2008,sc2009",443.2,sc1911,10-11
2019-10-22,1.2,"sc2008,sc2009",437.2,sc1911,10-11
2019-10-23,-0.1,"sc2008,sc2009",438.6,sc1911,10-11
2019-10-24,0.9,"sc2008,sc2009",441.3,sc1911,10-11
2019-10-25,0.7,"sc2008,sc2009",451.1,sc1911,10-11
2019-10-28,1.9,"sc2008,sc2009",447.9,sc1911,10-11
2019-10-29,0.5,"sc2008,sc2009",456.7,sc1911,10-11
2019-10-30,2.3,"sc2008,sc2009",451.1,sc1911,10-11
2019-10-31,3.2,"sc2008,sc2009",452.8,sc1911,10-11
2019-11-01,0.4,"sc2009,sc2010",444.3,sc1912,10-11
2019-11-04,-0.8,"sc2009,sc2010",449.3,sc1912,10-11
2019-11-05,-2.4,"sc2009,sc2010",458.4,sc1912,10-11
2019-11-06,-1.9,"sc2009,sc2010",459.6,sc1912,10-11
2019-11-07,-1.5,"sc2009,sc2010",456.4,sc1912,10-11
2019-11-08,-3.4,"sc2009,sc2010",456.0,sc1912,10-11
2019-11-11,-1.9,"sc2009,sc2010",452.8,sc1912,10-11
2019-11-12,-3.3,"sc2009,sc2010",455.9,sc1912,10-11
2019-11-13,-3.9,"sc2009,sc2010",453.9,sc1912,10-11
2019-11-14,-2.9,"sc2009,sc2010",453.4,sc1912,10-11
2019-11-15,-1.3,"sc2009,sc2010",453.9,sc1912,10-11
2019-11-18,-1.2,"sc2009,sc2010",453.7,sc1912,10-11
2019-11-19,0.1,"sc2009,sc2010",454.0,sc1912,10-11
2019-11-20,0.7,"sc2009,sc2010",451.2,sc1912,10-11
2019-11-21,-1.4,"sc2009,sc2010",454.8,sc1912,10-11
2019-11-22,-2.2,"sc2009,sc2010",453.8,sc1912,10-11
2019-11-25,-0.5,"sc2009,sc2010",456.1,sc1912,10-11
2019-11-26,-2.6,"sc2009,sc2010",454.6,sc1912,10-11
2019-11-27,-2.2,"sc2009,sc2010",456.2,sc1912,10-11
2019-11-28,-3.7,"sc2009,sc2010",447.3,sc1912,10-11
2019-11-29,-3.8,"sc2009,sc2010",451.2,sc1912,10-11
2019-12-02,1.9,"sc2010,sc2011",454.8,sc2001,10-11
2019-12-03,1.1,"sc2010,sc2011",451.7,sc2001,10-11
2019-12-04,-0.7,"sc2010,sc2011",449.2,sc2001,10-11
2019-12-05,0.5,"sc2010,sc2011",456.3,sc2001,10-11
2019-12-06,-0.3,"sc2010,sc2011",458.0,sc2001,10-11
2019-12-09,2.3,"sc2010,sc2011",464.8,sc2001,10-11
2019-12-10,3.2,"sc2010,sc2011",469.2,sc2001,10-11
2019-12-11,0.2,"sc2010,sc2011",470.9,sc2001,10-11
2019-12-12,1.1,"sc2010,sc2011",466.1,sc2001,10-11
2019-12-13,4.6,"sc2010,sc2011",462.2,sc2001,10-11
2019-12-16,1.6,"sc2010,sc2011",467.4,sc2001,10-11
2019-12-17,1.0,"sc2010,sc2011",470.2,sc2001,10-11
2019-12-18,2.1,"sc2010,sc2011",480.4,sc2001,10-11
2019-12-19,1.7,"sc2010,sc2011",476.3,sc2001,10-11
2019-12-20,0.7,"sc2010,sc2011",468.0,sc2001,10-11
2019-12-23,5.0,"sc2011,sc2012",478.1,sc2002,10-11
2019-12-24,3.8,"sc2011,sc2012",479.1,sc2002,10-11
2019-12-25,3.5,"sc2011,sc2012",483.6,sc2002,10-11
2019-12-26,5.4,"sc2011,sc2012",484.4,sc2002,10-11
2019-12-27,4.3,"sc2011,sc2012",487.1,sc2002,10-11
2019-12-30,3.5,"sc2011,sc2012",490.2,sc2002,10-11
2019-12-31,4.9,"sc2011,sc2012",487.5,sc2002,10-11
2020-01-02,5.6,"sc2011,sc2012",481.7,sc2002,10-11
2020-01-03,2.4,"sc2011,sc2012",486.5,sc2002,10-11
2020-01-06,-0.6,"sc2011,sc2012",507.8,sc2002,10-11
2020-01-07,3.5,"sc2011,sc2012",499.9,sc2002,10-11
2020-01-08,5.2,"sc2011,sc2012",498.4,sc2002,10-11
2020-01-09,-7.7,"sc2011,sc2012",483.2,sc2002,10-11
2020-01-10,0.4,"sc2011,sc2012",470.9,sc2002,10-11
2020-01-13,1.7,"sc2011,sc2012",468.8,sc2002,10-11
2020-01-14,0.9,"sc2011,sc2012",458.6,sc2002,10-11
2020-01-15,1.2,"sc2011,sc2012",458.0,sc2002,10-11
2020-01-16,1.0,"sc2011,sc2012",453.3,sc2002,10-11
2020-01-17,4.3,"sc2012,sc2101",465.3,sc2003,10-11
2020-01-20,3.7,"sc2012,sc2101",466.1,sc2003,10-11
2020-01-21,4.1,"sc2012,sc2101",464.0,sc2003,10-11
2020-01-22,2.8,"sc2012,sc2101",461.0,sc2003,10-11
2020-01-23,4.4,"sc2012,sc2101",451.1,sc2003,10-11
2020-02-03,-5.6,"sc2012,sc2101",431.3,sc2003,10-11
2020-02-04,3.3,"sc2012,sc2101",396.5,sc2003,10-11
2020-02-05,-1.8,"sc2012,sc2101",396.8,sc2003,10-11
2020-02-06,-1.3,"sc2012,sc2101",402.3,sc2003,10-11
2020-02-07,1.5,"sc2012,sc2101",398.4,sc2003,10-11
2020-02-10,3.7,"sc2012,sc2101",393.5,sc2003,10-11
2020-02-11,2.4,"sc2012,sc2101",391.7,sc2003,10-11
2020-02-12,-1.4,"sc2012,sc2101",394.5,sc2003,10-11
2020-02-13,-1.4,"sc2012,sc2101",400.0,sc2003,10-11
2020-02-14,-0.6,"sc2012,sc2101",399.6,sc2003,10-11
2020-02-17,-0.5,"sc2012,sc2101",401.5,sc2003,10-11
2020-02-18,-1.0,"sc2012,sc2101",399.2,sc2003,10-11
2020-02-19,1.7,"sc2012,sc2101",403.8,sc2003,10-11
2020-02-20,-0.1,"sc2012,sc2101",411.9,sc2003,10-11
2020-02-21,-1.3,"sc2012,sc2101",408.9,sc2003,10-11
2020-02-24,0.9,"sc2012,sc2101",393.1,sc2003,10-11
2020-02-25,3.7,"sc2012,sc2101",388.3,sc2003,10-11
2020-02-26,4.1,"sc2012,sc2101",377.9,sc2003,10-11
2020-02-27,7.6,"sc2012,sc2101",360.3,sc2003,10-11
2020-02-28,-2.3,"sc2012,sc2101",347.0,sc2003,10-11
2020-03-02,-1.5,"sc2101,sc2102",359.7,sc2004,10-11
2020-03-03,-1.5,"sc2101,sc2102",372.4,sc2004,10-11
2020-03-04,1.5,"sc2101,sc2102",368.5,sc2004,10-11
2020-03-05,-0.3,"sc2101,sc2102",366.6,sc2004,10-11
2020-03-06,-2.2,"sc2101,sc2102",351.9,sc2004,10-11
2020-03-09,-7.5,"sc2101,sc2102",340.4,sc2004,10-11
2020-03-10,-7.2,"sc2101,sc2102",325.5,sc2004,10-11
2020-03-11,-4.5,"sc2101,sc2102",275.2,sc2004,10-11
2020-03-12,-6.4,"sc2101,sc2102",252.6,sc2004,10-11
2020-03-13,-5.2,"sc2101,sc2102",252.7,sc2004,10-11
2020-03-16,-4.9,"sc2101,sc2102",250.1,sc2004,10-11
2020-03-17,-7.2,"sc2101,sc2102",239.4,sc2004,10-11
2020-03-18,-7.3,"sc2101,sc2102",232.3,sc2004,10-11
2020-03-19,-6.1,"sc2101,sc2102",215.0,sc2004,10-11
2020-03-20,-7.0,"sc2101,sc2102",232.9,sc2004,10-11
2020-03-23,-6.8,"sc2101,sc2102",229.8,sc2004,10-11
2020-03-24,-8.1,"sc2101,sc2102",245.4,sc2004,10-11
2020-03-25,-7.3,"sc2101,sc2102",251.4,sc2004,10-11
2020-03-26,-7.3,"sc2101,sc2102",249.1,sc2004,10-11
2020-03-27,-6.2,"sc2101,sc2102",243.8,sc2004,10-11
2020-03-30,-6.4,"sc2101,sc2102",239.1,sc2004,10-11
2020-03-31,-7.7,"sc2101,sc2102",245.1,sc2004,10-11
2020-04-01,-4.8,"sc2102,sc2103",256.9,sc2005,10-11
2020-04-02,-3.5,"sc2102,sc2103",267.4,sc2005,10-11
2020-04-03,-2.4,"sc2102,sc2103",278.3,sc2005,10-11
2020-04-07,-6.0,"sc2102,sc2103",289.2,sc2005,10-11
2020-04-08,-4.0,"sc2102,sc2103",285.9,sc2005,10-11
2020-04-09,-4.1,"sc2102,sc2103",293.4,sc2005,10-11
2020-04-10,-5.9,"sc2102,sc2103",285.0,sc2005,10-11
2020-04-13,-6.4,"sc2102,sc2103",286.5,sc2005,10-11
2020-04-14,-7.4,"sc2102,sc2103",276.3,sc2005,10-11
2020-04-15,-8.0,"sc2102,sc2103",267.7,sc2005,10-11
2020-04-16,-6.7,"sc2102,sc2103",258.4,sc2005,10-11
2020-04-17,-7.7,"sc2102,sc2103",245.3,sc2005,10-11
2020-04-20,-7.9,"sc2102,sc2103",234.2,sc2005,10-11
2020-04-21,-9.8,"sc2102,sc2103",228.2,sc2005,10-11
2020-04-22,-12.5,"sc2102,sc2103",205.4,sc2005,10-11
2020-04-23,-8.7,"sc2102,sc2103",213.7,sc2005,10-11
2020-04-24,-7.9,"sc2102,sc2103",225.2,sc2005,10-11
2020-04-27,-7.4,"sc2102,sc2103",212.7,sc2005,10-11
2020-04-28,-9.6,"sc2102,sc2103",202.2,sc2005,10-11
2020-04-29,-9.8,"sc2102,sc2103",212.9,sc2005,10-11
2020-04-30,-10.2,"sc2102,sc2103",227.2,sc2005,10-11
2020-05-06,-8.3,"sc2103,sc2104",248.2,sc2006,10-11
2020-05-07,-8.3,"sc2103,sc2104",246.8,sc2006,10-11
2020-05-08,-8.6,"sc2103,sc2104",247.1,sc2006,10-11
2020-05-11,-8.0,"sc2103,sc2104",243.7,sc2006,10-11
2020-05-12,-7.8,"sc2103,sc2104",241.1,sc2006,10-11
2020-05-13,-6.9,"sc2103,sc2104",237.4,sc2006,10-11
2020-05-14,-7.5,"sc2103,sc2104",231.6,sc2006,10-11
2020-05-15,-7.8,"sc2103,sc2104",238.7,sc2006,10-11
2020-05-18,-7.5,"sc2103,sc2104",246.7,sc2006,10-11
2020-05-19,-6.7,"sc2103,sc2104",258.5,sc2006,10-11
2020-05-20,-6.7,"sc2103,sc2104",254.3,sc2006,10-11
2020-05-21,-6.2,"sc2103,sc2104",261.8,sc2006,10-11
2020-05-22,-5.7,"sc2103,sc2104",258.5,sc2006,10-11
2020-05-25,-5.1,"sc2103,sc2104",253.8,sc2006,10-11
2020-05-26,-4.5,"sc2103,sc2104",259.2,sc2006,10-11
2020-05-27,-5.0,"sc2103,sc2104",258.4,sc2006,10-11
2020-05-28,-6.1,"sc2103,sc2104",258.0,sc2006,10-11
2020-05-29,-6.7,"sc2103,sc2104",261.1,sc2006,10-11
2020-06-01,-5.5,"sc2104,sc2105",276.8,sc2007,10-11
2020-06-02,-5.1,"sc2104,sc2105",278.3,sc2007,10-11
2020-06-03,-4.6,"sc2104,sc2105",286.7,sc2007,10-11
2020-06-04,-5.1,"sc2104,sc2105",284.3,sc2007,10-11
2020-06-05,-4.8,"sc2104,sc2105",282.2,sc2007,10-11
2020-06-08,-4.9,"sc2104,sc2105",292.1,sc2007,10-11
2020-06-09,-4.6,"sc2104,sc2105",290.4,sc2007,10-11
2020-06-10,-5.1,"sc2104,sc2105",288.3,sc2007,10-11
2020-06-11,-5.2,"sc2104,sc2105",285.4,sc2007,10-11
2020-06-12,-5.6,"sc2104,sc2105",270.5,sc2007,10-11
2020-06-15,-7.6,"sc2104,sc2105",267.8,sc2007,10-11
2020-06-16,-7.7,"sc2104,sc2105",270.2,sc2007,10-11
2020-06-17,-5.2,"sc2104,sc2105",279.5,sc2007,10-11
2020-06-18,-5.3,"sc2104,sc2105",279.7,sc2007,10-11
2020-06-19,-5.0,"sc2104,sc2105",281.9,sc2007,10-11
2020-06-22,-5.8,"sc2104,sc2105",284.4,sc2007,10-11
2020-06-23,-5.4,"sc2104,sc2105",285.0,sc2007,10-11
2020-06-24,-4.3,"sc2104,sc2105",285.4,sc2007,10-11
2020-06-29,-5.0,"sc2104,sc2105",273.2,sc2007,10-11
2020-06-30,-5.1,"sc2104,sc2105",281.2,sc2007,10-11
2020-07-01,-2.2,"sc2105,sc2106",292.0,sc2008,10-11
2020-07-02,-2.5,"sc2105,sc2106",294.5,sc2008,10-11
2020-07-03,-3.3,"sc2105,sc2106",298.6,sc2008,10-11
2020-07-06,-2.9,"sc2105,sc2106",296.8,sc2008,10-11
2020-07-07,-2.8,"sc2105,sc2106",297.8,sc2008,10-11
2020-07-08,-3.8,"sc2105,sc2106",298.7,sc2008,10-11
2020-07-09,-3.1,"sc2105,sc2106",299.1,sc2008,10-11
2020-07-10,-2.5,"sc2105,sc2106",293.8,sc2008,10-11
2020-07-13,-3.9,"sc2105,sc2106",296.2,sc2008,10-11
2020-07-14,-5.0,"sc2105,sc2106",293.5,sc2008,10-11
2020-07-15,-4.7,"sc2105,sc2106",294.9,sc2008,10-11
2020-07-16,-5.2,"sc2105,sc2106",293.1,sc2008,10-11
2020-07-17,-3.9,"sc2105,sc2106",289.6,sc2008,10-11
2020-07-20,-4.4,"sc2105,sc2106",284.0,sc2008,10-11
2020-07-21,-4.4,"sc2105,sc2106",284.8,sc2008,10-11
2020-07-22,-4.1,"sc2105,sc2106",289.2,sc2008,10-11
2020-07-23,-4.2,"sc2105,sc2106",286.6,sc2008,10-11
2020-07-24,-4.3,"sc2105,sc2106",286.2,sc2008,10-11
2020-07-27,-4.7,"sc2105,sc2106",282.1,sc2008,10-11
2020-07-28,-4.6,"sc2105,sc2106",278.4,sc2008,10-11
2020-07-29,-4.9,"sc2105,sc2106",276.7,sc2008,10-11
2020-07-30,-3.7,"sc2105,sc2106",279.5,sc2008,10-11
2020-07-31,-4.4,"sc2105,sc2106",274.1,sc2008,10-11
2020-08-03,-3.1,"sc2106,sc2107",281.7,sc2009,10-11
2020-08-04,-1.7,"sc2106,sc2107",282.3,sc2009,10-11
2020-08-05,-2.1,"sc2106,sc2107",280.7,sc2009,10-11
2020-08-06,-4.5,"sc2106,sc2107",282.5,sc2009,10-11
2020-08-07,-5.1,"sc2106,sc2107",282.5,sc2009,10-11
2020-08-10,-5.7,"sc2106,sc2107",281.9,sc2009,10-11
2020-08-11,-7.4,"sc2106,sc2107",284.6,sc2009,10-11
2020-08-12,-6.4,"sc2106,sc2107",284.2,sc2009,10-11
2020-08-13,-4.6,"sc2106,sc2107",283.6,sc2009,10-11
2020-08-14,-4.5,"sc2106,sc2107",282.3,sc2009,10-11
2020-08-17,-3.8,"sc2106,sc2107",280.2,sc2009,10-11
2020-08-18,-3.7,"sc2106,sc2107",279.1,sc2009,10-11
2020-08-19,-4.3,"sc2106,sc2107",277.3,sc2009,10-11
2020-08-20,-4.6,"sc2106,sc2107",278.4,sc2009,10-11
2020-08-21,-4.1,"sc2106,sc2107",276.0,sc2009,10-11
2020-08-24,-5.1,"sc2106,sc2107",277.9,sc2009,10-11
2020-08-25,-5.2,"sc2106,sc2107",280.3,sc2009,10-11
2020-08-26,-5.2,"sc2106,sc2107",284.9,sc2009,10-11
2020-08-27,-5.3,"sc2106,sc2107",284.3,sc2009,10-11
2020-08-28,-5.2,"sc2106,sc2107",282.4,sc2009,10-11
2020-08-31,-7.1,"sc2106,sc2107",283.3,sc2009,10-11
2020-09-01,-4.2,"sc2107,sc2108",295.7,sc2010,10-11
2020-09-02,-4.1,"sc2107,sc2108",293.5,sc2010,10-11
2020-09-03,-2.4,"sc2107,sc2108",288.2,sc2010,10-11
2020-09-04,-4.2,"sc2107,sc2108",285.0,sc2010,10-11
2020-09-07,-2.8,"sc2107,sc2108",279.3,sc2010,10-11
2020-09-08,-4.9,"sc2107,sc2108",273.9,sc2010,10-11
2020-09-09,-7.3,"sc2107,sc2108",251.4,sc2010,10-11
2020-09-10,-6.0,"sc2107,sc2108",250.6,sc2010,10-11
2020-09-11,-5.2,"sc2107,sc2108",247.6,sc2010,10-11
2020-09-14,-5.8,"sc2107,sc2108",245.8,sc2010,10-11
2020-09-15,-5.7,"sc2107,sc2108",245.5,sc2010,10-11
2020-09-16,-6.6,"sc2107,sc2108",251.3,sc2010,10-11
2020-09-17,-6.2,"sc2107,sc2108",256.2,sc2010,10-11
2020-09-18,-7.0,"sc2107,sc2108",260.0,sc2010,10-11
2020-09-21,-5.7,"sc2107,sc2108",263.9,sc2010,10-11
2020-09-22,-5.3,"sc2107,sc2108",252.9,sc2010,10-11
2020-09-23,-4.9,"sc2107,sc2108",253.6,sc2010,10-11
2020-09-24,-5.6,"sc2108,sc2109",265.1,sc2011,10-11
2020-09-25,-6.9,"sc2108,sc2109",265.7,sc2011,10-11
2020-09-28,-6.4,"sc2108,sc2109",265.0,sc2011,10-11
2020-09-29,-3.9,"sc2108,sc2109",264.8,sc2011,10-11
2020-09-30,-6.1,"sc2108,sc2109",257.8,sc2011,10-11
2020-10-09,-7.6,"sc2108,sc2109",263.5,sc2011,10-11
2020-10-12,-6.3,"sc2108,sc2109",263.2,sc2011,10-11
2020-10-13,-6.6,"sc2108,sc2109",259.5,sc2011,10-11
2020-10-14,-7.3,"sc2108,sc2109",258.0,sc2011,10-11
2020-10-15,-6.1,"sc2108,sc2109",260.8,sc2011,10-11
2020-10-16,-6.9,"sc2108,sc2109",258.7,sc2011,10-11
2020-10-19,-6.5,"sc2108,sc2109",260.2,sc2011,10-11
2020-10-20,-7.6,"sc2108,sc2109",258.8,sc2011,10-11
2020-10-21,-7.5,"sc2108,sc2109",257.3,sc2011,10-11
2020-10-22,-6.4,"sc2108,sc2109",254.2,sc2011,10-11
2020-10-23,-6.9,"sc2108,sc2109",254.1,sc2011,10-11
2020-10-26,-7.5,"sc2108,sc2109",248.5,sc2011,10-11
2020-10-27,-7.0,"sc2108,sc2109",243.7,sc2011,10-11
2020-10-28,-7.0,"sc2108,sc2109",243.4,sc2011,10-11
2020-10-29,-7.5,"sc2108,sc2109",228.0,sc2011,10-11
2020-10-30,-8.8,"sc2108,sc2109",218.3,sc2011,10-11
2020-11-02,-6.3,"sc2109,sc2110",224.9,sc2012,10-11
2020-11-03,-9.1,"sc2109,sc2110",230.2,sc2012,10-11
2020-11-04,-7.8,"sc2109,sc2110",234.8,sc2012,10-11
2020-11-05,-7.4,"sc2109,sc2110",236.5,sc2012,10-11
2020-11-06,-8.2,"sc2109,sc2110",235.3,sc2012,10-11
2020-11-09,-8.1,"sc2109,sc2110",234.2,sc2012,10-11
2020-11-10,-7.8,"sc2109,sc2110",247.7,sc2012,10-11
2020-11-11,-7.7,"sc2109,sc2110",251.4,sc2012,10-11
2020-11-12,-6.1,"sc2109,sc2110",253.7,sc2012,10-11
2020-11-13,-6.8,"sc2109,sc2110",252.4,sc2012,10-11
2020-11-16,-7.3,"sc2109,sc2110",251.0,sc2012,10-11
2020-11-17,-5.8,"sc2109,sc2110",252.3,sc2012,10-11
2020-11-18,-6.3,"sc2109,sc2110",250.0,sc2012,10-11
2020-11-19,-7.0,"sc2109,sc2110",251.0,sc2012,10-11
2020-11-20,-7.1,"sc2109,sc2110",251.6,sc2012,10-11
2020-11-23,-6.1,"sc2109,sc2110",253.4,sc2012,10-11
2020-11-24,-5.9,"sc2109,sc2110",259.5,sc2012,10-11
2020-11-25,-4.2,"sc2109,sc2110",279.0,sc2012,10-11
2020-11-26,-3.7,"sc2109,sc2110",280.2,sc2012,10-11
2020-11-27,-3.4,"sc2109,sc2110",278.3,sc2012,10-11
2020-11-30,-3.8,"sc2109,sc2110",271.8,sc2012,10-11
2020-12-01,-4.2,"sc2110,sc2111",286.4,sc2101,10-11
2020-12-02,-4.1,"sc2110,sc2111",285.1,sc2101,10-11
2020-12-03,-3.4,"sc2110,sc2111",288.5,sc2101,10-11
2020-12-04,-3.5,"sc2110,sc2111",291.1,sc2101,10-11
2020-12-07,-1.6,"sc2110,sc2111",294.0,sc2101,10-11
2020-12-08,-0.7,"sc2110,sc2111",291.9,sc2101,10-11
2020-12-09,-0.9,"sc2110,sc2111",285.0,sc2101,10-11
2020-12-10,0.0,"sc2110,sc2111",284.8,sc2101,10-11
2020-12-11,-1.3,"sc2110,sc2111",291.1,sc2101,10-11
2020-12-14,-0.8,"sc2110,sc2111",289.4,sc2101,10-11
2020-12-15,-3.4,"sc2110,sc2111",287.8,sc2101,10-11
2020-12-16,-3.6,"sc2110,sc2111",290.9,sc2101,10-11
2020-12-17,-1.6,"sc2110,sc2111",297.4,sc2101,10-11
2020-12-18,-3.1,"sc2110,sc2111",302.7,sc2101,10-11
2020-12-21,-1.0,"sc2110,sc2111",303.5,sc2101,10-11
2020-12-22,-0.7,"sc2110,sc2111",295.4,sc2101,10-11
2020-12-23,-3.3,"sc2110,sc2111",284.6,sc2101,10-11
2020-12-24,-1.2,"sc2110,sc2111",291.6,sc2101,10-11
2020-12-25,-4.0,"sc2111,sc2112",307.3,sc2102,10-11
2020-12-28,-2.9,"sc2111,sc2112",309.1,sc2102,10-11
2020-12-29,-3.2,"sc2111,sc2112",307.2,sc2102,10-11
2020-12-30,-3.3,"sc2111,sc2112",304.7,sc2102,10-11
2020-12-31,-1.7,"sc2111,sc2112",303.2,sc2102,10-11
2021-01-04,-2.2,"sc2111,sc2112",315.0,sc2102,10-11
2021-01-05,-3.1,"sc2111,sc2112",312.9,sc2102,10-11
2021-01-06,-3.3,"sc2111,sc2112",319.8,sc2102,10-11
2021-01-07,-2.3,"sc2111,sc2112",328.1,sc2102,10-11
2021-01-08,-2.9,"sc2111,sc2112",332.6,sc2102,10-11
2021-01-11,-2.7,"sc2111,sc2112",336.0,sc2102,10-11
2021-01-12,-0.3,"sc2111,sc2112",333.2,sc2102,10-11
2021-01-13,-1.2,"sc2111,sc2112",339.7,sc2102,10-11
2021-01-14,-2.6,"sc2111,sc2112",335.5,sc2102,10-11
2021-01-15,-1.3,"sc2111,sc2112",333.4,sc2102,10-11
2021-01-18,-1.7,"sc2111,sc2112",326.0,sc2102,10-11
2021-01-19,0.5,"sc2111,sc2112",329.9,sc2102,10-11
2021-01-20,0.1,"sc2111,sc2112",337.2,sc2102,10-11
2021-01-21,-0.5,"sc2111,sc2112",336.1,sc2102,10-11
2021-01-22,-1.4,"sc2111,sc2112",331.7,sc2102,10-11
2021-01-25,-0.7,"sc2111,sc2112",324.0,sc2102,10-11
2021-01-26,-2.8,"sc2111,sc2112",322.4,sc2102,10-11
2021-01-27,-1.3,"sc2111,sc2112",327.2,sc2102,10-11
2021-01-28,-1.7,"sc2111,sc2112",333.4,sc2102,10-11
2021-01-29,-0.5,"sc2111,sc2112",336.1,sc2102,10-11
2021-02-01,-0.6,"sc2112,sc2201",336.1,sc2103,10-11
2021-02-02,-0.5,"sc2112,sc2201",340.3,sc2103,10-11
2021-02-03,1.1,"sc2112,sc2201",347.1,sc2103,10-11
2021-02-04,-1.0,"sc2112,sc2201",353.3,sc2103,10-11
2021-02-05,-0.2,"sc2112,sc2201",356.6,sc2103,10-11
2021-02-08,0.2,"sc2112,sc2201",361.8,sc2103,10-11
2021-02-09,-0.4,"sc2112,sc2201",368.0,sc2103,10-11
2021-02-10,-0.8,"sc2112,sc2201",367.0,sc2103,10-11
2021-02-18,0.9,"sc2112,sc2201",395.8,sc2103,10-11
2021-02-19,1.0,"sc2112,sc2201",388.9,sc2103,10-11
2021-02-22,0.4,"sc2112,sc2201",386.2,sc2103,10-11
2021-02-23,0.4,"sc2112,sc2201",397.6,sc2103,10-11
2021-02-24,0.1,"sc2112,sc2201",400.9,sc2103,10-11
2021-02-25,0.9,"sc2112,sc2201",416.2,sc2103,10-11
2021-02-26,1.6,"sc2112,sc2201",399.0,sc2103,10-11
2021-03-01,0.3,"sc2201,sc2202",407.6,sc2104,10-11
2021-03-02,-0.2,"sc2201,sc2202",397.7,sc2104,10-11
2021-03-03,-0.5,"sc2201,sc2202",392.7,sc2104,10-11
2021-03-04,-0.4,"sc2201,sc2202",397.4,sc2104,10-11
2021-03-05,-0.6,"sc2201,sc2202",413.0,sc2104,10-11
2021-03-08,1.1,"sc2201,sc2202",435.8,sc2104,10-11
2021-03-09,0.0,"sc2201,sc2202",427.6,sc2104,10-11
2021-03-10,0.0,"sc2201,sc2202",417.8,sc2104,10-11
2021-03-11,-1.0,"sc2201,sc2202",416.0,sc2104,10-11
2021-03-12,-1.2,"sc2201,sc2202",421.8,sc2104,10-11
2021-03-15,-0.7,"sc2201,sc2202",420.4,sc2104,10-11
2021-03-16,-0.2,"sc2201,sc2202",411.3,sc2104,10-11
2021-03-17,-0.6,"sc2201,sc2202",409.3,sc2104,10-11
2021-03-18,-0.4,"sc2201,sc2202",408.0,sc2104,10-11
2021-03-19,-1.5,"sc2201,sc2202",390.9,sc2104,10-11
2021-03-22,-0.9,"sc2201,sc2202",381.1,sc2104,10-11
2021-03-23,-1.0,"sc2201,sc2202",387.9,sc2104,10-11
2021-03-24,-0.9,"sc2201,sc2202",376.8,sc2104,10-11
2021-03-25,-1.7,"sc2201,sc2202",382.5,sc2104,10-11
2021-03-26,-1.3,"sc2201,sc2202",373.9,sc2104,10-11
2021-03-29,-1.3,"sc2201,sc2202",384.1,sc2104,10-11
2021-03-30,-0.8,"sc2201,sc2202",388.3,sc2104,10-11
2021-03-31,-2.1,"sc2201,sc2202",384.1,sc2104,10-11
2021-04-01,-0.5,"sc2202,sc2203",393.4,sc2105,10-11
2021-04-02,0.3,"sc2202,sc2203",399.1,sc2105,10-11
2021-04-06,0.5,"sc2202,sc2203",388.0,sc2105,10-11
2021-04-07,0.2,"sc2202,sc2203",388.6,sc2105,10-11
2021-04-08,-2.0,"sc2202,sc2203",384.8,sc2105,10-11
2021-04-09,0.0,"sc2202,sc2203",386.7,sc2105,10-11
2021-04-12,-0.4,"sc2202,sc2203",387.2,sc2105,10-11
2021-04-13,-0.3,"sc2202,sc2203",390.6,sc2105,10-11
2021-04-14,-0.7,"sc2202,sc2203",393.7,sc2105,10-11
2021-04-15,1.3,"sc2202,sc2203",407.4,sc2105,10-11
2021-04-16,0.9,"sc2202,sc2203",410.4,sc2105,10-11
2021-04-19,0.5,"sc2202,sc2203",408.7,sc2105,10-11
2021-04-20,0.9,"sc2202,sc2203",413.4,sc2105,10-11
2021-04-21,-0.2,"sc2202,sc2203",409.8,sc2105,10-11
2021-04-22,0.8,"sc2202,sc2203",402.9,sc2105,10-11
2021-04-23,0.5,"sc2202,sc2203",402.0,sc2105,10-11
2021-04-26,0.2,"sc2202,sc2203",407.3,sc2105,10-11
2021-04-27,-0.1,"sc2202,sc2203",405.6,sc2105,10-11
2021-04-28,2.3,"sc2202,sc2203",397.2,sc2105,10-11
2021-04-29,0.9,"sc2202,sc2203",407.9,sc2105,10-11
2021-04-30,1.0,"sc2202,sc2203",409.5,sc2105,10-11
2021-05-06,-2.8,"sc2203,sc2204",429.8,sc2106,10-11
2021-05-07,-0.7,"sc2203,sc2204",424.1,sc2106,10-11
2021-05-10,-1.0,"sc2203,sc2204",424.3,sc2106,10-11
2021-05-11,-0.3,"sc2203,sc2204",420.8,sc2106,10-11
2021-05-12,0.2,"sc2203,sc2204",421.5,sc2106,10-11
2021-05-13,-1.8,"sc2203,sc2204",429.0,sc2106,10-11
2021-05-14,-1.5,"sc2203,sc2204",417.1,sc2106,10-11
2021-05-17,-0.8,"sc2203,sc2204",425.7,sc2106,10-11
2021-05-18,-1.3,"sc2203,sc2204",434.2,sc2106,10-11
2021-05-19,-0.2,"sc2203,sc2204",429.5,sc2106,10-11
2021-05-20,0.6,"sc2203,sc2204",409.5,sc2106,10-11
2021-05-21,1.6,"sc2203,sc2204",403.2,sc2106,10-11
2021-05-24,-2.2,"sc2203,sc2204",408.2,sc2106,10-11
2021-05-25,-3.0,"sc2203,sc2204",423.4,sc2106,10-11
2021-05-26,-3.2,"sc2203,sc2204",427.9,sc2106,10-11
2021-05-27,-1.8,"sc2203,sc2204",428.8,sc2106,10-11
2021-05-28,-1.9,"sc2203,sc2204",432.7,sc2106,10-11
2021-05-31,-0.3,"sc2203,sc2204",427.6,sc2106,10-11
2021-06-01,-0.5,"sc2204,sc2205",433.9,sc2107,10-11
2021-06-02,-1.3,"sc2204,sc2205",439.9,sc2107,10-11
2021-06-03,0.1,"sc2204,sc2205",445.4,sc2107,10-11
2021-06-04,-0.4,"sc2204,sc2205",443.2,sc2107,10-11
2021-06-07,-0.4,"sc2204,sc2205",447.3,sc2107,10-11
2021-06-08,-0.2,"sc2204,sc2205",444.1,sc2107,10-11
2021-06-09,0.1,"sc2204,sc2205",449.4,sc2107,10-11
2021-06-10,-0.1,"sc2204,sc2205",447.7,sc2107,10-11
2021-06-11,-0.6,"sc2204,sc2205",450.2,sc2107,10-11
2021-06-15,0.1,"sc2204,sc2205",455.8,sc2107,10-11
2021-06-16,-0.4,"sc2204,sc2205",459.2,sc2107,10-11
2021-06-17,-0.2,"sc2204,sc2205",454.1,sc2107,10-11
2021-06-18,-0.3,"sc2204,sc2205",443.0,sc2107,10-11
2021-06-21,-0.1,"sc2204,sc2205",443.5,sc2107,10-11
2021-06-22,0.0,"sc2204,sc2205",449.4,sc2107,10-11
2021-06-23,-0.2,"sc2204,sc2205",453.3,sc2107,10-11
2021-06-24,-0.5,"sc2204,sc2205",457.6,sc2107,10-11
2021-06-25,-0.2,"sc2204,sc2205",457.2,sc2107,10-11
2021-06-28,0.8,"sc2204,sc2205",459.6,sc2107,10-11
2021-06-29,0.3,"sc2204,sc2205",449.3,sc2107,10-11
2021-06-30,0.3,"sc2204,sc2205",449.2,sc2107,10-11
2021-07-01,3.1,"sc2205,sc2206",460.4,sc2108,10-11
2021-07-02,-0.5,"sc2205,sc2206",467.8,sc2108,10-11
2021-07-05,-0.3,"sc2205,sc2206",468.4,sc2108,10-11
2021-07-06,-0.1,"sc2205,sc2206",473.1,sc2108,10-11
2021-07-07,-0.8,"sc2205,sc2206",455.8,sc2108,10-11
2021-07-08,-1.6,"sc2205,sc2206",442.1,sc2108,10-11
2021-07-09,-1.2,"sc2205,sc2206",441.9,sc2108,10-11
2021-07-12,1.1,"sc2205,sc2206",451.1,sc2108,10-11
2021-07-13,-1.4,"sc2205,sc2206",450.9,sc2108,10-11
2021-07-14,2.1,"sc2205,sc2206",458.2,sc2108,10-11
2021-07-15,-0.9,"sc2205,sc2206",449.6,sc2108,10-11
2021-07-16,-0.9,"sc2205,sc2206",438.6,sc2108,10-11
2021-07-19,-0.6,"sc2205,sc2206",431.7,sc2108,10-11
2021-07-20,-1.9,"sc2205,sc2206",410.0,sc2108,10-11
2021-07-21,-1.5,"sc2205,sc2206",406.4,sc2108,10-11
2021-07-22,2.1,"sc2205,sc2206",416.6,sc2108,10-11
2021-07-23,3.0,"sc2205,sc2206",427.2,sc2108,10-11
2021-07-26,2.7,"sc2205,sc2206",432.4,sc2108,10-11
2021-07-27,1.1,"sc2205,sc2206",439.0,sc2108,10-11
2021-07-28,0.2,"sc2205,sc2206",439.5,sc2108,10-11
2021-07-29,2.7,"sc2205,sc2206",447.9,sc2108,10-11
2021-07-30,2.9,"sc2205,sc2206",445.2,sc2108,10-11
2021-08-02,-1.8,"sc2206,sc2207",452.9,sc2109,10-11
2021-08-03,-0.5,"sc2206,sc2207",440.7,sc2109,10-11
2021-08-04,-1.1,"sc2206,sc2207",433.5,sc2109,10-11
2021-08-05,0.6,"sc2206,sc2207",428.3,sc2109,10-11
2021-08-06,-1.8,"sc2206,sc2207",429.1,sc2109,10-11
2021-08-09,0.5,"sc2206,sc2207",425.0,sc2109,10-11
2021-08-10,0.3,"sc2206,sc2207",418.0,sc2109,10-11
2021-08-11,0.5,"sc2206,sc2207",430.6,sc2109,10-11
2021-08-12,-0.1,"sc2206,sc2207",430.4,sc2109,10-11
2021-08-13,-0.4,"sc2206,sc2207",431.4,sc2109,10-11
2021-08-16,-0.2,"sc2206,sc2207",428.4,sc2109,10-11
2021-08-17,-0.8,"sc2206,sc2207",423.6,sc2109,10-11
2021-08-18,0.8,"sc2206,sc2207",423.9,sc2109,10-11
2021-08-19,0.7,"sc2206,sc2207",418.7,sc2109,10-11
2021-08-20,0.0,"sc2206,sc2207",407.8,sc2109,10-11
2021-08-23,1.0,"sc2206,sc2207",403.6,sc2109,10-11
2021-08-24,-1.6,"sc2206,sc2207",421.4,sc2109,10-11
2021-08-25,-1.7,"sc2206,sc2207",431.4,sc2109,10-11
2021-08-26,-0.2,"sc2206,sc2207",435.8,sc2109,10-11
2021-08-27,-0.8,"sc2206,sc2207",438.6,sc2109,10-11
2021-08-30,-1.0,"sc2206,sc2207",445.3,sc2109,10-11
2021-08-31,0.3,"sc2206,sc2207",450.2,sc2109,10-11
2021-09-01,0.0,"sc2207,sc2208",440.5,sc2110,10-11
2021-09-02,0.7,"sc2207,sc2208",439.3,sc2110,10-11
2021-09-03,0.7,"sc2207,sc2208",456.2,sc2110,10-11
2021-09-06,0.8,"sc2207,sc2208",451.4,sc2110,10-11
2021-09-07,0.5,"sc2207,sc2208",453.8,sc2110,10-11
2021-09-08,0.6,"sc2207,sc2208",450.9,sc2110,10-11
2021-09-09,0.2,"sc2207,sc2208",454.8,sc2110,10-11
2021-09-10,0.4,"sc2207,sc2208",454.6,sc2110,10-11
2021-09-13,1.5,"sc2207,sc2208",461.2,sc2110,10-11
2021-09-14,1.5,"sc2207,sc2208",463.0,sc2110,10-11
2021-09-15,1.3,"sc2207,sc2208",461.9,sc2110,10-11
2021-09-16,1.7,"sc2207,sc2208",473.4,sc2110,10-11
2021-09-17,1.3,"sc2207,sc2208",477.1,sc2110,10-11
2021-09-22,1.4,"sc2207,sc2208",469.0,sc2110,10-11
2021-09-23,1.7,"sc2207,sc2208",469.4,sc2110,10-11
2021-09-24,2.9,"sc2208,sc2209",485.1,sc2111,10-11
2021-09-27,1.3,"sc2208,sc2209",492.1,sc2111,10-11
2021-09-28,1.3,"sc2208,sc2209",501.8,sc2111,10-11
2021-09-29,2.1,"sc2208,sc2209",495.4,sc2111,10-11
2021-09-30,2.4,"sc2208,sc2209",495.9,sc2111,10-11
2021-10-08,7.5,"sc2208,sc2209",527.1,sc2111,10-11
2021-10-11,2.0,"sc2208,sc2209",526.8,sc2111,10-11
2021-10-12,1.8,"sc2208,sc2209",531.6,sc2111,10-11
2021-10-13,1.4,"sc2208,sc2209",528.3,sc2111,10-11
2021-10-14,1.3,"sc2208,sc2209",521.5,sc2111,10-11
2021-10-15,1.3,"sc2208,sc2209",525.5,sc2111,10-11
2021-10-18,1.2,"sc2208,sc2209",533.6,sc2111,10-11
2021-10-19,2.2,"sc2208,sc2209",528.6,sc2111,10-11
2021-10-20,0.5,"sc2208,sc2209",531.2,sc2111,10-11
2021-10-21,1.6,"sc2208,sc2209",531.5,sc2111,10-11
2021-10-22,0.4,"sc2208,sc2209",525.1,sc2111,10-11
2021-10-25,1.9,"sc2208,sc2209",527.7,sc2111,10-11
2021-10-26,1.8,"sc2208,sc2209",527.3,sc2111,10-11
2021-10-27,0.7,"sc2208,sc2209",525.3,sc2111,10-11
2021-10-28,2.0,"sc2208,sc2209",511.2,sc2111,10-11
2021-10-29,3.5,"sc2208,sc2209",495.5,sc2111,10-11
2021-11-01,2.0,"sc2209,sc2210",521.7,sc2112,10-11
2021-11-02,0.8,"sc2209,sc2210",531.6,sc2112,10-11
2021-11-03,0.2,"sc2209,sc2210",526.7,sc2112,10-11
2021-11-04,2.1,"sc2209,sc2210",513.0,sc2112,10-11
2021-11-05,1.9,"sc2209,sc2210",513.6,sc2112,10-11
2021-11-08,1.9,"sc2209,sc2210",524.0,sc2112,10-11
2021-11-09,2.4,"sc2209,sc2210",526.3,sc2112,10-11
2021-11-10,2.5,"sc2209,sc2210",531.6,sc2112,10-11
2021-11-11,2.6,"sc2209,sc2210",525.9,sc2112,10-11
2021-11-12,2.5,"sc2209,sc2210",517.3,sc2112,10-11
2021-11-15,2.6,"sc2209,sc2210",513.4,sc2112,10-11
2021-11-16,2.8,"sc2209,sc2210",511.9,sc2112,10-11
2021-11-17,3.2,"sc2209,sc2210",515.0,sc2112,10-11
2021-11-18,2.7,"sc2209,sc2210",511.6,sc2112,10-11
2021-11-19,3.3,"sc2209,sc2210",513.5,sc2112,10-11
2021-11-22,2.7,"sc2209,sc2210",501.9,sc2112,10-11
2021-11-23,3.1,"sc2209,sc2210",504.8,sc2112,10-11
2021-11-24,3.1,"sc2209,sc2210",518.8,sc2112,10-11
2021-11-25,2.8,"sc2209,sc2210",521.7,sc2112,10-11
2021-11-26,3.5,"sc2209,sc2210",505.0,sc2112,10-11
2021-11-29,1.6,"sc2209,sc2210",495.6,sc2112,10-11
2021-11-30,3.1,"sc2209,sc2210",478.8,sc2112,10-11
2021-12-01,1.8,"sc2210,sc2211",445.0,sc2201,10-11
2021-12-02,1.4,"sc2210,sc2211",444.1,sc2201,10-11
2021-12-03,2.5,"sc2210,sc2211",439.2,sc2201,10-11
2021-12-06,0.7,"sc2210,sc2211",450.6,sc2201,10-11
2021-12-07,0.6,"sc2210,sc2211",457.6,sc2201,10-11
2021-12-08,1.1,"sc2210,sc2211",473.8,sc2201,10-11
2021-12-09,1.8,"sc2210,sc2211",476.0,sc2201,10-11
2021-12-10,1.6,"sc2210,sc2211",472.9,sc2201,10-11
2021-12-13,1.4,"sc2210,sc2211",477.0,sc2201,10-11
2021-12-14,1.1,"sc2210,sc2211",474.2,sc2201,10-11
2021-12-15,0.8,"sc2210,sc2211",460.0,sc2201,10-11
2021-12-16,0.6,"sc2210,sc2211",467.4,sc2201,10-11
2021-12-17,-0.1,"sc2210,sc2211",474.7,sc2201,10-11
2021-12-20,0.5,"sc2210,sc2211",466.2,sc2201,10-11
2021-12-21,1.3,"sc2210,sc2211",453.1,sc2201,10-11
2021-12-22,1.8,"sc2210,sc2211",456.2,sc2201,10-11
2021-12-23,-1.5,"sc2211,sc2212",470.0,sc2202,10-11
2021-12-24,0.3,"sc2211,sc2212",475.6,sc2202,10-11
2021-12-27,-0.1,"sc2211,sc2212",475.5,sc2202,10-11
2021-12-28,0.8,"sc2211,sc2212",487.0,sc2202,10-11
2021-12-29,3.2,"sc2211,sc2212",492.8,sc2202,10-11
2021-12-30,1.0,"sc2211,sc2212",494.5,sc2202,10-11
2021-12-31,0.4,"sc2211,sc2212",496.8,sc2202,10-11
2022-01-04,-1.3,"sc2211,sc2212",496.9,sc2202,10-11
2022-01-05,0.5,"sc2211,sc2212",501.1,sc2202,10-11
2022-01-06,1.7,"sc2211,sc2212",504.6,sc2202,10-11
2022-01-07,1.3,"sc2211,sc2212",516.4,sc2202,10-11
2022-01-10,0.5,"sc2211,sc2212",511.1,sc2202,10-11
2022-01-11,1.1,"sc2211,sc2212",508.9,sc2202,10-11
2022-01-12,0.5,"sc2211,sc2212",514.8,sc2202,10-11
2022-01-13,4.1,"sc2211,sc2212",526.0,sc2202,10-11
2022-01-14,2.3,"sc2211,sc2212",530.7,sc2202,10-11
2022-01-17,3.5,"sc2211,sc2212",538.5,sc2202,10-11
2022-01-18,3.3,"sc2211,sc2212",541.1,sc2202,10-11
2022-01-19,2.2,"sc2211,sc2212",547.6,sc2202,10-11
2022-01-20,1.4,"sc2211,sc2212",547.7,sc2202,10-11
2022-01-21,1.9,"sc2211,sc2212",557.1,sc2202,10-11
2022-01-24,4.7,"sc2212,sc2301",541.6,sc2203,10-11
2022-01-25,6.2,"sc2212,sc2301",530.4,sc2203,10-11
2022-01-26,5.8,"sc2212,sc2301",534.3,sc2203,10-11
2022-01-27,6.1,"sc2212,sc2301",545.5,sc2203,10-11
2022-01-28,4.0,"sc2212,sc2301",542.0,sc2203,10-11
2022-02-07,5.3,"sc2212,sc2301",567.3,sc2203,10-11
2022-02-08,6.3,"sc2212,sc2301",558.7,sc2203,10-11
2022-02-09,4.3,"sc2212,sc2301",547.5,sc2203,10-11
2022-02-10,4.7,"sc2212,sc2301",549.1,sc2203,10-11
2022-02-11,3.8,"sc2212,sc2301",553.3,sc2203,10-11
2022-02-14,3.5,"sc2212,sc2301",562.5,sc2203,10-11
2022-02-15,2.1,"sc2212,sc2301",566.5,sc2203,10-11
2022-02-16,3.3,"sc2212,sc2301",554.8,sc2203,10-11
2022-02-17,3.9,"sc2212,sc2301",560.8,sc2203,10-11
2022-02-18,3.2,"sc2212,sc2301",559.7,sc2203,10-11
2022-02-21,3.3,"sc2212,sc2301",561.4,sc2203,10-11
2022-02-22,2.7,"sc2212,sc2301",580.9,sc2203,10-11
2022-02-23,6.4,"sc2212,sc2301",585.3,sc2203,10-11
2022-02-24,4.9,"sc2212,sc2301",593.9,sc2203,10-11
2022-02-25,5.4,"sc2212,sc2301",613.8,sc2203,10-11
2022-02-28,7.8,"sc2212,sc2301",591.8,sc2203,10-11
2022-03-01,5.1,"sc2301,sc2302",615.9,sc2204,10-11
2022-03-02,2.0,"sc2301,sc2302",654.2,sc2204,10-11
2022-03-03,2.0,"sc2301,sc2302",699.5,sc2204,10-11
2022-03-04,6.5,"sc2301,sc2302",704.8,sc2204,10-11
2022-03-07,-4.3,"sc2301,sc2302",723.6,sc2204,10-11
2022-03-08,7.4,"sc2301,sc2302",765.8,sc2204,10-11
2022-03-09,14.0,"sc2301,sc2302",806.9,sc2204,10-11
2022-03-10,14.4,"sc2301,sc2302",726.1,sc2204,10-11
2022-03-11,12.2,"sc2301,sc2302",691.9,sc2204,10-11
2022-03-14,11.6,"sc2301,sc2302",683.0,sc2204,10-11
2022-03-15,9.2,"sc2301,sc2302",645.7,sc2204,10-11
2022-03-16,7.7,"sc2301,sc2302",622.9,sc2204,10-11
2022-03-17,7.5,"sc2301,sc2302",615.8,sc2204,10-11
2022-03-18,7.5,"sc2301,sc2302",657.0,sc2204,10-11
2022-03-21,7.4,"sc2301,sc2302",678.9,sc2204,10-11
2022-03-22,5.9,"sc2301,sc2302",722.8,sc2204,10-11
2022-03-23,9.1,"sc2301,sc2302",717.8,sc2204,10-11
2022-03-24,7.5,"sc2301,sc2302",760.1,sc2204,10-11
2022-03-25,11.0,"sc2301,sc2302",753.4,sc2204,10-11
2022-03-28,11.8,"sc2301,sc2302",742.4,sc2204,10-11
2022-03-29,10.6,"sc2301,sc2302",706.2,sc2204,10-11
2022-03-30,9.9,"sc2301,sc2302",678.2,sc2204,10-11
2022-03-31,9.5,"sc2301,sc2302",675.2,sc2204,10-11
2022-04-01,5.0,"sc2302,sc2303",666.4,sc2205,10-11
2022-04-06,3.3,"sc2302,sc2303",675.4,sc2205,10-11
2022-04-07,6.1,"sc2302,sc2303",643.1,sc2205,10-11
2022-04-08,2.9,"sc2302,sc2303",617.3,sc2205,10-11
2022-04-11,4.0,"sc2302,sc2303",625.8,sc2205,10-11
2022-04-12,4.0,"sc2302,sc2303",618.4,sc2205,10-11
2022-04-13,6.1,"sc2302,sc2303",649.9,sc2205,10-11
2022-04-14,8.4,"sc2302,sc2303",665.8,sc2205,10-11
2022-04-15,8.0,"sc2302,sc2303",679.7,sc2205,10-11
2022-04-18,6.3,"sc2302,sc2303",694.1,sc2205,10-11
2022-04-19,6.2,"sc2302,sc2303",705.9,sc2205,10-11
2022-04-20,5.2,"sc2302,sc2303",674.5,sc2205,10-11
2022-04-21,4.3,"sc2302,sc2303",674.4,sc2205,10-11
2022-04-22,5.3,"sc2302,sc2303",680.5,sc2205,10-11
2022-04-25,5.3,"sc2302,sc2303",662.4,sc2205,10-11
2022-04-26,3.0,"sc2302,sc2303",637.6,sc2205,10-11
2022-04-27,4.5,"sc2302,sc2303",663.8,sc2205,10-11
2022-04-28,4.8,"sc2302,sc2303",659.1,sc2205,10-11
2022-04-29,5.9,"sc2302,sc2303",671.2,sc2205,10-11
2022-05-05,6.4,"sc2303,sc2304",692.4,sc2206,10-11
2022-05-06,4.3,"sc2303,sc2304",696.4,sc2206,10-11
2022-05-09,4.3,"sc2303,sc2304",705.6,sc2206,10-11
2022-05-10,7.0,"sc2303,sc2304",669.8,sc2206,10-11
2022-05-11,7.2,"sc2303,sc2304",656.1,sc2206,10-11
2022-05-12,8.0,"sc2303,sc2304",680.0,sc2206,10-11
2022-05-13,5.7,"sc2303,sc2304",692.4,sc2206,10-11
2022-05-16,8.8,"sc2303,sc2304",704.6,sc2206,10-11
2022-05-17,6.9,"sc2303,sc2304",721.8,sc2206,10-11
2022-05-18,8.3,"sc2303,sc2304",721.9,sc2206,10-11
2022-05-19,13.4,"sc2303,sc2304",698.6,sc2206,10-11
2022-05-20,11.5,"sc2303,sc2304",699.8,sc2206,10-11
2022-05-23,8.1,"sc2303,sc2304",706.2,sc2206,10-11
2022-05-24,7.8,"sc2303,sc2304",699.0,sc2206,10-11
2022-05-25,5.7,"sc2303,sc2304",710.8,sc2206,10-11
2022-05-26,0.8,"sc2303,sc2304",716.1,sc2206,10-11
2022-05-27,-0.3,"sc2303,sc2304",740.4,sc2206,10-11
2022-05-30,1.0,"sc2303,sc2304",724.3,sc2206,10-11
2022-05-31,3.3,"sc2303,sc2304",737.3,sc2206,10-11
2022-06-01,9.0,"sc2304,sc2305",741.1,sc2207,10-11
2022-06-02,7.2,"sc2304,sc2305",728.8,sc2207,10-11
2022-06-06,10.3,"sc2304,sc2305",750.3,sc2207,10-11
2022-06-07,7.8,"sc2304,sc2305",748.7,sc2207,10-11
2022-06-08,7.6,"sc2304,sc2305",753.8,sc2207,10-11
2022-06-09,6.9,"sc2304,sc2305",771.4,sc2207,10-11
2022-06-10,8.6,"sc2304,sc2305",770.5,sc2207,10-11
2022-06-13,7.8,"sc2304,sc2305",756.8,sc2207,10-11
2022-06-14,8.5,"sc2304,sc2305",768.0,sc2207,10-11
2022-06-15,8.6,"sc2304,sc2305",770.6,sc2207,10-11
2022-06-16,8.0,"sc2304,sc2305",748.2,sc2207,10-11
2022-06-17,8.1,"sc2304,sc2305",731.7,sc2207,10-11
2022-06-20,8.3,"sc2304,sc2305",704.3,sc2207,10-11
2022-06-21,7.7,"sc2304,sc2305",702.2,sc2207,10-11
2022-06-22,7.8,"sc2304,sc2305",703.7,sc2207,10-11
2022-06-23,7.2,"sc2304,sc2305",687.6,sc2207,10-11
2022-06-24,6.3,"sc2304,sc2305",684.0,sc2207,10-11
2022-06-27,6.6,"sc2304,sc2305",689.6,sc2207,10-11
2022-06-28,8.2,"sc2304,sc2305",707.1,sc2207,10-11
2022-06-29,8.6,"sc2304,sc2305",715.0,sc2207,10-11
2022-06-30,8.1,"sc2304,sc2305",731.1,sc2207,10-11
2022-07-01,4.7,"sc2305,sc2306",704.4,sc2208,10-11
2022-07-04,2.3,"sc2305,sc2306",711.7,sc2208,10-11
2022-07-05,9.0,"sc2305,sc2306",727.5,sc2208,10-11
2022-07-06,6.2,"sc2305,sc2306",674.2,sc2208,10-11
2022-07-07,5.2,"sc2305,sc2306",644.9,sc2208,10-11
2022-07-08,3.2,"sc2305,sc2306",676.8,sc2208,10-11
2022-07-11,4.8,"sc2305,sc2306",686.1,sc2208,10-11
2022-07-12,4.4,"sc2305,sc2306",680.6,sc2208,10-11
2022-07-13,3.2,"sc2305,sc2306",650.2,sc2208,10-11
2022-07-14,4.8,"sc2305,sc2306",650.8,sc2208,10-11
2022-07-15,6.8,"sc2305,sc2306",641.1,sc2208,10-11
2022-07-18,9.1,"sc2305,sc2306",668.0,sc2208,10-11
2022-07-19,7.3,"sc2305,sc2306",697.5,sc2208,10-11
2022-07-20,8.0,"sc2305,sc2306",704.9,sc2208,10-11
2022-07-21,8.0,"sc2305,sc2306",706.9,sc2208,10-11
2022-07-22,8.2,"sc2305,sc2306",695.8,sc2208,10-11
2022-07-25,8.1,"sc2305,sc2306",697.9,sc2208,10-11
2022-07-26,8.7,"sc2305,sc2306",704.3,sc2208,10-11
2022-07-27,6.7,"sc2305,sc2306",661.3,sc2208,10-11
2022-07-28,7.7,"sc2305,sc2306",676.1,sc2208,10-11
2022-07-29,9.0,"sc2305,sc2306",730.3,sc2208,10-11
2022-08-01,1.9,"sc2306,sc2307",698.1,sc2209,10-11
2022-08-02,4.0,"sc2306,sc2307",672.7,sc2209,10-11
2022-08-03,3.7,"sc2306,sc2307",681.6,sc2209,10-11
2022-08-04,6.8,"sc2306,sc2307",667.1,sc2209,10-11
2022-08-05,6.9,"sc2306,sc2307",650.3,sc2209,10-11
2022-08-08,5.0,"sc2306,sc2307",659.6,sc2209,10-11
2022-08-09,5.4,"sc2306,sc2307",665.7,sc2209,10-11
2022-08-10,9.0,"sc2306,sc2307",676.5,sc2209,10-11
2022-08-11,5.8,"sc2306,sc2307",682.6,sc2209,10-11
2022-08-12,3.9,"sc2306,sc2307",698.9,sc2209,10-11
2022-08-15,2.8,"sc2306,sc2307",695.9,sc2209,10-11
2022-08-16,2.9,"sc2306,sc2307",685.6,sc2209,10-11
2022-08-17,4.2,"sc2306,sc2307",690.7,sc2209,10-11
2022-08-18,5.6,"sc2306,sc2307",698.6,sc2209,10-11
2022-08-19,4.5,"sc2306,sc2307",725.4,sc2209,10-11
2022-08-22,2.4,"sc2306,sc2307",749.9,sc2209,10-11
2022-08-23,3.2,"sc2306,sc2307",747.2,sc2209,10-11
2022-08-24,3.9,"sc2306,sc2307",765.8,sc2209,10-11
2022-08-25,6.6,"sc2306,sc2307",790.6,sc2209,10-11
2022-08-26,12.5,"sc2306,sc2307",787.3,sc2209,10-11
2022-08-29,6.9,"sc2306,sc2307",726.4,sc2209,10-11
2022-08-30,6.8,"sc2306,sc2307",738.7,sc2209,10-11
2022-08-31,8.4,"sc2306,sc2307",724.7,sc2209,10-11
2022-09-01,3.3,"sc2307,sc2308",705.5,sc2210,10-11
2022-09-02,4.4,"sc2307,sc2308",694.7,sc2210,10-11
2022-09-05,5.0,"sc2307,sc2308",696.2,sc2210,10-11
2022-09-06,4.8,"sc2307,sc2308",707.4,sc2210,10-11
2022-09-07,4.7,"sc2307,sc2308",688.4,sc2210,10-11
2022-09-08,4.6,"sc2307,sc2308",673.8,sc2210,10-11
2022-09-09,4.9,"sc2307,sc2308",670.0,sc2210,10-11
2022-09-13,4.3,"sc2307,sc2308",705.6,sc2210,10-11
2022-09-14,3.3,"sc2307,sc2308",691.6,sc2210,10-11
2022-09-15,4.2,"sc2307,sc2308",718.3,sc2210,10-11
2022-09-16,1.8,"sc2307,sc2308",712.2,sc2210,10-11
2022-09-19,3.5,"sc2307,sc2308",709.2,sc2210,10-11
2022-09-20,3.8,"sc2307,sc2308",707.4,sc2210,10-11
2022-09-21,4.3,"sc2307,sc2308",674.3,sc2210,10-11
2022-09-22,3.8,"sc2307,sc2308",653.6,sc2210,10-11
2022-09-23,4.6,"sc2307,sc2308",645.8,sc2210,10-11
2022-09-26,3.8,"sc2308,sc2309",624.8,sc2211,10-11
2022-09-27,3.4,"sc2308,sc2309",612.0,sc2211,10-11
2022-09-28,5.5,"sc2308,sc2309",612.2,sc2211,10-11
2022-09-29,3.7,"sc2308,sc2309",628.6,sc2211,10-11
2022-09-30,4.1,"sc2308,sc2309",631.5,sc2211,10-11
2022-10-10,6.2,"sc2308,sc2309",699.6,sc2211,10-11
2022-10-11,4.5,"sc2308,sc2309",702.2,sc2211,10-11
2022-10-12,1.8,"sc2308,sc2309",688.2,sc2211,10-11
2022-10-13,-0.2,"sc2308,sc2309",684.8,sc2211,10-11
2022-10-14,2.5,"sc2308,sc2309",689.7,sc2211,10-11
2022-10-17,4.3,"sc2308,sc2309",676.7,sc2211,10-11
2022-10-18,3.5,"sc2308,sc2309",677.9,sc2211,10-11
2022-10-19,2.7,"sc2308,sc2309",665.4,sc2211,10-11
2022-10-20,4.2,"sc2308,sc2309",667.1,sc2211,10-11
2022-10-21,4.6,"sc2308,sc2309",669.6,sc2211,10-11
2022-10-24,5.6,"sc2308,sc2309",670.1,sc2211,10-11
2022-10-25,3.2,"sc2308,sc2309",669.9,sc2211,10-11
2022-10-26,5.7,"sc2308,sc2309",671.3,sc2211,10-11
2022-10-27,3.0,"sc2308,sc2309",677.4,sc2211,10-11
2022-10-28,2.6,"sc2308,sc2309",684.9,sc2211,10-11
2022-10-31,2.5,"sc2308,sc2309",686.8,sc2211,10-11
2022-11-01,5.8,"sc2309,sc2310",685.5,sc2212,10-11
2022-11-02,6.4,"sc2309,sc2310",696.3,sc2212,10-11
2022-11-03,-0.8,"sc2309,sc2310",698.4,sc2212,10-11
2022-11-04,1.1,"sc2309,sc2310",699.9,sc2212,10-11
2022-11-07,3.1,"sc2309,sc2310",715.4,sc2212,10-11
2022-11-08,5.5,"sc2309,sc2310",716.5,sc2212,10-11
2022-11-09,5.9,"sc2309,sc2310",700.6,sc2212,10-11
2022-11-10,6.7,"sc2309,sc2310",677.4,sc2212,10-11
2022-11-11,6.0,"sc2309,sc2310",673.8,sc2212,10-11
2022-11-14,6.9,"sc2309,sc2310",677.5,sc2212,10-11
2022-11-15,5.1,"sc2309,sc2310",658.4,sc2212,10-11
2022-11-16,5.8,"sc2309,sc2310",647.0,sc2212,10-11
2022-11-17,7.8,"sc2309,sc2310",636.7,sc2212,10-11
2022-11-18,7.7,"sc2309,sc2310",623.1,sc2212,10-11
2022-11-21,6.3,"sc2309,sc2310",601.6,sc2212,10-11
2022-11-22,4.2,"sc2309,sc2310",591.8,sc2212,10-11
2022-11-23,4.6,"sc2309,sc2310",601.9,sc2212,10-11
2022-11-24,4.1,"sc2309,sc2310",575.0,sc2212,10-11
2022-11-25,5.1,"sc2309,sc2310",576.1,sc2212,10-11
2022-11-28,3.6,"sc2309,sc2310",556.0,sc2212,10-11
2022-11-29,2.1,"sc2309,sc2310",554.9,sc2212,10-11
2022-11-30,2.7,"sc2309,sc2310",579.2,sc2212,10-11
2022-12-01,1.8,"sc2310,sc2311",578.9,sc2301,10-11
2022-12-02,1.9,"sc2310,sc2311",577.7,sc2301,10-11
2022-12-05,0.4,"sc2310,sc2311",570.0,sc2301,10-11
2022-12-06,-0.5,"sc2310,sc2311",552.6,sc2301,10-11
2022-12-07,-1.2,"sc2310,sc2311",523.3,sc2301,10-11
2022-12-08,2.0,"sc2310,sc2311",512.6,sc2301,10-11
2022-12-09,1.0,"sc2310,sc2311",505.1,sc2301,10-11
2022-12-12,0.9,"sc2310,sc2311",501.6,sc2301,10-11
2022-12-13,1.4,"sc2310,sc2311",510.2,sc2301,10-11
2022-12-14,1.4,"sc2310,sc2311",521.7,sc2301,10-11
2022-12-15,1.9,"sc2310,sc2311",530.3,sc2301,10-11
2022-12-16,1.8,"sc2310,sc2311",528.4,sc2301,10-11
2022-12-19,3.1,"sc2310,sc2311",520.0,sc2301,10-11
2022-12-20,1.6,"sc2310,sc2311",528.4,sc2301,10-11
2022-12-21,1.4,"sc2310,sc2311",529.2,sc2301,10-11
2022-12-22,1.2,"sc2310,sc2311",538.0,sc2301,10-11
2022-12-23,-1.9,"sc2311,sc2312",546.8,sc2302,10-11
2022-12-26,1.9,"sc2311,sc2312",559.7,sc2302,10-11
2022-12-27,3.7,"sc2311,sc2312",562.5,sc2302,10-11
2022-12-28,2.3,"sc2311,sc2312",565.5,sc2302,10-11
2022-12-29,-0.1,"sc2311,sc2312",552.9,sc2302,10-11
2022-12-30,-0.3,"sc2311,sc2312",553.7,sc2302,10-11
2023-01-03,1.4,"sc2311,sc2312",564.2,sc2302,10-11
2023-01-04,0.7,"sc2311,sc2312",549.9,sc2302,10-11
2023-01-05,-4.9,"sc2311,sc2312",521.1,sc2302,10-11
2023-01-06,-0.9,"sc2311,sc2312",525.5,sc2302,10-11
2023-01-09,-3.3,"sc2311,sc2312",525.7,sc2302,10-11
2023-01-10,-1.3,"sc2311,sc2312",524.4,sc2302,10-11
2023-01-11,-3.3,"sc2311,sc2312",519.5,sc2302,10-11
2023-01-12,-3.1,"sc2311,sc2312",527.3,sc2302,10-11
2023-01-13,-2.8,"sc2311,sc2312",538.8,sc2302,10-11
2023-01-16,-4.8,"sc2311,sc2312",539.4,sc2302,10-11
2023-01-17,3.4,"sc2312,sc2401",544.2,sc2303,10-11
2023-01-18,-1.4,"sc2312,sc2401",559.6,sc2303,10-11
2023-01-19,0.8,"sc2312,sc2401",556.2,sc2303,10-11
2023-01-20,-1.1,"sc2312,sc2401",559.8,sc2303,10-11
2023-01-30,-25.1,"sc2312,sc2401",560.0,sc2303,10-11
2023-01-31,2.2,"sc2312,sc2401",546.6,sc2303,10-11
2023-02-01,2.7,"sc2312,sc2401",548.4,sc2303,10-11
2023-02-02,1.3,"sc2312,sc2401",540.8,sc2303,10-11
2023-02-03,1.8,"sc2312,sc2401",532.3,sc2303,10-11
2023-02-06,0.7,"sc2312,sc2401",526.5,sc2303,10-11
2023-02-07,3.6,"sc2312,sc2401",523.8,sc2303,10-11
2023-02-08,3.0,"sc2312,sc2401",537.9,sc2303,10-11
2023-02-09,2.1,"sc2312,sc2401",550.9,sc2303,10-11
2023-02-10,-0.6,"sc2312,sc2401",552.6,sc2303,10-11
2023-02-13,-2.0,"sc2312,sc2401",563.0,sc2303,10-11
2023-02-14,-0.5,"sc2312,sc2401",566.3,sc2303,10-11
2023-02-15,-0.4,"sc2312,sc2401",567.9,sc2303,10-11
2023-02-16,0.3,"sc2312,sc2401",572.4,sc2303,10-11
2023-02-17,-0.4,"sc2312,sc2401",579.1,sc2303,10-11
2023-02-20,0.7,"sc2312,sc2401",559.1,sc2303,10-11
2023-02-21,2.2,"sc2312,sc2401",557.0,sc2303,10-11
2023-02-22,3.6,"sc2312,sc2401",556.1,sc2303,10-11
2023-02-23,3.3,"sc2312,sc2401",552.0,sc2303,10-11
2023-02-24,1.2,"sc2312,sc2401",548.6,sc2303,10-11
2023-02-27,0.4,"sc2312,sc2401",561.2,sc2303,10-11
2023-02-28,2.0,"sc2312,sc2401",553.0,sc2303,10-11
2023-03-01,0.5,"sc2401,sc2402",556.5,sc2304,10-11
2023-03-02,0.9,"sc2401,sc2402",556.0,sc2304,10-11
2023-03-03,1.7,"sc2401,sc2402",566.5,sc2304,10-11
2023-03-06,1.6,"sc2401,sc2402",568.7,sc2304,10-11
2023-03-07,1.6,"sc2401,sc2402",579.2,sc2304,10-11
2023-03-08,0.4,"sc2401,sc2402",571.1,sc2304,10-11
2023-03-09,0.7,"sc2401,sc2402",560.5,sc2304,10-11
2023-03-10,1.0,"sc2401,sc2402",557.3,sc2304,10-11
2023-03-13,1.3,"sc2401,sc2402",551.7,sc2304,10-11
2023-03-14,0.8,"sc2401,sc2402",535.6,sc2304,10-11
2023-03-15,0.6,"sc2401,sc2402",526.7,sc2304,10-11
2023-03-16,-0.3,"sc2401,sc2402",496.4,sc2304,10-11
2023-03-17,-0.1,"sc2401,sc2402",496.1,sc2304,10-11
2023-03-20,-0.1,"sc2401,sc2402",490.2,sc2304,10-11
2023-03-21,-1.3,"sc2401,sc2402",486.1,sc2304,10-11
2023-03-22,0.4,"sc2401,sc2402",497.7,sc2304,10-11
2023-03-23,-0.5,"sc2401,sc2402",504.4,sc2304,10-11
2023-03-24,0.4,"sc2401,sc2402",505.2,sc2304,10-11
2023-03-27,2.4,"sc2401,sc2402",498.0,sc2304,10-11
2023-03-28,2.0,"sc2401,sc2402",514.8,sc2304,10-11
2023-03-29,2.5,"sc2401,sc2402",524.3,sc2304,10-11
2023-03-30,4.0,"sc2401,sc2402",525.8,sc2304,10-11
2023-03-31,1.3,"sc2401,sc2402",531.0,sc2304,10-11
2023-04-03,0.9,"sc2402,sc2403",547.2,sc2305,10-11
2023-04-04,2.7,"sc2402,sc2403",576.9,sc2305,10-11
2023-04-06,2.5,"sc2402,sc2403",583.0,sc2305,10-11
2023-04-07,1.9,"sc2402,sc2403",586.9,sc2305,10-11
2023-04-10,1.9,"sc2402,sc2403",589.3,sc2305,10-11
2023-04-11,2.6,"sc2402,sc2403",586.3,sc2305,10-11
2023-04-12,1.9,"sc2402,sc2403",591.9,sc2305,10-11
2023-04-13,1.4,"sc2402,sc2403",601.8,sc2305,10-11
2023-04-14,1.8,"sc2402,sc2403",597.4,sc2305,10-11
2023-04-17,2.2,"sc2402,sc2403",599.2,sc2305,10-11
2023-04-18,2.2,"sc2402,sc2403",597.5,sc2305,10-11
2023-04-19,1.8,"sc2402,sc2403",593.6,sc2305,10-11
2023-04-20,2.7,"sc2402,sc2403",580.9,sc2305,10-11
2023-04-21,0.2,"sc2402,sc2403",566.6,sc2305,10-11
2023-04-24,3.3,"sc2402,sc2403",565.4,sc2305,10-11
2023-04-25,1.8,"sc2402,sc2403",566.9,sc2305,10-11
2023-04-26,1.1,"sc2402,sc2403",561.8,sc2305,10-11
2023-04-27,1.3,"sc2402,sc2403",534.9,sc2305,10-11
2023-04-28,1.6,"sc2402,sc2403",545.9,sc2305,10-11
2023-05-04,2.2,"sc2403,sc2404",494.9,sc2306,10-11
2023-05-05,0.8,"sc2403,sc2404",491.7,sc2306,10-11
2023-05-08,0.9,"sc2403,sc2404",508.7,sc2306,10-11
2023-05-09,0.3,"sc2403,sc2404",518.9,sc2306,10-11
2023-05-10,-0.2,"sc2403,sc2404",517.5,sc2306,10-11
2023-05-11,-0.5,"sc2403,sc2404",514.7,sc2306,10-11
2023-05-12,-0.7,"sc2403,sc2404",502.1,sc2306,10-11
2023-05-15,-0.2,"sc2403,sc2404",496.2,sc2306,10-11
2023-05-16,0.2,"sc2403,sc2404",505.7,sc2306,10-11
2023-05-17,-0.2,"sc2403,sc2404",504.1,sc2306,10-11
2023-05-18,-0.2,"sc2403,sc2404",512.7,sc2306,10-11
2023-05-19,0.7,"sc2403,sc2404",514.4,sc2306,10-11
2023-05-22,1.2,"sc2403,sc2404",509.6,sc2306,10-11
2023-05-23,0.0,"sc2403,sc2404",513.7,sc2306,10-11
2023-05-24,0.7,"sc2403,sc2404",523.5,sc2306,10-11
2023-05-25,1.0,"sc2403,sc2404",529.4,sc2306,10-11
2023-05-26,0.8,"sc2403,sc2404",516.7,sc2306,10-11
2023-05-29,0.9,"sc2403,sc2404",527.4,sc2306,10-11
2023-05-30,0.9,"sc2403,sc2404",528.2,sc2306,10-11
2023-05-31,1.0,"sc2403,sc2404",517.5,sc2306,10-11
2023-06-01,1.5,"sc2404,sc2405",501.9,sc2307,10-11
2023-06-02,0.4,"sc2404,sc2405",511.8,sc2307,10-11
2023-06-05,0.5,"sc2404,sc2405",523.7,sc2307,10-11
2023-06-06,0.3,"sc2404,sc2405",528.0,sc2307,10-11
2023-06-07,-0.2,"sc2404,sc2405",524.1,sc2307,10-11
2023-06-08,-0.1,"sc2404,sc2405",534.2,sc2307,10-11
2023-06-09,0.1,"sc2404,sc2405",527.3,sc2307,10-11
2023-06-12,0.9,"sc2404,sc2405",523.1,sc2307,10-11
2023-06-13,1.8,"sc2404,sc2405",506.3,sc2307,10-11
2023-06-14,1.2,"sc2404,sc2405",519.6,sc2307,10-11
2023-06-15,1.4,"sc2404,sc2405",517.6,sc2307,10-11
2023-06-16,1.2,"sc2404,sc2405",525.1,sc2307,10-11
2023-06-19,2.6,"sc2404,sc2405",530.0,sc2307,10-11
2023-06-20,4.0,"sc2404,sc2405",533.6,sc2307,10-11
2023-06-21,4.1,"sc2404,sc2405",542.5,sc2307,10-11
2023-06-26,2.6,"sc2404,sc2405",539.3,sc2307,10-11
2023-06-27,3.5,"sc2404,sc2405",541.1,sc2307,10-11
2023-06-28,2.0,"sc2404,sc2405",534.6,sc2307,10-11
2023-06-29,2.1,"sc2404,sc2405",539.1,sc2307,10-11
2023-06-30,1.4,"sc2404,sc2405",542.1,sc2307,10-11
2023-07-03,3.3,"sc2405,sc2406",551.7,sc2308,10-11
2023-07-04,0.7,"sc2405,sc2406",551.0,sc2308,10-11
2023-07-05,0.5,"sc2405,sc2406",553.8,sc2308,10-11
2023-07-06,2.7,"sc2405,sc2406",558.8,sc2308,10-11
2023-07-07,-0.1,"sc2405,sc2406",556.5,sc2308,10-11
2023-07-10,0.5,"sc2405,sc2406",565.3,sc2308,10-11
2023-07-11,0.5,"sc2405,sc2406",568.8,sc2308,10-11
2023-07-12,3.0,"sc2405,sc2406",574.4,sc2308,10-11
2023-07-13,2.6,"sc2405,sc2406",578.6,sc2308,10-11
2023-07-14,4.3,"sc2405,sc2406",584.9,sc2308,10-11
2023-07-17,1.9,"sc2405,sc2406",580.1,sc2308,10-11
2023-07-18,0.7,"sc2405,sc2406",577.2,sc2308,10-11
2023-07-19,2.7,"sc2405,sc2406",583.4,sc2308,10-11
2023-07-20,1.7,"sc2405,sc2406",589.1,sc2308,10-11
2023-07-21,0.1,"sc2405,sc2406",585.3,sc2308,10-11
2023-07-24,-0.4,"sc2405,sc2406",587.7,sc2308,10-11
2023-07-25,1.1,"sc2405,sc2406",598.9,sc2308,10-11
2023-07-26,3.2,"sc2405,sc2406",601.8,sc2308,10-11
2023-07-27,2.1,"sc2405,sc2406",606.8,sc2308,10-11
2023-07-28,3.0,"sc2405,sc2406",610.3,sc2308,10-11
2023-07-31,2.4,"sc2405,sc2406",604.4,sc2308,10-11
2023-08-01,2.1,"sc2406,sc2407",618.2,sc2309,10-11
2023-08-02,1.6,"sc2406,sc2407",621.8,sc2309,10-11
2023-08-03,2.5,"sc2406,sc2407",610.6,sc2309,10-11
2023-08-04,2.3,"sc2406,sc2407",619.3,sc2309,10-11
2023-08-07,2.0,"sc2406,sc2407",627.5,sc2309,10-11
2023-08-08,2.5,"sc2406,sc2407",625.5,sc2309,10-11
2023-08-09,2.6,"sc2406,sc2407",626.9,sc2309,10-11
2023-08-10,4.1,"sc2406,sc2407",638.1,sc2309,10-11
2023-08-11,3.3,"sc2406,sc2407",639.4,sc2309,10-11
2023-08-14,5.2,"sc2406,sc2407",658.7,sc2309,10-11
2023-08-15,5.8,"sc2406,sc2407",658.7,sc2309,10-11
2023-08-16,5.0,"sc2406,sc2407",655.8,sc2309,10-11
2023-08-17,3.4,"sc2406,sc2407",655.6,sc2309,10-11
2023-08-18,1.5,"sc2406,sc2407",658.4,sc2309,10-11
2023-08-21,1.2,"sc2406,sc2407",667.6,sc2309,10-11
2023-08-22,1.8,"sc2406,sc2407",671.8,sc2309,10-11
2023-08-23,2.1,"sc2406,sc2407",665.6,sc2309,10-11
2023-08-24,2.4,"sc2406,sc2407",668.8,sc2309,10-11
2023-08-25,0.0,"sc2406,sc2407",678.7,sc2309,10-11
2023-08-28,1.6,"sc2406,sc2407",690.9,sc2309,10-11
2023-08-29,2.3,"sc2406,sc2407",657.4,sc2309,10-11
2023-08-30,2.2,"sc2406,sc2407",632.0,sc2309,10-11
2023-08-31,2.8,"sc2406,sc2407",607.6,sc2309,10-11
2023-09-01,3.2,"sc2407,sc2408",649.8,sc2310,10-11
2023-09-04,3.4,"sc2407,sc2408",666.2,sc2310,10-11
2023-09-05,3.5,"sc2407,sc2408",668.6,sc2310,10-11
2023-09-06,3.0,"sc2407,sc2408",690.0,sc2310,10-11
2023-09-07,2.2,"sc2407,sc2408",691.0,sc2310,10-11
2023-09-08,3.9,"sc2407,sc2408",693.8,sc2310,10-11
2023-09-11,3.2,"sc2407,sc2408",694.8,sc2310,10-11
2023-09-12,4.9,"sc2407,sc2408",696.3,sc2310,10-11
2023-09-13,3.7,"sc2407,sc2408",708.3,sc2310,10-11
2023-09-14,4.5,"sc2407,sc2408",717.7,sc2310,10-11
2023-09-15,4.7,"sc2407,sc2408",736.8,sc2310,10-11
2023-09-18,5.6,"sc2407,sc2408",733.1,sc2310,10-11
2023-09-19,6.3,"sc2407,sc2408",736.7,sc2310,10-11
2023-09-20,5.4,"sc2407,sc2408",728.9,sc2310,10-11
2023-09-21,7.6,"sc2407,sc2408",725.6,sc2310,10-11
2023-09-22,6.6,"sc2407,sc2408",736.5,sc2310,10-11
2023-09-25,6.9,"sc2407,sc2408",731.7,sc2310,10-11
2023-09-26,8.5,"sc2407,sc2408",702.4,sc2310,10-11
2023-09-27,7.3,"sc2407,sc2408",695.9,sc2310,10-11
2023-09-28,6.7,"sc2407,sc2408",700.9,sc2310,10-11
2023-10-09,3.2,"sc2408,sc2409",660.7,sc2311,10-11
2023-10-10,1.9,"sc2408,sc2409",660.8,sc2311,10-11
2023-10-11,4.1,"sc2408,sc2409",657.0,sc2311,10-11
2023-10-12,3.1,"sc2408,sc2409",650.1,sc2311,10-11
2023-10-13,4.5,"sc2408,sc2409",652.3,sc2311,10-11
2023-10-16,3.2,"sc2408,sc2409",676.5,sc2311,10-11
2023-10-17,0.6,"sc2408,sc2409",674.6,sc2311,10-11
2023-10-18,3.7,"sc2408,sc2409",681.5,sc2311,10-11
2023-10-19,2.6,"sc2408,sc2409",689.1,sc2311,10-11
2023-10-20,2.8,"sc2408,sc2409",694.0,sc2311,10-11
2023-10-23,2.6,"sc2408,sc2409",694.9,sc2311,10-11
2023-10-24,1.7,"sc2408,sc2409",682.7,sc2311,10-11
2023-10-25,2.4,"sc2408,sc2409",668.0,sc2311,10-11
2023-10-26,4.5,"sc2408,sc2409",674.5,sc2311,10-11
2023-10-27,2.7,"sc2408,sc2409",673.0,sc2311,10-11
2023-10-30,3.9,"sc2408,sc2409",678.3,sc2311,10-11
2023-10-31,2.0,"sc2408,sc2409",671.6,sc2311,10-11
2023-11-01,3.3,"sc2409,sc2410",649.8,sc2312,10-11
2023-11-02,3.3,"sc2409,sc2410",650.1,sc2312,10-11
2023-11-03,3.0,"sc2409,sc2410",653.5,sc2312,10-11
2023-11-06,3.0,"sc2409,sc2410",647.3,sc2312,10-11
2023-11-07,4.4,"sc2409,sc2410",636.5,sc2312,10-11
2023-11-08,3.1,"sc2409,sc2410",610.4,sc2312,10-11
2023-11-09,4.4,"sc2409,sc2410",596.2,sc2312,10-11
2023-11-10,4.0,"sc2409,sc2410",596.9,sc2312,10-11
2023-11-13,2.8,"sc2409,sc2410",598.9,sc2312,10-11
2023-11-14,3.2,"sc2409,sc2410",602.7,sc2312,10-11
2023-11-15,4.3,"sc2409,sc2410",604.1,sc2312,10-11
2023-11-16,1.0,"sc2409,sc2410",590.4,sc2312,10-11
2023-11-17,1.6,"sc2409,sc2410",568.9,sc2312,10-11
2023-11-20,2.0,"sc2409,sc2410",576.7,sc2312,10-11
2023-11-21,2.2,"sc2409,sc2410",587.4,sc2312,10-11
2023-11-22,1.5,"sc2409,sc2410",589.2,sc2312,10-11
2023-11-23,2.1,"sc2409,sc2410",571.9,sc2312,10-11
2023-11-24,0.3,"sc2409,sc2410",575.9,sc2312,10-11
2023-11-27,1.8,"sc2409,sc2410",573.3,sc2312,10-11
2023-11-28,0.3,"sc2409,sc2410",566.9,sc2312,10-11
2023-11-29,0.5,"sc2409,sc2410",573.7,sc2312,10-11
2023-11-30,1.4,"sc2409,sc2410",577.1,sc2312,10-11
2023-12-01,0.1,"sc2410,sc2411",579.3,sc2401,10-11
2023-12-04,-0.9,"sc2410,sc2411",566.0,sc2401,10-11
2023-12-05,1.3,"sc2410,sc2411",556.7,sc2401,10-11
2023-12-06,-1.0,"sc2410,sc2411",554.3,sc2401,10-11
2023-12-07,0.3,"sc2410,sc2411",536.6,sc2401,10-11
2023-12-08,0.1,"sc2410,sc2411",546.7,sc2401,10-11
2023-12-11,-2.0,"sc2410,sc2411",551.5,sc2401,10-11
2023-12-12,-1.4,"sc2410,sc2411",550.8,sc2401,10-11
2023-12-13,-1.0,"sc2410,sc2411",530.2,sc2401,10-11
2023-12-14,1.1,"sc2410,sc2411",529.5,sc2401,10-11
2023-12-15,-0.5,"sc2410,sc2411",542.9,sc2401,10-11
2023-12-18,1.6,"sc2410,sc2411",542.5,sc2401,10-11
2023-12-19,1.2,"sc2410,sc2411",553.8,sc2401,10-11
2023-12-20,1.9,"sc2410,sc2411",556.1,sc2401,10-11
2023-12-21,1.8,"sc2410,sc2411",560.2,sc2401,10-11
2023-12-22,0.8,"sc2410,sc2411",554.9,sc2401,10-11
2023-12-25,2.9,"sc2410,sc2411",552.7,sc2401,10-11
2023-12-26,2.1,"sc2410,sc2411",553.7,sc2401,10-11
2023-12-27,2.5,"sc2410,sc2411",567.3,sc2401,10-11
2023-12-28,1.6,"sc2410,sc2411",560.2,sc2401,10-11
2023-12-29,1.9,"sc2410,sc2411",551.2,sc2401,10-11
2024-01-02,-1.6,"sc2411,sc2412",547.2,sc2402,10-11
2024-01-03,-1.8,"sc2411,sc2412",544.7,sc2402,10-11
2024-01-04,0.4,"sc2411,sc2412",554.3,sc2402,10-11
2024-01-05,1.3,"sc2411,sc2412",552.9,sc2402,10-11
2024-01-08,1.3,"sc2411,sc2412",556.6,sc2402,10-11
2024-01-09,-0.4,"sc2411,sc2412",539.0,sc2402,10-11
2024-01-10,0.6,"sc2411,sc2412",553.2,sc2402,10-11
2024-01-11,0.6,"sc2411,sc2412",559.0,sc2402,10-11
2024-01-12,1.5,"sc2411,sc2412",566.1,sc2402,10-11
2024-01-15,-0.8,"sc2411,sc2412",562.8,sc2402,10-11
2024-01-16,-0.5,"sc2411,sc2412",553.5,sc2402,10-11
2024-01-17,-0.8,"sc2411,sc2412",554.5,sc2402,10-11
2024-01-18,-0.9,"sc2411,sc2412",550.6,sc2402,10-11
2024-01-19,1.2,"sc2411,sc2412",557.9,sc2402,10-11
2024-01-22,1.1,"sc2411,sc2412",557.9,sc2402,10-11
2024-01-23,1.1,"sc2411,sc2412",564.2,sc2402,10-11
2024-01-24,1.5,"sc2411,sc2412",562.0,sc2402,10-11
2024-01-25,1.9,"sc2411,sc2412",567.7,sc2402,10-11
2024-01-26,2.5,"sc2411,sc2412",579.7,sc2402,10-11
2024-01-29,2.0,"sc2411,sc2412",587.6,sc2402,10-11
2024-01-30,2.0,"sc2411,sc2412",584.8,sc2402,10-11
2024-01-31,2.8,"sc2411,sc2412",577.8,sc2402,10-11
2024-02-01,3.8,"sc2412,sc2501",579.4,sc2403,10-11
2024-02-02,3.3,"sc2412,sc2501",572.2,sc2403,10-11
2024-02-05,2.4,"sc2412,sc2501",555.9,sc2403,10-11
2024-02-06,1.5,"sc2412,sc2501",556.6,sc2403,10-11
2024-02-07,1.9,"sc2412,sc2501",562.1,sc2403,10-11
2024-02-08,1.7,"sc2412,sc2501",567.4,sc2403,10-11
2024-02-19,14.6,"sc2412,sc2501",581.7,sc2403,10-11
2024-02-20,2.2,"sc2412,sc2501",598.7,sc2403,10-11
2024-02-21,0.9,"sc2412,sc2501",592.2,sc2403,10-11
2024-02-22,4.6,"sc2412,sc2501",593.2,sc2403,10-11
2024-02-23,1.6,"sc2412,sc2501",598.7,sc2403,10-11
2024-02-26,3.0,"sc2412,sc2501",595.7,sc2403,10-11
2024-02-27,1.3,"sc2412,sc2501",600.4,sc2403,10-11
2024-02-28,2.0,"sc2412,sc2501",613.0,sc2403,10-11
2024-02-29,2.3,"sc2412,sc2501",613.1,sc2403,10-11
2024-03-01,3.2,"sc2501,sc2502",607.0,sc2404,10-11
2024-03-04,0.7,"sc2501,sc2502",617.9,sc2404,10-11
2024-03-05,2.0,"sc2501,sc2502",615.4,sc2404,10-11
2024-03-06,1.7,"sc2501,sc2502",608.9,sc2404,10-11
2024-03-07,0.6,"sc2501,sc2502",614.2,sc2404,10-11
2024-03-08,2.0,"sc2501,sc2502",613.6,sc2404,10-11
2024-03-11,1.3,"sc2501,sc2502",610.0,sc2404,10-11
2024-03-12,0.7,"sc2501,sc2502",616.1,sc2404,10-11
2024-03-13,2.2,"sc2501,sc2502",621.0,sc2404,10-11
2024-03-14,0.2,"sc2501,sc2502",630.5,sc2404,10-11
2024-03-15,2.0,"sc2501,sc2502",646.8,sc2404,10-11
2024-03-18,4.1,"sc2501,sc2502",635.7,sc2404,10-11
2024-03-19,4.4,"sc2501,sc2502",632.9,sc2404,10-11
2024-03-20,1.7,"sc2501,sc2502",637.0,sc2404,10-11
2024-03-21,3.4,"sc2501,sc2502",630.5,sc2404,10-11
2024-03-22,3.6,"sc2501,sc2502",626.7,sc2404,10-11
2024-03-25,2.0,"sc2501,sc2502",631.8,sc2404,10-11
2024-03-26,4.6,"sc2501,sc2502",636.3,sc2404,10-11
2024-03-27,2.6,"sc2501,sc2502",632.5,sc2404,10-11
2024-03-28,3.1,"sc2501,sc2502",635.0,sc2404,10-11
2024-03-29,2.9,"sc2501,sc2502",651.3,sc2404,10-11
2024-04-01,4.8,"sc2502,sc2503",645.2,sc2405,10-11
2024-04-02,4.5,"sc2502,sc2503",647.0,sc2405,10-11
2024-04-03,4.4,"sc2502,sc2503",656.1,sc2405,10-11
2024-04-08,4.0,"sc2502,sc2503",660.8,sc2405,10-11
2024-04-09,5.8,"sc2502,sc2503",666.2,sc2405,10-11
2024-04-10,6.5,"sc2502,sc2503",662.2,sc2405,10-11
2024-04-11,6.6,"sc2502,sc2503",666.3,sc2405,10-11
2024-04-12,7.4,"sc2502,sc2503",667.7,sc2405,10-11
2024-04-15,6.4,"sc2502,sc2503",670.6,sc2405,10-11
2024-04-16,4.4,"sc2502,sc2503",663.9,sc2405,10-11
2024-04-17,6.2,"sc2502,sc2503",665.4,sc2405,10-11
2024-04-18,4.7,"sc2502,sc2503",652.0,sc2405,10-11
2024-04-19,2.9,"sc2502,sc2503",650.8,sc2405,10-11
2024-04-22,3.8,"sc2502,sc2503",643.0,sc2405,10-11
2024-04-23,2.8,"sc2502,sc2503",640.9,sc2405,10-11
2024-04-24,4.2,"sc2502,sc2503",646.7,sc2405,10-11
2024-04-25,4.6,"sc2502,sc2503",652.6,sc2405,10-11
2024-04-26,3.5,"sc2502,sc2503",645.9,sc2405,10-11
2024-04-29,3.6,"sc2502,sc2503",652.5,sc2405,10-11
2024-04-30,4.0,"sc2502,sc2503",649.6,sc2405,10-11
2024-05-06,4.8,"sc2503,sc2504",634.0,sc2406,10-11
2024-05-07,1.8,"sc2503,sc2504",617.6,sc2406,10-11
2024-05-08,2.4,"sc2503,sc2504",615.5,sc2406,10-11
2024-05-09,2.2,"sc2503,sc2504",615.8,sc2406,10-11
2024-05-10,2.5,"sc2503,sc2504",620.1,sc2406,10-11
2024-05-13,2.1,"sc2503,sc2504",616.2,sc2406,10-11
2024-05-14,2.1,"sc2503,sc2504",618.2,sc2406,10-11
2024-05-15,0.7,"sc2503,sc2504",613.5,sc2406,10-11
2024-05-16,2.2,"sc2503,sc2504",610.3,sc2406,10-11
2024-05-17,2.7,"sc2503,sc2504",616.5,sc2406,10-11
2024-05-20,2.6,"sc2503,sc2504",619.6,sc2406,10-11
2024-05-21,3.2,"sc2503,sc2504",616.6,sc2406,10-11
2024-05-22,-0.4,"sc2503,sc2504",607.8,sc2406,10-11
2024-05-23,1.2,"sc2503,sc2504",600.9,sc2406,10-11
2024-05-24,1.6,"sc2503,sc2504",599.3,sc2406,10-11
2024-05-27,-0.2,"sc2503,sc2504",602.1,sc2406,10-11
2024-05-28,1.7,"sc2503,sc2504",608.4,sc2406,10-11
2024-05-29,0.6,"sc2503,sc2504",616.2,sc2406,10-11
2024-05-30,2.9,"sc2503,sc2504",620.8,sc2406,10-11
2024-05-31,2.7,"sc2503,sc2504",607.9,sc2406,10-11
2024-06-03,1.7,"sc2504,sc2505",599.7,sc2407,10-11
2024-06-04,1.4,"sc2504,sc2505",578.6,sc2407,10-11
2024-06-05,1.9,"sc2504,sc2505",570.5,sc2407,10-11
2024-06-06,1.6,"sc2504,sc2505",575.3,sc2407,10-11
2024-06-07,0.8,"sc2504,sc2505",583.1,sc2407,10-11
2024-06-11,6.0,"sc2504,sc2505",589.2,sc2407,10-11
2024-06-12,1.6,"sc2504,sc2505",601.9,sc2407,10-11
2024-06-13,1.3,"sc2504,sc2505",605.7,sc2407,10-11
2024-06-14,1.7,"sc2504,sc2505",606.4,sc2407,10-11
2024-06-17,1.7,"sc2504,sc2505",605.1,sc2407,10-11
2024-06-18,2.3,"sc2504,sc2505",612.8,sc2407,10-11
2024-06-19,3.7,"sc2504,sc2505",620.6,sc2407,10-11
2024-06-20,3.1,"sc2504,sc2505",623.6,sc2407,10-11
2024-06-21,3.0,"sc2504,sc2505",626.0,sc2407,10-11
2024-06-24,4.2,"sc2504,sc2505",625.1,sc2407,10-11
2024-06-25,4.6,"sc2504,sc2505",626.6,sc2407,10-11
2024-06-26,4.0,"sc2504,sc2505",625.1,sc2407,10-11
2024-06-27,3.7,"sc2504,sc2505",621.2,sc2407,10-11
2024-06-28,5.2,"sc2504,sc2505",625.0,sc2407,10-11
2024-07-01,1.4,"sc2505,sc2506",623.5,sc2408,10-11
2024-07-02,1.7,"sc2505,sc2506",631.1,sc2408,10-11
2024-07-03,1.5,"sc2505,sc2506",634.5,sc2408,10-11
2024-07-04,2.8,"sc2505,sc2506",634.3,sc2408,10-11
2024-07-05,1.1,"sc2505,sc2506",636.8,sc2408,10-11
2024-07-08,2.4,"sc2505,sc2506",634.2,sc2408,10-11
2024-07-09,2.3,"sc2505,sc2506",626.8,sc2408,10-11
2024-07-10,2.7,"sc2505,sc2506",620.2,sc2408,10-11
2024-07-11,3.0,"sc2505,sc2506",622.5,sc2408,10-11
2024-07-12,3.1,"sc2505,sc2506",620.7,sc2408,10-11
2024-07-15,1.2,"sc2505,sc2506",619.8,sc2408,10-11
2024-07-16,2.1,"sc2505,sc2506",615.9,sc2408,10-11
2024-07-17,2.2,"sc2505,sc2506",608.1,sc2408,10-11
2024-07-18,3.4,"sc2505,sc2506",615.0,sc2408,10-11
2024-07-19,3.1,"sc2505,sc2506",611.1,sc2408,10-11
2024-07-22,1.9,"sc2505,sc2506",600.1,sc2408,10-11
2024-07-23,1.6,"sc2505,sc2506",591.3,sc2408,10-11
2024-07-24,2.7,"sc2505,sc2506",583.6,sc2408,10-11
2024-07-25,1.3,"sc2505,sc2506",584.1,sc2408,10-11
2024-07-26,1.5,"sc2505,sc2506",585.3,sc2408,10-11
2024-07-29,2.8,"sc2505,sc2506",584.7,sc2408,10-11
2024-07-30,2.2,"sc2505,sc2506",586.3,sc2408,10-11
2024-07-31,3.4,"sc2505,sc2506",581.2,sc2408,10-11
2024-08-01,-0.1,"sc2506,sc2507",587.9,sc2409,10-11
2024-08-02,2.1,"sc2506,sc2507",585.0,sc2409,10-11
2024-08-05,1.7,"sc2506,sc2507",555.7,sc2409,10-11
2024-08-06,2.7,"sc2506,sc2507",549.7,sc2409,10-11
2024-08-07,3.6,"sc2506,sc2507",546.3,sc2409,10-11
2024-08-08,2.1,"sc2506,sc2507",555.9,sc2409,10-11
2024-08-09,1.0,"sc2506,sc2507",560.4,sc2409,10-11
2024-08-12,2.3,"sc2506,sc2507",563.4,sc2409,10-11
2024-08-13,1.9,"sc2506,sc2507",576.4,sc2409,10-11
2024-08-14,1.9,"sc2506,sc2507",574.7,sc2409,10-11
2024-08-15,2.8,"sc2506,sc2507",568.8,sc2409,10-11
2024-08-16,2.9,"sc2506,sc2507",574.6,sc2409,10-11
2024-08-19,3.0,"sc2506,sc2507",563.2,sc2409,10-11
2024-08-20,3.0,"sc2506,sc2507",551.5,sc2409,10-11
2024-08-21,2.0,"sc2506,sc2507",545.2,sc2409,10-11
2024-08-22,2.4,"sc2506,sc2507",538.9,sc2409,10-11
2024-08-23,2.5,"sc2506,sc2507",540.2,sc2409,10-11
2024-08-26,1.5,"sc2506,sc2507",552.6,sc2409,10-11
2024-08-27,1.6,"sc2506,sc2507",566.9,sc2409,10-11
2024-08-28,3.1,"sc2506,sc2507",557.6,sc2409,10-11
2024-08-29,1.9,"sc2506,sc2507",551.9,sc2409,10-11
2024-08-30,3.7,"sc2506,sc2507",563.1,sc2409,10-11
2024-09-02,-0.2,"sc2507,sc2508",542.6,sc2410,10-11
2024-09-03,1.6,"sc2507,sc2508",547.8,sc2410,10-11
2024-09-04,1.4,"sc2507,sc2508",526.2,sc2410,10-11
2024-09-05,1.9,"sc2507,sc2508",522.2,sc2410,10-11
2024-09-06,2.4,"sc2507,sc2508",520.5,sc2410,10-11
2024-09-09,1.9,"sc2507,sc2508",511.7,sc2410,10-11
2024-09-10,1.2,"sc2507,sc2508",510.9,sc2410,10-11
2024-09-11,1.7,"sc2507,sc2508",499.1,sc2410,10-11
2024-09-12,2.9,"sc2507,sc2508",505.1,sc2410,10-11
2024-09-13,1.0,"sc2507,sc2508",514.0,sc2410,10-11
2024-09-18,-5.8,"sc2507,sc2508",514.3,sc2410,10-11
2024-09-19,0.8,"sc2507,sc2508",514.6,sc2410,10-11
2024-09-20,0.7,"sc2507,sc2508",521.9,sc2410,10-11
2024-09-23,1.3,"sc2507,sc2508",520.9,sc2410,10-11
2024-09-24,1.2,"sc2507,sc2508",520.1,sc2410,10-11
2024-09-25,1.9,"sc2507,sc2508",526.2,sc2410,10-11
2024-09-26,1.4,"sc2507,sc2508",532.0,sc2410,10-11
2024-09-27,1.3,"sc2507,sc2508",518.9,sc2410,10-11
2024-09-30,1.6,"sc2507,sc2508",520.7,sc2410,10-11
2024-10-08,2.1,"sc2508,sc2509",551.1,sc2411,10-11
2024-10-09,1.4,"sc2508,sc2509",564.0,sc2411,10-11
2024-10-10,1.0,"sc2508,sc2509",554.3,sc2411,10-11
2024-10-11,3.5,"sc2508,sc2509",570.3,sc2411,10-11
2024-10-14,4.4,"sc2508,sc2509",574.5,sc2411,10-11
2024-10-15,2.4,"sc2508,sc2509",558.8,sc2411,10-11
2024-10-16,1.1,"sc2508,sc2509",539.1,sc2411,10-11
2024-10-17,1.9,"sc2508,sc2509",537.7,sc2411,10-11
2024-10-18,1.3,"sc2508,sc2509",537.0,sc2411,10-11
2024-10-21,1.6,"sc2508,sc2509",529.3,sc2411,10-11
2024-10-22,2.5,"sc2508,sc2509",535.9,sc2411,10-11
2024-10-23,1.9,"sc2508,sc2509",550.4,sc2411,10-11
2024-10-24,2.1,"sc2508,sc2509",551.9,sc2411,10-11
2024-10-25,1.2,"sc2508,sc2509",543.8,sc2411,10-11
2024-10-28,0.4,"sc2508,sc2509",535.9,sc2411,10-11
2024-10-29,-0.4,"sc2508,sc2509",512.1,sc2411,10-11
2024-10-30,0.8,"sc2508,sc2509",509.6,sc2411,10-11
2024-10-31,0.4,"sc2508,sc2509",524.2,sc2411,10-11
2024-11-01,1.0,"sc2509,sc2510",528.3,sc2412,10-11
2024-11-04,1.9,"sc2509,sc2510",530.3,sc2412,10-11
2024-11-05,1.2,"sc2509,sc2510",536.3,sc2412,10-11
2024-11-06,1.7,"sc2509,sc2510",538.6,sc2412,10-11
2024-11-07,1.6,"sc2509,sc2510",540.4,sc2412,10-11
2024-11-08,1.2,"sc2509,sc2510",539.0,sc2412,10-11
2024-11-11,2.2,"sc2509,sc2510",532.2,sc2412,10-11
2024-11-12,2.5,"sc2509,sc2510",521.6,sc2412,10-11
2024-11-13,1.4,"sc2509,sc2510",525.7,sc2412,10-11
2024-11-14,1.9,"sc2509,sc2510",523.6,sc2412,10-11
2024-11-15,1.4,"sc2509,sc2510",526.5,sc2412,10-11
2024-11-18,2.5,"sc2509,sc2510",520.0,sc2412,10-11
2024-11-19,1.8,"sc2509,sc2510",527.7,sc2412,10-11
2024-11-20,1.3,"sc2509,sc2510",531.5,sc2412,10-11
2024-11-21,1.0,"sc2509,sc2510",536.0,sc2412,10-11
2024-11-22,1.4,"sc2509,sc2510",543.9,sc2412,10-11
2024-11-25,1.4,"sc2509,sc2510",542.6,sc2412,10-11
2024-11-26,1.6,"sc2509,sc2510",533.0,sc2412,10-11
2024-11-27,2.0,"sc2509,sc2510",531.6,sc2412,10-11
2024-11-28,2.0,"sc2509,sc2510",531.2,sc2412,10-11
2024-11-29,1.2,"sc2509,sc2510",520.4,sc2412,10-11
2024-12-02,0.7,"sc2510,sc2511",529.9,sc2501,10-11
2024-12-03,1.3,"sc2510,sc2511",529.9,sc2501,10-11
2024-12-04,0.5,"sc2510,sc2511",538.2,sc2501,10-11
2024-12-05,0.9,"sc2510,sc2511",535.4,sc2501,10-11
2024-12-06,0.6,"sc2510,sc2511",528.3,sc2501,10-11
2024-12-09,1.2,"sc2510,sc2511",522.1,sc2501,10-11
2024-12-10,0.5,"sc2510,sc2511",529.5,sc2501,10-11
2024-12-11,0.6,"sc2510,sc2511",530.6,sc2501,10-11
2024-12-12,0.6,"sc2510,sc2511",537.7,sc2501,10-11
2024-12-13,0.3,"sc2510,sc2511",542.5,sc2501,10-11
2024-12-16,1.2,"sc2510,sc2511",548.9,sc2501,10-11
2024-12-17,0.6,"sc2510,sc2511",548.7,sc2501,10-11
2024-12-18,0.8,"sc2510,sc2511",543.8,sc2501,10-11
2024-12-19,0.6,"sc2510,sc2511",548.5,sc2501,10-11
2024-12-20,0.6,"sc2510,sc2511",546.1,sc2501,10-11
2024-12-23,1.0,"sc2510,sc2511",543.7,sc2501,10-11
2024-12-24,0.6,"sc2510,sc2511",542.5,sc2501,10-11
2024-12-25,0.1,"sc2510,sc2511",548.5,sc2501,10-11
2024-12-26,0.3,"sc2510,sc2511",551.9,sc2501,10-11
2024-12-27,0.9,"sc2510,sc2511",552.8,sc2501,10-11
2024-12-30,1.6,"sc2510,sc2511",550.0,sc2501,10-11
2024-12-31,0.6,"sc2510,sc2511",549.8,sc2501,10-11
2025-01-02,2.7,"sc2511,sc2512",560.9,sc2502,10-11
2025-01-03,2.4,"sc2511,sc2512",571.1,sc2502,10-11
2025-01-06,3.2,"sc2511,sc2512",577.2,sc2502,10-11
2025-01-07,2.9,"sc2511,sc2512",579.6,sc2502,10-11
2025-01-08,4.4,"sc2511,sc2512",587.8,sc2502,10-11
2025-01-09,3.4,"sc2511,sc2512",583.6,sc2502,10-11
2025-01-10,4.4,"sc2511,sc2512",586.1,sc2502,10-11
2025-01-13,3.1,"sc2511,sc2512",613.7,sc2502,10-11
2025-01-14,5.2,"sc2511,sc2512",620.4,sc2502,10-11
2025-01-15,5.2,"sc2511,sc2512",630.8,sc2502,10-11
2025-01-16,3.5,"sc2511,sc2512",644.3,sc2502,10-11
2025-01-17,3.9,"sc2511,sc2512",642.2,sc2502,10-11
2025-01-20,3.4,"sc2511,sc2512",640.8,sc2502,10-11
2025-01-21,1.9,"sc2511,sc2512",661.0,sc2502,10-11
2025-01-22,2.4,"sc2511,sc2512",680.6,sc2502,10-11
2025-01-23,2.3,"sc2511,sc2512",683.2,sc2502,10-11
2025-01-24,4.1,"sc2511,sc2512",647.7,sc2502,10-11
2025-01-27,4.4,"sc2511,sc2512",621.0,sc2502,10-11
2025-02-05,-5.8,"sc2512,sc2601",602.3,sc2503,10-11
2025-02-06,5.2,"sc2512,sc2601",598.2,sc2503,10-11
2025-02-07,3.5,"sc2512,sc2601",599.7,sc2503,10-11
2025-02-10,3.1,"sc2512,sc2601",606.4,sc2503,10-11
2025-02-11,2.8,"sc2512,sc2601",616.8,sc2503,10-11
2025-02-12,3.9,"sc2512,sc2601",620.5,sc2503,10-11
2025-02-13,4.0,"sc2512,sc2601",605.1,sc2503,10-11
2025-02-14,3.6,"sc2512,sc2601",594.0,sc2503,10-11
2025-02-17,2.7,"sc2512,sc2601",602.5,sc2503,10-11
2025-02-18,2.8,"sc2512,sc2601",605.6,sc2503,10-11
2025-02-19,3.7,"sc2512,sc2601",614.3,sc2503,10-11
2018-07-26,,,501.9,sc1809,11-12
2018-07-27,,,506.1,sc1809,11-12
2018-07-30,,,507.1,sc1809,11-12
2018-07-31,,,513.9,sc1809,11-12
2018-08-01,0.7,"sc1907,sc1908",506.0,sc1809,11-12
2018-08-02,0.7,"sc1907,sc1908",501.6,sc1809,11-12
2018-08-03,0.6,"sc1907,sc1908",508.8,sc1809,11-12
2018-08-06,0.8,"sc1907,sc1908",512.3,sc1809,11-12
2018-08-07,0.3,"sc1907,sc1908",534.1,sc1809,11-12
2018-08-08,1.0,"sc1907,sc1908",527.2,sc1809,11-12
2018-08-09,1.1,"sc1907,sc1908",518.9,sc1809,11-12
2018-08-10,0.7,"sc1907,sc1908",520.0,sc1809,11-12
2018-08-13,0.6,"sc1907,sc1908",522.5,sc1809,11-12
2018-08-14,0.8,"sc1907,sc1908",519.3,sc1809,11-12
2018-08-15,0.0,"sc1907,sc1908",519.4,sc1809,11-12
2018-08-16,0.1,"sc1907,sc1908",508.0,sc1809,11-12
2018-08-17,2.1,"sc1907,sc1908",505.2,sc1809,11-12
2018-08-20,1.8,"sc1907,sc1908",493.2,sc1809,11-12
2018-08-21,0.6,"sc1907,sc1908",480.5,sc1809,11-12
2018-08-22,1.4,"sc1907,sc1908",479.8,sc1809,11-12
2018-08-23,-0.5,"sc1907,sc1908",485.0,sc1809,11-12
2018-08-24,0.7,"sc1907,sc1908",482.1,sc1809,11-12
2018-08-27,1.2,"sc1907,sc1908",482.2,sc1809,11-12
2018-08-28,0.2,"sc1907,sc1908",486.6,sc1809,11-12
2018-08-29,2.0,"sc1907,sc1908",485.7,sc1809,11-12
2018-08-30,-0.6,"sc1907,sc1908",488.6,sc1809,11-12
2018-08-31,-0.2,"sc1907,sc1908",488.3,sc1809,11-12
2018-09-03,-1.3,"sc1908,sc1909",503.0,sc1810,11-12
2018-09-04,-1.2,"sc1908,sc1909",504.6,sc1810,11-12
2018-09-05,-4.2,"sc1908,sc1909",505.4,sc1810,11-12
2018-09-06,-3.9,"sc1908,sc1909",501.1,sc1810,11-12
2018-09-07,-3.7,"sc1908,sc1909",496.7,sc1810,11-12
2018-09-10,-3.8,"sc1908,sc1909",498.5,sc1810,11-12
2018-09-11,-3.7,"sc1908,sc1909",500.6,sc1810,11-12
2018-09-12,-0.7,"sc1908,sc1909",503.6,sc1810,11-12
2018-09-13,1.8,"sc1908,sc1909",515.3,sc1810,11-12
2018-09-14,1.4,"sc1908,sc1909",501.3,sc1810,11-12
2018-09-17,-2.4,"sc1908,sc1909",510.3,sc1810,11-12
2018-09-18,-1.7,"sc1908,sc1909",507.7,sc1810,11-12
2018-09-19,-2.4,"sc1908,sc1909",528.5,sc1810,11-12
2018-09-20,-2.0,"sc1908,sc1909",532.4,sc1810,11-12
2018-09-21,-0.1,"sc1909,sc1910",521.7,sc1811,11-12
2018-09-25,0.1,"sc1909,sc1910",540.6,sc1811,11-12
2018-09-26,-2.8,"sc1909,sc1910",542.6,sc1811,11-12
2018-09-27,-3.1,"sc1909,sc1910",545.3,sc1811,11-12
2018-09-28,-2.4,"sc1909,sc1910",548.3,sc1811,11-12
2018-10-08,-4.8,"sc1909,sc1910",561.2,sc1811,11-12
2018-10-10,-3.9,"sc1909,sc1910",583.0,sc1811,11-12
2018-10-11,-3.8,"sc1909,sc1910",579.7,sc1811,11-12
2018-10-12,-2.7,"sc1909,sc1910",562.6,sc1811,11-12
2018-10-15,-8.1,"sc1909,sc1910",563.6,sc1811,11-12
2018-10-16,-11.7,"sc1909,sc1910",555.3,sc1811,11-12
2018-10-17,-12.5,"sc1909,sc1910",543.4,sc1811,11-12
2018-10-18,-12.0,"sc1909,sc1910",559.3,sc1811,11-12
2018-10-19,-12.7,"sc1909,sc1910",551.4,sc1811,11-12
2018-10-22,-8.7,"sc1909,sc1910",549.7,sc1811,11-12
2018-10-23,-10.4,"sc1909,sc1910",552.7,sc1811,11-12
2018-10-24,-14.3,"sc1909,sc1910",572.0,sc1811,11-12
2018-10-25,-9.5,"sc1909,sc1910",554.4,sc1811,11-12
2018-10-26,-7.0,"sc1909,sc1910",577.5,sc1811,11-12
2018-10-29,-2.8,"sc1909,sc1910",576.7,sc1811,11-12
2018-10-30,-0.5,"sc1909,sc1910",576.7,sc1811,11-12
2018-10-31,-1.9,"sc1909,sc1910",573.3,sc1811,11-12
2018-11-01,5.9,"sc1910,sc1911",527.8,sc1812,11-12
2018-11-02,7.0,"sc1910,sc1911",513.7,sc1812,11-12
2018-11-05,3.3,"sc1910,sc1911",507.8,sc1812,11-12
2018-11-06,1.6,"sc1910,sc1911",512.2,sc1812,11-12
2018-11-07,5.0,"sc1910,sc1911",504.4,sc1812,11-12
2018-11-08,5.5,"sc1910,sc1911",502.7,sc1812,11-12
2018-11-09,5.1,"sc1910,sc1911",497.8,sc1812,11-12
2018-11-12,4.3,"sc1910,sc1911",492.9,sc1812,11-12
2018-11-13,0.4,"sc1910,sc1911",491.9,sc1812,11-12
2018-11-14,4.0,"sc1910,sc1911",473.8,sc1812,11-12
2018-11-15,7.2,"sc1910,sc1911",461.7,sc1812,11-12
2018-11-16,4.9,"sc1910,sc1911",465.0,sc1812,11-12
2018-11-19,4.4,"sc1910,sc1911",466.7,sc1812,11-12
2018-11-20,-0.6,"sc1910,sc1911",459.7,sc1812,11-12
2018-11-21,1.5,"sc1910,sc1911",441.8,sc1812,11-12
2018-11-22,0.4,"sc1910,sc1911",438.6,sc1812,11-12
2018-11-23,0.2,"sc1910,sc1911",432.0,sc1812,11-12
2018-11-26,7.1,"sc1910,sc1911",411.4,sc1812,11-12
2018-11-27,3.2,"sc1910,sc1911",409.1,sc1812,11-12
2018-11-28,3.1,"sc1910,sc1911",413.0,sc1812,11-12
2018-11-29,2.1,"sc1910,sc1911",407.2,sc1812,11-12
2018-11-30,1.6,"sc1910,sc1911",396.7,sc1812,11-12
2018-12-03,-4.7,"sc1911,sc1912",419.4,sc1901,11-12
2018-12-04,-3.2,"sc1911,sc1912",428.6,sc1901,11-12
2018-12-05,-1.8,"sc1911,sc1912",428.3,sc1901,11-12
2018-12-06,-3.2,"sc1911,sc1912",428.0,sc1901,11-12
2018-12-07,-3.8,"sc1911,sc1912",413.3,sc1901,11-12
2018-12-10,-2.7,"sc1911,sc1912",431.1,sc1901,11-12
2018-12-11,-5.1,"sc1911,sc1912",421.8,sc1901,11-12
2018-12-12,-4.1,"sc1911,sc1912",423.7,sc1901,11-12
2018-12-13,-5.2,"sc1911,sc1912",424.6,sc1901,11-12
2018-12-14,-5.1,"sc1911,sc1912",422.5,sc1901,11-12
2018-12-17,-3.6,"sc1911,sc1912",419.0,sc1901,11-12
2018-12-18,-2.6,"sc1911,sc1912",411.6,sc1901,11-12
2018-12-19,-3.3,"sc1911,sc1912",395.1,sc1901,11-12
2018-12-20,-2.1,"sc1911,sc1912",398.1,sc1901,11-12
2018-12-21,-3.7,"sc1911,sc1912",400.9,sc1901,11-12
2018-12-24,-2.5,"sc1911,sc1912",394.5,sc1901,11-12
2018-12-25,-3.7,"sc1911,sc1912",385.0,sc1901,11-12
2018-12-26,-2.7,"sc1911,sc1912",374.7,sc1901,11-12
2018-12-27,-1.5,"sc1911,sc1912",381.0,sc1901,11-12
2018-12-28,-3.0,"sc1911,sc1912",377.0,sc1901,11-12
2019-01-02,0.3,"sc1912,sc2001",370.7,sc1902,11-12
2019-01-03,0.2,"sc1912,sc2001",379.8,sc1902,11-12
2019-01-04,-1.5,"sc1912,sc2001",388.7,sc1902,11-12
2019-01-07,-3.1,"sc1912,sc2001",401.4,sc1902,11-12
2019-01-08,-1.9,"sc1912,sc2001",405.1,sc1902,11-12
2019-01-09,-4.0,"sc1912,sc2001",412.2,sc1902,11-12
2019-01-10,-4.8,"sc1912,sc2001",423.6,sc1902,11-12
2019-01-11,-6.7,"sc1912,sc2001",424.5,sc1902,11-12
2019-01-14,-6.7,"sc1912,sc2001",416.3,sc1902,11-12
2019-01-15,-4.9,"sc1912,sc2001",412.4,sc1902,11-12
2019-01-16,-5.7,"sc1912,sc2001",410.5,sc1902,11-12
2019-01-17,-5.2,"sc1912,sc2001",411.8,sc1902,11-12
2019-01-18,-6.1,"sc1912,sc2001",410.5,sc1902,11-12
2019-01-21,-8.1,"sc1912,sc2001",414.6,sc1902,11-12
2019-01-22,-7.6,"sc1912,sc2001",417.2,sc1902,11-12
2019-01-23,-7.4,"sc1912,sc2001",427.6,sc1902,11-12
2019-01-24,-8.6,"sc1912,sc2001",423.6,sc1902,11-12
2019-01-25,-4.2,"sc1912,sc2001",422.6,sc1902,11-12
2019-01-28,-0.9,"sc2001,sc2002",427.8,sc1903,11-12
2019-01-29,-2.2,"sc2001,sc2002",417.9,sc1903,11-12
2019-01-30,-2.3,"sc2001,sc2002",425.2,sc1903,11-12
2019-01-31,-2.0,"sc2001,sc2002",431.4,sc1903,11-12
2019-02-01,-2.3,"sc2001,sc2002",429.8,sc1903,11-12
2019-02-11,-2.7,"sc2001,sc2002",428.2,sc1903,11-12
2019-02-12,-2.0,"sc2001,sc2002",428.7,sc1903,11-12
2019-02-13,-2.3,"sc2001,sc2002",433.3,sc1903,11-12
2019-02-14,-0.5,"sc2001,sc2002",435.9,sc1903,11-12
2019-02-15,-5.0,"sc2001,sc2002",441.7,sc1903,11-12
2019-02-18,-0.4,"sc2001,sc2002",450.6,sc1903,11-12
2019-02-20,-1.8,"sc2001,sc2002",451.2,sc1903,11-12
2019-02-21,-1.0,"sc2001,sc2002",449.6,sc1903,11-12
2019-02-22,0.9,"sc2001,sc2002",446.4,sc1903,11-12
2019-02-25,0.1,"sc2001,sc2002",446.3,sc1903,11-12
2019-02-26,1.6,"sc2001,sc2002",426.8,sc1903,11-12
2019-02-27,0.5,"sc2001,sc2002",427.3,sc1903,11-12
2019-02-28,0.3,"sc2001,sc2002",430.1,sc1903,11-12
2019-03-01,-0.1,"sc2002,sc2003",443.0,sc1904,11-12
2019-03-04,-1.1,"sc2002,sc2003",438.4,sc1904,11-12
2019-03-05,0.6,"sc2002,sc2003",438.4,sc1904,11-12
2019-03-06,0.1,"sc2002,sc2003",433.8,sc1904,11-12
2019-03-07,-0.7,"sc2002,sc2003",439.7,sc1904,11-12
2019-03-08,0.3,"sc2002,sc2003",439.9,sc1904,11-12
2019-03-11,0.3,"sc2002,sc2003",432.9,sc1904,11-12
2019-03-12,0.2,"sc2002,sc2003",444.9,sc1904,11-12
2019-03-13,1.9,"sc2002,sc2003",444.2,sc1904,11-12
2019-03-14,1.5,"sc2002,sc2003",450.4,sc1904,11-12
2019-03-15,1.5,"sc2002,sc2003",452.2,sc1904,11-12
2019-03-18,3.2,"sc2002,sc2003",450.1,sc1904,11-12
2019-03-19,4.0,"sc2002,sc2003",461.8,sc1904,11-12
2019-03-20,5.7,"sc2002,sc2003",462.5,sc1904,11-12
2019-03-21,5.4,"sc2002,sc2003",466.3,sc1904,11-12
2019-03-22,5.4,"sc2002,sc2003",467.7,sc1904,11-12
2019-03-25,4.7,"sc2002,sc2003",459.0,sc1904,11-12
2019-03-26,1.6,"sc2002,sc2003",459.1,sc1904,11-12
2019-03-27,2.9,"sc2002,sc2003",463.3,sc1904,11-12
2019-03-28,4.5,"sc2002,sc2003",462.2,sc1904,11-12
2019-03-29,1.4,"sc2002,sc2003",453.5,sc1904,11-12
2019-04-01,-2.0,"sc2003,sc2004",459.4,sc1905,11-12
2019-04-02,-2.0,"sc2003,sc2004",467.5,sc1905,11-12
2019-04-03,-1.6,"sc2003,sc2004",471.7,sc1905,11-12
2019-04-04,-2.9,"sc2003,sc2004",469.5,sc1905,11-12
2019-04-08,-6.6,"sc2003,sc2004",478.2,sc1905,11-12
2019-04-09,-2.0,"sc2003,sc2004",479.3,sc1905,11-12
2019-04-10,-4.0,"sc2003,sc2004",475.7,sc1905,11-12
2019-04-11,-2.6,"sc2003,sc2004",480.3,sc1905,11-12
2019-04-12,-1.0,"sc2003,sc2004",475.8,sc1905,11-12
2019-04-15,-0.2,"sc2003,sc2004",473.7,sc1905,11-12
2019-04-16,-1.0,"sc2003,sc2004",468.2,sc1905,11-12
2019-04-17,-1.3,"sc2003,sc2004",470.7,sc1905,11-12
2019-04-18,-2.8,"sc2003,sc2004",472.0,sc1905,11-12
2019-04-19,-1.4,"sc2003,sc2004",472.5,sc1905,11-12
2019-04-22,-2.5,"sc2003,sc2004",480.3,sc1905,11-12
2019-04-23,-3.6,"sc2003,sc2004",489.0,sc1905,11-12
2019-04-24,-3.0,"sc2003,sc2004",493.2,sc1905,11-12
2019-04-25,-0.1,"sc2003,sc2004",494.7,sc1905,11-12
2019-04-26,-3.9,"sc2003,sc2004",499.5,sc1905,11-12
2019-04-29,-6.6,"sc2003,sc2004",485.7,sc1905,11-12
2019-04-30,-4.4,"sc2003,sc2004",488.1,sc1905,11-12
2019-05-06,0.8,"sc2004,sc2005",472.5,sc1906,11-12
2019-05-07,0.4,"sc2004,sc2005",483.5,sc1906,11-12
2019-05-08,0.8,"sc2004,sc2005",480.2,sc1906,11-12
2019-05-09,0.7,"sc2004,sc2005",482.6,sc1906,11-12
2019-05-10,1.1,"sc2004,sc2005",486.1,sc1906,11-12
2019-05-13,1.5,"sc2004,sc2005",491.3,sc1906,11-12
2019-05-14,0.5,"sc2004,sc2005",497.1,sc1906,11-12
2019-05-15,0.0,"sc2004,sc2005",501.2,sc1906,11-12
2019-05-16,1.9,"sc2004,sc2005",505.5,sc1906,11-12
2019-05-17,0.3,"sc2004,sc2005",512.3,sc1906,11-12
2019-05-20,-0.5,"sc2004,sc2005",514.2,sc1906,11-12
2019-05-21,0.5,"sc2004,sc2005",507.1,sc1906,11-12
2019-05-22,1.0,"sc2004,sc2005",504.0,sc1906,11-12
2019-05-23,1.2,"sc2004,sc2005",494.0,sc1906,11-12
2019-05-24,1.6,"sc2004,sc2005",469.7,sc1906,11-12
2019-05-27,1.4,"sc2004,sc2005",473.7,sc1906,11-12
2019-05-28,1.1,"sc2004,sc2005",475.0,sc1906,11-12
2019-05-29,1.2,"sc2004,sc2005",470.2,sc1906,11-12
2019-05-30,1.4,"sc2004,sc2005",466.1,sc1906,11-12
2019-05-31,2.3,"sc2004,sc2005",461.2,sc1906,11-12
2019-06-03,-1.7,"sc2005,sc2006",435.2,sc1907,11-12
2019-06-04,-1.7,"sc2005,sc2006",425.5,sc1907,11-12
2019-06-05,0.6,"sc2005,sc2006",426.2,sc1907,11-12
2019-06-06,1.3,"sc2005,sc2006",417.6,sc1907,11-12
2019-06-10,-0.3,"sc2005,sc2006",434.5,sc1907,11-12
2019-06-11,-0.3,"sc2005,sc2006",429.9,sc1907,11-12
2019-06-12,0.0,"sc2005,sc2006",426.1,sc1907,11-12
2019-06-13,-3.1,"sc2005,sc2006",420.2,sc1907,11-12
2019-06-14,-0.2,"sc2005,sc2006",425.5,sc1907,11-12
2019-06-17,-0.3,"sc2005,sc2006",427.3,sc1907,11-12
2019-06-18,0.2,"sc2005,sc2006",419.6,sc1907,11-12
2019-06-19,-0.7,"sc2005,sc2006",420.0,sc1907,11-12
2019-06-20,1.7,"sc2005,sc2006",418.9,sc1907,11-12
2019-06-21,0.0,"sc2005,sc2006",431.6,sc1907,11-12
2019-06-24,0.0,"sc2005,sc2006",436.8,sc1907,11-12
2019-06-25,-0.5,"sc2005,sc2006",431.2,sc1907,11-12
2019-06-26,0.1,"sc2005,sc2006",432.9,sc1907,11-12
2019-06-27,-0.9,"sc2005,sc2006",435.9,sc1907,11-12
2019-06-28,0.1,"sc2005,sc2006",437.4,sc1907,11-12
2019-07-01,-1.0,"sc2006,sc2007",447.3,sc1908,11-12
2019-07-02,-7.3,"sc2006,sc2007",442.0,sc1908,11-12
2019-07-03,-7.0,"sc2006,sc2007",430.2,sc1908,11-12
2019-07-04,-4.4,"sc2006,sc2007",431.9,sc1908,11-12
2019-07-05,-8.9,"sc2006,sc2007",431.3,sc1908,11-12
2019-07-08,-0.6,"sc2006,sc2007",439.1,sc1908,11-12
2019-07-09,-0.1,"sc2006,sc2007",443.9,sc1908,11-12
2019-07-10,1.6,"sc2006,sc2007",441.6,sc1908,11-12
2019-07-11,0.3,"sc2006,sc2007",455.7,sc1908,11-12
2019-07-12,1.0,"sc2006,sc2007",457.8,sc1908,11-12
2019-07-15,0.9,"sc2006,sc2007",454.8,sc1908,11-12
2019-07-16,-0.4,"sc2006,sc2007",453.0,sc1908,11-12
2019-07-17,1.5,"sc2006,sc2007",443.7,sc1908,11-12
2019-07-18,2.1,"sc2006,sc2007",433.5,sc1908,11-12
2019-07-19,2.2,"sc2006,sc2007",421.6,sc1908,11-12
2019-07-22,0.3,"sc2006,sc2007",423.1,sc1908,11-12
2019-07-23,-0.2,"sc2006,sc2007",427.4,sc1908,11-12
2019-07-24,-2.0,"sc2006,sc2007",430.4,sc1908,11-12
2019-07-25,-0.8,"sc2006,sc2007",433.4,sc1908,11-12
2019-07-26,-0.5,"sc2006,sc2007",435.8,sc1908,11-12
2019-07-29,-0.1,"sc2006,sc2007",435.5,sc1908,11-12
2019-07-30,-0.1,"sc2006,sc2007",425.2,sc1908,11-12
2019-07-31,-1.2,"sc2006,sc2007",427.5,sc1908,11-12
2019-08-01,3.1,"sc2007,sc2008",444.0,sc1909,11-12
2019-08-02,2.4,"sc2007,sc2008",432.1,sc1909,11-12
2019-08-05,1.0,"sc2007,sc2008",433.5,sc1909,11-12
2019-08-06,1.9,"sc2007,sc2008",429.4,sc1909,11-12
2019-08-07,1.8,"sc2007,sc2008",423.3,sc1909,11-12
2019-08-08,1.6,"sc2007,sc2008",408.6,sc1909,11-12
2019-08-09,1.6,"sc2007,sc2008",409.9,sc1909,11-12
2019-08-12,0.7,"sc2007,sc2008",418.8,sc1909,11-12
2019-08-13,1.8,"sc2007,sc2008",419.7,sc1909,11-12
2019-08-14,1.0,"sc2007,sc2008",430.9,sc1909,11-12
2019-08-15,0.1,"sc2007,sc2008",420.5,sc1909,11-12
2019-08-16,0.2,"sc2007,sc2008",418.6,sc1909,11-12
2019-08-19,-0.3,"sc2007,sc2008",425.7,sc1909,11-12
2019-08-20,0.3,"sc2007,sc2008",432.8,sc1909,11-12
2019-08-21,0.3,"sc2007,sc2008",429.5,sc1909,11-12
2019-08-22,0.8,"sc2007,sc2008",432.7,sc1909,11-12
2019-08-23,0.6,"sc2007,sc2008",428.5,sc1909,11-12
2019-08-26,0.5,"sc2007,sc2008",422.8,sc1909,11-12
2019-08-27,0.3,"sc2007,sc2008",425.2,sc1909,11-12
2019-08-28,0.3,"sc2007,sc2008",423.0,sc1909,11-12
2019-08-29,0.5,"sc2007,sc2008",429.0,sc1909,11-12
2019-08-30,1.4,"sc2007,sc2008",411.8,sc1909,11-12
2019-09-02,0.6,"sc2008,sc2009",432.7,sc1910,11-12
2019-09-03,1.7,"sc2008,sc2009",430.3,sc1910,11-12
2019-09-04,3.0,"sc2008,sc2009",425.5,sc1910,11-12
2019-09-05,2.1,"sc2008,sc2009",439.2,sc1910,11-12
2019-09-06,0.7,"sc2008,sc2009",445.1,sc1910,11-12
2019-09-09,-1.1,"sc2008,sc2009",444.6,sc1910,11-12
2019-09-10,1.8,"sc2008,sc2009",450.1,sc1910,11-12
2019-09-11,0.5,"sc2008,sc2009",460.9,sc1910,11-12
2019-09-12,0.4,"sc2008,sc2009",450.3,sc1910,11-12
2019-09-16,4.7,"sc2008,sc2009",479.8,sc1910,11-12
2019-09-17,6.1,"sc2008,sc2009",496.7,sc1910,11-12
2019-09-18,5.3,"sc2008,sc2009",487.2,sc1910,11-12
2019-09-19,7.0,"sc2008,sc2009",473.5,sc1910,11-12
2019-09-20,1.3,"sc2008,sc2009",458.5,sc1910,11-12
2019-09-23,2.2,"sc2008,sc2009",472.7,sc1910,11-12
2019-09-24,-0.4,"sc2009,sc2010",464.3,sc1911,11-12
2019-09-25,0.7,"sc2009,sc2010",457.2,sc1911,11-12
2019-09-26,1.5,"sc2009,sc2010",449.8,sc1911,11-12
2019-09-27,1.1,"sc2009,sc2010",448.7,sc1911,11-12
2019-09-30,0.5,"sc2009,sc2010",448.1,sc1911,11-12
2019-10-08,3.1,"sc2009,sc2010",437.6,sc1911,11-12
2019-10-09,1.0,"sc2009,sc2010",447.0,sc1911,11-12
2019-10-10,0.9,"sc2009,sc2010",451.7,sc1911,11-12
2019-10-11,0.2,"sc2009,sc2010",458.1,sc1911,11-12
2019-10-14,-0.6,"sc2009,sc2010",471.7,sc1911,11-12
2019-10-15,-1.7,"sc2009,sc2010",466.6,sc1911,11-12
2019-10-16,-0.6,"sc2009,sc2010",465.1,sc1911,11-12
2019-10-17,-0.7,"sc2009,sc2010",451.4,sc1911,11-12
2019-10-18,-0.2,"sc2009,sc2010",445.1,sc1911,11-12
2019-10-21,0.7,"sc2009,sc2010",443.2,sc1911,11-12
2019-10-22,0.7,"sc2009,sc2010",437.2,sc1911,11-12
2019-10-23,2.2,"sc2009,sc2010",438.6,sc1911,11-12
2019-10-24,0.9,"sc2009,sc2010",441.3,sc1911,11-12
2019-10-25,1.5,"sc2009,sc2010",451.1,sc1911,11-12
2019-10-28,-0.4,"sc2009,sc2010",447.9,sc1911,11-12
2019-10-29,1.2,"sc2009,sc2010",456.7,sc1911,11-12
2019-10-30,-0.4,"sc2009,sc2010",451.1,sc1911,11-12
2019-10-31,-1.5,"sc2009,sc2010",452.8,sc1911,11-12
2019-11-01,0.4,"sc2010,sc2011",444.3,sc1912,11-12
2019-11-04,0.8,"sc2010,sc2011",449.3,sc1912,11-12
2019-11-05,1.4,"sc2010,sc2011",458.4,sc1912,11-12
2019-11-06,1.4,"sc2010,sc2011",459.6,sc1912,11-12
2019-11-07,1.5,"sc2010,sc2011",456.4,sc1912,11-12
2019-11-08,0.7,"sc2010,sc2011",456.0,sc1912,11-12
2019-11-11,0.6,"sc2010,sc2011",452.8,sc1912,11-12
2019-11-12,2.9,"sc2010,sc2011",455.9,sc1912,11-12
2019-11-13,0.5,"sc2010,sc2011",453.9,sc1912,11-12
2019-11-14,0.6,"sc2010,sc2011",453.4,sc1912,11-12
2019-11-15,1.2,"sc2010,sc2011",453.9,sc1912,11-12
2019-11-18,1.9,"sc2010,sc2011",453.7,sc1912,11-12
2019-11-19,2.0,"sc2010,sc2011",454.0,sc1912,11-12
2019-11-20,0.8,"sc2010,sc2011",451.2,sc1912,11-12
2019-11-21,-0.8,"sc2010,sc2011",454.8,sc1912,11-12
2019-11-22,0.4,"sc2010,sc2011",453.8,sc1912,11-12
2019-11-25,-0.6,"sc2010,sc2011",456.1,sc1912,11-12
2019-11-26,2.2,"sc2010,sc2011",454.6,sc1912,11-12
2019-11-27,1.4,"sc2010,sc2011",456.2,sc1912,11-12
2019-11-28,-0.5,"sc2010,sc2011",447.3,sc1912,11-12
2019-11-29,-0.3,"sc2010,sc2011",451.2,sc1912,11-12
2019-12-02,2.2,"sc2011,sc2012",454.8,sc2001,11-12
2019-12-03,2.2,"sc2011,sc2012",451.7,sc2001,11-12
2019-12-04,2.0,"sc2011,sc2012",449.2,sc2001,11-12
2019-12-05,4.5,"sc2011,sc2012",456.3,sc2001,11-12
2019-12-06,4.3,"sc2011,sc2012",458.0,sc2001,11-12
2019-12-09,-0.1,"sc2011,sc2012",464.8,sc2001,11-12
2019-12-10,-2.0,"sc2011,sc2012",469.2,sc2001,11-12
2019-12-11,1.1,"sc2011,sc2012",470.9,sc2001,11-12
2019-12-12,2.1,"sc2011,sc2012",466.1,sc2001,11-12
2019-12-13,-4.6,"sc2011,sc2012",462.2,sc2001,11-12
2019-12-16,0.7,"sc2011,sc2012",467.4,sc2001,11-12
2019-12-17,1.5,"sc2011,sc2012",470.2,sc2001,11-12
2019-12-18,1.7,"sc2011,sc2012",480.4,sc2001,11-12
2019-12-19,4.8,"sc2011,sc2012",476.3,sc2001,11-12
2019-12-20,4.9,"sc2011,sc2012",468.0,sc2001,11-12
2019-12-23,4.7,"sc2012,sc2101",478.1,sc2002,11-12
2019-12-24,-2.9,"sc2012,sc2101",479.1,sc2002,11-12
2019-12-25,-2.5,"sc2012,sc2101",483.6,sc2002,11-12
2019-12-26,-6.1,"sc2012,sc2101",484.4,sc2002,11-12
2019-12-27,-1.8,"sc2012,sc2101",487.1,sc2002,11-12
2019-12-30,0.0,"sc2012,sc2101",490.2,sc2002,11-12
2019-12-31,-0.3,"sc2012,sc2101",487.5,sc2002,11-12
2020-01-02,-0.5,"sc2012,sc2101",481.7,sc2002,11-12
2020-01-03,1.8,"sc2012,sc2101",486.5,sc2002,11-12
2020-01-06,0.6,"sc2012,sc2101",507.8,sc2002,11-12
2020-01-07,-3.3,"sc2012,sc2101",499.9,sc2002,11-12
2020-01-08,-3.1,"sc2012,sc2101",498.4,sc2002,11-12
2020-01-09,10.9,"sc2012,sc2101",483.2,sc2002,11-12
2020-01-10,2.8,"sc2012,sc2101",470.9,sc2002,11-12
2020-01-13,4.6,"sc2012,sc2101",468.8,sc2002,11-12
2020-01-14,4.8,"sc2012,sc2101",458.6,sc2002,11-12
2020-01-15,5.5,"sc2012,sc2101",458.0,sc2002,11-12
2020-01-16,5.7,"sc2012,sc2101",453.3,sc2002,11-12
2020-01-17,8.1,"sc2101,sc2102",465.3,sc2003,11-12
2020-01-20,2.1,"sc2101,sc2102",466.1,sc2003,11-12
2020-01-21,1.5,"sc2101,sc2102",464.0,sc2003,11-12
2020-01-22,1.3,"sc2101,sc2102",461.0,sc2003,11-12
2020-01-23,1.3,"sc2101,sc2102",451.1,sc2003,11-12
2020-02-03,22.0,"sc2101,sc2102",431.3,sc2003,11-12
2020-02-04,2.4,"sc2101,sc2102",396.5,sc2003,11-12
2020-02-05,2.3,"sc2101,sc2102",396.8,sc2003,11-12
2020-02-06,2.1,"sc2101,sc2102",402.3,sc2003,11-12
2020-02-07,0.7,"sc2101,sc2102",398.4,sc2003,11-12
2020-02-10,1.7,"sc2101,sc2102",393.5,sc2003,11-12
2020-02-11,1.5,"sc2101,sc2102",391.7,sc2003,11-12
2020-02-12,3.9,"sc2101,sc2102",394.5,sc2003,11-12
2020-02-13,1.8,"sc2101,sc2102",400.0,sc2003,11-12
2020-02-14,0.7,"sc2101,sc2102",399.6,sc2003,11-12
2020-02-17,1.6,"sc2101,sc2102",401.5,sc2003,11-12
2020-02-18,0.2,"sc2101,sc2102",399.2,sc2003,11-12
2020-02-19,-0.8,"sc2101,sc2102",403.8,sc2003,11-12
2020-02-20,0.0,"sc2101,sc2102",411.9,sc2003,11-12
2020-02-21,0.4,"sc2101,sc2102",408.9,sc2003,11-12
2020-02-24,-0.6,"sc2101,sc2102",393.1,sc2003,11-12
2020-02-25,-1.4,"sc2101,sc2102",388.3,sc2003,11-12
2020-02-26,1.1,"sc2101,sc2102",377.9,sc2003,11-12
2020-02-27,4.0,"sc2101,sc2102",360.3,sc2003,11-12
2020-02-28,0.0,"sc2101,sc2102",347.0,sc2003,11-12
2020-03-02,0.8,"sc2102,sc2103",359.7,sc2004,11-12
2020-03-03,0.1,"sc2102,sc2103",372.4,sc2004,11-12
2020-03-04,-3.8,"sc2102,sc2103",368.5,sc2004,11-12
2020-03-05,-4.1,"sc2102,sc2103",366.6,sc2004,11-12
2020-03-06,-0.1,"sc2102,sc2103",351.9,sc2004,11-12
2020-03-09,10.5,"sc2102,sc2103",340.4,sc2004,11-12
2020-03-10,33.2,"sc2102,sc2103",325.5,sc2004,11-12
2020-03-11,-2.7,"sc2102,sc2103",275.2,sc2004,11-12
2020-03-12,-7.3,"sc2102,sc2103",252.6,sc2004,11-12
2020-03-13,-5.7,"sc2102,sc2103",252.7,sc2004,11-12
2020-03-16,-6.8,"sc2102,sc2103",250.1,sc2004,11-12
2020-03-17,-6.3,"sc2102,sc2103",239.4,sc2004,11-12
2020-03-18,-6.0,"sc2102,sc2103",232.3,sc2004,11-12
2020-03-19,-7.2,"sc2102,sc2103",215.0,sc2004,11-12
2020-03-20,-5.2,"sc2102,sc2103",232.9,sc2004,11-12
2020-03-23,-5.9,"sc2102,sc2103",229.8,sc2004,11-12
2020-03-24,-4.1,"sc2102,sc2103",245.4,sc2004,11-12
2020-03-25,-3.1,"sc2102,sc2103",251.4,sc2004,11-12
2020-03-26,-4.0,"sc2102,sc2103",249.1,sc2004,11-12
2020-03-27,-6.0,"sc2102,sc2103",243.8,sc2004,11-12
2020-03-30,-6.4,"sc2102,sc2103",239.1,sc2004,11-12
2020-03-31,-2.5,"sc2102,sc2103",245.1,sc2004,11-12
2020-04-01,-6.4,"sc2103,sc2104",256.9,sc2005,11-12
2020-04-02,-7.1,"sc2103,sc2104",267.4,sc2005,11-12
2020-04-03,-6.2,"sc2103,sc2104",278.3,sc2005,11-12
2020-04-07,-6.5,"sc2103,sc2104",289.2,sc2005,11-12
2020-04-08,-5.0,"sc2103,sc2104",285.9,sc2005,11-12
2020-04-09,-5.6,"sc2103,sc2104",293.4,sc2005,11-12
2020-04-10,-3.3,"sc2103,sc2104",285.0,sc2005,11-12
2020-04-13,-2.8,"sc2103,sc2104",286.5,sc2005,11-12
2020-04-14,-4.1,"sc2103,sc2104",276.3,sc2005,11-12
2020-04-15,-5.1,"sc2103,sc2104",267.7,sc2005,11-12
2020-04-16,-6.1,"sc2103,sc2104",258.4,sc2005,11-12
2020-04-17,-8.2,"sc2103,sc2104",245.3,sc2005,11-12
2020-04-20,-6.8,"sc2103,sc2104",234.2,sc2005,11-12
2020-04-21,-9.3,"sc2103,sc2104",228.2,sc2005,11-12
2020-04-22,-14.7,"sc2103,sc2104",205.4,sc2005,11-12
2020-04-23,-10.4,"sc2103,sc2104",213.7,sc2005,11-12
2020-04-24,-8.4,"sc2103,sc2104",225.2,sc2005,11-12
2020-04-27,-7.7,"sc2103,sc2104",212.7,sc2005,11-12
2020-04-28,-9.5,"sc2103,sc2104",202.2,sc2005,11-12
2020-04-29,-9.9,"sc2103,sc2104",212.9,sc2005,11-12
2020-04-30,-9.5,"sc2103,sc2104",227.2,sc2005,11-12
2020-05-06,-25.4,"sc2104,sc2105",248.2,sc2006,11-12
2020-05-07,-5.9,"sc2104,sc2105",246.8,sc2006,11-12
2020-05-08,-7.0,"sc2104,sc2105",247.1,sc2006,11-12
2020-05-11,-5.2,"sc2104,sc2105",243.7,sc2006,11-12
2020-05-12,-4.8,"sc2104,sc2105",241.1,sc2006,11-12
2020-05-13,-4.1,"sc2104,sc2105",237.4,sc2006,11-12
2020-05-14,-3.7,"sc2104,sc2105",231.6,sc2006,11-12
2020-05-15,-3.3,"sc2104,sc2105",238.7,sc2006,11-12
2020-05-18,-5.2,"sc2104,sc2105",246.7,sc2006,11-12
2020-05-19,-5.5,"sc2104,sc2105",258.5,sc2006,11-12
2020-05-20,-3.6,"sc2104,sc2105",254.3,sc2006,11-12
2020-05-21,-5.0,"sc2104,sc2105",261.8,sc2006,11-12
2020-05-22,-5.3,"sc2104,sc2105",258.5,sc2006,11-12
2020-05-25,-5.6,"sc2104,sc2105",253.8,sc2006,11-12
2020-05-26,-6.2,"sc2104,sc2105",259.2,sc2006,11-12
2020-05-27,-6.6,"sc2104,sc2105",258.4,sc2006,11-12
2020-05-28,-5.8,"sc2104,sc2105",258.0,sc2006,11-12
2020-05-29,-4.7,"sc2104,sc2105",261.1,sc2006,11-12
2020-06-01,-4.4,"sc2105,sc2106",276.8,sc2007,11-12
2020-06-02,-6.9,"sc2105,sc2106",278.3,sc2007,11-12
2020-06-03,-6.5,"sc2105,sc2106",286.7,sc2007,11-12
2020-06-04,-5.4,"sc2105,sc2106",284.3,sc2007,11-12
2020-06-05,-5.9,"sc2105,sc2106",282.2,sc2007,11-12
2020-06-08,-6.6,"sc2105,sc2106",292.1,sc2007,11-12
2020-06-09,-6.0,"sc2105,sc2106",290.4,sc2007,11-12
2020-06-10,-7.2,"sc2105,sc2106",288.3,sc2007,11-12
2020-06-11,-7.6,"sc2105,sc2106",285.4,sc2007,11-12
2020-06-12,-6.0,"sc2105,sc2106",270.5,sc2007,11-12
2020-06-15,-5.3,"sc2105,sc2106",267.8,sc2007,11-12
2020-06-16,-4.9,"sc2105,sc2106",270.2,sc2007,11-12
2020-06-17,-4.9,"sc2105,sc2106",279.5,sc2007,11-12
2020-06-18,-5.9,"sc2105,sc2106",279.7,sc2007,11-12
2020-06-19,-5.2,"sc2105,sc2106",281.9,sc2007,11-12
2020-06-22,-4.9,"sc2105,sc2106",284.4,sc2007,11-12
2020-06-23,-5.0,"sc2105,sc2106",285.0,sc2007,11-12
2020-06-24,-4.8,"sc2105,sc2106",285.4,sc2007,11-12
2020-06-29,-4.4,"sc2105,sc2106",273.2,sc2007,11-12
2020-06-30,-2.1,"sc2105,sc2106",281.2,sc2007,11-12
2020-07-01,-3.6,"sc2106,sc2107",292.0,sc2008,11-12
2020-07-02,-4.5,"sc2106,sc2107",294.5,sc2008,11-12
2020-07-03,-3.7,"sc2106,sc2107",298.6,sc2008,11-12
2020-07-06,-4.1,"sc2106,sc2107",296.8,sc2008,11-12
2020-07-07,-4.3,"sc2106,sc2107",297.8,sc2008,11-12
2020-07-08,-3.1,"sc2106,sc2107",298.7,sc2008,11-12
2020-07-09,-4.6,"sc2106,sc2107",299.1,sc2008,11-12
2020-07-10,-3.9,"sc2106,sc2107",293.8,sc2008,11-12
2020-07-13,-3.5,"sc2106,sc2107",296.2,sc2008,11-12
2020-07-14,-3.0,"sc2106,sc2107",293.5,sc2008,11-12
2020-07-15,-3.1,"sc2106,sc2107",294.9,sc2008,11-12
2020-07-16,-3.2,"sc2106,sc2107",293.1,sc2008,11-12
2020-07-17,-1.9,"sc2106,sc2107",289.6,sc2008,11-12
2020-07-20,-1.4,"sc2106,sc2107",284.0,sc2008,11-12
2020-07-21,-2.4,"sc2106,sc2107",284.8,sc2008,11-12
2020-07-22,-1.9,"sc2106,sc2107",289.2,sc2008,11-12
2020-07-23,-3.4,"sc2106,sc2107",286.6,sc2008,11-12
2020-07-24,-2.7,"sc2106,sc2107",286.2,sc2008,11-12
2020-07-27,-1.6,"sc2106,sc2107",282.1,sc2008,11-12
2020-07-28,-2.1,"sc2106,sc2107",278.4,sc2008,11-12
2020-07-29,-2.6,"sc2106,sc2107",276.7,sc2008,11-12
2020-07-30,-2.3,"sc2106,sc2107",279.5,sc2008,11-12
2020-07-31,-2.5,"sc2106,sc2107",274.1,sc2008,11-12
2020-08-03,-2.9,"sc2107,sc2108",281.7,sc2009,11-12
2020-08-04,-4.1,"sc2107,sc2108",282.3,sc2009,11-12
2020-08-05,-4.3,"sc2107,sc2108",280.7,sc2009,11-12
2020-08-06,-4.4,"sc2107,sc2108",282.5,sc2009,11-12
2020-08-07,-3.1,"sc2107,sc2108",282.5,sc2009,11-12
2020-08-10,-4.3,"sc2107,sc2108",281.9,sc2009,11-12
2020-08-11,-2.7,"sc2107,sc2108",284.6,sc2009,11-12
2020-08-12,-3.0,"sc2107,sc2108",284.2,sc2009,11-12
2020-08-13,-4.9,"sc2107,sc2108",283.6,sc2009,11-12
2020-08-14,-5.1,"sc2107,sc2108",282.3,sc2009,11-12
2020-08-17,-4.6,"sc2107,sc2108",280.2,sc2009,11-12
2020-08-18,-3.9,"sc2107,sc2108",279.1,sc2009,11-12
2020-08-19,-4.4,"sc2107,sc2108",277.3,sc2009,11-12
2020-08-20,-5.2,"sc2107,sc2108",278.4,sc2009,11-12
2020-08-21,-4.5,"sc2107,sc2108",276.0,sc2009,11-12
2020-08-24,-5.0,"sc2107,sc2108",277.9,sc2009,11-12
2020-08-25,-5.2,"sc2107,sc2108",280.3,sc2009,11-12
2020-08-26,-5.4,"sc2107,sc2108",284.9,sc2009,11-12
2020-08-27,-4.9,"sc2107,sc2108",284.3,sc2009,11-12
2020-08-28,-4.9,"sc2107,sc2108",282.4,sc2009,11-12
2020-08-31,-5.2,"sc2107,sc2108",283.3,sc2009,11-12
2020-09-01,-4.4,"sc2108,sc2109",295.7,sc2010,11-12
2020-09-02,-3.5,"sc2108,sc2109",293.5,sc2010,11-12
2020-09-03,-5.3,"sc2108,sc2109",288.2,sc2010,11-12
2020-09-04,-3.3,"sc2108,sc2109",285.0,sc2010,11-12
2020-09-07,-5.1,"sc2108,sc2109",279.3,sc2010,11-12
2020-09-08,-3.5,"sc2108,sc2109",273.9,sc2010,11-12
2020-09-09,-3.5,"sc2108,sc2109",251.4,sc2010,11-12
2020-09-10,-4.7,"sc2108,sc2109",250.6,sc2010,11-12
2020-09-11,-7.5,"sc2108,sc2109",247.6,sc2010,11-12
2020-09-14,-6.9,"sc2108,sc2109",245.8,sc2010,11-12
2020-09-15,-7.4,"sc2108,sc2109",245.5,sc2010,11-12
2020-09-16,-5.1,"sc2108,sc2109",251.3,sc2010,11-12
2020-09-17,-4.5,"sc2108,sc2109",256.2,sc2010,11-12
2020-09-18,-3.1,"sc2108,sc2109",260.0,sc2010,11-12
2020-09-21,-5.0,"sc2108,sc2109",263.9,sc2010,11-12
2020-09-22,-6.2,"sc2108,sc2109",252.9,sc2010,11-12
2020-09-23,-5.9,"sc2108,sc2109",253.6,sc2010,11-12
2020-09-24,-3.7,"sc2109,sc2110",265.1,sc2011,11-12
2020-09-25,-4.6,"sc2109,sc2110",265.7,sc2011,11-12
2020-09-28,-4.7,"sc2109,sc2110",265.0,sc2011,11-12
2020-09-29,-7.8,"sc2109,sc2110",264.8,sc2011,11-12
2020-09-30,-5.6,"sc2109,sc2110",257.8,sc2011,11-12
2020-10-09,-4.0,"sc2109,sc2110",263.5,sc2011,11-12
2020-10-12,-6.5,"sc2109,sc2110",263.2,sc2011,11-12
2020-10-13,-6.3,"sc2109,sc2110",259.5,sc2011,11-12
2020-10-14,-5.3,"sc2109,sc2110",258.0,sc2011,11-12
2020-10-15,-7.6,"sc2109,sc2110",260.8,sc2011,11-12
2020-10-16,-5.8,"sc2109,sc2110",258.7,sc2011,11-12
2020-10-19,-6.2,"sc2109,sc2110",260.2,sc2011,11-12
2020-10-20,-5.4,"sc2109,sc2110",258.8,sc2011,11-12
2020-10-21,-5.7,"sc2109,sc2110",257.3,sc2011,11-12
2020-10-22,-6.2,"sc2109,sc2110",254.2,sc2011,11-12
2020-10-23,-6.8,"sc2109,sc2110",254.1,sc2011,11-12
2020-10-26,-5.6,"sc2109,sc2110",248.5,sc2011,11-12
2020-10-27,-7.1,"sc2109,sc2110",243.7,sc2011,11-12
2020-10-28,-6.9,"sc2109,sc2110",243.4,sc2011,11-12
2020-10-29,-6.5,"sc2109,sc2110",228.0,sc2011,11-12
2020-10-30,-5.3,"sc2109,sc2110",218.3,sc2011,11-12
2020-11-02,-4.9,"sc2110,sc2111",224.9,sc2012,11-12
2020-11-03,-6.5,"sc2110,sc2111",230.2,sc2012,11-12
2020-11-04,-6.7,"sc2110,sc2111",234.8,sc2012,11-12
2020-11-05,-6.7,"sc2110,sc2111",236.5,sc2012,11-12
2020-11-06,-6.2,"sc2110,sc2111",235.3,sc2012,11-12
2020-11-09,-7.2,"sc2110,sc2111",234.2,sc2012,11-12
2020-11-10,-6.6,"sc2110,sc2111",247.7,sc2012,11-12
2020-11-11,-6.1,"sc2110,sc2111",251.4,sc2012,11-12
2020-11-12,-5.8,"sc2110,sc2111",253.7,sc2012,11-12
2020-11-13,-5.9,"sc2110,sc2111",252.4,sc2012,11-12
2020-11-16,-5.5,"sc2110,sc2111",251.0,sc2012,11-12
2020-11-17,-5.8,"sc2110,sc2111",252.3,sc2012,11-12
2020-11-18,-5.6,"sc2110,sc2111",250.0,sc2012,11-12
2020-11-19,-5.4,"sc2110,sc2111",251.0,sc2012,11-12
2020-11-20,-6.2,"sc2110,sc2111",251.6,sc2012,11-12
2020-11-23,-5.9,"sc2110,sc2111",253.4,sc2012,11-12
2020-11-24,-5.8,"sc2110,sc2111",259.5,sc2012,11-12
2020-11-25,-3.8,"sc2110,sc2111",279.0,sc2012,11-12
2020-11-26,-3.1,"sc2110,sc2111",280.2,sc2012,11-12
2020-11-27,-3.2,"sc2110,sc2111",278.3,sc2012,11-12
2020-11-30,-2.8,"sc2110,sc2111",271.8,sc2012,11-12
2020-12-01,-2.4,"sc2111,sc2112",286.4,sc2101,11-12
2020-12-02,-2.8,"sc2111,sc2112",285.1,sc2101,11-12
2020-12-03,-2.9,"sc2111,sc2112",288.5,sc2101,11-12
2020-12-04,-2.0,"sc2111,sc2112",291.1,sc2101,11-12
2020-12-07,-3.0,"sc2111,sc2112",294.0,sc2101,11-12
2020-12-08,-2.9,"sc2111,sc2112",291.9,sc2101,11-12
2020-12-09,-3.1,"sc2111,sc2112",285.0,sc2101,11-12
2020-12-10,-4.7,"sc2111,sc2112",284.8,sc2101,11-12
2020-12-11,-4.2,"sc2111,sc2112",291.1,sc2101,11-12
2020-12-14,-5.5,"sc2111,sc2112",289.4,sc2101,11-12
2020-12-15,-2.7,"sc2111,sc2112",287.8,sc2101,11-12
2020-12-16,-3.1,"sc2111,sc2112",290.9,sc2101,11-12
2020-12-17,-3.4,"sc2111,sc2112",297.4,sc2101,11-12
2020-12-18,-1.8,"sc2111,sc2112",302.7,sc2101,11-12
2020-12-21,-2.5,"sc2111,sc2112",303.5,sc2101,11-12
2020-12-22,-3.5,"sc2111,sc2112",295.4,sc2101,11-12
2020-12-23,-3.0,"sc2111,sc2112",284.6,sc2101,11-12
2020-12-24,-3.3,"sc2111,sc2112",291.6,sc2101,11-12
2020-12-25,-2.3,"sc2112,sc2201",307.3,sc2102,11-12
2020-12-28,-2.7,"sc2112,sc2201",309.1,sc2102,11-12
2020-12-29,-1.8,"sc2112,sc2201",307.2,sc2102,11-12
2020-12-30,-3.2,"sc2112,sc2201",304.7,sc2102,11-12
2020-12-31,-3.8,"sc2112,sc2201",303.2,sc2102,11-12
2021-01-04,-3.1,"sc2112,sc2201",315.0,sc2102,11-12
2021-01-05,-2.9,"sc2112,sc2201",312.9,sc2102,11-12
2021-01-06,-0.6,"sc2112,sc2201",319.8,sc2102,11-12
2021-01-07,-1.1,"sc2112,sc2201",328.1,sc2102,11-12
2021-01-08,-1.3,"sc2112,sc2201",332.6,sc2102,11-12
2021-01-11,0.0,"sc2112,sc2201",336.0,sc2102,11-12
2021-01-12,-2.2,"sc2112,sc2201",333.2,sc2102,11-12
2021-01-13,-0.8,"sc2112,sc2201",339.7,sc2102,11-12
2021-01-14,0.5,"sc2112,sc2201",335.5,sc2102,11-12
2021-01-15,-1.0,"sc2112,sc2201",333.4,sc2102,11-12
2021-01-18,-0.6,"sc2112,sc2201",326.0,sc2102,11-12
2021-01-19,-2.0,"sc2112,sc2201",329.9,sc2102,11-12
2021-01-20,-1.0,"sc2112,sc2201",337.2,sc2102,11-12
2021-01-21,-2.5,"sc2112,sc2201",336.1,sc2102,11-12
2021-01-22,0.4,"sc2112,sc2201",331.7,sc2102,11-12
2021-01-25,-1.4,"sc2112,sc2201",324.0,sc2102,11-12
2021-01-26,-1.0,"sc2112,sc2201",322.4,sc2102,11-12
2021-01-27,-2.6,"sc2112,sc2201",327.2,sc2102,11-12
2021-01-28,-1.5,"sc2112,sc2201",333.4,sc2102,11-12
2021-01-29,-1.6,"sc2112,sc2201",336.1,sc2102,11-12
2021-02-01,-1.6,"sc2201,sc2202",336.1,sc2103,11-12
2021-02-02,-0.8,"sc2201,sc2202",340.3,sc2103,11-12
2021-02-03,-2.3,"sc2201,sc2202",347.1,sc2103,11-12
2021-02-04,0.8,"sc2201,sc2202",353.3,sc2103,11-12
2021-02-05,-0.9,"sc2201,sc2202",356.6,sc2103,11-12
2021-02-08,-1.7,"sc2201,sc2202",361.8,sc2103,11-12
2021-02-09,-0.6,"sc2201,sc2202",368.0,sc2103,11-12
2021-02-10,-1.1,"sc2201,sc2202",367.0,sc2103,11-12
2021-02-18,-1.9,"sc2201,sc2202",395.8,sc2103,11-12
2021-02-19,-0.5,"sc2201,sc2202",388.9,sc2103,11-12
2021-02-22,0.8,"sc2201,sc2202",386.2,sc2103,11-12
2021-02-23,0.8,"sc2201,sc2202",397.6,sc2103,11-12
2021-02-24,0.4,"sc2201,sc2202",400.9,sc2103,11-12
2021-02-25,0.7,"sc2201,sc2202",416.2,sc2103,11-12
2021-02-26,0.3,"sc2201,sc2202",399.0,sc2103,11-12
2021-03-01,0.0,"sc2202,sc2203",407.6,sc2104,11-12
2021-03-02,-2.8,"sc2202,sc2203",397.7,sc2104,11-12
2021-03-03,-2.3,"sc2202,sc2203",392.7,sc2104,11-12
2021-03-04,-1.9,"sc2202,sc2203",397.4,sc2104,11-12
2021-03-05,-0.6,"sc2202,sc2203",413.0,sc2104,11-12
2021-03-08,-1.8,"sc2202,sc2203",435.8,sc2104,11-12
2021-03-09,0.0,"sc2202,sc2203",427.6,sc2104,11-12
2021-03-10,0.9,"sc2202,sc2203",417.8,sc2104,11-12
2021-03-11,0.2,"sc2202,sc2203",416.0,sc2104,11-12
2021-03-12,0.8,"sc2202,sc2203",421.8,sc2104,11-12
2021-03-15,-0.6,"sc2202,sc2203",420.4,sc2104,11-12
2021-03-16,-1.2,"sc2202,sc2203",411.3,sc2104,11-12
2021-03-17,-0.4,"sc2202,sc2203",409.3,sc2104,11-12
2021-03-18,-0.7,"sc2202,sc2203",408.0,sc2104,11-12
2021-03-19,0.0,"sc2202,sc2203",390.9,sc2104,11-12
2021-03-22,-0.3,"sc2202,sc2203",381.1,sc2104,11-12
2021-03-23,-1.4,"sc2202,sc2203",387.9,sc2104,11-12
2021-03-24,-0.8,"sc2202,sc2203",376.8,sc2104,11-12
2021-03-25,0.2,"sc2202,sc2203",382.5,sc2104,11-12
2021-03-26,-1.1,"sc2202,sc2203",373.9,sc2104,11-12
2021-03-29,-0.7,"sc2202,sc2203",384.1,sc2104,11-12
2021-03-30,-0.2,"sc2202,sc2203",388.3,sc2104,11-12
2021-03-31,-0.7,"sc2202,sc2203",384.1,sc2104,11-12
2021-04-01,0.7,"sc2203,sc2204",393.4,sc2105,11-12
2021-04-02,-0.2,"sc2203,sc2204",399.1,sc2105,11-12
2021-04-06,0.7,"sc2203,sc2204",388.0,sc2105,11-12
2021-04-07,-0.7,"sc2203,sc2204",388.6,sc2105,11-12
2021-04-08,-0.3,"sc2203,sc2204",384.8,sc2105,11-12
2021-04-09,-0.7,"sc2203,sc2204",386.7,sc2105,11-12
2021-04-12,-0.3,"sc2203,sc2204",387.2,sc2105,11-12
2021-04-13,-0.3,"sc2203,sc2204",390.6,sc2105,11-12
2021-04-14,0.5,"sc2203,sc2204",393.7,sc2105,11-12
2021-04-15,-2.5,"sc2203,sc2204",407.4,sc2105,11-12
2021-04-16,-1.7,"sc2203,sc2204",410.4,sc2105,11-12
2021-04-19,-0.1,"sc2203,sc2204",408.7,sc2105,11-12
2021-04-20,0.0,"sc2203,sc2204",413.4,sc2105,11-12
2021-04-21,0.9,"sc2203,sc2204",409.8,sc2105,11-12
2021-04-22,-2.5,"sc2203,sc2204",402.9,sc2105,11-12
2021-04-23,-1.7,"sc2203,sc2204",402.0,sc2105,11-12
2021-04-26,-1.4,"sc2203,sc2204",407.3,sc2105,11-12
2021-04-27,-0.3,"sc2203,sc2204",405.6,sc2105,11-12
2021-04-28,-2.4,"sc2203,sc2204",397.2,sc2105,11-12
2021-04-29,-2.2,"sc2203,sc2204",407.9,sc2105,11-12
2021-04-30,-1.9,"sc2203,sc2204",409.5,sc2105,11-12
2021-05-06,1.4,"sc2204,sc2205",429.8,sc2106,11-12
2021-05-07,0.0,"sc2204,sc2205",424.1,sc2106,11-12
2021-05-10,0.9,"sc2204,sc2205",424.3,sc2106,11-12
2021-05-11,1.0,"sc2204,sc2205",420.8,sc2106,11-12
2021-05-12,0.6,"sc2204,sc2205",421.5,sc2106,11-12
2021-05-13,1.0,"sc2204,sc2205",429.0,sc2106,11-12
2021-05-14,0.6,"sc2204,sc2205",417.1,sc2106,11-12
2021-05-17,0.0,"sc2204,sc2205",425.7,sc2106,11-12
2021-05-18,1.0,"sc2204,sc2205",434.2,sc2106,11-12
2021-05-19,0.2,"sc2204,sc2205",429.5,sc2106,11-12
2021-05-20,-0.9,"sc2204,sc2205",409.5,sc2106,11-12
2021-05-21,0.1,"sc2204,sc2205",403.2,sc2106,11-12
2021-05-24,0.7,"sc2204,sc2205",408.2,sc2106,11-12
2021-05-25,0.0,"sc2204,sc2205",423.4,sc2106,11-12
2021-05-26,-0.8,"sc2204,sc2205",427.9,sc2106,11-12
2021-05-27,-0.8,"sc2204,sc2205",428.8,sc2106,11-12
2021-05-28,-0.1,"sc2204,sc2205",432.7,sc2106,11-12
2021-05-31,-0.6,"sc2204,sc2205",427.6,sc2106,11-12
2021-06-01,-0.8,"sc2205,sc2206",433.9,sc2107,11-12
2021-06-02,2.1,"sc2205,sc2206",439.9,sc2107,11-12
2021-06-03,3.1,"sc2205,sc2206",445.4,sc2107,11-12
2021-06-04,1.6,"sc2205,sc2206",443.2,sc2107,11-12
2021-06-07,2.5,"sc2205,sc2206",447.3,sc2107,11-12
2021-06-08,1.8,"sc2205,sc2206",444.1,sc2107,11-12
2021-06-09,2.7,"sc2205,sc2206",449.4,sc2107,11-12
2021-06-10,1.0,"sc2205,sc2206",447.7,sc2107,11-12
2021-06-11,2.0,"sc2205,sc2206",450.2,sc2107,11-12
2021-06-15,2.2,"sc2205,sc2206",455.8,sc2107,11-12
2021-06-16,3.5,"sc2205,sc2206",459.2,sc2107,11-12
2021-06-17,-0.7,"sc2205,sc2206",454.1,sc2107,11-12
2021-06-18,0.2,"sc2205,sc2206",443.0,sc2107,11-12
2021-06-21,1.2,"sc2205,sc2206",443.5,sc2107,11-12
2021-06-22,4.2,"sc2205,sc2206",449.4,sc2107,11-12
2021-06-23,0.2,"sc2205,sc2206",453.3,sc2107,11-12
2021-06-24,1.3,"sc2205,sc2206",457.6,sc2107,11-12
2021-06-25,3.3,"sc2205,sc2206",457.2,sc2107,11-12
2021-06-28,3.0,"sc2205,sc2206",459.6,sc2107,11-12
2021-06-29,3.1,"sc2205,sc2206",449.3,sc2107,11-12
2021-06-30,0.4,"sc2205,sc2206",449.2,sc2107,11-12
2021-07-01,-3.1,"sc2206,sc2207",460.4,sc2108,11-12
2021-07-02,0.2,"sc2206,sc2207",467.8,sc2108,11-12
2021-07-05,1.4,"sc2206,sc2207",468.4,sc2108,11-12
2021-07-06,-0.4,"sc2206,sc2207",473.1,sc2108,11-12
2021-07-07,0.8,"sc2206,sc2207",455.8,sc2108,11-12
2021-07-08,0.2,"sc2206,sc2207",442.1,sc2108,11-12
2021-07-09,0.2,"sc2206,sc2207",441.9,sc2108,11-12
2021-07-12,-1.4,"sc2206,sc2207",451.1,sc2108,11-12
2021-07-13,-0.1,"sc2206,sc2207",450.9,sc2108,11-12
2021-07-14,-1.8,"sc2206,sc2207",458.2,sc2108,11-12
2021-07-15,0.2,"sc2206,sc2207",449.6,sc2108,11-12
2021-07-16,0.6,"sc2206,sc2207",438.6,sc2108,11-12
2021-07-19,-0.4,"sc2206,sc2207",431.7,sc2108,11-12
2021-07-20,1.0,"sc2206,sc2207",410.0,sc2108,11-12
2021-07-21,0.2,"sc2206,sc2207",406.4,sc2108,11-12
2021-07-22,-1.4,"sc2206,sc2207",416.6,sc2108,11-12
2021-07-23,-2.0,"sc2206,sc2207",427.2,sc2108,11-12
2021-07-26,-1.5,"sc2206,sc2207",432.4,sc2108,11-12
2021-07-27,-2.0,"sc2206,sc2207",439.0,sc2108,11-12
2021-07-28,-1.0,"sc2206,sc2207",439.5,sc2108,11-12
2021-07-29,-2.2,"sc2206,sc2207",447.9,sc2108,11-12
2021-07-30,-2.3,"sc2206,sc2207",445.2,sc2108,11-12
2021-08-02,-0.8,"sc2207,sc2208",452.9,sc2109,11-12
2021-08-03,-0.2,"sc2207,sc2208",440.7,sc2109,11-12
2021-08-04,0.1,"sc2207,sc2208",433.5,sc2109,11-12
2021-08-05,0.0,"sc2207,sc2208",428.3,sc2109,11-12
2021-08-06,-0.8,"sc2207,sc2208",429.1,sc2109,11-12
2021-08-09,-0.4,"sc2207,sc2208",425.0,sc2109,11-12
2021-08-10,-0.5,"sc2207,sc2208",418.0,sc2109,11-12
2021-08-11,-0.3,"sc2207,sc2208",430.6,sc2109,11-12
2021-08-12,-0.5,"sc2207,sc2208",430.4,sc2109,11-12
2021-08-13,-0.8,"sc2207,sc2208",431.4,sc2109,11-12
2021-08-16,-0.2,"sc2207,sc2208",428.4,sc2109,11-12
2021-08-17,0.1,"sc2207,sc2208",423.6,sc2109,11-12
2021-08-18,-0.3,"sc2207,sc2208",423.9,sc2109,11-12
2021-08-19,-0.2,"sc2207,sc2208",418.7,sc2109,11-12
2021-08-20,0.0,"sc2207,sc2208",407.8,sc2109,11-12
2021-08-23,0.7,"sc2207,sc2208",403.6,sc2109,11-12
2021-08-24,-0.4,"sc2207,sc2208",421.4,sc2109,11-12
2021-08-25,-0.1,"sc2207,sc2208",431.4,sc2109,11-12
2021-08-26,-0.1,"sc2207,sc2208",435.8,sc2109,11-12
2021-08-27,0.4,"sc2207,sc2208",438.6,sc2109,11-12
2021-08-30,-0.4,"sc2207,sc2208",445.3,sc2109,11-12
2021-08-31,-0.6,"sc2207,sc2208",450.2,sc2109,11-12
2021-09-01,-0.5,"sc2208,sc2209",440.5,sc2110,11-12
2021-09-02,0.3,"sc2208,sc2209",439.3,sc2110,11-12
2021-09-03,0.8,"sc2208,sc2209",456.2,sc2110,11-12
2021-09-06,0.8,"sc2208,sc2209",451.4,sc2110,11-12
2021-09-07,1.7,"sc2208,sc2209",453.8,sc2110,11-12
2021-09-08,1.4,"sc2208,sc2209",450.9,sc2110,11-12
2021-09-09,1.0,"sc2208,sc2209",454.8,sc2110,11-12
2021-09-10,0.8,"sc2208,sc2209",454.6,sc2110,11-12
2021-09-13,0.7,"sc2208,sc2209",461.2,sc2110,11-12
2021-09-14,3.1,"sc2208,sc2209",463.0,sc2110,11-12
2021-09-15,2.0,"sc2208,sc2209",461.9,sc2110,11-12
2021-09-16,1.7,"sc2208,sc2209",473.4,sc2110,11-12
2021-09-17,2.3,"sc2208,sc2209",477.1,sc2110,11-12
2021-09-22,0.1,"sc2208,sc2209",469.0,sc2110,11-12
2021-09-23,0.8,"sc2208,sc2209",469.4,sc2110,11-12
2021-09-24,-1.4,"sc2209,sc2210",485.1,sc2111,11-12
2021-09-27,1.3,"sc2209,sc2210",492.1,sc2111,11-12
2021-09-28,1.3,"sc2209,sc2210",501.8,sc2111,11-12
2021-09-29,1.8,"sc2209,sc2210",495.4,sc2111,11-12
2021-09-30,1.8,"sc2209,sc2210",495.9,sc2111,11-12
2021-10-08,-3.3,"sc2209,sc2210",527.1,sc2111,11-12
2021-10-11,2.1,"sc2209,sc2210",526.8,sc2111,11-12
2021-10-12,2.2,"sc2209,sc2210",531.6,sc2111,11-12
2021-10-13,2.2,"sc2209,sc2210",528.3,sc2111,11-12
2021-10-14,2.0,"sc2209,sc2210",521.5,sc2111,11-12
2021-10-15,2.1,"sc2209,sc2210",525.5,sc2111,11-12
2021-10-18,2.9,"sc2209,sc2210",533.6,sc2111,11-12
2021-10-19,2.2,"sc2209,sc2210",528.6,sc2111,11-12
2021-10-20,3.7,"sc2209,sc2210",531.2,sc2111,11-12
2021-10-21,2.7,"sc2209,sc2210",531.5,sc2111,11-12
2021-10-22,3.7,"sc2209,sc2210",525.1,sc2111,11-12
2021-10-25,2.4,"sc2209,sc2210",527.7,sc2111,11-12
2021-10-26,2.7,"sc2209,sc2210",527.3,sc2111,11-12
2021-10-27,2.1,"sc2209,sc2210",525.3,sc2111,11-12
2021-10-28,1.7,"sc2209,sc2210",511.2,sc2111,11-12
2021-10-29,1.0,"sc2209,sc2210",495.5,sc2111,11-12
2021-11-01,0.7,"sc2210,sc2211",521.7,sc2112,11-12
2021-11-02,0.4,"sc2210,sc2211",531.6,sc2112,11-12
2021-11-03,3.7,"sc2210,sc2211",526.7,sc2112,11-12
2021-11-04,2.6,"sc2210,sc2211",513.0,sc2112,11-12
2021-11-05,2.9,"sc2210,sc2211",513.6,sc2112,11-12
2021-11-08,2.9,"sc2210,sc2211",524.0,sc2112,11-12
2021-11-09,2.7,"sc2210,sc2211",526.3,sc2112,11-12
2021-11-10,3.1,"sc2210,sc2211",531.6,sc2112,11-12
2021-11-11,2.8,"sc2210,sc2211",525.9,sc2112,11-12
2021-11-12,3.2,"sc2210,sc2211",517.3,sc2112,11-12
2021-11-15,3.1,"sc2210,sc2211",513.4,sc2112,11-12
2021-11-16,3.2,"sc2210,sc2211",511.9,sc2112,11-12
2021-11-17,2.9,"sc2210,sc2211",515.0,sc2112,11-12
2021-11-18,3.3,"sc2210,sc2211",511.6,sc2112,11-12
2021-11-19,3.3,"sc2210,sc2211",513.5,sc2112,11-12
2021-11-22,3.4,"sc2210,sc2211",501.9,sc2112,11-12
2021-11-23,3.1,"sc2210,sc2211",504.8,sc2112,11-12
2021-11-24,3.2,"sc2210,sc2211",518.8,sc2112,11-12
2021-11-25,3.5,"sc2210,sc2211",521.7,sc2112,11-12
2021-11-26,3.2,"sc2210,sc2211",505.0,sc2112,11-12
2021-11-29,3.9,"sc2210,sc2211",495.6,sc2112,11-12
2021-11-30,3.0,"sc2210,sc2211",478.8,sc2112,11-12
2021-12-01,0.8,"sc2211,sc2212",445.0,sc2201,11-12
2021-12-02,-2.1,"sc2211,sc2212",444.1,sc2201,11-12
2021-12-03,3.2,"sc2211,sc2212",439.2,sc2201,11-12
2021-12-06,1.0,"sc2211,sc2212",450.6,sc2201,11-12
2021-12-07,2.6,"sc2211,sc2212",457.6,sc2201,11-12
2021-12-08,0.7,"sc2211,sc2212",473.8,sc2201,11-12
2021-12-09,1.0,"sc2211,sc2212",476.0,sc2201,11-12
2021-12-10,-0.2,"sc2211,sc2212",472.9,sc2201,11-12
2021-12-13,-0.3,"sc2211,sc2212",477.0,sc2201,11-12
2021-12-14,-0.3,"sc2211,sc2212",474.2,sc2201,11-12
2021-12-15,0.0,"sc2211,sc2212",460.0,sc2201,11-12
2021-12-16,0.5,"sc2211,sc2212",467.4,sc2201,11-12
2021-12-17,0.2,"sc2211,sc2212",474.7,sc2201,11-12
2021-12-20,1.6,"sc2211,sc2212",466.2,sc2201,11-12
2021-12-21,-0.4,"sc2211,sc2212",453.1,sc2201,11-12
2021-12-22,-0.5,"sc2211,sc2212",456.2,sc2201,11-12
2021-12-23,,,470.0,sc2202,11-12
2021-12-24,0.9,"sc2212,sc2301",475.6,sc2202,11-12
2021-12-27,3.9,"sc2212,sc2301",475.5,sc2202,11-12
2021-12-28,4.0,"sc2212,sc2301",487.0,sc2202,11-12
2021-12-29,0.9,"sc2212,sc2301",492.8,sc2202,11-12
2021-12-30,3.1,"sc2212,sc2301",494.5,sc2202,11-12
2021-12-31,3.8,"sc2212,sc2301",496.8,sc2202,11-12
2022-01-04,32.8,"sc2212,sc2301",496.9,sc2202,11-12
2022-01-05,3.0,"sc2212,sc2301",501.1,sc2202,11-12
2022-01-06,2.1,"sc2212,sc2301",504.6,sc2202,11-12
2022-01-07,4.8,"sc2212,sc2301",516.4,sc2202,11-12
2022-01-10,5.2,"sc2212,sc2301",511.1,sc2202,11-12
2022-01-11,4.9,"sc2212,sc2301",508.9,sc2202,11-12
2022-01-12,5.4,"sc2212,sc2301",514.8,sc2202,11-12
2022-01-13,2.3,"sc2212,sc2301",526.0,sc2202,11-12
2022-01-14,5.2,"sc2212,sc2301",530.7,sc2202,11-12
2022-01-17,4.0,"sc2212,sc2301",538.5,sc2202,11-12
2022-01-18,5.1,"sc2212,sc2301",541.1,sc2202,11-12
2022-01-19,6.2,"sc2212,sc2301",547.6,sc2202,11-12
2022-01-20,6.2,"sc2212,sc2301",547.7,sc2202,11-12
2022-01-21,5.8,"sc2212,sc2301",557.1,sc2202,11-12
2022-01-24,3.3,"sc2301,sc2302",541.6,sc2203,11-12
2022-01-25,0.4,"sc2301,sc2302",530.4,sc2203,11-12
2022-01-26,1.6,"sc2301,sc2302",534.3,sc2203,11-12
2022-01-27,0.8,"sc2301,sc2302",545.5,sc2203,11-12
2022-01-28,2.2,"sc2301,sc2302",542.0,sc2203,11-12
2022-02-07,3.5,"sc2301,sc2302",567.3,sc2203,11-12
2022-02-08,3.2,"sc2301,sc2302",558.7,sc2203,11-12
2022-02-09,3.9,"sc2301,sc2302",547.5,sc2203,11-12
2022-02-10,3.7,"sc2301,sc2302",549.1,sc2203,11-12
2022-02-11,3.7,"sc2301,sc2302",553.3,sc2203,11-12
2022-02-14,2.9,"sc2301,sc2302",562.5,sc2203,11-12
2022-02-15,3.8,"sc2301,sc2302",566.5,sc2203,11-12
2022-02-16,4.0,"sc2301,sc2302",554.8,sc2203,11-12
2022-02-17,4.4,"sc2301,sc2302",560.8,sc2203,11-12
2022-02-18,4.2,"sc2301,sc2302",559.7,sc2203,11-12
2022-02-21,4.5,"sc2301,sc2302",561.4,sc2203,11-12
2022-02-22,5.3,"sc2301,sc2302",580.9,sc2203,11-12
2022-02-23,2.7,"sc2301,sc2302",585.3,sc2203,11-12
2022-02-24,2.7,"sc2301,sc2302",593.9,sc2203,11-12
2022-02-25,4.2,"sc2301,sc2302",613.8,sc2203,11-12
2022-02-28,4.5,"sc2301,sc2302",591.8,sc2203,11-12
2022-03-01,4.1,"sc2302,sc2303",615.9,sc2204,11-12
2022-03-02,4.2,"sc2302,sc2303",654.2,sc2204,11-12
2022-03-03,10.2,"sc2302,sc2303",699.5,sc2204,11-12
2022-03-04,6.4,"sc2302,sc2303",704.8,sc2204,11-12
2022-03-07,15.2,"sc2302,sc2303",723.6,sc2204,11-12
2022-03-08,11.3,"sc2302,sc2303",765.8,sc2204,11-12
2022-03-09,15.9,"sc2302,sc2303",806.9,sc2204,11-12
2022-03-10,12.2,"sc2302,sc2303",726.1,sc2204,11-12
2022-03-11,11.3,"sc2302,sc2303",691.9,sc2204,11-12
2022-03-14,10.8,"sc2302,sc2303",683.0,sc2204,11-12
2022-03-15,7.6,"sc2302,sc2303",645.7,sc2204,11-12
2022-03-16,5.4,"sc2302,sc2303",622.9,sc2204,11-12
2022-03-17,7.5,"sc2302,sc2303",615.8,sc2204,11-12
2022-03-18,4.8,"sc2302,sc2303",657.0,sc2204,11-12
2022-03-21,6.4,"sc2302,sc2303",678.9,sc2204,11-12
2022-03-22,7.6,"sc2302,sc2303",722.8,sc2204,11-12
2022-03-23,4.5,"sc2302,sc2303",717.8,sc2204,11-12
2022-03-24,6.5,"sc2302,sc2303",760.1,sc2204,11-12
2022-03-25,3.7,"sc2302,sc2303",753.4,sc2204,11-12
2022-03-28,5.5,"sc2302,sc2303",742.4,sc2204,11-12
2022-03-29,7.0,"sc2302,sc2303",706.2,sc2204,11-12
2022-03-30,8.3,"sc2302,sc2303",678.2,sc2204,11-12
2022-03-31,7.7,"sc2302,sc2303",675.2,sc2204,11-12
2022-04-01,9.7,"sc2303,sc2304",666.4,sc2205,11-12
2022-04-06,9.5,"sc2303,sc2304",675.4,sc2205,11-12
2022-04-07,6.5,"sc2303,sc2304",643.1,sc2205,11-12
2022-04-08,4.6,"sc2303,sc2304",617.3,sc2205,11-12
2022-04-11,3.3,"sc2303,sc2304",625.8,sc2205,11-12
2022-04-12,3.6,"sc2303,sc2304",618.4,sc2205,11-12
2022-04-13,1.5,"sc2303,sc2304",649.9,sc2205,11-12
2022-04-14,0.1,"sc2303,sc2304",665.8,sc2205,11-12
2022-04-15,2.2,"sc2303,sc2304",679.7,sc2205,11-12
2022-04-18,3.3,"sc2303,sc2304",694.1,sc2205,11-12
2022-04-19,3.1,"sc2303,sc2304",705.9,sc2205,11-12
2022-04-20,5.9,"sc2303,sc2304",674.5,sc2205,11-12
2022-04-21,6.8,"sc2303,sc2304",674.4,sc2205,11-12
2022-04-22,6.5,"sc2303,sc2304",680.5,sc2205,11-12
2022-04-25,8.0,"sc2303,sc2304",662.4,sc2205,11-12
2022-04-26,9.5,"sc2303,sc2304",637.6,sc2205,11-12
2022-04-27,8.9,"sc2303,sc2304",663.8,sc2205,11-12
2022-04-28,8.4,"sc2303,sc2304",659.1,sc2205,11-12
2022-04-29,6.8,"sc2303,sc2304",671.2,sc2205,11-12
2022-05-05,11.5,"sc2304,sc2305",692.4,sc2206,11-12
2022-05-06,13.8,"sc2304,sc2305",696.4,sc2206,11-12
2022-05-09,16.7,"sc2304,sc2305",705.6,sc2206,11-12
2022-05-10,-4.8,"sc2304,sc2305",669.8,sc2206,11-12
2022-05-11,6.4,"sc2304,sc2305",656.1,sc2206,11-12
2022-05-12,6.0,"sc2304,sc2305",680.0,sc2206,11-12
2022-05-13,5.5,"sc2304,sc2305",692.4,sc2206,11-12
2022-05-16,6.9,"sc2304,sc2305",704.6,sc2206,11-12
2022-05-17,9.9,"sc2304,sc2305",721.8,sc2206,11-12
2022-05-18,12.8,"sc2304,sc2305",721.9,sc2206,11-12
2022-05-19,8.2,"sc2304,sc2305",698.6,sc2206,11-12
2022-05-20,4.3,"sc2304,sc2305",699.8,sc2206,11-12
2022-05-23,4.4,"sc2304,sc2305",706.2,sc2206,11-12
2022-05-24,5.6,"sc2304,sc2305",699.0,sc2206,11-12
2022-05-25,8.0,"sc2304,sc2305",710.8,sc2206,11-12
2022-05-26,10.0,"sc2304,sc2305",716.1,sc2206,11-12
2022-05-27,10.0,"sc2304,sc2305",740.4,sc2206,11-12
2022-05-30,9.1,"sc2304,sc2305",724.3,sc2206,11-12
2022-05-31,7.2,"sc2304,sc2305",737.3,sc2206,11-12
2022-06-01,5.9,"sc2305,sc2306",741.1,sc2207,11-12
2022-06-02,5.5,"sc2305,sc2306",728.8,sc2207,11-12
2022-06-06,5.0,"sc2305,sc2306",750.3,sc2207,11-12
2022-06-07,5.4,"sc2305,sc2306",748.7,sc2207,11-12
2022-06-08,3.9,"sc2305,sc2306",753.8,sc2207,11-12
2022-06-09,4.6,"sc2305,sc2306",771.4,sc2207,11-12
2022-06-10,4.3,"sc2305,sc2306",770.5,sc2207,11-12
2022-06-13,5.0,"sc2305,sc2306",756.8,sc2207,11-12
2022-06-14,4.0,"sc2305,sc2306",768.0,sc2207,11-12
2022-06-15,3.3,"sc2305,sc2306",770.6,sc2207,11-12
2022-06-16,4.6,"sc2305,sc2306",748.2,sc2207,11-12
2022-06-17,5.7,"sc2305,sc2306",731.7,sc2207,11-12
2022-06-20,6.2,"sc2305,sc2306",704.3,sc2207,11-12
2022-06-21,6.7,"sc2305,sc2306",702.2,sc2207,11-12
2022-06-22,6.8,"sc2305,sc2306",703.7,sc2207,11-12
2022-06-23,7.3,"sc2305,sc2306",687.6,sc2207,11-12
2022-06-24,6.2,"sc2305,sc2306",684.0,sc2207,11-12
2022-06-27,9.8,"sc2305,sc2306",689.6,sc2207,11-12
2022-06-28,8.6,"sc2305,sc2306",707.1,sc2207,11-12
2022-06-29,7.0,"sc2305,sc2306",715.0,sc2207,11-12
2022-06-30,4.5,"sc2305,sc2306",731.1,sc2207,11-12
2022-07-01,8.9,"sc2306,sc2307",704.4,sc2208,11-12
2022-07-04,10.8,"sc2306,sc2307",711.7,sc2208,11-12
2022-07-05,5.7,"sc2306,sc2307",727.5,sc2208,11-12
2022-07-06,6.7,"sc2306,sc2307",674.2,sc2208,11-12
2022-07-07,6.9,"sc2306,sc2307",644.9,sc2208,11-12
2022-07-08,9.5,"sc2306,sc2307",676.8,sc2208,11-12
2022-07-11,9.5,"sc2306,sc2307",686.1,sc2208,11-12
2022-07-12,8.6,"sc2306,sc2307",680.6,sc2208,11-12
2022-07-13,10.3,"sc2306,sc2307",650.2,sc2208,11-12
2022-07-14,8.4,"sc2306,sc2307",650.8,sc2208,11-12
2022-07-15,6.4,"sc2306,sc2307",641.1,sc2208,11-12
2022-07-18,6.2,"sc2306,sc2307",668.0,sc2208,11-12
2022-07-19,6.1,"sc2306,sc2307",697.5,sc2208,11-12
2022-07-20,4.0,"sc2306,sc2307",704.9,sc2208,11-12
2022-07-21,3.1,"sc2306,sc2307",706.9,sc2208,11-12
2022-07-22,2.8,"sc2306,sc2307",695.8,sc2208,11-12
2022-07-25,3.4,"sc2306,sc2307",697.9,sc2208,11-12
2022-07-26,2.1,"sc2306,sc2307",704.3,sc2208,11-12
2022-07-27,2.7,"sc2306,sc2307",661.3,sc2208,11-12
2022-07-28,3.7,"sc2306,sc2307",676.1,sc2208,11-12
2022-07-29,1.8,"sc2306,sc2307",730.3,sc2208,11-12
2022-08-01,0.2,"sc2307,sc2308",698.1,sc2209,11-12
2022-08-02,-0.5,"sc2307,sc2308",672.7,sc2209,11-12
2022-08-03,-0.4,"sc2307,sc2308",681.6,sc2209,11-12
2022-08-04,-0.4,"sc2307,sc2308",667.1,sc2209,11-12
2022-08-05,-0.6,"sc2307,sc2308",650.3,sc2209,11-12
2022-08-08,-0.7,"sc2307,sc2308",659.6,sc2209,11-12
2022-08-09,-0.2,"sc2307,sc2308",665.7,sc2209,11-12
2022-08-10,0.1,"sc2307,sc2308",676.5,sc2209,11-12
2022-08-11,0.1,"sc2307,sc2308",682.6,sc2209,11-12
2022-08-12,0.1,"sc2307,sc2308",698.9,sc2209,11-12
2022-08-15,0.0,"sc2307,sc2308",695.9,sc2209,11-12
2022-08-16,5.4,"sc2307,sc2308",685.6,sc2209,11-12
2022-08-17,4.1,"sc2307,sc2308",690.7,sc2209,11-12
2022-08-18,5.0,"sc2307,sc2308",698.6,sc2209,11-12
2022-08-19,4.7,"sc2307,sc2308",725.4,sc2209,11-12
2022-08-22,4.2,"sc2307,sc2308",749.9,sc2209,11-12
2022-08-23,4.4,"sc2307,sc2308",747.2,sc2209,11-12
2022-08-24,4.0,"sc2307,sc2308",765.8,sc2209,11-12
2022-08-25,4.0,"sc2307,sc2308",790.6,sc2209,11-12
2022-08-26,6.0,"sc2307,sc2308",787.3,sc2209,11-12
2022-08-29,7.3,"sc2307,sc2308",726.4,sc2209,11-12
2022-08-30,4.7,"sc2307,sc2308",738.7,sc2209,11-12
2022-08-31,5.4,"sc2307,sc2308",724.7,sc2209,11-12
2022-09-01,9.1,"sc2308,sc2309",705.5,sc2210,11-12
2022-09-02,6.5,"sc2308,sc2309",694.7,sc2210,11-12
2022-09-05,6.0,"sc2308,sc2309",696.2,sc2210,11-12
2022-09-06,8.0,"sc2308,sc2309",707.4,sc2210,11-12
2022-09-07,5.5,"sc2308,sc2309",688.4,sc2210,11-12
2022-09-08,5.5,"sc2308,sc2309",673.8,sc2210,11-12
2022-09-09,6.4,"sc2308,sc2309",670.0,sc2210,11-12
2022-09-13,5.4,"sc2308,sc2309",705.6,sc2210,11-12
2022-09-14,6.0,"sc2308,sc2309",691.6,sc2210,11-12
2022-09-15,4.4,"sc2308,sc2309",718.3,sc2210,11-12
2022-09-16,5.1,"sc2308,sc2309",712.2,sc2210,11-12
2022-09-19,4.1,"sc2308,sc2309",709.2,sc2210,11-12
2022-09-20,5.1,"sc2308,sc2309",707.4,sc2210,11-12
2022-09-21,4.6,"sc2308,sc2309",674.3,sc2210,11-12
2022-09-22,6.2,"sc2308,sc2309",653.6,sc2210,11-12
2022-09-23,8.5,"sc2308,sc2309",645.8,sc2210,11-12
2022-09-26,4.0,"sc2309,sc2310",624.8,sc2211,11-12
2022-09-27,5.5,"sc2309,sc2310",612.0,sc2211,11-12
2022-09-28,1.1,"sc2309,sc2310",612.2,sc2211,11-12
2022-09-29,6.6,"sc2309,sc2310",628.6,sc2211,11-12
2022-09-30,4.7,"sc2309,sc2310",631.5,sc2211,11-12
2022-10-10,0.5,"sc2309,sc2310",699.6,sc2211,11-12
2022-10-11,5.6,"sc2309,sc2310",702.2,sc2211,11-12
2022-10-12,5.8,"sc2309,sc2310",688.2,sc2211,11-12
2022-10-13,7.8,"sc2309,sc2310",684.8,sc2211,11-12
2022-10-14,5.9,"sc2309,sc2310",689.7,sc2211,11-12
2022-10-17,4.7,"sc2309,sc2310",676.7,sc2211,11-12
2022-10-18,5.0,"sc2309,sc2310",677.9,sc2211,11-12
2022-10-19,5.6,"sc2309,sc2310",665.4,sc2211,11-12
2022-10-20,3.7,"sc2309,sc2310",667.1,sc2211,11-12
2022-10-21,5.8,"sc2309,sc2310",669.6,sc2211,11-12
2022-10-24,5.1,"sc2309,sc2310",670.1,sc2211,11-12
2022-10-25,3.4,"sc2309,sc2310",669.9,sc2211,11-12
2022-10-26,1.9,"sc2309,sc2310",671.3,sc2211,11-12
2022-10-27,5.8,"sc2309,sc2310",677.4,sc2211,11-12
2022-10-28,6.2,"sc2309,sc2310",684.9,sc2211,11-12
2022-10-31,7.6,"sc2309,sc2310",686.8,sc2211,11-12
2022-11-01,0.3,"sc2310,sc2311",685.5,sc2212,11-12
2022-11-02,0.5,"sc2310,sc2311",696.3,sc2212,11-12
2022-11-03,3.0,"sc2310,sc2311",698.4,sc2212,11-12
2022-11-04,6.5,"sc2310,sc2311",699.9,sc2212,11-12
2022-11-07,1.6,"sc2310,sc2311",715.4,sc2212,11-12
2022-11-08,0.6,"sc2310,sc2311",716.5,sc2212,11-12
2022-11-09,3.7,"sc2310,sc2311",700.6,sc2212,11-12
2022-11-10,1.6,"sc2310,sc2311",677.4,sc2212,11-12
2022-11-11,3.5,"sc2310,sc2311",673.8,sc2212,11-12
2022-11-14,3.1,"sc2310,sc2311",677.5,sc2212,11-12
2022-11-15,2.7,"sc2310,sc2311",658.4,sc2212,11-12
2022-11-16,2.7,"sc2310,sc2311",647.0,sc2212,11-12
2022-11-17,3.3,"sc2310,sc2311",636.7,sc2212,11-12
2022-11-18,4.6,"sc2310,sc2311",623.1,sc2212,11-12
2022-11-21,3.9,"sc2310,sc2311",601.6,sc2212,11-12
2022-11-22,2.5,"sc2310,sc2311",591.8,sc2212,11-12
2022-11-23,1.3,"sc2310,sc2311",601.9,sc2212,11-12
2022-11-24,2.3,"sc2310,sc2311",575.0,sc2212,11-12
2022-11-25,0.7,"sc2310,sc2311",576.1,sc2212,11-12
2022-11-28,1.5,"sc2310,sc2311",556.0,sc2212,11-12
2022-11-29,1.0,"sc2310,sc2311",554.9,sc2212,11-12
2022-11-30,2.1,"sc2310,sc2311",579.2,sc2212,11-12
2022-12-01,1.9,"sc2311,sc2312",578.9,sc2301,11-12
2022-12-02,-1.2,"sc2311,sc2312",577.7,sc2301,11-12
2022-12-05,1.4,"sc2311,sc2312",570.0,sc2301,11-12
2022-12-06,-1.1,"sc2311,sc2312",552.6,sc2301,11-12
2022-12-07,-1.7,"sc2311,sc2312",523.3,sc2301,11-12
2022-12-08,-6.3,"sc2311,sc2312",512.6,sc2301,11-12
2022-12-09,-3.2,"sc2311,sc2312",505.1,sc2301,11-12
2022-12-12,-3.3,"sc2311,sc2312",501.6,sc2301,11-12
2022-12-13,-2.8,"sc2311,sc2312",510.2,sc2301,11-12
2022-12-14,-1.9,"sc2311,sc2312",521.7,sc2301,11-12
2022-12-15,-1.6,"sc2311,sc2312",530.3,sc2301,11-12
2022-12-16,-1.5,"sc2311,sc2312",528.4,sc2301,11-12
2022-12-19,-1.6,"sc2311,sc2312",520.0,sc2301,11-12
2022-12-20,0.5,"sc2311,sc2312",528.4,sc2301,11-12
2022-12-21,-0.3,"sc2311,sc2312",529.2,sc2301,11-12
2022-12-22,0.2,"sc2311,sc2312",538.0,sc2301,11-12
2022-12-23,1.9,"sc2312,sc2401",546.8,sc2302,11-12
2022-12-26,0.3,"sc2312,sc2401",559.7,sc2302,11-12
2022-12-27,-1.5,"sc2312,sc2401",562.5,sc2302,11-12
2022-12-28,-2.6,"sc2312,sc2401",565.5,sc2302,11-12
2022-12-29,2.3,"sc2312,sc2401",552.9,sc2302,11-12
2022-12-30,1.5,"sc2312,sc2401",553.7,sc2302,11-12
2023-01-03,-2.2,"sc2312,sc2401",564.2,sc2302,11-12
2023-01-04,2.0,"sc2312,sc2401",549.9,sc2302,11-12
2023-01-05,5.3,"sc2312,sc2401",521.1,sc2302,11-12
2023-01-06,1.0,"sc2312,sc2401",525.5,sc2302,11-12
2023-01-09,2.8,"sc2312,sc2401",525.7,sc2302,11-12
2023-01-10,0.8,"sc2312,sc2401",524.4,sc2302,11-12
2023-01-11,3.2,"sc2312,sc2401",519.5,sc2302,11-12
2023-01-12,3.6,"sc2312,sc2401",527.3,sc2302,11-12
2023-01-13,5.0,"sc2312,sc2401",538.8,sc2302,11-12
2023-01-16,7.7,"sc2312,sc2401",539.4,sc2302,11-12
2023-01-17,-1.3,"sc2401,sc2402",544.2,sc2303,11-12
2023-01-18,1.1,"sc2401,sc2402",559.6,sc2303,11-12
2023-01-19,1.9,"sc2401,sc2402",556.2,sc2303,11-12
2023-01-20,1.9,"sc2401,sc2402",559.8,sc2303,11-12
2023-01-30,25.4,"sc2401,sc2402",560.0,sc2303,11-12
2023-01-31,2.2,"sc2401,sc2402",546.6,sc2303,11-12
2023-02-01,3.6,"sc2401,sc2402",548.4,sc2303,11-12
2023-02-02,1.7,"sc2401,sc2402",540.8,sc2303,11-12
2023-02-03,2.1,"sc2401,sc2402",532.3,sc2303,11-12
2023-02-06,1.7,"sc2401,sc2402",526.5,sc2303,11-12
2023-02-07,1.7,"sc2401,sc2402",523.8,sc2303,11-12
2023-02-08,2.4,"sc2401,sc2402",537.9,sc2303,11-12
2023-02-09,1.6,"sc2401,sc2402",550.9,sc2303,11-12
2023-02-10,0.8,"sc2401,sc2402",552.6,sc2303,11-12
2023-02-13,0.5,"sc2401,sc2402",563.0,sc2303,11-12
2023-02-14,0.2,"sc2401,sc2402",566.3,sc2303,11-12
2023-02-15,0.6,"sc2401,sc2402",567.9,sc2303,11-12
2023-02-16,0.6,"sc2401,sc2402",572.4,sc2303,11-12
2023-02-17,0.4,"sc2401,sc2402",579.1,sc2303,11-12
2023-02-20,1.2,"sc2401,sc2402",559.1,sc2303,11-12
2023-02-21,1.0,"sc2401,sc2402",557.0,sc2303,11-12
2023-02-22,0.9,"sc2401,sc2402",556.1,sc2303,11-12
2023-02-23,1.4,"sc2401,sc2402",552.0,sc2303,11-12
2023-02-24,1.1,"sc2401,sc2402",548.6,sc2303,11-12
2023-02-27,0.3,"sc2401,sc2402",561.2,sc2303,11-12
2023-02-28,0.3,"sc2401,sc2402",553.0,sc2303,11-12
2023-03-01,-2.8,"sc2402,sc2403",556.5,sc2304,11-12
2023-03-02,-2.8,"sc2402,sc2403",556.0,sc2304,11-12
2023-03-03,-3.1,"sc2402,sc2403",566.5,sc2304,11-12
2023-03-06,-1.2,"sc2402,sc2403",568.7,sc2304,11-12
2023-03-07,0.6,"sc2402,sc2403",579.2,sc2304,11-12
2023-03-08,-2.5,"sc2402,sc2403",571.1,sc2304,11-12
2023-03-09,-2.0,"sc2402,sc2403",560.5,sc2304,11-12
2023-03-10,-2.9,"sc2402,sc2403",557.3,sc2304,11-12
2023-03-13,-5.0,"sc2402,sc2403",551.7,sc2304,11-12
2023-03-14,-6.8,"sc2402,sc2403",535.6,sc2304,11-12
2023-03-15,-1.9,"sc2402,sc2403",526.7,sc2304,11-12
2023-03-16,-3.0,"sc2402,sc2403",496.4,sc2304,11-12
2023-03-17,-1.8,"sc2402,sc2403",496.1,sc2304,11-12
2023-03-20,-0.9,"sc2402,sc2403",490.2,sc2304,11-12
2023-03-21,0.4,"sc2402,sc2403",486.1,sc2304,11-12
2023-03-22,1.1,"sc2402,sc2403",497.7,sc2304,11-12
2023-03-23,2.2,"sc2402,sc2403",504.4,sc2304,11-12
2023-03-24,1.1,"sc2402,sc2403",505.2,sc2304,11-12
2023-03-27,-0.5,"sc2402,sc2403",498.0,sc2304,11-12
2023-03-28,0.1,"sc2402,sc2403",514.8,sc2304,11-12
2023-03-29,1.5,"sc2402,sc2403",524.3,sc2304,11-12
2023-03-30,2.7,"sc2402,sc2403",525.8,sc2304,11-12
2023-03-31,3.2,"sc2402,sc2403",531.0,sc2304,11-12
2023-04-03,3.2,"sc2403,sc2404",547.2,sc2305,11-12
2023-04-04,0.7,"sc2403,sc2404",576.9,sc2305,11-12
2023-04-06,0.6,"sc2403,sc2404",583.0,sc2305,11-12
2023-04-07,0.5,"sc2403,sc2404",586.9,sc2305,11-12
2023-04-10,1.1,"sc2403,sc2404",589.3,sc2305,11-12
2023-04-11,0.4,"sc2403,sc2404",586.3,sc2305,11-12
2023-04-12,1.9,"sc2403,sc2404",591.9,sc2305,11-12
2023-04-13,2.2,"sc2403,sc2404",601.8,sc2305,11-12
2023-04-14,1.5,"sc2403,sc2404",597.4,sc2305,11-12
2023-04-17,1.3,"sc2403,sc2404",599.2,sc2305,11-12
2023-04-18,0.3,"sc2403,sc2404",597.5,sc2305,11-12
2023-04-19,1.0,"sc2403,sc2404",593.6,sc2305,11-12
2023-04-20,4.3,"sc2403,sc2404",580.9,sc2305,11-12
2023-04-21,5.5,"sc2403,sc2404",566.6,sc2305,11-12
2023-04-24,1.7,"sc2403,sc2404",565.4,sc2305,11-12
2023-04-25,3.2,"sc2403,sc2404",566.9,sc2305,11-12
2023-04-26,2.5,"sc2403,sc2404",561.8,sc2305,11-12
2023-04-27,1.7,"sc2403,sc2404",534.9,sc2305,11-12
2023-04-28,1.4,"sc2403,sc2404",545.9,sc2305,11-12
2023-05-04,-1.0,"sc2404,sc2405",494.9,sc2306,11-12
2023-05-05,-0.3,"sc2404,sc2405",491.7,sc2306,11-12
2023-05-08,1.0,"sc2404,sc2405",508.7,sc2306,11-12
2023-05-09,0.0,"sc2404,sc2405",518.9,sc2306,11-12
2023-05-10,0.7,"sc2404,sc2405",517.5,sc2306,11-12
2023-05-11,0.8,"sc2404,sc2405",514.7,sc2306,11-12
2023-05-12,0.8,"sc2404,sc2405",502.1,sc2306,11-12
2023-05-15,0.7,"sc2404,sc2405",496.2,sc2306,11-12
2023-05-16,1.3,"sc2404,sc2405",505.7,sc2306,11-12
2023-05-17,0.4,"sc2404,sc2405",504.1,sc2306,11-12
2023-05-18,0.5,"sc2404,sc2405",512.7,sc2306,11-12
2023-05-19,1.0,"sc2404,sc2405",514.4,sc2306,11-12
2023-05-22,0.3,"sc2404,sc2405",509.6,sc2306,11-12
2023-05-23,0.9,"sc2404,sc2405",513.7,sc2306,11-12
2023-05-24,1.2,"sc2404,sc2405",523.5,sc2306,11-12
2023-05-25,-0.2,"sc2404,sc2405",529.4,sc2306,11-12
2023-05-26,0.5,"sc2404,sc2405",516.7,sc2306,11-12
2023-05-29,-0.1,"sc2404,sc2405",527.4,sc2306,11-12
2023-05-30,0.1,"sc2404,sc2405",528.2,sc2306,11-12
2023-05-31,-0.1,"sc2404,sc2405",517.5,sc2306,11-12
2023-06-01,2.4,"sc2405,sc2406",501.9,sc2307,11-12
2023-06-02,2.1,"sc2405,sc2406",511.8,sc2307,11-12
2023-06-05,3.1,"sc2405,sc2406",523.7,sc2307,11-12
2023-06-06,2.9,"sc2405,sc2406",528.0,sc2307,11-12
2023-06-07,4.1,"sc2405,sc2406",524.1,sc2307,11-12
2023-06-08,5.5,"sc2405,sc2406",534.2,sc2307,11-12
2023-06-09,3.4,"sc2405,sc2406",527.3,sc2307,11-12
2023-06-12,3.0,"sc2405,sc2406",523.1,sc2307,11-12
2023-06-13,1.9,"sc2405,sc2406",506.3,sc2307,11-12
2023-06-14,2.2,"sc2405,sc2406",519.6,sc2307,11-12
2023-06-15,3.1,"sc2405,sc2406",517.6,sc2307,11-12
2023-06-16,4.8,"sc2405,sc2406",525.1,sc2307,11-12
2023-06-19,3.2,"sc2405,sc2406",530.0,sc2307,11-12
2023-06-20,1.5,"sc2405,sc2406",533.6,sc2307,11-12
2023-06-21,3.0,"sc2405,sc2406",542.5,sc2307,11-12
2023-06-26,0.8,"sc2405,sc2406",539.3,sc2307,11-12
2023-06-27,1.6,"sc2405,sc2406",541.1,sc2307,11-12
2023-06-28,0.0,"sc2405,sc2406",534.6,sc2307,11-12
2023-06-29,1.5,"sc2405,sc2406",539.1,sc2307,11-12
2023-06-30,2.6,"sc2405,sc2406",542.1,sc2307,11-12
2023-07-03,0.1,"sc2406,sc2407",551.7,sc2308,11-12
2023-07-04,0.8,"sc2406,sc2407",551.0,sc2308,11-12
2023-07-05,0.8,"sc2406,sc2407",553.8,sc2308,11-12
2023-07-06,2.1,"sc2406,sc2407",558.8,sc2308,11-12
2023-07-07,3.1,"sc2406,sc2407",556.5,sc2308,11-12
2023-07-10,2.9,"sc2406,sc2407",565.3,sc2308,11-12
2023-07-11,2.7,"sc2406,sc2407",568.8,sc2308,11-12
2023-07-12,1.8,"sc2406,sc2407",574.4,sc2308,11-12
2023-07-13,4.8,"sc2406,sc2407",578.6,sc2308,11-12
2023-07-14,2.8,"sc2406,sc2407",584.9,sc2308,11-12
2023-07-17,5.6,"sc2406,sc2407",580.1,sc2308,11-12
2023-07-18,6.1,"sc2406,sc2407",577.2,sc2308,11-12
2023-07-19,5.2,"sc2406,sc2407",583.4,sc2308,11-12
2023-07-20,5.1,"sc2406,sc2407",589.1,sc2308,11-12
2023-07-21,2.8,"sc2406,sc2407",585.3,sc2308,11-12
2023-07-24,1.0,"sc2406,sc2407",587.7,sc2308,11-12
2023-07-25,0.2,"sc2406,sc2407",598.9,sc2308,11-12
2023-07-26,0.4,"sc2406,sc2407",601.8,sc2308,11-12
2023-07-27,1.0,"sc2406,sc2407",606.8,sc2308,11-12
2023-07-28,2.2,"sc2406,sc2407",610.3,sc2308,11-12
2023-07-31,2.2,"sc2406,sc2407",604.4,sc2308,11-12
2023-08-01,2.1,"sc2407,sc2408",618.2,sc2309,11-12
2023-08-02,0.6,"sc2407,sc2408",621.8,sc2309,11-12
2023-08-03,0.5,"sc2407,sc2408",610.6,sc2309,11-12
2023-08-04,0.4,"sc2407,sc2408",619.3,sc2309,11-12
2023-08-07,0.6,"sc2407,sc2408",627.5,sc2309,11-12
2023-08-08,2.6,"sc2407,sc2408",625.5,sc2309,11-12
2023-08-09,2.7,"sc2407,sc2408",626.9,sc2309,11-12
2023-08-10,3.5,"sc2407,sc2408",638.1,sc2309,11-12
2023-08-11,3.4,"sc2407,sc2408",639.4,sc2309,11-12
2023-08-14,-0.6,"sc2407,sc2408",658.7,sc2309,11-12
2023-08-15,1.8,"sc2407,sc2408",658.7,sc2309,11-12
2023-08-16,1.4,"sc2407,sc2408",655.8,sc2309,11-12
2023-08-17,4.7,"sc2407,sc2408",655.6,sc2309,11-12
2023-08-18,3.7,"sc2407,sc2408",658.4,sc2309,11-12
2023-08-21,2.4,"sc2407,sc2408",667.6,sc2309,11-12
2023-08-22,2.5,"sc2407,sc2408",671.8,sc2309,11-12
2023-08-23,2.2,"sc2407,sc2408",665.6,sc2309,11-12
2023-08-24,1.9,"sc2407,sc2408",668.8,sc2309,11-12
2023-08-25,2.6,"sc2407,sc2408",678.7,sc2309,11-12
2023-08-28,3.0,"sc2407,sc2408",690.9,sc2309,11-12
2023-08-29,3.0,"sc2407,sc2408",657.4,sc2309,11-12
2023-08-30,2.6,"sc2407,sc2408",632.0,sc2309,11-12
2023-08-31,3.4,"sc2407,sc2408",607.6,sc2309,11-12
2023-09-01,2.2,"sc2408,sc2409",649.8,sc2310,11-12
2023-09-04,3.7,"sc2408,sc2409",666.2,sc2310,11-12
2023-09-05,5.7,"sc2408,sc2409",668.6,sc2310,11-12
2023-09-06,6.1,"sc2408,sc2409",690.0,sc2310,11-12
2023-09-07,6.7,"sc2408,sc2409",691.0,sc2310,11-12
2023-09-08,2.1,"sc2408,sc2409",693.8,sc2310,11-12
2023-09-11,2.6,"sc2408,sc2409",694.8,sc2310,11-12
2023-09-12,5.3,"sc2408,sc2409",696.3,sc2310,11-12
2023-09-13,2.7,"sc2408,sc2409",708.3,sc2310,11-12
2023-09-14,1.9,"sc2408,sc2409",717.7,sc2310,11-12
2023-09-15,5.2,"sc2408,sc2409",736.8,sc2310,11-12
2023-09-18,8.1,"sc2408,sc2409",733.1,sc2310,11-12
2023-09-19,4.0,"sc2408,sc2409",736.7,sc2310,11-12
2023-09-20,3.9,"sc2408,sc2409",728.9,sc2310,11-12
2023-09-21,4.6,"sc2408,sc2409",725.6,sc2310,11-12
2023-09-22,5.1,"sc2408,sc2409",736.5,sc2310,11-12
2023-09-25,4.0,"sc2408,sc2409",731.7,sc2310,11-12
2023-09-26,5.6,"sc2408,sc2409",702.4,sc2310,11-12
2023-09-27,5.5,"sc2408,sc2409",695.9,sc2310,11-12
2023-09-28,5.4,"sc2408,sc2409",700.9,sc2310,11-12
2023-10-09,4.2,"sc2409,sc2410",660.7,sc2311,11-12
2023-10-10,7.4,"sc2409,sc2410",660.8,sc2311,11-12
2023-10-11,4.4,"sc2409,sc2410",657.0,sc2311,11-12
2023-10-12,2.3,"sc2409,sc2410",650.1,sc2311,11-12
2023-10-13,1.5,"sc2409,sc2410",652.3,sc2311,11-12
2023-10-16,2.1,"sc2409,sc2410",676.5,sc2311,11-12
2023-10-17,2.8,"sc2409,sc2410",674.6,sc2311,11-12
2023-10-18,2.5,"sc2409,sc2410",681.5,sc2311,11-12
2023-10-19,3.3,"sc2409,sc2410",689.1,sc2311,11-12
2023-10-20,2.6,"sc2409,sc2410",694.0,sc2311,11-12
2023-10-23,2.6,"sc2409,sc2410",694.9,sc2311,11-12
2023-10-24,3.0,"sc2409,sc2410",682.7,sc2311,11-12
2023-10-25,3.7,"sc2409,sc2410",668.0,sc2311,11-12
2023-10-26,2.4,"sc2409,sc2410",674.5,sc2311,11-12
2023-10-27,3.3,"sc2409,sc2410",673.0,sc2311,11-12
2023-10-30,3.7,"sc2409,sc2410",678.3,sc2311,11-12
2023-10-31,4.8,"sc2409,sc2410",671.6,sc2311,11-12
2023-11-01,0.7,"sc2410,sc2411",649.8,sc2312,11-12
2023-11-02,2.0,"sc2410,sc2411",650.1,sc2312,11-12
2023-11-03,2.3,"sc2410,sc2411",653.5,sc2312,11-12
2023-11-06,1.7,"sc2410,sc2411",647.3,sc2312,11-12
2023-11-07,3.2,"sc2410,sc2411",636.5,sc2312,11-12
2023-11-08,1.8,"sc2410,sc2411",610.4,sc2312,11-12
2023-11-09,4.3,"sc2410,sc2411",596.2,sc2312,11-12
2023-11-10,2.7,"sc2410,sc2411",596.9,sc2312,11-12
2023-11-13,1.6,"sc2410,sc2411",598.9,sc2312,11-12
2023-11-14,2.4,"sc2410,sc2411",602.7,sc2312,11-12
2023-11-15,0.8,"sc2410,sc2411",604.1,sc2312,11-12
2023-11-16,3.0,"sc2410,sc2411",590.4,sc2312,11-12
2023-11-17,1.1,"sc2410,sc2411",568.9,sc2312,11-12
2023-11-20,1.4,"sc2410,sc2411",576.7,sc2312,11-12
2023-11-21,2.4,"sc2410,sc2411",587.4,sc2312,11-12
2023-11-22,1.1,"sc2410,sc2411",589.2,sc2312,11-12
2023-11-23,1.7,"sc2410,sc2411",571.9,sc2312,11-12
2023-11-24,0.7,"sc2410,sc2411",575.9,sc2312,11-12
2023-11-27,-0.5,"sc2410,sc2411",573.3,sc2312,11-12
2023-11-28,-1.0,"sc2410,sc2411",566.9,sc2312,11-12
2023-11-29,0.3,"sc2410,sc2411",573.7,sc2312,11-12
2023-11-30,1.6,"sc2410,sc2411",577.1,sc2312,11-12
2023-12-01,2.4,"sc2411,sc2412",579.3,sc2401,11-12
2023-12-04,2.1,"sc2411,sc2412",566.0,sc2401,11-12
2023-12-05,-0.2,"sc2411,sc2412",556.7,sc2401,11-12
2023-12-06,0.1,"sc2411,sc2412",554.3,sc2401,11-12
2023-12-07,-1.8,"sc2411,sc2412",536.6,sc2401,11-12
2023-12-08,-0.7,"sc2411,sc2412",546.7,sc2401,11-12
2023-12-11,0.0,"sc2411,sc2412",551.5,sc2401,11-12
2023-12-12,-0.2,"sc2411,sc2412",550.8,sc2401,11-12
2023-12-13,-2.8,"sc2411,sc2412",530.2,sc2401,11-12
2023-12-14,0.5,"sc2411,sc2412",529.5,sc2401,11-12
2023-12-15,3.2,"sc2411,sc2412",542.9,sc2401,11-12
2023-12-18,-0.2,"sc2411,sc2412",542.5,sc2401,11-12
2023-12-19,-0.2,"sc2411,sc2412",553.8,sc2401,11-12
2023-12-20,1.8,"sc2411,sc2412",556.1,sc2401,11-12
2023-12-21,1.7,"sc2411,sc2412",560.2,sc2401,11-12
2023-12-22,1.7,"sc2411,sc2412",554.9,sc2401,11-12
2023-12-25,0.3,"sc2411,sc2412",552.7,sc2401,11-12
2023-12-26,0.3,"sc2411,sc2412",553.7,sc2401,11-12
2023-12-27,2.7,"sc2411,sc2412",567.3,sc2401,11-12
2023-12-28,0.6,"sc2411,sc2412",560.2,sc2401,11-12
2023-12-29,-0.3,"sc2411,sc2412",551.2,sc2401,11-12
2024-01-02,2.4,"sc2412,sc2501",547.2,sc2402,11-12
2024-01-03,-0.1,"sc2412,sc2501",544.7,sc2402,11-12
2024-01-04,0.2,"sc2412,sc2501",554.3,sc2402,11-12
2024-01-05,2.4,"sc2412,sc2501",552.9,sc2402,11-12
2024-01-08,1.4,"sc2412,sc2501",556.6,sc2402,11-12
2024-01-09,2.0,"sc2412,sc2501",539.0,sc2402,11-12
2024-01-10,-0.1,"sc2412,sc2501",553.2,sc2402,11-12
2024-01-11,2.9,"sc2412,sc2501",559.0,sc2402,11-12
2024-01-12,2.0,"sc2412,sc2501",566.1,sc2402,11-12
2024-01-15,2.9,"sc2412,sc2501",562.8,sc2402,11-12
2024-01-16,0.8,"sc2412,sc2501",553.5,sc2402,11-12
2024-01-17,2.2,"sc2412,sc2501",554.5,sc2402,11-12
2024-01-18,2.0,"sc2412,sc2501",550.6,sc2402,11-12
2024-01-19,1.3,"sc2412,sc2501",557.9,sc2402,11-12
2024-01-22,2.1,"sc2412,sc2501",557.9,sc2402,11-12
2024-01-23,1.2,"sc2412,sc2501",564.2,sc2402,11-12
2024-01-24,0.6,"sc2412,sc2501",562.0,sc2402,11-12
2024-01-25,1.6,"sc2412,sc2501",567.7,sc2402,11-12
2024-01-26,3.2,"sc2412,sc2501",579.7,sc2402,11-12
2024-01-29,3.6,"sc2412,sc2501",587.6,sc2402,11-12
2024-01-30,3.2,"sc2412,sc2501",584.8,sc2402,11-12
2024-01-31,1.0,"sc2412,sc2501",577.8,sc2402,11-12
2024-02-01,-0.3,"sc2501,sc2502",579.4,sc2403,11-12
2024-02-02,1.6,"sc2501,sc2502",572.2,sc2403,11-12
2024-02-05,0.7,"sc2501,sc2502",555.9,sc2403,11-12
2024-02-06,1.7,"sc2501,sc2502",556.6,sc2403,11-12
2024-02-07,-0.3,"sc2501,sc2502",562.1,sc2403,11-12
2024-02-08,0.4,"sc2501,sc2502",567.4,sc2403,11-12
2024-02-19,-15.5,"sc2501,sc2502",581.7,sc2403,11-12
2024-02-20,1.0,"sc2501,sc2502",598.7,sc2403,11-12
2024-02-21,4.2,"sc2501,sc2502",592.2,sc2403,11-12
2024-02-22,0.4,"sc2501,sc2502",593.2,sc2403,11-12
2024-02-23,-0.3,"sc2501,sc2502",598.7,sc2403,11-12
2024-02-26,0.6,"sc2501,sc2502",595.7,sc2403,11-12
2024-02-27,1.4,"sc2501,sc2502",600.4,sc2403,11-12
2024-02-28,2.1,"sc2501,sc2502",613.0,sc2403,11-12
2024-02-29,1.8,"sc2501,sc2502",613.1,sc2403,11-12
2024-03-01,-0.7,"sc2502,sc2503",607.0,sc2404,11-12
2024-03-04,1.4,"sc2502,sc2503",617.9,sc2404,11-12
2024-03-05,2.5,"sc2502,sc2503",615.4,sc2404,11-12
2024-03-06,0.8,"sc2502,sc2503",608.9,sc2404,11-12
2024-03-07,2.1,"sc2502,sc2503",614.2,sc2404,11-12
2024-03-08,0.1,"sc2502,sc2503",613.6,sc2404,11-12
2024-03-11,0.7,"sc2502,sc2503",610.0,sc2404,11-12
2024-03-12,0.7,"sc2502,sc2503",616.1,sc2404,11-12
2024-03-13,-0.2,"sc2502,sc2503",621.0,sc2404,11-12
2024-03-14,0.3,"sc2502,sc2503",630.5,sc2404,11-12
2024-03-15,-0.4,"sc2502,sc2503",646.8,sc2404,11-12
2024-03-18,1.5,"sc2502,sc2503",635.7,sc2404,11-12
2024-03-19,1.7,"sc2502,sc2503",632.9,sc2404,11-12
2024-03-20,2.4,"sc2502,sc2503",637.0,sc2404,11-12
2024-03-21,0.7,"sc2502,sc2503",630.5,sc2404,11-12
2024-03-22,1.3,"sc2502,sc2503",626.7,sc2404,11-12
2024-03-25,4.7,"sc2502,sc2503",631.8,sc2404,11-12
2024-03-26,4.7,"sc2502,sc2503",636.3,sc2404,11-12
2024-03-27,2.4,"sc2502,sc2503",632.5,sc2404,11-12
2024-03-28,2.5,"sc2502,sc2503",635.0,sc2404,11-12
2024-03-29,4.3,"sc2502,sc2503",651.3,sc2404,11-12
2024-04-01,1.1,"sc2503,sc2504",645.2,sc2405,11-12
2024-04-02,0.4,"sc2503,sc2504",647.0,sc2405,11-12
2024-04-03,2.6,"sc2503,sc2504",656.1,sc2405,11-12
2024-04-08,1.1,"sc2503,sc2504",660.8,sc2405,11-12
2024-04-09,5.4,"sc2503,sc2504",666.2,sc2405,11-12
2024-04-10,5.4,"sc2503,sc2504",662.2,sc2405,11-12
2024-04-11,3.3,"sc2503,sc2504",666.3,sc2405,11-12
2024-04-12,3.1,"sc2503,sc2504",667.7,sc2405,11-12
2024-04-15,2.9,"sc2503,sc2504",670.6,sc2405,11-12
2024-04-16,2.3,"sc2503,sc2504",663.9,sc2405,11-12
2024-04-17,1.9,"sc2503,sc2504",665.4,sc2405,11-12
2024-04-18,2.5,"sc2503,sc2504",652.0,sc2405,11-12
2024-04-19,4.1,"sc2503,sc2504",650.8,sc2405,11-12
2024-04-22,2.6,"sc2503,sc2504",643.0,sc2405,11-12
2024-04-23,6.0,"sc2503,sc2504",640.9,sc2405,11-12
2024-04-24,5.7,"sc2503,sc2504",646.7,sc2405,11-12
2024-04-25,5.4,"sc2503,sc2504",652.6,sc2405,11-12
2024-04-26,3.6,"sc2503,sc2504",645.9,sc2405,11-12
2024-04-29,4.2,"sc2503,sc2504",652.5,sc2405,11-12
2024-04-30,3.4,"sc2503,sc2504",649.6,sc2405,11-12
2024-05-06,1.1,"sc2504,sc2505",634.0,sc2406,11-12
2024-05-07,1.8,"sc2504,sc2505",617.6,sc2406,11-12
2024-05-08,1.4,"sc2504,sc2505",615.5,sc2406,11-12
2024-05-09,1.3,"sc2504,sc2505",615.8,sc2406,11-12
2024-05-10,1.8,"sc2504,sc2505",620.1,sc2406,11-12
2024-05-13,2.5,"sc2504,sc2505",616.2,sc2406,11-12
2024-05-14,4.2,"sc2504,sc2505",618.2,sc2406,11-12
2024-05-15,2.6,"sc2504,sc2505",613.5,sc2406,11-12
2024-05-16,3.5,"sc2504,sc2505",610.3,sc2406,11-12
2024-05-17,2.9,"sc2504,sc2505",616.5,sc2406,11-12
2024-05-20,2.7,"sc2504,sc2505",619.6,sc2406,11-12
2024-05-21,2.0,"sc2504,sc2505",616.6,sc2406,11-12
2024-05-22,1.9,"sc2504,sc2505",607.8,sc2406,11-12
2024-05-23,1.1,"sc2504,sc2505",600.9,sc2406,11-12
2024-05-24,2.8,"sc2504,sc2505",599.3,sc2406,11-12
2024-05-27,2.4,"sc2504,sc2505",602.1,sc2406,11-12
2024-05-28,1.6,"sc2504,sc2505",608.4,sc2406,11-12
2024-05-29,2.1,"sc2504,sc2505",616.2,sc2406,11-12
2024-05-30,1.6,"sc2504,sc2505",620.8,sc2406,11-12
2024-05-31,2.4,"sc2504,sc2505",607.9,sc2406,11-12
2024-06-03,2.0,"sc2505,sc2506",599.7,sc2407,11-12
2024-06-04,-0.1,"sc2505,sc2506",578.6,sc2407,11-12
2024-06-05,-0.2,"sc2505,sc2506",570.5,sc2407,11-12
2024-06-06,2.3,"sc2505,sc2506",575.3,sc2407,11-12
2024-06-07,1.5,"sc2505,sc2506",583.1,sc2407,11-12
2024-06-11,0.6,"sc2505,sc2506",589.2,sc2407,11-12
2024-06-12,2.5,"sc2505,sc2506",601.9,sc2407,11-12
2024-06-13,1.7,"sc2505,sc2506",605.7,sc2407,11-12
2024-06-14,2.4,"sc2505,sc2506",606.4,sc2407,11-12
2024-06-17,4.1,"sc2505,sc2506",605.1,sc2407,11-12
2024-06-18,3.5,"sc2505,sc2506",612.8,sc2407,11-12
2024-06-19,2.6,"sc2505,sc2506",620.6,sc2407,11-12
2024-06-20,2.5,"sc2505,sc2506",623.6,sc2407,11-12
2024-06-21,2.5,"sc2505,sc2506",626.0,sc2407,11-12
2024-06-24,3.3,"sc2505,sc2506",625.1,sc2407,11-12
2024-06-25,2.4,"sc2505,sc2506",626.6,sc2407,11-12
2024-06-26,-0.1,"sc2505,sc2506",625.1,sc2407,11-12
2024-06-27,1.1,"sc2505,sc2506",621.2,sc2407,11-12
2024-06-28,2.2,"sc2505,sc2506",625.0,sc2407,11-12
2024-07-01,1.5,"sc2506,sc2507",623.5,sc2408,11-12
2024-07-02,0.6,"sc2506,sc2507",631.1,sc2408,11-12
2024-07-03,0.0,"sc2506,sc2507",634.5,sc2408,11-12
2024-07-04,0.7,"sc2506,sc2507",634.3,sc2408,11-12
2024-07-05,1.1,"sc2506,sc2507",636.8,sc2408,11-12
2024-07-08,1.0,"sc2506,sc2507",634.2,sc2408,11-12
2024-07-09,2.2,"sc2506,sc2507",626.8,sc2408,11-12
2024-07-10,3.2,"sc2506,sc2507",620.2,sc2408,11-12
2024-07-11,0.7,"sc2506,sc2507",622.5,sc2408,11-12
2024-07-12,3.0,"sc2506,sc2507",620.7,sc2408,11-12
2024-07-15,1.8,"sc2506,sc2507",619.8,sc2408,11-12
2024-07-16,1.4,"sc2506,sc2507",615.9,sc2408,11-12
2024-07-17,1.4,"sc2506,sc2507",608.1,sc2408,11-12
2024-07-18,1.6,"sc2506,sc2507",615.0,sc2408,11-12
2024-07-19,2.3,"sc2506,sc2507",611.1,sc2408,11-12
2024-07-22,1.7,"sc2506,sc2507",600.1,sc2408,11-12
2024-07-23,3.2,"sc2506,sc2507",591.3,sc2408,11-12
2024-07-24,1.0,"sc2506,sc2507",583.6,sc2408,11-12
2024-07-25,2.2,"sc2506,sc2507",584.1,sc2408,11-12
2024-07-26,1.7,"sc2506,sc2507",585.3,sc2408,11-12
2024-07-29,1.1,"sc2506,sc2507",584.7,sc2408,11-12
2024-07-30,2.7,"sc2506,sc2507",586.3,sc2408,11-12
2024-07-31,2.0,"sc2506,sc2507",581.2,sc2408,11-12
2024-08-01,1.4,"sc2507,sc2508",587.9,sc2409,11-12
2024-08-02,1.3,"sc2507,sc2508",585.0,sc2409,11-12
2024-08-05,1.0,"sc2507,sc2508",555.7,sc2409,11-12
2024-08-06,0.8,"sc2507,sc2508",549.7,sc2409,11-12
2024-08-07,1.5,"sc2507,sc2508",546.3,sc2409,11-12
2024-08-08,0.1,"sc2507,sc2508",555.9,sc2409,11-12
2024-08-09,-0.4,"sc2507,sc2508",560.4,sc2409,11-12
2024-08-12,-0.2,"sc2507,sc2508",563.4,sc2409,11-12
2024-08-13,0.2,"sc2507,sc2508",576.4,sc2409,11-12
2024-08-14,0.2,"sc2507,sc2508",574.7,sc2409,11-12
2024-08-15,1.1,"sc2507,sc2508",568.8,sc2409,11-12
2024-08-16,0.8,"sc2507,sc2508",574.6,sc2409,11-12
2024-08-19,1.6,"sc2507,sc2508",563.2,sc2409,11-12
2024-08-20,1.2,"sc2507,sc2508",551.5,sc2409,11-12
2024-08-21,0.0,"sc2507,sc2508",545.2,sc2409,11-12
2024-08-22,0.0,"sc2507,sc2508",538.9,sc2409,11-12
2024-08-23,-0.4,"sc2507,sc2508",540.2,sc2409,11-12
2024-08-26,-0.2,"sc2507,sc2508",552.6,sc2409,11-12
2024-08-27,2.2,"sc2507,sc2508",566.9,sc2409,11-12
2024-08-28,1.5,"sc2507,sc2508",557.6,sc2409,11-12
2024-08-29,1.4,"sc2507,sc2508",551.9,sc2409,11-12
2024-08-30,0.0,"sc2507,sc2508",563.1,sc2409,11-12
2024-09-02,1.6,"sc2508,sc2509",542.6,sc2410,11-12
2024-09-03,1.0,"sc2508,sc2509",547.8,sc2410,11-12
2024-09-04,1.2,"sc2508,sc2509",526.2,sc2410,11-12
2024-09-05,2.6,"sc2508,sc2509",522.2,sc2410,11-12
2024-09-06,1.8,"sc2508,sc2509",520.5,sc2410,11-12
2024-09-09,1.1,"sc2508,sc2509",511.7,sc2410,11-12
2024-09-10,1.1,"sc2508,sc2509",510.9,sc2410,11-12
2024-09-11,0.1,"sc2508,sc2509",499.1,sc2410,11-12
2024-09-12,1.0,"sc2508,sc2509",505.1,sc2410,11-12
2024-09-13,1.9,"sc2508,sc2509",514.0,sc2410,11-12
2024-09-18,2.5,"sc2508,sc2509",514.3,sc2410,11-12
2024-09-19,2.2,"sc2508,sc2509",514.6,sc2410,11-12
2024-09-20,2.0,"sc2508,sc2509",521.9,sc2410,11-12
2024-09-23,1.9,"sc2508,sc2509",520.9,sc2410,11-12
2024-09-24,1.9,"sc2508,sc2509",520.1,sc2410,11-12
2024-09-25,1.5,"sc2508,sc2509",526.2,sc2410,11-12
2024-09-26,2.0,"sc2508,sc2509",532.0,sc2410,11-12
2024-09-27,1.6,"sc2508,sc2509",518.9,sc2410,11-12
2024-09-30,2.4,"sc2508,sc2509",520.7,sc2410,11-12
2024-10-08,-7.5,"sc2509,sc2510",551.1,sc2411,11-12
2024-10-09,2.1,"sc2509,sc2510",564.0,sc2411,11-12
2024-10-10,4.0,"sc2509,sc2510",554.3,sc2411,11-12
2024-10-11,1.2,"sc2509,sc2510",570.3,sc2411,11-12
2024-10-14,-0.1,"sc2509,sc2510",574.5,sc2411,11-12
2024-10-15,1.5,"sc2509,sc2510",558.8,sc2411,11-12
2024-10-16,1.1,"sc2509,sc2510",539.1,sc2411,11-12
2024-10-17,0.6,"sc2509,sc2510",537.7,sc2411,11-12
2024-10-18,1.5,"sc2509,sc2510",537.0,sc2411,11-12
2024-10-21,1.8,"sc2509,sc2510",529.3,sc2411,11-12
2024-10-22,0.6,"sc2509,sc2510",535.9,sc2411,11-12
2024-10-23,1.4,"sc2509,sc2510",550.4,sc2411,11-12
2024-10-24,1.1,"sc2509,sc2510",551.9,sc2411,11-12
2024-10-25,3.1,"sc2509,sc2510",543.8,sc2411,11-12
2024-10-28,3.9,"sc2509,sc2510",535.9,sc2411,11-12
2024-10-29,2.1,"sc2509,sc2510",512.1,sc2411,11-12
2024-10-30,1.8,"sc2509,sc2510",509.6,sc2411,11-12
2024-10-31,1.7,"sc2509,sc2510",524.2,sc2411,11-12
2024-11-01,1.4,"sc2510,sc2511",528.3,sc2412,11-12
2024-11-04,0.2,"sc2510,sc2511",530.3,sc2412,11-12
2024-11-05,0.4,"sc2510,sc2511",536.3,sc2412,11-12
2024-11-06,0.8,"sc2510,sc2511",538.6,sc2412,11-12
2024-11-07,0.9,"sc2510,sc2511",540.4,sc2412,11-12
2024-11-08,-0.9,"sc2510,sc2511",539.0,sc2412,11-12
2024-11-11,1.1,"sc2510,sc2511",532.2,sc2412,11-12
2024-11-12,1.4,"sc2510,sc2511",521.6,sc2412,11-12
2024-11-13,2.0,"sc2510,sc2511",525.7,sc2412,11-12
2024-11-14,0.2,"sc2510,sc2511",523.6,sc2412,11-12
2024-11-15,0.6,"sc2510,sc2511",526.5,sc2412,11-12
2024-11-18,1.6,"sc2510,sc2511",520.0,sc2412,11-12
2024-11-19,0.5,"sc2510,sc2511",527.7,sc2412,11-12
2024-11-20,0.2,"sc2510,sc2511",531.5,sc2412,11-12
2024-11-21,1.9,"sc2510,sc2511",536.0,sc2412,11-12
2024-11-22,2.2,"sc2510,sc2511",543.9,sc2412,11-12
2024-11-25,0.8,"sc2510,sc2511",542.6,sc2412,11-12
2024-11-26,1.3,"sc2510,sc2511",533.0,sc2412,11-12
2024-11-27,0.8,"sc2510,sc2511",531.6,sc2412,11-12
2024-11-28,0.3,"sc2510,sc2511",531.2,sc2412,11-12
2024-11-29,0.7,"sc2510,sc2511",520.4,sc2412,11-12
2024-12-02,1.0,"sc2511,sc2512",529.9,sc2501,11-12
2024-12-03,2.9,"sc2511,sc2512",529.9,sc2501,11-12
2024-12-04,0.8,"sc2511,sc2512",538.2,sc2501,11-12
2024-12-05,0.7,"sc2511,sc2512",535.4,sc2501,11-12
2024-12-06,1.9,"sc2511,sc2512",528.3,sc2501,11-12
2024-12-09,1.3,"sc2511,sc2512",522.1,sc2501,11-12
2024-12-10,1.6,"sc2511,sc2512",529.5,sc2501,11-12
2024-12-11,2.8,"sc2511,sc2512",530.6,sc2501,11-12
2024-12-12,1.6,"sc2511,sc2512",537.7,sc2501,11-12
2024-12-13,1.9,"sc2511,sc2512",542.5,sc2501,11-12
2024-12-16,1.7,"sc2511,sc2512",548.9,sc2501,11-12
2024-12-17,1.9,"sc2511,sc2512",548.7,sc2501,11-12
2024-12-18,1.0,"sc2511,sc2512",543.8,sc2501,11-12
2024-12-19,1.5,"sc2511,sc2512",548.5,sc2501,11-12
2024-12-20,2.6,"sc2511,sc2512",546.1,sc2501,11-12
2024-12-23,1.3,"sc2511,sc2512",543.7,sc2501,11-12
2024-12-24,3.9,"sc2511,sc2512",542.5,sc2501,11-12
2024-12-25,2.4,"sc2511,sc2512",548.5,sc2501,11-12
2024-12-26,2.2,"sc2511,sc2512",551.9,sc2501,11-12
2024-12-27,4.0,"sc2511,sc2512",552.8,sc2501,11-12
2024-12-30,3.2,"sc2511,sc2512",550.0,sc2501,11-12
2024-12-31,3.7,"sc2511,sc2512",549.8,sc2501,11-12
2025-01-02,0.9,"sc2512,sc2601",560.9,sc2502,11-12
2025-01-03,0.6,"sc2512,sc2601",571.1,sc2502,11-12
2025-01-06,0.1,"sc2512,sc2601",577.2,sc2502,11-12
2025-01-07,-0.6,"sc2512,sc2601",579.6,sc2502,11-12
2025-01-08,-1.2,"sc2512,sc2601",587.8,sc2502,11-12
2025-01-09,1.6,"sc2512,sc2601",583.6,sc2502,11-12
2025-01-10,1.8,"sc2512,sc2601",586.1,sc2502,11-12
2025-01-13,0.7,"sc2512,sc2601",613.7,sc2502,11-12
2025-01-14,1.5,"sc2512,sc2601",620.4,sc2502,11-12
2025-01-15,1.8,"sc2512,sc2601",630.8,sc2502,11-12
2025-01-16,1.3,"sc2512,sc2601",644.3,sc2502,11-12
2025-01-17,2.7,"sc2512,sc2601",642.2,sc2502,11-12
2025-01-20,1.1,"sc2512,sc2601",640.8,sc2502,11-12
2025-01-21,1.9,"sc2512,sc2601",661.0,sc2502,11-12
2025-01-22,3.0,"sc2512,sc2601",680.6,sc2502,11-12
2025-01-23,2.0,"sc2512,sc2601",683.2,sc2502,11-12
2025-01-24,2.4,"sc2512,sc2601",647.7,sc2502,11-12
2025-01-27,2.2,"sc2512,sc2601",621.0,sc2502,11-12
2025-02-05,1.8,"sc2601,sc2602",602.3,sc2503,11-12
2025-02-06,2.7,"sc2601,sc2602",598.2,sc2503,11-12
2025-02-07,2.3,"sc2601,sc2602",599.7,sc2503,11-12
2025-02-10,3.7,"sc2601,sc2602",606.4,sc2503,11-12
2025-02-11,5.2,"sc2601,sc2602",616.8,sc2503,11-12
2025-02-12,5.2,"sc2601,sc2602",620.5,sc2503,11-12
2025-02-13,4.7,"sc2601,sc2602",605.1,sc2503,11-12
2025-02-14,2.3,"sc2601,sc2602",594.0,sc2503,11-12
2025-02-17,1.5,"sc2601,sc2602",602.5,sc2503,11-12
2025-02-18,2.1,"sc2601,sc2602",605.6,sc2503,11-12
2025-02-19,1.8,"sc2601,sc2602",614.3,sc2503,11-12
