trading_date,contract_01,price_01,spread_1_2,spread_2_3,spread_3_4,spread_4_5,spread_5_6,spread_6_7,spread_7_8,spread_8_9,spread_9_10,spread_10_11,spread_11_12
2018-07-26,sc1809,501.9,1.2,0.6,1.2,1.3,5.1,-2.9,3.7,2.1,-0.5,3.3,
2018-07-27,sc1809,506.1,1.7,0.4,-0.6,3.0,2.6,-0.8,3.5,2.5,-2.4,8.1,
2018-07-30,sc1809,507.1,1.4,0.8,-0.7,2.4,2.6,-0.2,0.8,1.5,-0.2,0.4,
2018-07-31,sc1809,513.9,1.8,0.5,0.3,1.8,2.1,-0.4,1.0,1.1,0.0,3.0,
2018-08-01,sc1809,506.0,1.2,0.1,-0.1,0.6,2.2,0.6,1.7,1.9,-2.0,6.3,0.7
2018-08-02,sc1809,501.6,1.1,0.2,0.4,0.9,0.7,1.6,0.1,1.9,-1.9,3.3,0.7
2018-08-03,sc1809,508.8,1.9,-0.5,0.5,0.6,-0.1,1.7,0.8,1.0,-0.7,2.0,0.6
2018-08-06,sc1809,512.3,1.7,-0.5,-0.4,1.4,-0.6,2.5,0.5,1.6,-1.3,2.6,0.8
2018-08-07,sc1809,534.1,3.0,-0.8,1.8,0.3,2.1,-1.6,6.8,-3.6,-0.2,1.4,0.3
2018-08-08,sc1809,527.2,5.5,0.2,-0.6,1.8,-1.5,2.3,1.2,0.2,0.7,1.5,1.0
2018-08-09,sc1809,518.9,6.0,0.0,-0.3,0.3,-1.8,3.4,0.2,0.3,1.2,1.0,1.1
2018-08-10,sc1809,520.0,8.5,0.7,-0.5,0.7,-1.7,2.3,0.3,-0.2,1.2,0.8,0.7
2018-08-13,sc1809,522.5,10.1,0.3,-0.4,1.0,-2.2,2.4,0.4,-0.2,1.0,0.6,0.6
2018-08-14,sc1809,519.3,8.0,-0.5,-0.7,1.1,-1.0,0.9,1.5,-0.2,-0.8,2.8,0.8
2018-08-15,sc1809,519.4,7.3,-1.2,-0.9,0.9,-0.4,0.9,1.2,0.3,-1.4,3.3,0.0
2018-08-16,sc1809,508.0,8.2,-0.5,-0.5,0.7,-1.5,1.3,1.1,1.2,-1.9,2.6,0.1
2018-08-17,sc1809,505.2,7.5,0.0,-0.7,0.7,-1.0,0.1,1.8,0.3,-1.7,3.4,2.1
2018-08-20,sc1809,493.2,0.1,0.5,-0.7,0.7,-1.6,0.5,0.6,0.9,-1.1,2.4,1.8
2018-08-21,sc1809,480.5,-10.1,-5.6,-1.5,1.1,-1.3,0.7,2.4,-0.3,-2.8,4.0,0.6
2018-08-22,sc1809,479.8,-10.1,-9.0,-1.6,0.7,-1.7,1.4,2.9,-0.3,-3.6,4.1,1.4
2018-08-23,sc1809,485.0,-9.3,-7.5,-7.5,0.9,-1.8,1.2,3.4,-0.5,-4.6,5.2,-0.5
2018-08-24,sc1809,482.1,-11.6,-7.8,-8.4,1.1,-1.5,1.0,3.0,-0.2,-3.8,4.6,0.7
2018-08-27,sc1809,482.2,-11.9,-10.0,-7.0,1.3,1.7,-2.3,2.5,-0.7,-3.0,3.7,1.2
2018-08-28,sc1809,486.6,-7.5,-9.6,-9.1,1.7,1.5,-3.3,3.4,-0.7,-2.3,3.3,0.2
2018-08-29,sc1809,485.7,-7.4,-9.3,-8.7,1.7,1.1,-4.0,3.2,-0.2,-2.0,2.8,2.0
2018-08-30,sc1809,488.6,-9.6,-8.3,-10.1,1.5,0.8,-3.5,6.2,-1.9,-3.6,4.3,-0.6
2018-08-31,sc1809,488.3,-16.5,-7.5,-10.7,0.3,2.8,-4.3,5.7,-1.9,-3.3,4.1,-0.2
2018-09-03,sc1810,503.0,-6.9,-11.5,-0.1,2.3,-5.3,5.7,-0.1,-3.6,4.5,-0.3,-1.3
2018-09-04,sc1810,504.6,-8.7,-10.0,0.0,2.3,-3.3,3.7,-0.9,-1.7,3.5,-0.5,-1.2
2018-09-05,sc1810,505.4,-9.6,-9.7,-0.2,2.2,-2.7,3.5,-0.9,-2.4,3.1,1.3,-4.2
2018-09-06,sc1810,501.1,-9.8,-9.7,-0.4,2.6,-2.9,3.5,-0.6,-2.0,2.5,0.5,-3.9
2018-09-07,sc1810,496.7,-9.1,-10.6,-0.1,1.6,-2.0,2.5,-2.1,0.1,2.1,1.9,-3.7
2018-09-10,sc1810,498.5,-8.6,-10.6,-0.1,2.9,-3.6,3.1,-0.2,-2.0,3.2,0.0,-3.8
2018-09-11,sc1810,500.6,-10.8,-10.7,-0.6,2.9,-2.8,2.7,-0.6,0.7,1.1,0.4,-3.7
2018-09-12,sc1810,503.6,-17.2,-12.2,-0.4,3.9,-4.0,3.8,-0.1,1.0,-0.7,-0.2,-0.7
2018-09-13,sc1810,515.3,-7.2,-11.8,0.0,0.6,-0.6,2.3,-0.1,2.2,-1.4,1.1,1.8
2018-09-14,sc1810,501.3,-15.3,-11.5,-0.1,0.2,-0.2,1.8,-0.2,2.9,-1.3,0.2,1.4
2018-09-17,sc1810,510.3,-4.7,-11.2,-0.5,0.3,0.7,2.4,-0.7,0.7,0.3,0.6,-2.4
2018-09-18,sc1810,507.7,-7.3,-10.3,-0.3,0.1,1.1,1.8,-1.5,1.8,-0.9,1.0,-1.7
2018-09-19,sc1810,528.5,10.5,-10.3,-0.2,-0.7,1.5,2.6,-0.4,-0.1,0.7,0.2,-2.4
2018-09-20,sc1810,532.4,8.0,-8.0,-0.2,1.0,-0.2,3.0,-0.3,-0.1,0.5,-0.2,-2.0
2018-09-21,sc1811,521.7,-9.8,-0.2,0.4,1.5,1.4,-0.7,1.0,0.1,1.5,-3.3,-0.1
2018-09-25,sc1811,540.6,-9.0,-0.1,2.6,-1.8,2.8,-0.4,1.0,-0.2,0.3,-1.4,0.1
2018-09-26,sc1811,542.6,-10.6,-0.3,1.0,0.3,2.6,-0.6,1.5,-0.6,-0.2,1.1,-2.8
2018-09-27,sc1811,545.3,-9.4,0.0,1.4,-1.0,3.2,-0.7,1.0,-0.5,0.1,1.7,-3.1
2018-09-28,sc1811,548.3,-8.0,0.2,0.0,2.6,-0.9,0.4,2.1,-0.1,0.2,-0.3,-2.4
2018-10-08,sc1811,561.2,-8.5,0.6,1.1,-0.3,1.9,0.1,2.0,-1.2,-1.4,2.4,-4.8
2018-10-10,sc1811,583.0,-4.0,0.6,2.5,0.3,4.5,0.1,-0.5,-4.3,3.1,4.9,-3.9
2018-10-11,sc1811,579.7,-3.2,0.2,-0.6,3.5,0.8,-1.7,5.1,-4.0,1.0,2.6,-3.8
2018-10-12,sc1811,562.6,-7.1,-0.2,1.4,4.6,-1.6,-0.8,5.5,-4.8,0.0,3.5,-2.7
2018-10-15,sc1811,563.6,-5.9,-0.1,4.7,3.5,-2.5,-2.6,6.1,-5.3,1.4,6.6,-8.1
2018-10-16,sc1811,555.3,-10.0,-0.4,4.2,5.0,-3.8,-1.6,5.6,-4.7,-0.4,6.9,-11.7
2018-10-17,sc1811,543.4,-13.6,-0.5,5.8,-3.2,3.3,-1.9,1.0,-0.2,0.5,2.7,-12.5
2018-10-18,sc1811,559.3,6.2,-0.4,4.9,-3.4,4.0,-1.6,-0.5,1.2,0.2,3.4,-12.0
2018-10-19,sc1811,551.4,-2.2,-0.4,5.6,-3.7,3.9,-1.3,-0.7,0.9,0.7,3.7,-12.7
2018-10-22,sc1811,549.7,-7.1,-0.1,5.6,-3.4,4.0,-2.1,-0.6,1.5,0.2,2.8,-8.7
2018-10-23,sc1811,552.7,-2.2,0.1,4.5,-2.9,3.4,-1.8,-0.5,1.3,0.4,4.6,-10.4
2018-10-24,sc1811,572.0,33.5,-0.6,1.2,0.1,4.4,-1.9,-1.6,2.5,-2.7,2.1,-14.3
2018-10-25,sc1811,554.4,16.2,-0.8,3.1,1.1,1.7,-0.3,-2.2,1.8,0.0,-0.1,-9.5
2018-10-26,sc1811,577.5,38.1,1.3,3.9,0.6,1.9,-3.3,0.2,-0.2,0.4,-0.5,-7.0
2018-10-29,sc1811,576.7,36.4,0.7,3.9,-0.4,1.2,0.0,-1.5,0.8,-0.4,-0.6,-2.8
2018-10-30,sc1811,576.7,37.6,-3.0,2.8,-0.1,5.8,-0.1,-4.2,3.9,0.3,-4.0,-0.5
2018-10-31,sc1811,573.3,40.8,-5.0,2.5,-1.2,7.1,1.2,-4.3,4.2,-1.5,-3.1,-1.9
2018-11-01,sc1812,527.8,-6.6,0.6,-0.6,3.6,1.7,-2.6,7.2,-3.4,-2.6,-2.2,5.9
2018-11-02,sc1812,513.7,-4.9,0.8,0.1,-1.8,6.7,-4.9,7.4,-4.9,-1.6,-3.1,7.0
2018-11-05,sc1812,507.8,-5.0,0.1,0.8,1.7,3.9,-6.2,8.6,-3.6,-4.0,1.3,3.3
2018-11-06,sc1812,512.2,-5.6,-0.7,-0.4,3.9,3.7,-5.6,5.4,-2.2,-4.0,4.4,1.6
2018-11-07,sc1812,504.4,-5.0,-1.0,-1.7,0.5,5.6,-5.8,5.8,-2.9,-3.0,0.7,5.0
2018-11-08,sc1812,502.7,-3.8,-2.0,-2.7,3.0,3.6,-6.3,6.4,-1.8,-5.1,0.7,5.5
2018-11-09,sc1812,497.8,-4.4,-1.6,-2.3,1.6,3.7,-5.2,5.6,-0.7,-5.9,1.6,5.1
2018-11-12,sc1812,492.9,-5.5,-2.2,-3.1,3.2,2.4,-5.0,4.5,-0.6,-3.3,0.2,4.3
2018-11-13,sc1812,491.9,-6.8,-3.1,-3.3,2.4,0.5,-3.1,3.0,-2.8,0.2,2.2,0.4
2018-11-14,sc1812,473.8,-4.3,-3.4,0.5,-4.7,7.6,-4.4,3.1,-9.3,6.0,-2.2,4.0
2018-11-15,sc1812,461.7,-7.7,-3.7,-2.4,1.7,0.2,-3.6,4.8,-5.1,-0.9,-1.1,7.2
2018-11-16,sc1812,465.0,-8.0,-4.3,-2.2,2.4,0.3,-5.0,5.5,-4.8,-1.2,1.6,4.9
2018-11-19,sc1812,466.7,-8.1,-4.7,-3.5,3.6,0.1,-7.1,7.3,-5.0,-3.1,4.1,4.4
2018-11-20,sc1812,459.7,-8.1,-4.8,-3.8,1.8,-0.4,-5.3,5.2,-2.1,-4.8,6.8,-0.6
2018-11-21,sc1812,441.8,-7.6,-5.3,-4.2,-2.1,0.7,-3.9,4.2,-5.1,-3.0,5.8,1.5
2018-11-22,sc1812,438.6,-8.6,-5.5,-3.7,-2.2,-0.3,-4.4,2.0,-2.3,-1.8,3.9,0.4
2018-11-23,sc1812,432.0,-8.7,-5.7,-3.9,-2.0,-1.4,-2.1,0.4,-2.6,-2.0,4.8,0.2
2018-11-26,sc1812,411.4,-7.8,-4.9,-5.0,-5.6,0.5,2.4,1.3,-15.0,9.9,-5.4,7.1
2018-11-27,sc1812,409.1,-13.0,-5.3,-4.1,-2.6,-0.6,-2.0,0.3,-1.3,-1.0,-1.5,3.2
2018-11-28,sc1812,413.0,-10.6,-5.1,-3.9,-1.2,-1.9,-2.0,-0.2,-1.7,-2.3,0.6,3.1
2018-11-29,sc1812,407.2,-9.8,-5.6,-4.0,-1.5,-2.8,-1.3,0.3,-0.9,-4.3,2.9,2.1
2018-11-30,sc1812,396.7,-19.3,-5.9,-4.0,-1.9,-2.4,-1.7,1.5,-1.5,-5.0,4.0,1.6
2018-12-03,sc1901,419.4,-5.9,-4.4,-2.9,-1.9,-1.6,0.8,-0.5,-4.8,4.0,-0.1,-4.7
2018-12-04,sc1901,428.6,-5.2,-5.0,-3.1,-1.6,-2.3,0.1,-0.6,-3.2,2.2,0.1,-3.2
2018-12-05,sc1901,428.3,-5.1,-5.1,-3.1,-2.0,-1.9,-2.2,-0.1,-1.4,1.6,-1.2,-1.8
2018-12-06,sc1901,428.0,-4.5,-5.6,-3.1,-2.3,-2.2,-0.5,-1.0,-2.7,2.7,-0.7,-3.2
2018-12-07,sc1901,413.3,-5.0,-6.1,-3.2,-2.5,-2.8,0.0,-0.9,-3.0,2.8,-0.5,-3.8
2018-12-10,sc1901,431.1,-5.3,-4.9,-3.5,-2.4,-3.2,0.8,-1.8,-3.2,2.9,-0.7,-2.7
2018-12-11,sc1901,421.8,-5.6,-4.4,-3.3,-2.8,-3.5,1.3,-1.7,-4.6,3.9,-1.3,-5.1
2018-12-12,sc1901,423.7,-4.9,-3.7,-2.7,-2.1,-4.0,1.2,-3.0,-5.2,5.0,-1.6,-4.1
2018-12-13,sc1901,424.6,-3.8,-2.8,-2.8,-2.0,-3.6,0.4,-2.9,-3.2,2.7,-0.5,-5.2
2018-12-14,sc1901,422.5,-3.1,-3.3,-2.4,-2.3,-3.1,-0.4,-2.9,-2.6,3.0,-1.4,-5.1
2018-12-17,sc1901,419.0,-4.0,-5.3,-3.0,-2.2,-2.7,-0.8,-2.7,-3.4,3.2,-1.3,-3.6
2018-12-18,sc1901,411.6,-5.4,-5.3,-3.6,-2.3,-2.8,-0.4,-2.1,-3.7,3.2,-1.7,-2.6
2018-12-19,sc1901,395.1,-5.8,-4.9,-3.9,-2.4,-2.8,0.4,-2.9,-3.5,1.3,1.3,-3.3
2018-12-20,sc1901,398.1,0.3,-2.9,-3.8,-2.0,-2.8,-2.1,-2.4,-1.2,1.1,-0.7,-2.1
2018-12-21,sc1901,400.9,10.2,-0.9,-3.8,-1.7,-2.2,-3.1,-1.8,-1.5,1.3,-0.9,-3.7
2018-12-24,sc1901,394.5,12.4,-0.8,-4.0,-1.2,-2.9,-2.2,-2.2,-1.8,0.1,0.0,-2.5
2018-12-25,sc1901,385.0,13.8,2.3,-4.8,-0.8,-2.4,-6.5,-1.5,-2.5,0.1,-0.9,-3.7
2018-12-26,sc1901,374.7,13.0,5.2,-4.1,-1.3,-3.1,-3.1,-2.8,-2.1,-1.6,-0.4,-2.7
2018-12-27,sc1901,381.0,10.2,-4.6,-4.3,-1.6,-2.9,-2.3,-3.3,-2.0,-0.4,-2.1,-1.5
2018-12-28,sc1901,377.0,4.2,-4.8,-4.5,-2.1,-2.3,-2.9,-2.4,-2.1,-1.6,-1.8,-3.0
2019-01-02,sc1902,370.7,-4.0,-4.5,-2.6,-2.0,-2.9,-2.3,-4.7,0.6,-1.4,-3.5,0.3
2019-01-03,sc1902,379.8,-4.5,-1.7,-2.8,-2.9,-2.9,-3.5,-1.7,-0.1,-1.8,-4.8,0.2
2019-01-04,sc1902,388.7,-5.2,-0.7,-2.7,-2.9,-2.5,-3.7,-2.5,1.5,-2.1,-3.7,-1.5
2019-01-07,sc1902,401.4,-4.7,-0.8,-1.8,-2.3,-4.1,-2.1,-1.1,-2.1,-1.8,-1.9,-3.1
2019-01-08,sc1902,405.1,-3.2,-1.2,-1.7,-1.8,-4.6,-3.0,1.8,-4.3,-1.5,-3.0,-1.9
2019-01-09,sc1902,412.2,-0.8,-1.2,-1.7,-1.1,-4.8,-3.4,3.2,-5.3,-1.9,-0.7,-4.0
2019-01-10,sc1902,423.6,0.6,-1.2,-1.6,-0.9,-4.5,-0.3,0.5,-5.7,-2.9,0.1,-4.8
2019-01-11,sc1902,424.5,0.3,-2.4,-1.7,-0.7,-3.9,-3.5,3.0,-4.6,-2.3,1.5,-6.7
2019-01-14,sc1902,416.3,-2.9,-2.4,-1.7,-1.2,-4.4,-3.6,3.1,-4.7,-1.7,1.7,-6.7
2019-01-15,sc1902,412.4,-3.5,-2.6,-1.7,-1.6,-3.1,-4.2,2.8,-4.1,-2.1,1.4,-4.9
2019-01-16,sc1902,410.5,-9.3,-2.8,-1.2,-1.3,-3.6,-3.6,2.5,-4.0,-2.3,1.9,-5.7
2019-01-17,sc1902,411.8,-10.9,-2.2,-1.3,-0.9,-4.4,-3.2,3.8,-5.8,-1.7,1.3,-5.2
2019-01-18,sc1902,410.5,-15.9,-1.4,-0.9,-0.6,-4.7,-3.1,3.6,-5.7,-1.8,2.5,-6.1
2019-01-21,sc1902,414.6,-22.3,-1.0,-0.8,-0.3,0.2,-6.1,1.6,-6.3,-2.8,4.6,-8.1
2019-01-22,sc1902,417.2,-21.3,-0.8,-0.5,0.1,-0.8,-5.0,1.2,-7.6,-2.7,4.4,-7.6
2019-01-23,sc1902,427.6,-1.0,-1.6,-0.5,-0.4,0.0,-3.6,-0.2,-6.7,-2.8,5.1,-7.4
2019-01-24,sc1902,423.6,-4.2,-1.2,-0.8,-0.7,-0.1,-4.2,0.5,-7.1,-2.3,5.3,-8.6
2019-01-25,sc1902,422.6,-5.5,-1.8,-1.2,-0.6,0.4,-3.6,0.3,-3.2,-2.6,1.0,-4.2
2019-01-28,sc1903,427.8,-0.9,-1.3,-1.0,-1.5,-2.2,0.5,-3.6,-2.1,0.4,-4.4,-0.9
2019-01-29,sc1903,417.9,-0.6,-1.8,-1.3,-1.1,-1.4,-2.0,-2.5,-2.0,1.3,-4.8,-2.2
2019-01-30,sc1903,425.2,1.4,-1.4,-1.5,-1.3,-3.3,0.0,-4.0,-2.2,1.9,-5.7,-2.3
2019-01-31,sc1903,431.4,1.8,-1.7,-1.1,-1.5,-3.5,1.7,-3.7,-2.0,-0.8,-4.1,-2.0
2019-02-01,sc1903,429.8,2.3,-1.2,-0.6,-0.8,-4.7,0.3,-2.0,-1.9,0.6,-4.9,-2.3
2019-02-11,sc1903,428.2,0.1,-1.5,-0.4,-1.1,-2.9,2.6,-5.1,-1.1,-0.3,-3.8,-2.7
2019-02-12,sc1903,428.7,-2.4,-1.2,-0.2,-1.2,-4.1,2.8,-4.8,-2.0,4.6,-8.6,-2.0
2019-02-13,sc1903,433.3,-4.0,-1.7,-0.3,-1.1,-3.5,1.4,-3.7,-2.1,2.0,-5.2,-2.3
2019-02-14,sc1903,435.9,-5.4,-2.9,-0.3,-0.7,-0.1,-1.5,-0.6,-1.5,0.8,-2.5,-0.5
2019-02-15,sc1903,441.7,-5.3,-3.0,-0.5,-0.3,-1.5,1.1,-2.2,-1.4,1.4,0.0,-5.0
2019-02-18,sc1903,450.6,-7.0,-2.2,0.1,-0.6,-0.8,0.9,-2.3,-2.7,3.3,-4.4,-0.4
2019-02-20,sc1903,451.2,-7.2,-2.6,-0.5,-0.9,0.0,0.6,-2.9,-0.9,2.3,-3.7,-1.8
2019-02-21,sc1903,449.6,-7.9,-2.7,-0.7,-0.7,-0.1,0.3,-1.6,-2.0,3.7,-4.5,-1.0
2019-02-22,sc1903,446.4,-8.1,-3.5,-1.3,-1.1,1.0,0.1,-3.3,1.0,0.0,-3.9,0.9
2019-02-25,sc1903,446.3,-8.2,-3.9,-1.6,-1.3,-1.2,1.3,-2.4,0.3,1.5,-4.2,0.1
2019-02-26,sc1903,426.8,-8.5,-4.7,-2.6,-1.9,-1.4,0.2,-0.2,-1.3,-1.5,-2.2,1.6
2019-02-27,sc1903,427.3,-9.7,-3.8,-2.6,-2.8,-1.1,-0.7,-0.8,-0.6,-2.2,-0.5,0.5
2019-02-28,sc1903,430.1,-11.4,-3.7,-2.4,-2.9,-1.7,-0.3,0.0,-1.1,-0.6,-1.0,0.3
2019-03-01,sc1904,443.0,-3.6,-3.0,-3.1,-2.3,-0.3,2.3,-0.3,-3.3,0.3,0.6,-0.1
2019-03-04,sc1904,438.4,-2.3,-3.5,-2.6,-1.7,-0.6,0.6,0.0,-2.6,1.0,-0.4,-1.1
2019-03-05,sc1904,438.4,-2.8,-3.2,-2.6,-1.9,-0.9,-2.0,3.5,-2.9,-0.7,0.8,0.6
2019-03-06,sc1904,433.8,-2.3,-3.0,-2.9,-2.1,-1.0,-0.1,0.2,-2.4,1.0,-0.9,0.1
2019-03-07,sc1904,439.7,-1.1,-2.7,-2.3,-2.0,-1.2,2.0,-2.6,-2.3,0.9,-1.7,-0.7
2019-03-08,sc1904,439.9,-2.1,-2.1,-2.1,-1.7,-0.3,-2.4,-0.8,-1.2,0.5,-2.0,0.3
2019-03-11,sc1904,432.9,-4.2,-2.0,-1.9,-2.1,-0.4,-0.4,-1.3,-0.3,-1.5,0.0,0.3
2019-03-12,sc1904,444.9,-5.3,-1.5,-2.1,-1.7,0.2,-0.3,-1.6,-0.3,-0.5,-1.1,0.2
2019-03-13,sc1904,444.2,-5.6,-2.1,-1.8,-1.6,-0.4,-0.4,-1.4,-2.6,1.3,-1.3,1.9
2019-03-14,sc1904,450.4,-3.3,-2.0,-1.8,-1.6,-0.7,-0.3,-1.2,-1.0,0.5,-2.2,1.5
2019-03-15,sc1904,452.2,-1.6,-2.1,-1.9,-1.0,-0.4,-1.9,-0.7,-0.7,-1.9,-1.0,1.5
2019-03-18,sc1904,450.1,0.9,-2.5,-1.3,-1.7,0.4,-2.7,-0.4,0.8,0.0,-3.4,3.2
2019-03-19,sc1904,461.8,6.0,-1.1,-1.1,-1.1,0.5,-3.5,-0.5,2.3,-0.8,-2.6,4.0
2019-03-20,sc1904,462.5,7.5,-0.6,-0.3,-0.6,0.1,-4.2,-1.1,1.6,-0.5,-2.0,5.7
2019-03-21,sc1904,466.3,6.2,1.6,0.2,0.3,0.3,-4.5,-0.4,1.7,-1.3,-3.4,5.4
2019-03-22,sc1904,467.7,7.1,2.0,0.7,0.6,0.8,-3.2,5.6,-5.4,-1.3,-2.8,5.4
2019-03-25,sc1904,459.0,7.7,1.2,0.9,0.7,0.5,-3.9,-1.3,2.8,-3.0,-2.9,4.7
2019-03-26,sc1904,459.1,5.1,1.6,0.7,0.4,0.7,-2.0,-0.5,1.0,-0.9,-0.6,1.6
2019-03-27,sc1904,463.3,4.4,2.5,0.4,0.5,0.2,-1.7,-0.5,1.5,-1.2,-1.2,2.9
2019-03-28,sc1904,462.2,6.0,1.6,0.7,0.6,0.7,-3.0,-0.3,3.4,-2.9,-0.6,4.5
2019-03-29,sc1904,453.5,-0.9,1.2,0.4,1.0,0.8,-1.2,-0.2,0.8,-0.4,-1.4,1.4
2019-04-01,sc1905,459.4,1.5,1.3,0.5,1.1,-1.1,-0.7,0.6,-1.1,-1.8,2.8,-2.0
2019-04-02,sc1905,467.5,1.8,1.2,0.8,0.9,0.3,0.1,-0.2,-0.8,-1.3,2.4,-2.0
2019-04-03,sc1905,471.7,2.2,1.5,0.4,1.1,2.0,-1.5,0.2,2.4,-2.7,2.7,-1.6
2019-04-04,sc1905,469.5,1.5,1.7,0.4,0.2,1.9,0.1,-1.1,1.9,-2.1,2.2,-2.9
2019-04-08,sc1905,478.2,-0.4,2.4,0.9,0.5,0.5,-0.1,2.5,5.6,-7.8,6.4,-6.6
2019-04-09,sc1905,479.3,0.4,1.5,1.0,0.8,1.6,0.7,-0.5,1.5,-0.2,2.1,-2.0
2019-04-10,sc1905,475.7,0.0,1.6,1.2,0.4,2.7,-0.2,-0.3,1.8,0.0,3.3,-4.0
2019-04-11,sc1905,480.3,0.6,1.7,1.2,1.0,1.4,0.4,1.3,1.3,-1.5,2.5,-2.6
2019-04-12,sc1905,475.8,-0.2,0.9,1.7,0.7,1.1,0.4,1.2,0.1,-0.4,1.2,-1.0
2019-04-15,sc1905,473.7,-0.5,0.5,1.6,1.1,0.4,1.8,-2.3,3.8,-0.8,0.0,-0.2
2019-04-16,sc1905,468.2,-3.4,1.0,1.2,1.6,1.4,-0.7,-0.5,4.7,-2.5,1.1,-1.0
2019-04-17,sc1905,470.7,-3.1,1.2,1.3,1.2,1.7,0.2,-0.2,2.9,-1.7,0.9,-1.3
2019-04-18,sc1905,472.0,-2.0,1.5,1.4,0.3,1.1,0.7,1.7,0.3,-1.2,3.1,-2.8
2019-04-19,sc1905,472.5,-2.0,1.4,1.2,0.5,1.9,0.6,0.9,0.3,-0.6,1.7,-1.4
2019-04-22,sc1905,480.3,-1.7,0.9,1.4,0.8,1.3,0.7,2.7,1.7,-3.0,3.2,-2.5
2019-04-23,sc1905,489.0,-4.8,1.2,2.0,1.0,1.2,0.7,4.5,1.3,-3.4,5.2,-3.6
2019-04-24,sc1905,493.2,-4.5,1.7,2.0,1.7,4.2,-3.0,4.6,-0.7,-0.1,4.6,-3.0
2019-04-25,sc1905,494.7,-5.4,1.8,2.0,2.0,-0.4,0.9,5.5,-1.7,0.5,4.2,-0.1
2019-04-26,sc1905,499.5,-4.1,2.0,2.4,2.7,3.0,-1.2,5.0,-3.8,0.8,5.9,-3.9
2019-04-29,sc1905,485.7,0.9,2.0,2.0,2.0,2.1,2.8,2.2,-3.1,0.8,7.1,-6.6
2019-04-30,sc1905,488.1,2.7,2.2,1.7,2.1,2.3,2.5,2.7,-0.4,-1.1,6.4,-4.4
2019-05-06,sc1906,472.5,0.7,2.5,1.6,2.1,3.0,3.8,-2.4,-7.0,13.6,-4.6,0.8
2019-05-07,sc1906,483.5,1.1,2.2,2.2,2.2,2.5,2.8,-0.1,-0.3,4.7,-3.1,0.4
2019-05-08,sc1906,480.2,1.7,1.8,2.2,2.2,3.1,1.9,-1.3,1.4,5.1,-2.9,0.8
2019-05-09,sc1906,482.6,2.1,2.2,1.7,2.1,2.5,2.5,-1.3,0.9,4.4,-2.5,0.7
2019-05-10,sc1906,486.1,1.8,2.2,2.0,1.9,3.2,2.5,-0.7,0.9,5.7,-3.9,1.1
2019-05-13,sc1906,491.3,1.4,2.1,2.1,2.2,3.2,3.0,1.4,-0.3,3.6,-2.1,1.5
2019-05-14,sc1906,497.1,1.6,-0.1,0.7,1.2,1.6,1.5,9.6,-3.0,0.0,-0.8,0.5
2019-05-15,sc1906,501.2,2.3,1.9,1.6,2.5,0.2,1.9,1.8,0.7,3.1,-0.8,0.0
2019-05-16,sc1906,505.5,1.8,2.3,2.6,2.4,0.8,2.6,2.1,1.2,-0.7,-0.2,1.9
2019-05-17,sc1906,512.3,2.2,2.0,2.7,3.0,0.8,3.9,-0.6,5.6,-1.2,-2.1,0.3
2019-05-20,sc1906,514.2,2.5,3.3,3.0,3.0,0.0,3.7,0.4,5.3,-3.1,0.8,-0.5
2019-05-21,sc1906,507.1,-1.4,3.5,3.5,3.7,1.9,1.0,2.5,1.1,-0.2,-0.5,0.5
2019-05-22,sc1906,504.0,-2.1,3.2,3.2,3.6,0.8,0.6,2.5,1.0,2.3,-1.4,1.0
2019-05-23,sc1906,494.0,-3.0,3.1,3.3,3.4,1.5,1.7,0.5,-0.6,4.6,-2.6,1.2
2019-05-24,sc1906,469.7,-1.2,1.3,2.6,3.3,-0.5,3.1,1.8,1.6,0.8,0.7,1.6
2019-05-27,sc1906,473.7,3.0,1.3,2.7,2.9,2.4,1.9,-0.1,2.1,1.4,0.6,1.4
2019-05-28,sc1906,475.0,-0.8,1.0,1.4,2.4,2.0,2.8,1.8,1.1,2.9,-0.3,1.1
2019-05-29,sc1906,470.2,-5.3,1.0,0.7,1.9,1.5,3.2,2.9,1.6,1.5,0.4,1.2
2019-05-30,sc1906,466.1,-7.0,1.9,1.8,2.1,2.2,2.1,0.4,2.1,1.7,0.4,1.4
2019-05-31,sc1906,461.2,1.2,0.5,1.4,1.9,1.6,1.9,-4.8,8.6,1.2,-0.5,2.3
2019-06-03,sc1907,435.2,1.8,0.0,0.8,0.6,-1.1,4.5,2.0,-0.9,3.6,1.0,-1.7
2019-06-04,sc1907,425.5,-1.3,-0.1,1.1,0.4,1.0,-0.4,3.4,1.8,-0.2,1.1,-1.7
2019-06-05,sc1907,426.2,-1.5,-0.1,1.1,1.4,1.4,-0.2,1.5,0.8,1.0,1.1,0.6
2019-06-06,sc1907,417.6,-1.1,-1.1,1.0,0.3,0.6,2.6,1.8,1.1,1.0,-0.3,1.3
2019-06-10,sc1907,434.5,-0.8,-2.0,0.6,1.1,1.1,0.3,2.8,-0.2,2.2,-2.4,-0.3
2019-06-11,sc1907,429.9,-1.3,-2.1,0.8,0.6,-0.7,2.4,2.9,0.0,1.8,0.4,-0.3
2019-06-12,sc1907,426.1,-2.6,-1.5,2.2,0.8,1.0,-0.5,2.2,1.0,0.4,0.3,0.0
2019-06-13,sc1907,420.2,-1.4,-1.4,1.7,0.4,0.3,0.0,2.9,0.6,1.4,1.0,-3.1
2019-06-14,sc1907,425.5,-1.2,-1.4,1.8,1.0,0.7,0.8,1.0,0.3,1.8,0.8,-0.2
2019-06-17,sc1907,427.3,-0.7,-1.8,2.0,1.0,1.6,0.3,0.7,0.9,1.5,1.0,-0.3
2019-06-18,sc1907,419.6,-0.9,-2.5,2.4,0.4,0.2,1.8,1.6,1.1,0.6,0.4,0.2
2019-06-19,sc1907,420.0,-5.6,-2.1,2.3,-0.2,0.0,1.4,1.2,-0.5,2.5,0.4,-0.7
2019-06-20,sc1907,418.9,-6.6,-1.7,2.4,-0.3,-0.7,1.8,1.6,1.3,1.1,-0.6,1.7
2019-06-21,sc1907,431.6,-7.5,0.5,2.2,0.5,-0.5,1.5,1.9,1.4,0.8,0.6,0.0
2019-06-24,sc1907,436.8,-8.6,0.9,2.8,0.3,-0.2,2.4,0.0,1.0,2.0,0.4,0.0
2019-06-25,sc1907,431.2,-9.6,-0.1,2.6,0.8,-0.7,1.9,1.7,-0.8,2.9,0.7,-0.5
2019-06-26,sc1907,432.9,-12.8,-0.1,2.4,0.4,-0.3,2.1,1.2,0.7,2.2,0.8,0.1
2019-06-27,sc1907,435.9,-14.8,1.6,2.0,0.0,-0.3,0.8,1.6,-0.3,2.5,1.1,-0.9
2019-06-28,sc1907,437.4,-10.6,0.0,1.9,0.6,-0.3,1.7,1.1,1.3,1.2,1.1,0.1
2019-07-01,sc1908,447.3,-0.7,0.6,1.0,0.0,2.2,0.9,0.9,1.4,1.5,0.2,-1.0
2019-07-02,sc1908,442.0,-1.8,-0.3,1.4,0.2,3.0,0.9,0.0,2.1,1.1,0.4,-7.3
2019-07-03,sc1908,430.2,-3.8,-0.6,1.4,1.2,1.6,-0.4,0.9,2.8,0.4,0.3,-7.0
2019-07-04,sc1908,431.9,-2.6,-0.5,1.6,0.5,0.3,2.0,-0.6,2.5,1.0,-1.1,-4.4
2019-07-05,sc1908,431.3,-3.0,-0.5,1.6,0.5,0.3,2.4,-0.8,2.4,1.1,-1.0,-8.9
2019-07-08,sc1908,439.1,-2.8,-0.1,1.8,0.4,0.3,1.7,0.0,1.9,1.4,0.0,-0.6
2019-07-09,sc1908,443.9,-0.9,-0.1,1.5,0.4,-0.7,3.3,-0.1,1.8,0.6,0.5,-0.1
2019-07-10,sc1908,441.6,-0.9,-0.6,1.3,0.2,-0.1,3.2,-1.3,3.0,1.2,-1.4,1.6
2019-07-11,sc1908,455.7,-0.9,0.1,1.0,0.2,0.7,1.7,0.5,1.9,1.2,0.6,0.3
2019-07-12,sc1908,457.8,-1.1,-0.1,1.3,0.7,-0.1,1.9,0.1,2.0,1.2,0.1,1.0
2019-07-15,sc1908,454.8,-1.5,-0.2,1.4,0.8,0.2,1.3,1.8,0.1,1.0,-0.1,0.9
2019-07-16,sc1908,453.0,-2.3,-0.1,1.3,0.9,0.2,1.5,1.1,1.0,0.9,0.7,-0.4
2019-07-17,sc1908,443.7,-4.3,0.0,2.0,0.9,0.5,1.3,1.2,0.5,1.3,-0.8,1.5
2019-07-18,sc1908,433.5,-5.2,-0.5,1.6,0.9,0.1,2.7,-0.5,1.9,1.1,-1.7,2.1
2019-07-19,sc1908,421.6,-6.9,-1.5,0.8,0.5,-0.1,2.6,-1.6,4.4,1.1,-1.2,2.2
2019-07-22,sc1908,423.1,-7.0,-1.4,0.5,0.6,0.2,2.7,0.5,1.7,1.1,-0.9,0.3
2019-07-23,sc1908,427.4,-7.0,-1.4,0.5,0.5,1.2,1.7,1.7,0.3,1.2,-1.6,-0.2
2019-07-24,sc1908,430.4,-7.1,-0.8,1.0,0.8,0.0,1.4,2.1,-0.1,1.2,-1.4,-2.0
2019-07-25,sc1908,433.4,-7.1,-0.4,0.4,1.6,0.3,0.6,2.1,0.0,0.9,-0.1,-0.8
2019-07-26,sc1908,435.8,-6.3,-0.1,0.7,1.7,0.0,-0.1,0.5,1.2,1.2,1.2,-0.5
2019-07-29,sc1908,435.5,-5.8,-0.7,1.1,1.8,0.8,-0.4,1.4,0.6,1.1,0.9,-0.1
2019-07-30,sc1908,425.2,-16.3,-2.3,0.9,1.2,1.1,0.8,2.9,-0.6,1.0,0.0,-0.1
2019-07-31,sc1908,427.5,-17.2,-2.8,0.4,1.0,0.8,1.7,2.1,-0.2,1.1,0.9,-1.2
2019-08-01,sc1909,444.0,-3.3,0.0,0.6,0.5,0.6,1.8,1.3,0.9,0.9,-2.7,3.1
2019-08-02,sc1909,432.1,-2.8,-0.3,1.0,0.0,0.3,1.5,0.3,1.1,1.4,-2.2,2.4
2019-08-05,sc1909,433.5,-2.6,-0.1,1.3,0.3,0.4,1.0,-0.4,0.7,-0.1,0.7,1.0
2019-08-06,sc1909,429.4,-1.9,-0.2,0.6,0.3,0.3,1.2,-0.2,1.0,0.6,-0.2,1.9
2019-08-07,sc1909,423.3,-1.6,0.4,0.9,0.2,0.2,-0.2,0.0,1.5,0.7,-0.6,1.8
2019-08-08,sc1909,408.6,-0.9,-0.4,0.2,-0.1,1.5,1.1,-1.6,1.8,-2.9,3.6,1.6
2019-08-09,sc1909,409.9,0.1,-0.1,0.3,-0.2,0.5,1.2,-0.5,1.7,-2.7,2.6,1.6
2019-08-12,sc1909,418.8,1.1,-0.2,0.6,-0.6,0.8,0.3,1.1,1.0,-0.4,0.6,0.7
2019-08-13,sc1909,419.7,0.8,0.0,0.6,-0.2,0.4,0.9,0.0,1.3,-1.6,1.5,1.8
2019-08-14,sc1909,430.9,2.3,0.1,0.7,0.0,0.7,0.0,0.9,0.8,0.5,0.1,1.0
2019-08-15,sc1909,420.5,2.1,0.2,0.8,-0.3,0.3,-0.7,1.5,1.1,-0.2,1.0,0.1
2019-08-16,sc1909,418.6,4.1,0.9,0.6,0.0,0.3,-1.3,1.7,1.2,-0.8,1.9,0.2
2019-08-19,sc1909,425.7,6.6,2.2,1.4,0.4,-0.2,-1.1,0.5,1.1,1.9,0.1,-0.3
2019-08-20,sc1909,432.8,7.3,2.4,1.9,1.2,-0.2,-0.9,-0.4,0.8,0.4,0.5,0.3
2019-08-21,sc1909,429.5,5.8,1.2,1.4,1.6,0.7,-0.1,-0.5,0.7,-0.2,1.0,0.3
2019-08-22,sc1909,432.7,5.3,0.4,1.0,1.6,0.4,0.5,3.0,0.1,-3.2,-0.5,0.8
2019-08-23,sc1909,428.5,2.9,0.4,1.4,1.4,0.0,-0.8,4.8,-1.3,0.1,-0.3,0.6
2019-08-26,sc1909,422.8,1.5,0.9,1.9,1.5,0.9,-1.8,0.8,2.2,0.0,-0.6,0.5
2019-08-27,sc1909,425.2,2.6,0.6,1.4,1.5,0.7,0.1,0.7,0.2,1.0,-0.9,0.3
2019-08-28,sc1909,423.0,-0.8,0.5,1.3,0.9,0.8,0.9,2.2,-0.6,1.6,-1.3,0.3
2019-08-29,sc1909,429.0,-1.7,0.8,1.4,0.7,1.0,1.4,1.6,0.5,-0.4,1.0,0.5
2019-08-30,sc1909,411.8,-24.7,2.2,2.1,0.9,0.9,1.9,-0.9,2.0,0.5,-0.9,1.4
2019-09-02,sc1910,432.7,3.9,2.5,1.7,1.1,-0.5,0.0,-0.1,1.2,0.9,0.7,0.6
2019-09-03,sc1910,430.3,3.6,2.7,1.7,1.0,0.7,-1.3,1.5,1.3,-0.4,1.3,1.7
2019-09-04,sc1910,425.5,3.9,3.2,1.1,1.4,0.9,-1.5,1.4,0.4,-1.0,1.3,3.0
2019-09-05,sc1910,439.2,4.1,2.3,0.9,1.3,1.4,-0.3,1.2,1.8,0.1,-0.5,2.1
2019-09-06,sc1910,445.1,4.2,2.5,0.5,1.3,1.7,-0.5,1.4,2.0,0.2,-0.8,0.7
2019-09-09,sc1910,444.6,5.9,2.9,1.1,0.9,-0.1,0.5,1.5,0.9,0.1,1.2,-1.1
2019-09-10,sc1910,450.1,2.1,2.7,1.4,1.7,1.7,-0.9,1.0,1.8,0.6,0.9,1.8
2019-09-11,sc1910,460.9,11.0,3.8,1.9,2.3,1.3,-1.4,0.0,4.0,-2.2,1.1,0.5
2019-09-12,sc1910,450.3,10.1,3.7,1.9,2.4,0.8,-0.3,-0.6,3.5,-1.7,1.2,0.4
2019-09-16,sc1910,479.8,6.6,4.7,3.3,2.7,2.7,-0.6,1.2,0.3,2.0,-5.9,4.7
2019-09-17,sc1910,496.7,11.6,6.5,6.8,3.7,2.5,-1.5,0.3,4.6,-0.2,-5.1,6.1
2019-09-18,sc1910,487.2,14.9,7.7,6.9,5.0,2.7,-0.4,-2.4,6.7,-4.5,-1.0,5.3
2019-09-19,sc1910,473.5,10.2,6.8,6.6,5.6,2.4,2.2,-3.0,4.9,-4.2,-1.7,7.0
2019-09-20,sc1910,458.5,-5.7,5.1,6.4,5.1,2.8,1.8,1.2,1.7,1.2,-3.1,1.3
2019-09-23,sc1910,472.7,5.9,5.7,6.2,4.7,1.9,3.1,-0.6,2.5,-2.3,1.0,2.2
2019-09-24,sc1911,464.3,5.5,6.0,4.3,2.1,3.5,-0.6,0.9,-0.6,0.9,1.8,-0.4
2019-09-25,sc1911,457.2,5.9,5.9,4.2,2.2,2.9,-0.4,0.4,-0.2,1.2,1.5,0.7
2019-09-26,sc1911,449.8,5.8,5.8,3.8,2.1,3.1,-0.8,1.2,-0.3,0.7,0.7,1.5
2019-09-27,sc1911,448.7,5.3,5.1,4.5,1.9,2.6,0.8,-1.9,2.5,1.1,0.8,1.1
2019-09-30,sc1911,448.1,4.9,5.3,3.9,1.9,2.5,1.0,0.1,0.8,1.2,1.2,0.5
2019-10-08,sc1911,437.6,4.2,5.9,4.3,1.5,3.5,-0.2,0.2,0.5,0.9,-1.4,3.1
2019-10-09,sc1911,447.0,5.6,6.9,4.5,1.9,1.6,-1.0,2.2,-0.6,0.7,1.1,1.0
2019-10-10,sc1911,451.7,6.5,6.6,5.4,2.7,1.5,-0.9,1.9,-0.7,0.2,1.2,0.9
2019-10-11,sc1911,458.1,7.3,6.9,5.1,2.4,0.8,-1.1,4.0,-2.2,0.5,1.7,0.2
2019-10-14,sc1911,471.7,6.5,7.7,5.8,2.6,0.6,0.4,3.7,2.3,0.9,-4.0,-0.6
2019-10-15,sc1911,466.6,7.5,7.6,5.3,2.4,0.5,0.9,3.8,-3.1,-0.1,3.5,-1.7
2019-10-16,sc1911,465.1,9.6,7.3,5.0,2.6,0.7,0.4,2.5,-0.5,-1.1,2.7,-0.6
2019-10-17,sc1911,451.4,2.8,6.1,5.6,2.6,2.2,0.2,1.9,1.0,-2.3,2.6,-0.7
2019-10-18,sc1911,445.1,0.2,5.7,5.8,2.2,0.0,4.0,0.5,-0.9,-1.0,2.2,-0.2
2019-10-21,sc1911,443.2,-2.7,5.5,6.1,2.4,0.7,1.0,1.0,-0.3,-0.3,1.4,0.7
2019-10-22,sc1911,437.2,-5.5,5.7,6.0,2.0,0.3,2.1,-0.1,0.9,0.0,1.2,0.7
2019-10-23,sc1911,438.6,-5.5,5.0,6.1,1.9,1.5,2.4,-0.9,0.1,0.2,-0.1,2.2
2019-10-24,sc1911,441.3,-5.6,4.8,6.2,1.9,2.3,0.8,0.8,0.5,-0.5,0.9,0.9
2019-10-25,sc1911,451.1,-1.5,5.1,6.2,2.9,1.0,0.3,1.9,0.1,-1.4,0.7,1.5
2019-10-28,sc1911,447.9,-6.6,5.3,5.9,3.8,2.1,-1.1,1.7,-0.9,-0.4,1.9,-0.4
2019-10-29,sc1911,456.7,1.0,5.7,6.1,3.7,2.4,-0.4,2.0,-1.2,0.0,0.5,1.2
2019-10-30,sc1911,451.1,-3.6,5.8,5.9,4.3,2.1,-0.5,2.8,-1.0,-0.7,2.3,-0.4
2019-10-31,sc1911,452.8,1.4,4.7,6.5,5.2,2.3,-1.3,3.9,-3.1,1.3,3.2,-1.5
2019-11-01,sc1912,444.3,4.0,6.5,4.9,2.6,1.1,0.8,-0.3,0.9,1.7,0.4,0.4
2019-11-04,sc1912,449.3,3.4,6.5,4.6,2.8,2.3,0.5,0.2,0.4,2.7,-0.8,0.8
2019-11-05,sc1912,458.4,4.6,6.6,4.3,2.5,0.2,3.5,-1.3,0.6,4.4,-2.4,1.4
2019-11-06,sc1912,459.6,4.1,6.7,5.1,2.4,0.8,2.9,-1.3,0.5,4.4,-1.9,1.4
2019-11-07,sc1912,456.4,2.7,6.6,5.5,3.1,1.8,2.8,-1.8,0.8,2.9,-1.5,1.5
2019-11-08,sc1912,456.0,2.4,5.7,5.3,3.8,1.3,3.3,-1.3,0.2,5.6,-3.4,0.7
2019-11-11,sc1912,452.8,1.7,5.1,5.4,4.7,1.1,3.0,-1.2,0.2,4.0,-1.9,0.6
2019-11-12,sc1912,455.9,1.3,4.4,5.7,4.5,2.3,2.4,0.0,-1.2,5.2,-3.3,2.9
2019-11-13,sc1912,453.9,-0.2,4.1,5.8,3.9,1.3,3.5,-0.5,-0.1,5.9,-3.9,0.5
2019-11-14,sc1912,453.4,-0.2,3.5,5.2,3.7,3.3,1.6,-0.8,1.5,5.0,-2.9,0.6
2019-11-15,sc1912,453.9,-0.7,5.0,3.8,3.0,3.6,1.7,0.4,1.1,3.3,-1.3,1.2
2019-11-18,sc1912,453.7,0.3,3.6,3.9,3.2,2.8,2.5,3.3,-1.2,3.7,-1.2,1.9
2019-11-19,sc1912,454.0,1.6,3.2,4.8,3.0,2.7,0.8,2.9,-0.1,1.7,0.1,2.0
2019-11-20,sc1912,451.2,4.2,3.0,4.4,4.1,1.4,1.2,2.5,0.0,1.2,0.7,0.8
2019-11-21,sc1912,454.8,5.0,3.0,4.4,3.2,1.6,0.8,4.7,-0.6,3.7,-1.4,-0.8
2019-11-22,sc1912,453.8,-3.6,4.1,4.1,3.6,2.3,1.3,3.5,-0.2,4.1,-2.2,0.4
2019-11-25,sc1912,456.1,-5.2,4.6,4.8,3.0,2.4,2.2,0.7,1.4,2.9,-0.5,-0.6
2019-11-26,sc1912,454.6,-6.7,4.4,4.6,3.6,2.3,2.1,3.4,-1.3,4.7,-2.6,2.2
2019-11-27,sc1912,456.2,-6.2,4.6,4.3,3.2,3.0,2.8,2.2,-0.2,3.6,-2.2,1.4
2019-11-28,sc1912,447.3,-14.6,4.0,4.9,3.4,3.3,2.4,1.7,-0.2,4.5,-3.7,-0.5
2019-11-29,sc1912,451.2,-10.9,4.2,4.7,3.8,4.1,1.5,1.2,-1.3,5.5,-3.8,-0.3
2019-12-02,sc2001,454.8,4.3,4.7,4.7,4.0,2.1,-0.8,-0.5,4.9,-3.9,1.9,2.2
2019-12-03,sc2001,451.7,4.2,4.2,4.4,3.4,3.0,1.9,-1.4,3.9,-3.7,1.1,2.2
2019-12-04,sc2001,449.2,3.4,3.6,4.5,3.6,2.7,1.2,0.5,3.3,-1.0,-0.7,2.0
2019-12-05,sc2001,456.3,1.7,3.1,3.8,4.1,2.9,2.4,-0.5,3.6,-2.5,0.5,4.5
2019-12-06,sc2001,458.0,0.9,3.4,3.6,4.1,3.1,1.8,0.1,4.0,-2.4,-0.3,4.3
2019-12-09,sc2001,464.8,2.8,3.0,4.0,3.8,2.3,2.1,1.3,3.0,-1.4,2.3,-0.1
2019-12-10,sc2001,469.2,2.8,2.5,4.4,4.2,2.6,2.4,1.3,0.4,0.4,3.2,-2.0
2019-12-11,sc2001,470.9,4.1,3.5,4.6,3.9,2.4,2.6,1.1,-0.3,0.6,0.2,1.1
2019-12-12,sc2001,466.1,1.2,3.5,4.8,4.0,2.2,2.6,0.2,1.2,-0.2,1.1,2.1
2019-12-13,sc2001,462.2,-4.0,3.3,4.8,4.2,3.0,2.1,-0.2,0.5,0.7,4.6,-4.6
2019-12-16,sc2001,467.4,-3.1,3.1,4.3,3.4,3.2,2.7,1.0,3.2,-0.3,1.6,0.7
2019-12-17,sc2001,470.2,-1.7,2.8,3.9,3.8,3.1,2.1,2.4,2.4,-1.0,1.0,1.5
2019-12-18,sc2001,480.4,5.4,1.6,4.2,3.8,3.2,3.5,1.6,1.9,-1.4,2.1,1.7
2019-12-19,sc2001,476.3,-0.8,1.1,4.3,3.8,3.6,4.7,0.5,2.5,-2.5,1.7,4.8
2019-12-20,sc2001,468.0,-12.0,2.0,4.3,3.5,3.0,3.5,2.4,2.3,-1.8,0.7,4.9
2019-12-23,sc2002,478.1,1.8,4.1,3.5,3.2,3.3,1.5,3.1,-2.4,0.9,5.0,4.7
2019-12-24,sc2002,479.1,2.5,4.2,3.5,2.8,3.4,1.7,2.4,-2.3,2.9,3.8,-2.9
2019-12-25,sc2002,483.6,2.5,4.3,3.5,2.8,3.4,2.6,1.7,-1.3,1.5,3.5,-2.5
2019-12-26,sc2002,484.4,2.2,4.2,3.1,2.5,3.5,5.8,0.0,-0.8,3.8,5.4,-6.1
2019-12-27,sc2002,487.1,1.6,4.0,3.6,2.7,3.7,5.0,-1.1,2.2,3.0,4.3,-1.8
2019-12-30,sc2002,490.2,1.9,4.6,3.5,2.8,3.1,4.0,1.4,-1.2,3.9,3.5,0.0
2019-12-31,sc2002,487.5,1.3,4.6,3.4,3.2,3.2,1.7,1.8,1.6,2.0,4.9,-0.3
2020-01-02,sc2002,481.7,0.6,4.1,3.4,3.2,4.0,2.3,1.8,0.0,1.6,5.6,-0.5
2020-01-03,sc2002,486.5,1.0,3.9,4.2,3.1,3.0,3.7,1.2,1.2,1.5,2.4,1.8
2020-01-06,sc2002,507.8,0.1,4.2,5.5,3.8,4.7,3.6,2.6,0.9,6.4,-0.6,0.6
2020-01-07,sc2002,499.9,-6.6,3.7,5.4,4.3,5.1,0.6,4.9,-2.2,5.3,3.5,-3.3
2020-01-08,sc2002,498.4,-7.3,3.5,4.4,4.2,4.8,2.2,3.6,-0.5,3.0,5.2,-3.1
2020-01-09,sc2002,483.2,-7.0,3.7,3.6,3.1,2.8,2.6,2.9,4.4,4.6,-7.7,10.9
2020-01-10,sc2002,470.9,-8.3,3.4,3.0,3.0,2.9,4.7,2.9,4.9,3.3,0.4,2.8
2020-01-13,sc2002,468.8,-8.7,3.3,2.8,2.6,2.6,5.3,3.1,3.5,1.9,1.7,4.6
2020-01-14,sc2002,458.6,-11.5,3.8,2.1,2.5,4.4,2.8,2.1,3.5,3.0,0.9,4.8
2020-01-15,sc2002,458.0,-8.1,4.4,1.9,1.9,2.9,1.9,3.5,4.3,2.1,1.2,5.5
2020-01-16,sc2002,453.3,-9.9,4.5,1.7,1.4,1.9,1.5,3.3,6.1,1.4,1.0,5.7
2020-01-17,sc2003,465.3,4.5,1.8,1.6,2.0,2.3,3.1,3.6,1.6,1.9,4.3,8.1
2020-01-20,sc2003,466.1,4.0,2.1,1.6,1.4,2.1,4.1,2.3,3.1,0.1,3.7,2.1
2020-01-21,sc2003,464.0,2.6,2.3,1.5,1.9,2.3,3.8,2.6,1.8,2.2,4.1,1.5
2020-01-22,sc2003,461.0,1.0,1.3,0.3,1.5,3.4,1.7,3.7,1.7,3.0,2.8,1.3
2020-01-23,sc2003,451.1,0.4,1.2,0.7,2.1,2.5,1.5,3.3,2.1,1.0,4.4,1.3
2020-02-03,sc2003,431.3,1.0,17.6,0.9,-8.9,-3.4,12.5,-8.7,2.0,9.9,-5.6,22.0
2020-02-04,sc2003,396.5,-2.5,-3.3,-0.9,-0.3,-3.1,2.1,-3.6,3.4,0.3,3.3,2.4
2020-02-05,sc2003,396.8,-3.3,-1.7,-1.1,-1.1,-2.4,-1.0,-0.5,0.9,1.4,-1.8,2.3
2020-02-06,sc2003,402.3,-5.4,-1.2,-0.6,-0.5,-2.5,1.9,-0.6,1.5,-1.3,-1.3,2.1
2020-02-07,sc2003,398.4,-6.2,-1.5,-1.1,-1.3,-2.3,0.5,0.8,0.2,-0.8,1.5,0.7
2020-02-10,sc2003,393.5,-6.3,-1.1,-1.3,-1.5,-2.9,-0.4,1.8,-0.8,-2.8,3.7,1.7
2020-02-11,sc2003,391.7,-6.7,-0.8,-1.0,-2.2,-2.7,-1.2,0.9,-0.3,-2.2,2.4,1.5
2020-02-12,sc2003,394.5,-7.4,-0.3,0.2,-1.8,-2.9,-0.3,-1.4,0.5,-1.2,-1.4,3.9
2020-02-13,sc2003,400.0,-7.7,-0.4,0.3,-1.3,-2.4,0.0,-2.3,1.7,-1.2,-1.4,1.8
2020-02-14,sc2003,399.6,-8.0,-0.8,0.3,-0.9,-1.4,-1.3,-1.9,0.2,0.4,-0.6,0.7
2020-02-17,sc2003,401.5,-8.2,-2.9,-0.2,-0.7,-1.6,-0.4,-2.2,0.8,0.0,-0.5,1.6
2020-02-18,sc2003,399.2,-8.5,-3.4,-0.8,-0.9,-1.2,-1.6,-2.3,1.1,1.0,-1.0,0.2
2020-02-19,sc2003,403.8,-7.9,-3.0,-1.3,-1.1,-1.7,-0.5,-3.3,-1.0,1.9,1.7,-0.8
2020-02-20,sc2003,411.9,-7.8,-2.3,-0.8,-0.8,-1.8,-0.3,-2.2,-0.7,0.4,-0.1,0.0
2020-02-21,sc2003,408.9,-7.9,-2.5,-0.2,-0.5,-1.9,0.0,-3.5,0.7,0.1,-1.3,0.4
2020-02-24,sc2003,393.1,-8.1,-4.1,-1.6,-0.9,-1.5,-1.0,-1.3,-0.4,-0.5,0.9,-0.6
2020-02-25,sc2003,388.3,-9.2,-4.6,-2.0,-1.6,-1.3,-2.1,-1.2,-1.5,0.4,3.7,-1.4
2020-02-26,sc2003,377.9,-9.0,-5.0,-2.9,-2.8,-2.0,-2.3,-0.2,-3.4,-0.3,4.1,1.1
2020-02-27,sc2003,360.3,-8.8,-5.9,-2.6,-2.4,-2.3,-3.1,-3.2,-1.6,-12.3,7.6,4.0
2020-02-28,sc2003,347.0,-10.4,-5.8,-2.5,-2.3,-2.7,-2.9,-2.7,-2.0,-1.4,-2.3,0.0
2020-03-02,sc2004,359.7,-7.1,-2.9,-1.7,-2.5,-2.2,-1.7,-2.2,-3.3,0.3,-1.5,0.8
2020-03-03,sc2004,372.4,-5.9,-2.5,-1.9,-1.8,-1.5,-1.3,-4.1,-0.8,0.6,-1.5,0.1
2020-03-04,sc2004,368.5,-6.9,-2.8,-2.2,-2.5,-2.4,-0.8,-3.1,-2.9,0.1,1.5,-3.8
2020-03-05,sc2004,366.6,-7.5,-2.7,-2.4,-2.5,-2.5,-2.0,-2.0,-3.1,1.2,-0.3,-4.1
2020-03-06,sc2004,351.9,-7.7,-4.0,-3.3,-2.9,-3.2,-1.8,-3.1,-2.3,-1.6,-2.2,-0.1
2020-03-09,sc2004,340.4,-7.1,-4.5,-3.3,-2.1,-3.7,-1.0,-2.4,-2.9,-4.8,-7.5,10.5
2020-03-10,sc2004,325.5,-6.8,-4.4,-3.1,-2.0,5.8,-10.2,-7.6,12.1,-19.5,-7.2,33.2
2020-03-11,sc2004,275.2,-7.9,-6.3,-6.3,-7.3,-7.5,-5.0,-6.0,-4.5,-7.1,-4.5,-2.7
2020-03-12,sc2004,252.6,-7.6,-6.8,-7.4,-7.1,-7.4,-5.5,-5.9,-6.6,-6.4,-6.4,-7.3
2020-03-13,sc2004,252.7,-7.2,-7.0,-7.6,-7.5,-7.4,-7.0,-6.0,-5.5,-7.3,-5.2,-5.7
2020-03-16,sc2004,250.1,-7.2,-6.4,-7.4,-7.5,-7.5,-6.7,-6.5,-6.2,-7.5,-4.9,-6.8
2020-03-17,sc2004,239.4,-7.2,-5.1,-7.8,-7.6,-7.2,-7.0,-7.0,-6.2,-4.9,-7.2,-6.3
2020-03-18,sc2004,232.3,-6.6,-5.6,-7.6,-7.4,-7.5,-7.1,-7.4,-5.9,-5.4,-7.3,-6.0
2020-03-19,sc2004,215.0,-7.2,-6.1,-7.4,-7.8,-7.0,-7.4,-7.4,-7.1,-7.4,-6.1,-7.2
2020-03-20,sc2004,232.9,-8.2,-6.4,-7.1,-7.3,-6.9,-6.9,-6.3,-6.5,-7.4,-7.0,-5.2
2020-03-23,sc2004,229.8,-6.2,-6.7,-6.9,-7.2,-7.1,-6.6,-6.3,-6.0,-7.8,-6.8,-5.9
2020-03-24,sc2004,245.4,-7.3,-5.9,-6.7,-7.5,-7.2,-6.3,-6.8,-6.3,-5.5,-8.1,-4.1
2020-03-25,sc2004,251.4,-7.2,-5.4,-6.4,-7.6,-7.2,-6.3,-6.6,-5.2,-7.0,-7.3,-3.1
2020-03-26,sc2004,249.1,-6.9,-5.6,-7.1,-7.6,-7.3,-6.1,-6.6,-5.4,-7.3,-7.3,-4.0
2020-03-27,sc2004,243.8,-7.6,-5.6,-6.6,-7.6,-7.1,-6.3,-7.3,-6.5,-5.8,-6.2,-6.0
2020-03-30,sc2004,239.1,-3.2,-6.2,-7.2,-7.8,-7.5,-6.1,-7.9,-7.3,-6.2,-6.4,-6.4
2020-03-31,sc2004,245.1,-12.9,-6.5,-6.6,-7.7,-7.8,-5.9,-7.8,-6.2,-6.8,-7.7,-2.5
2020-04-01,sc2005,256.9,-6.0,-6.6,-7.7,-7.7,-5.9,-7.6,-6.6,-6.3,-6.3,-4.8,-6.4
2020-04-02,sc2005,267.4,-6.9,-6.5,-7.6,-7.6,-5.8,-7.5,-6.3,-6.7,-6.2,-3.5,-7.1
2020-04-03,sc2005,278.3,-7.0,-6.7,-7.4,-7.1,-6.1,-7.6,-6.5,-7.0,-7.1,-2.4,-6.2
2020-04-07,sc2005,289.2,-6.8,-6.2,-7.3,-6.8,-5.9,-7.2,-5.9,-5.6,-5.8,-6.0,-6.5
2020-04-08,sc2005,285.9,-7.1,-6.2,-7.1,-6.6,-5.9,-7.0,-5.7,-6.9,-6.9,-4.0,-5.0
2020-04-09,sc2005,293.4,-6.9,-5.2,-6.2,-6.3,-5.4,-6.4,-5.1,-5.6,-6.5,-4.1,-5.6
2020-04-10,sc2005,285.0,-7.0,-6.8,-7.2,-6.9,-5.4,-6.8,-5.5,-5.9,-4.2,-5.9,-3.3
2020-04-13,sc2005,286.5,-7.3,-7.2,-7.3,-7.6,-5.8,-7.7,-7.1,-5.6,-6.2,-6.4,-2.8
2020-04-14,sc2005,276.3,-7.8,-7.6,-7.8,-7.9,-6.5,-8.3,-7.0,-7.4,-5.1,-7.4,-4.1
2020-04-15,sc2005,267.7,-7.5,-8.7,-9.0,-8.7,-7.9,-8.8,-8.1,-7.2,-6.4,-8.0,-5.1
2020-04-16,sc2005,258.4,-9.0,-11.7,-11.9,-12.8,-9.3,-9.1,-8.4,-8.2,-7.6,-6.7,-6.1
2020-04-17,sc2005,245.3,-7.0,-12.7,-14.3,-14.2,-11.1,-11.7,-10.4,-9.6,-7.8,-7.7,-8.2
2020-04-20,sc2005,234.2,-7.2,-12.6,-14.6,-14.7,-12.2,-12.4,-10.3,-10.7,-8.9,-7.9,-6.8
2020-04-21,sc2005,228.2,-6.6,-13.1,-14.7,-15.0,-13.4,-11.4,-9.4,-10.4,-8.8,-9.8,-9.3
2020-04-22,sc2005,205.4,-5.3,-12.2,-13.0,-13.4,-11.9,-10.4,-7.2,-10.3,-4.8,-12.5,-14.7
2020-04-23,sc2005,213.7,-7.5,-15.1,-16.3,-17.0,-13.4,-10.9,-8.7,-10.9,-8.9,-8.7,-10.4
2020-04-24,sc2005,225.2,-6.9,-14.2,-16.7,-17.3,-12.7,-11.0,-8.8,-10.6,-9.2,-7.9,-8.4
2020-04-27,sc2005,212.7,-7.1,-15.6,-18.6,-18.2,-13.3,-11.7,-9.2,-11.1,-9.6,-7.4,-7.7
2020-04-28,sc2005,202.2,-6.7,-21.0,-22.0,-20.1,-16.1,-14.7,-12.4,-12.2,-9.6,-9.6,-9.5
2020-04-29,sc2005,212.9,-9.3,-21.5,-21.2,-21.9,-18.1,-17.3,-13.5,-12.0,-10.0,-9.8,-9.9
2020-04-30,sc2005,227.2,-7.3,-17.9,-16.5,-20.4,-15.9,-13.7,-11.8,-13.1,-10.3,-10.2,-9.5
2020-05-06,sc2006,248.2,-18.1,-13.9,-15.9,-13.7,-12.5,-10.9,-12.0,-11.2,-8.0,-8.3,-25.4
2020-05-07,sc2006,246.8,-14.9,-13.6,-15.3,-13.3,-13.3,-11.3,-12.1,-10.3,-8.0,-8.3,-5.9
2020-05-08,sc2006,247.1,-14.1,-13.5,-14.8,-12.2,-12.2,-9.9,-11.3,-9.1,-7.4,-8.6,-7.0
2020-05-11,sc2006,243.7,-15.2,-15.5,-15.8,-12.5,-12.2,-9.6,-10.5,-8.4,-6.7,-8.0,-5.2
2020-05-12,sc2006,241.1,-15.7,-16.1,-15.8,-12.2,-11.9,-9.2,-10.0,-9.5,-6.5,-7.8,-4.8
2020-05-13,sc2006,237.4,-15.3,-16.7,-16.1,-11.6,-11.6,-8.4,-9.0,-8.7,-6.9,-6.9,-4.1
2020-05-14,sc2006,231.6,-15.7,-17.1,-16.9,-11.4,-10.0,-7.7,-8.2,-8.2,-6.8,-7.5,-3.7
2020-05-15,sc2006,238.7,-16.5,-16.2,-15.6,-10.0,-9.8,-7.8,-9.4,-8.4,-8.1,-7.8,-3.3
2020-05-18,sc2006,246.7,-15.3,-14.2,-14.3,-8.7,-7.8,-6.5,-9.0,-9.4,-7.3,-7.5,-5.2
2020-05-19,sc2006,258.5,-14.2,-12.8,-12.5,-8.0,-7.3,-6.1,-7.8,-8.8,-7.1,-6.7,-5.5
2020-05-20,sc2006,254.3,-13.6,-14.7,-13.3,-7.8,-7.4,-6.1,-8.4,-8.6,-7.8,-6.7,-3.6
2020-05-21,sc2006,261.8,-13.2,-14.1,-11.5,-7.4,-7.1,-6.4,-7.5,-8.1,-8.5,-6.2,-5.0
2020-05-22,sc2006,258.5,-13.3,-14.9,-12.3,-7.5,-7.0,-6.5,-8.3,-8.7,-8.6,-5.7,-5.3
2020-05-25,sc2006,253.8,-14.2,-15.2,-13.2,-8.6,-8.0,-7.1,-8.3,-8.8,-8.1,-5.1,-5.6
2020-05-26,sc2006,259.2,-14.2,-14.8,-12.6,-8.0,-7.8,-7.1,-8.0,-9.1,-7.7,-4.5,-6.2
2020-05-27,sc2006,258.4,-14.3,-15.4,-13.6,-8.4,-7.9,-7.1,-7.8,-9.0,-7.4,-5.0,-6.6
2020-05-28,sc2006,258.0,-15.7,-14.8,-13.0,-8.2,-7.8,-7.1,-7.7,-9.1,-7.1,-6.1,-5.8
2020-05-29,sc2006,261.1,-14.3,-15.2,-12.5,-8.0,-7.3,-6.7,-7.7,-8.8,-6.9,-6.7,-4.7
2020-06-01,sc2007,276.8,-14.4,-12.9,-8.4,-7.4,-6.9,-7.8,-8.7,-6.8,-5.8,-5.5,-4.4
2020-06-02,sc2007,278.3,-14.4,-13.3,-8.9,-7.6,-6.9,-7.8,-8.6,-6.4,-5.7,-5.1,-6.9
2020-06-03,sc2007,286.7,-13.1,-11.0,-7.7,-7.2,-6.7,-7.6,-8.4,-6.0,-6.5,-4.6,-6.5
2020-06-04,sc2007,284.3,-14.4,-12.4,-8.3,-7.1,-6.4,-7.8,-7.4,-5.6,-5.6,-5.1,-5.4
2020-06-05,sc2007,282.2,-14.4,-12.6,-8.5,-7.7,-6.6,-7.6,-7.8,-6.1,-5.2,-4.8,-5.9
2020-06-08,sc2007,292.1,-14.5,-11.6,-7.8,-6.7,-6.2,-7.4,-7.2,-5.1,-5.9,-4.9,-6.6
2020-06-09,sc2007,290.4,-14.6,-12.3,-8.1,-6.4,-5.8,-7.2,-7.3,-5.3,-5.6,-4.6,-6.0
2020-06-10,sc2007,288.3,-14.4,-12.5,-8.3,-6.5,-5.8,-7.1,-7.0,-5.4,-6.2,-5.1,-7.2
2020-06-11,sc2007,285.4,-14.5,-12.1,-8.2,-6.6,-5.8,-7.1,-6.8,-5.2,-6.5,-5.2,-7.6
2020-06-12,sc2007,270.5,-14.7,-12.9,-8.8,-7.9,-6.6,-7.5,-7.4,-5.8,-7.7,-5.6,-6.0
2020-06-15,sc2007,267.8,-15.2,-13.6,-9.8,-8.7,-7.0,-7.8,-7.2,-5.4,-6.7,-7.6,-5.3
2020-06-16,sc2007,270.2,-15.2,-13.8,-9.9,-9.0,-6.4,-7.7,-7.1,-4.9,-5.8,-7.7,-4.9
2020-06-17,sc2007,279.5,-14.9,-13.6,-9.4,-8.2,-5.6,-6.7,-5.7,-5.8,-6.7,-5.2,-4.9
2020-06-18,sc2007,279.7,-14.8,-13.6,-9.2,-8.0,-5.1,-6.6,-5.8,-5.8,-6.2,-5.3,-5.9
2020-06-19,sc2007,281.9,-14.5,-13.5,-8.5,-7.8,-5.3,-6.9,-5.5,-5.0,-6.6,-5.0,-5.2
2020-06-22,sc2007,284.4,-14.2,-13.1,-8.4,-7.7,-5.4,-6.2,-5.1,-5.0,-5.7,-5.8,-4.9
2020-06-23,sc2007,285.0,-13.7,-13.3,-9.7,-7.9,-5.6,-6.5,-4.7,-4.5,-4.8,-5.4,-5.0
2020-06-24,sc2007,285.4,-13.2,-13.2,-9.5,-8.4,-6.2,-6.4,-4.4,-4.5,-5.2,-4.3,-4.8
2020-06-29,sc2007,273.2,-13.5,-13.1,-8.8,-8.0,-6.8,-6.7,-4.5,-4.5,-5.6,-5.0,-4.4
2020-06-30,sc2007,281.2,-11.3,-12.3,-8.5,-7.8,-6.7,-6.3,-4.4,-4.6,-6.1,-5.1,-2.1
2020-07-01,sc2008,292.0,-12.3,-8.4,-7.6,-6.5,-6.2,-4.5,-4.7,-5.4,-6.1,-2.2,-3.6
2020-07-02,sc2008,294.5,-11.8,-8.0,-7.4,-6.2,-5.9,-4.6,-4.1,-5.3,-5.0,-2.5,-4.5
2020-07-03,sc2008,298.6,-11.7,-7.9,-7.1,-5.9,-5.2,-4.3,-4.0,-4.7,-6.0,-3.3,-3.7
2020-07-06,sc2008,296.8,-11.9,-8.6,-8.0,-6.6,-5.0,-3.3,-3.7,-4.2,-4.6,-2.9,-4.1
2020-07-07,sc2008,297.8,-13.0,-8.8,-8.4,-6.8,-4.8,-3.6,-2.7,-4.3,-3.5,-2.8,-4.3
2020-07-08,sc2008,298.7,-12.2,-8.8,-8.5,-6.7,-5.0,-2.9,-3.2,-4.1,-4.3,-3.8,-3.1
2020-07-09,sc2008,299.1,-12.9,-8.8,-8.2,-6.3,-4.6,-3.2,-3.1,-3.4,-4.7,-3.1,-4.6
2020-07-10,sc2008,293.8,-13.0,-9.3,-8.8,-7.0,-4.7,-3.4,-3.2,-4.7,-4.2,-2.5,-3.9
2020-07-13,sc2008,296.2,-12.7,-9.2,-9.0,-7.4,-4.9,-3.1,-3.3,-4.5,-3.2,-3.9,-3.5
2020-07-14,sc2008,293.5,-13.0,-9.3,-9.4,-8.3,-5.3,-3.4,-3.6,-3.6,-3.1,-5.0,-3.0
2020-07-15,sc2008,294.9,-12.5,-9.3,-9.4,-8.3,-5.5,-3.2,-4.0,-3.0,-3.7,-4.7,-3.1
2020-07-16,sc2008,293.1,-12.9,-8.6,-9.6,-9.9,-5.1,-4.0,-3.8,-2.7,-3.8,-5.2,-3.2
2020-07-17,sc2008,289.6,-12.8,-9.2,-10.4,-10.0,-5.4,-4.9,-3.7,-4.0,-3.9,-3.9,-1.9
2020-07-20,sc2008,284.0,-12.9,-9.6,-11.1,-10.8,-6.3,-5.3,-4.8,-4.3,-4.2,-4.4,-1.4
2020-07-21,sc2008,284.8,-13.6,-9.3,-10.9,-10.4,-6.7,-4.8,-4.9,-5.3,-3.4,-4.4,-2.4
2020-07-22,sc2008,289.2,-13.4,-9.1,-10.5,-10.4,-6.4,-4.6,-4.5,-5.4,-4.3,-4.1,-1.9
2020-07-23,sc2008,286.6,-13.3,-9.4,-10.8,-10.8,-6.5,-4.6,-4.3,-5.6,-3.9,-4.2,-3.4
2020-07-24,sc2008,286.2,-13.3,-9.3,-10.7,-10.5,-6.1,-5.1,-4.2,-5.9,-4.0,-4.3,-2.7
2020-07-27,sc2008,282.1,-13.0,-9.5,-10.9,-10.8,-6.6,-5.6,-4.9,-5.7,-3.5,-4.7,-1.6
2020-07-28,sc2008,278.4,-12.9,-9.7,-12.0,-11.7,-7.0,-6.1,-5.1,-5.9,-3.6,-4.6,-2.1
2020-07-29,sc2008,276.7,-13.3,-9.6,-12.4,-11.7,-7.3,-6.4,-5.0,-5.8,-4.2,-4.9,-2.6
2020-07-30,sc2008,279.5,-13.4,-9.4,-12.3,-11.5,-7.2,-5.9,-5.3,-5.3,-5.0,-3.7,-2.3
2020-07-31,sc2008,274.1,-12.4,-10.0,-12.6,-11.5,-7.6,-6.9,-5.7,-6.4,-4.8,-4.4,-2.5
2020-08-03,sc2009,281.7,-10.1,-13.1,-12.0,-7.7,-6.6,-5.3,-7.9,-3.4,-6.0,-3.1,-2.9
2020-08-04,sc2009,282.3,-9.7,-13.4,-12.7,-7.8,-7.0,-5.8,-7.9,-3.8,-7.5,-1.7,-4.1
2020-08-05,sc2009,280.7,-9.5,-12.8,-12.8,-8.2,-7.8,-5.8,-7.6,-4.8,-8.6,-2.1,-4.3
2020-08-06,sc2009,282.5,-9.7,-12.6,-12.2,-9.6,-6.4,-5.7,-7.2,-6.1,-6.5,-4.5,-4.4
2020-08-07,sc2009,282.5,-9.6,-13.0,-12.6,-9.6,-6.0,-5.0,-6.0,-5.3,-7.6,-5.1,-3.1
2020-08-10,sc2009,281.9,-9.6,-13.0,-12.5,-9.3,-5.9,-5.0,-5.8,-5.8,-6.5,-5.7,-4.3
2020-08-11,sc2009,284.6,-9.5,-12.7,-12.2,-9.0,-5.9,-4.6,-6.2,-6.2,-5.7,-7.4,-2.7
2020-08-12,sc2009,284.2,-9.7,-12.9,-12.1,-8.5,-5.2,-5.2,-6.3,-5.8,-6.2,-6.4,-3.0
2020-08-13,sc2009,283.6,-9.7,-12.9,-12.1,-8.7,-5.8,-4.7,-6.9,-5.3,-6.9,-4.6,-4.9
2020-08-14,sc2009,282.3,-9.9,-13.2,-12.2,-9.1,-6.2,-4.8,-6.4,-5.5,-7.0,-4.5,-5.1
2020-08-17,sc2009,280.2,-10.0,-13.6,-12.4,-9.6,-6.2,-5.1,-6.7,-4.5,-8.1,-3.8,-4.6
2020-08-18,sc2009,279.1,-10.0,-14.7,-12.4,-9.5,-6.1,-5.3,-6.1,-5.1,-8.2,-3.7,-3.9
2020-08-19,sc2009,277.3,-10.3,-14.5,-12.3,-9.9,-7.2,-5.4,-6.9,-5.8,-6.6,-4.3,-4.4
2020-08-20,sc2009,278.4,-10.8,-14.4,-12.1,-9.6,-6.5,-5.0,-6.7,-6.5,-5.7,-4.6,-5.2
2020-08-21,sc2009,276.0,-10.0,-14.9,-12.3,-9.5,-7.1,-5.3,-7.0,-5.8,-6.2,-4.1,-4.5
2020-08-24,sc2009,277.9,-9.9,-13.8,-11.8,-9.4,-7.0,-4.8,-6.0,-7.1,-4.5,-5.1,-5.0
2020-08-25,sc2009,280.3,-10.0,-13.4,-11.8,-9.1,-6.9,-4.6,-6.2,-6.6,-4.4,-5.2,-5.2
2020-08-26,sc2009,284.9,-10.0,-13.3,-11.5,-8.8,-6.9,-4.5,-4.7,-8.3,-3.9,-5.2,-5.4
2020-08-27,sc2009,284.3,-10.6,-13.6,-11.4,-8.5,-7.1,-4.8,-4.7,-7.2,-4.9,-5.3,-4.9
2020-08-28,sc2009,282.4,-11.1,-13.7,-11.5,-8.1,-7.1,-5.6,-3.9,-7.4,-4.6,-5.2,-4.9
2020-08-31,sc2009,283.3,-12.3,-13.6,-11.5,-7.8,-7.0,-5.4,-4.7,-5.1,-4.8,-7.1,-5.2
2020-09-01,sc2010,295.7,-14.3,-11.3,-7.4,-6.8,-5.8,-5.4,-3.7,-4.4,-6.6,-4.2,-4.4
2020-09-02,sc2010,293.5,-14.4,-10.9,-6.7,-6.9,-6.1,-5.8,-4.4,-4.1,-6.8,-4.1,-3.5
2020-09-03,sc2010,288.2,-14.3,-11.1,-7.4,-6.9,-6.8,-7.1,-4.2,-4.0,-7.0,-2.4,-5.3
2020-09-04,sc2010,285.0,-14.3,-11.0,-6.8,-6.9,-7.3,-6.6,-4.8,-4.7,-6.4,-4.2,-3.3
2020-09-07,sc2010,279.3,-14.6,-11.6,-7.3,-7.2,-7.7,-7.0,-4.3,-4.7,-7.0,-2.8,-5.1
2020-09-08,sc2010,273.9,-14.8,-11.3,-7.1,-7.8,-8.3,-7.9,-5.4,-5.4,-4.1,-4.9,-3.5
2020-09-09,sc2010,251.4,-14.6,-11.9,-9.0,-10.3,-9.3,-7.4,-6.3,-6.9,-5.6,-7.3,-3.5
2020-09-10,sc2010,250.6,-15.7,-12.5,-9.4,-10.6,-9.1,-7.9,-8.1,-5.5,-6.0,-6.0,-4.7
2020-09-11,sc2010,247.6,-15.8,-12.6,-9.7,-11.1,-9.4,-8.0,-9.1,-6.7,-5.7,-5.2,-7.5
2020-09-14,sc2010,245.8,-15.7,-12.7,-9.2,-10.8,-9.4,-8.7,-8.6,-7.2,-6.4,-5.8,-6.9
2020-09-15,sc2010,245.5,-15.6,-12.7,-9.3,-10.6,-9.2,-8.6,-6.9,-8.2,-7.7,-5.7,-7.4
2020-09-16,sc2010,251.3,-15.5,-11.7,-9.0,-10.1,-9.0,-8.8,-7.9,-5.6,-8.3,-6.6,-5.1
2020-09-17,sc2010,256.2,-15.5,-11.2,-8.8,-9.8,-9.1,-8.6,-7.8,-5.4,-8.2,-6.2,-4.5
2020-09-18,sc2010,260.0,-15.3,-10.9,-8.7,-9.7,-8.8,-8.8,-6.6,-4.0,-7.8,-7.0,-3.1
2020-09-21,sc2010,263.9,-15.4,-10.3,-8.5,-9.4,-8.9,-7.8,-6.0,-4.6,-7.2,-5.7,-5.0
2020-09-22,sc2010,252.9,-15.0,-11.1,-9.1,-10.5,-8.7,-7.5,-6.1,-6.1,-7.0,-5.3,-6.2
2020-09-23,sc2010,253.6,-12.1,-11.7,-9.0,-10.8,-9.0,-7.6,-6.3,-7.0,-7.2,-4.9,-5.9
2020-09-24,sc2011,265.1,-12.1,-9.2,-10.9,-8.8,-8.7,-5.1,-7.3,-6.5,-5.8,-5.6,-3.7
2020-09-25,sc2011,265.7,-11.9,-9.0,-11.0,-8.8,-8.5,-5.9,-6.1,-6.9,-6.5,-6.9,-4.6
2020-09-28,sc2011,265.0,-12.2,-9.4,-11.2,-8.6,-8.2,-5.5,-6.2,-7.6,-5.9,-6.4,-4.7
2020-09-29,sc2011,264.8,-12.4,-9.2,-10.8,-8.0,-7.5,-7.4,-5.4,-7.8,-5.8,-3.9,-7.8
2020-09-30,sc2011,257.8,-12.7,-9.2,-11.4,-8.1,-7.5,-7.0,-7.4,-6.2,-5.6,-6.1,-5.6
2020-10-09,sc2011,263.5,-12.5,-9.4,-11.3,-8.1,-7.7,-7.4,-6.3,-7.9,-6.1,-7.6,-4.0
2020-10-12,sc2011,263.2,-12.7,-9.3,-11.0,-8.2,-7.8,-7.6,-6.1,-8.3,-6.2,-6.3,-6.5
2020-10-13,sc2011,259.5,-12.7,-9.6,-10.4,-8.7,-8.1,-6.1,-6.5,-8.6,-6.8,-6.6,-6.3
2020-10-14,sc2011,258.0,-12.6,-9.4,-9.8,-9.0,-8.3,-7.1,-6.9,-7.4,-6.4,-7.3,-5.3
2020-10-15,sc2011,260.8,-12.4,-9.3,-9.8,-9.1,-8.1,-6.9,-6.1,-8.5,-6.7,-6.1,-7.6
2020-10-16,sc2011,258.7,-12.8,-9.4,-10.1,-9.2,-7.9,-7.7,-6.0,-7.5,-6.6,-6.9,-5.8
2020-10-19,sc2011,260.2,-12.8,-9.5,-9.8,-9.4,-7.8,-7.7,-5.7,-8.0,-6.4,-6.5,-6.2
2020-10-20,sc2011,258.8,-12.6,-9.6,-9.9,-9.8,-8.0,-7.5,-6.2,-6.9,-6.2,-7.6,-5.4
2020-10-21,sc2011,257.3,-12.9,-9.7,-10.7,-10.5,-8.6,-7.1,-5.7,-6.5,-7.0,-7.5,-5.7
2020-10-22,sc2011,254.2,-12.6,-9.9,-10.7,-10.4,-8.3,-6.2,-7.2,-6.4,-7.9,-6.4,-6.2
2020-10-23,sc2011,254.1,-12.6,-9.6,-11.2,-11.2,-8.5,-7.4,-6.2,-6.7,-6.0,-6.9,-6.8
2020-10-26,sc2011,248.5,-12.6,-9.9,-12.0,-11.2,-8.4,-7.5,-6.4,-6.5,-6.7,-7.5,-5.6
2020-10-27,sc2011,243.7,-11.9,-9.8,-12.2,-10.5,-8.6,-7.7,-6.9,-6.7,-7.4,-7.0,-7.1
2020-10-28,sc2011,243.4,-12.3,-9.5,-12.2,-10.4,-8.6,-7.9,-6.8,-7.6,-6.8,-7.0,-6.9
2020-10-29,sc2011,228.0,-13.4,-9.8,-12.6,-10.5,-8.8,-8.2,-7.6,-6.5,-7.2,-7.5,-6.5
2020-10-30,sc2011,218.3,-10.4,-9.7,-13.0,-10.3,-8.8,-8.9,-8.2,-7.5,-6.0,-8.8,-5.3
2020-11-02,sc2012,224.9,-9.6,-12.1,-9.8,-8.7,-9.0,-8.7,-7.9,-7.2,-8.6,-6.3,-4.9
2020-11-03,sc2012,230.2,-8.2,-11.2,-9.1,-8.6,-8.5,-7.4,-9.2,-7.2,-6.3,-9.1,-6.5
2020-11-04,sc2012,234.8,-9.5,-12.3,-9.3,-8.7,-8.5,-7.1,-7.6,-7.1,-6.7,-7.8,-6.7
2020-11-05,sc2012,236.5,-9.6,-12.1,-9.2,-8.8,-8.7,-7.3,-7.4,-7.3,-7.4,-7.4,-6.7
2020-11-06,sc2012,235.3,-9.1,-11.7,-8.8,-8.8,-8.8,-7.8,-7.4,-7.4,-6.8,-8.2,-6.2
2020-11-09,sc2012,234.2,-8.9,-12.1,-9.5,-7.9,-8.0,-7.1,-8.1,-7.7,-6.5,-8.1,-7.2
2020-11-10,sc2012,247.7,-8.5,-10.8,-8.5,-7.1,-7.4,-6.7,-7.3,-7.1,-6.4,-7.8,-6.6
2020-11-11,sc2012,251.4,-8.7,-10.9,-8.9,-8.0,-8.5,-7.4,-6.2,-7.0,-5.6,-7.7,-6.1
2020-11-12,sc2012,253.7,-9.3,-11.6,-9.3,-8.0,-8.5,-7.5,-6.2,-6.1,-6.3,-6.1,-5.8
2020-11-13,sc2012,252.4,-8.7,-11.7,-9.2,-7.5,-8.2,-6.8,-6.5,-6.7,-6.1,-6.8,-5.9
2020-11-16,sc2012,251.0,-7.3,-11.1,-8.2,-6.8,-8.3,-7.5,-6.2,-7.1,-5.5,-7.3,-5.5
2020-11-17,sc2012,252.3,-9.2,-10.5,-7.9,-6.9,-8.4,-6.9,-6.3,-6.1,-6.6,-5.8,-5.8
2020-11-18,sc2012,250.0,-9.9,-10.1,-7.5,-7.1,-8.5,-7.4,-6.6,-6.4,-6.2,-6.3,-5.6
2020-11-19,sc2012,251.0,-9.8,-10.6,-7.6,-6.9,-8.3,-7.2,-6.3,-6.9,-5.9,-7.0,-5.4
2020-11-20,sc2012,251.6,-10.0,-10.6,-7.4,-6.7,-8.3,-6.9,-6.7,-6.7,-6.2,-7.1,-6.2
2020-11-23,sc2012,253.4,-10.3,-10.9,-7.3,-6.4,-7.6,-6.6,-6.5,-6.7,-7.1,-6.1,-5.9
2020-11-24,sc2012,259.5,-10.2,-10.8,-6.7,-6.0,-7.6,-6.4,-6.7,-4.3,-7.2,-5.9,-5.8
2020-11-25,sc2012,279.0,-10.9,-11.7,-5.5,-3.4,-6.3,-5.7,-4.1,-4.8,-5.2,-4.2,-3.8
2020-11-26,sc2012,280.2,-10.9,-12.4,-6.8,-4.6,-6.9,-6.5,-5.1,-2.7,-5.4,-3.7,-3.1
2020-11-27,sc2012,278.3,-11.0,-12.3,-7.5,-5.1,-7.1,-6.1,-4.4,-4.0,-3.8,-3.4,-3.2
2020-11-30,sc2012,271.8,-17.4,-12.3,-8.0,-5.9,-7.0,-5.8,-4.2,-3.9,-4.8,-3.8,-2.8
2020-12-01,sc2101,286.4,-12.7,-8.9,-6.7,-6.4,-5.2,-4.4,-4.4,-4.4,-3.6,-4.2,-2.4
2020-12-02,sc2101,285.1,-12.8,-9.2,-6.8,-5.5,-4.3,-3.7,-4.4,-4.3,-4.0,-4.1,-2.8
2020-12-03,sc2101,288.5,-12.3,-8.7,-6.7,-5.3,-4.5,-3.8,-3.4,-4.8,-3.5,-3.4,-2.9
2020-12-04,sc2101,291.1,-12.7,-8.4,-6.4,-4.1,-3.9,-3.4,-3.4,-3.7,-3.4,-3.5,-2.0
2020-12-07,sc2101,294.0,-12.9,-8.4,-6.3,-4.1,-4.0,-3.2,-2.2,-3.7,-3.0,-1.6,-3.0
2020-12-08,sc2101,291.9,-12.9,-9.0,-6.5,-4.6,-5.0,-3.8,-2.8,-3.2,-4.6,-0.7,-2.9
2020-12-09,sc2101,285.0,-12.7,-9.3,-6.9,-6.0,-6.4,-4.9,-3.4,-4.4,-4.5,-0.9,-3.1
2020-12-10,sc2101,284.8,-12.5,-8.8,-6.8,-6.7,-6.6,-5.5,-4.7,-4.5,-4.4,0.0,-4.7
2020-12-11,sc2101,291.1,-13.2,-8.4,-6.7,-6.8,-6.3,-4.9,-2.9,-4.3,-3.1,-1.3,-4.2
2020-12-14,sc2101,289.4,-13.8,-7.8,-6.6,-6.5,-6.2,-4.9,-3.9,-4.7,-3.3,-0.8,-5.5
2020-12-15,sc2101,287.8,-13.6,-8.1,-7.0,-6.9,-6.9,-4.9,-4.4,-4.6,-2.2,-3.4,-2.7
2020-12-16,sc2101,290.9,-11.0,-7.8,-6.9,-6.4,-6.3,-4.9,-5.5,-3.3,-3.9,-3.6,-3.1
2020-12-17,sc2101,297.4,-10.6,-6.7,-5.7,-5.1,-5.1,-4.8,-4.6,-4.3,-4.2,-1.6,-3.4
2020-12-18,sc2101,302.7,-13.4,-5.4,-4.1,-4.7,-4.9,-3.9,-3.3,-4.8,-3.5,-3.1,-1.8
2020-12-21,sc2101,303.5,-12.2,-5.2,-4.2,-4.3,-3.8,-4.0,-4.8,-4.7,-4.0,-1.0,-2.5
2020-12-22,sc2101,295.4,-11.0,-6.0,-4.7,-4.5,-4.1,-4.3,-4.7,-6.0,-4.6,-0.7,-3.5
2020-12-23,sc2101,284.6,-10.8,-6.8,-5.4,-5.4,-5.7,-5.2,-5.8,-4.5,-4.6,-3.3,-3.0
2020-12-24,sc2101,291.6,-10.3,-6.9,-5.5,-5.6,-5.4,-5.0,-4.3,-5.4,-3.9,-1.2,-3.3
2020-12-25,sc2102,307.3,-6.3,-5.1,-4.9,-4.5,-4.8,-4.5,-5.2,-4.3,-1.3,-4.0,-2.3
2020-12-28,sc2102,309.1,-5.7,-4.6,-4.5,-4.7,-4.7,-4.4,-4.5,-4.2,-2.7,-2.9,-2.7
2020-12-29,sc2102,307.2,-5.3,-4.4,-4.6,-5.0,-4.8,-4.4,-4.4,-3.7,-3.7,-3.2,-1.8
2020-12-30,sc2102,304.7,-6.2,-4.6,-4.7,-4.9,-4.5,-5.0,-4.1,-4.2,-3.9,-3.3,-3.2
2020-12-31,sc2102,303.2,-6.9,-4.7,-4.8,-4.8,-4.5,-4.8,-4.8,-2.8,-5.8,-1.7,-3.8
2021-01-04,sc2102,315.0,-6.1,-4.0,-3.9,-3.8,-4.3,-4.2,-4.3,-3.8,-4.0,-2.2,-3.1
2021-01-05,sc2102,312.9,-6.2,-4.1,-3.9,-3.4,-3.8,-3.7,-4.6,-4.0,-3.2,-3.1,-2.9
2021-01-06,sc2102,319.8,-5.7,-3.6,-3.2,-2.5,-2.9,-2.1,-3.1,-3.5,-3.4,-3.3,-0.6
2021-01-07,sc2102,328.1,-5.9,-3.2,-2.0,-1.0,-1.8,-1.4,-2.4,-2.8,-2.3,-2.3,-1.1
2021-01-08,sc2102,332.6,-6.7,-2.8,-0.3,0.0,-1.6,-1.2,-1.9,0.3,-1.9,-2.9,-1.3
2021-01-11,sc2102,336.0,-7.1,-3.0,-0.3,0.1,-0.7,-0.7,-1.2,-0.8,-1.0,-2.7,0.0
2021-01-12,sc2102,333.2,-7.0,-3.0,-1.0,-0.9,-1.2,-1.1,-2.0,-1.3,-2.2,-0.3,-2.2
2021-01-13,sc2102,339.7,-7.6,-2.7,-0.5,-0.2,-0.6,-0.3,-1.2,-1.7,0.7,-1.2,-0.8
2021-01-14,sc2102,335.5,-8.2,-3.8,-1.2,-0.9,-0.8,-0.3,-1.4,-1.0,1.8,-2.6,0.5
2021-01-15,sc2102,333.4,-8.9,-5.2,-2.3,-1.6,-1.5,-1.3,-1.7,-1.1,-1.1,-1.3,-1.0
2021-01-18,sc2102,326.0,-6.1,-6.9,-3.9,-2.6,-2.7,-2.5,-3.1,-2.1,-1.0,-1.7,-0.6
2021-01-19,sc2102,329.9,-5.8,-6.3,-2.9,-1.8,-2.5,-2.3,-2.5,-2.7,-1.7,0.5,-2.0
2021-01-20,sc2102,337.2,-2.6,-5.6,-2.0,-1.4,-2.2,-1.7,-2.4,-2.5,-1.0,0.1,-1.0
2021-01-21,sc2102,336.1,-5.1,-5.2,-1.4,-0.9,-1.8,-1.7,-2.6,-2.4,-0.6,-0.5,-2.5
2021-01-22,sc2102,331.7,-6.0,-5.7,-2.0,-1.1,-1.9,-1.8,-2.2,-2.7,-1.1,-1.4,0.4
2021-01-25,sc2102,324.0,-8.6,-6.3,-3.4,-1.8,-2.3,-2.5,-1.4,-3.4,-1.0,-0.7,-1.4
2021-01-26,sc2102,322.4,-7.8,-5.7,-3.4,-1.9,-2.4,-2.2,-2.4,-3.0,-1.5,-2.8,-1.0
2021-01-27,sc2102,327.2,-5.3,-5.3,-3.5,-1.8,-2.2,-2.3,-3.0,-3.2,-1.4,-1.3,-2.6
2021-01-28,sc2102,333.4,-1.2,-4.9,-3.3,-1.6,-2.2,-2.1,-2.8,-2.3,-0.9,-1.7,-1.5
2021-01-29,sc2102,336.1,0.1,-5.0,-3.3,-1.3,-1.9,-1.9,-2.8,-2.2,-1.9,-0.5,-1.6
2021-02-01,sc2103,336.1,-5.5,-3.3,-1.3,-1.8,-1.9,-2.5,-1.3,-1.8,-1.9,-0.6,-1.6
2021-02-02,sc2103,340.3,-6.4,-3.0,-0.8,-1.6,-1.3,-1.7,-1.9,-1.9,-0.4,-0.5,-0.8
2021-02-03,sc2103,347.1,-6.4,-3.0,-0.9,-1.5,-1.2,-1.3,-1.4,-1.0,-0.6,1.1,-2.3
2021-02-04,sc2103,353.3,-5.8,-2.9,-0.8,-1.5,-1.1,-2.0,-0.8,-0.6,-0.3,-1.0,0.8
2021-02-05,sc2103,356.6,-6.1,-3.0,-0.9,-1.6,-1.1,-1.9,-0.9,-0.5,-1.1,-0.2,-0.9
2021-02-08,sc2103,361.8,-6.3,-2.9,-0.6,-1.7,-1.3,-0.9,-1.2,-0.1,-0.1,0.2,-1.7
2021-02-09,sc2103,368.0,-5.9,-3.2,-0.6,-2.0,-1.9,-1.3,0.1,-0.2,0.1,-0.4,-0.6
2021-02-10,sc2103,367.0,-5.1,-3.7,-1.0,-2.0,-1.9,-1.7,-0.5,0.1,0.6,-0.8,-1.1
2021-02-18,sc2103,395.8,-3.4,-2.3,0.4,-1.6,-0.5,0.0,-0.6,4.0,-0.9,0.9,-1.9
2021-02-19,sc2103,388.9,-3.2,-2.6,-0.4,-1.5,-0.7,0.0,0.8,1.3,-0.7,1.0,-0.5
2021-02-22,sc2103,386.2,-4.4,-3.0,-0.5,-0.9,-0.9,-0.1,0.1,0.8,0.6,0.4,0.8
2021-02-23,sc2103,397.6,-6.4,-3.9,-0.2,0.2,-0.2,0.6,0.1,1.2,0.3,0.4,0.8
2021-02-24,sc2103,400.9,-5.3,-4.3,-0.9,0.9,0.5,0.8,-0.5,2.5,1.0,0.1,0.4
2021-02-25,sc2103,416.2,-0.2,-4.0,-1.5,1.2,0.7,1.1,1.2,1.3,-0.7,0.9,0.7
2021-02-26,sc2103,399.0,-12.0,-4.9,-3.2,-0.1,-0.1,0.5,0.5,1.9,-0.5,1.6,0.3
2021-03-01,sc2104,407.6,-5.8,-3.1,-0.2,-0.4,0.7,0.3,0.8,0.5,0.0,0.3,0.0
2021-03-02,sc2104,397.7,-6.2,-3.3,-0.6,-0.6,0.4,0.4,1.4,-0.3,0.9,-0.2,-2.8
2021-03-03,sc2104,392.7,-5.7,-4.1,-1.0,-1.4,-0.3,-0.3,1.0,-0.5,0.9,-0.5,-2.3
2021-03-04,sc2104,397.4,-5.7,-4.4,-1.3,-1.1,-0.1,-0.3,-0.6,0.7,0.5,-0.4,-1.9
2021-03-05,sc2104,413.0,-4.9,-4.2,-1.1,-1.0,0.3,0.2,1.0,-0.1,0.1,-0.6,-0.6
2021-03-08,sc2104,435.8,-3.7,-2.9,-0.3,-0.2,0.7,0.0,2.0,1.0,0.2,1.1,-1.8
2021-03-09,sc2104,427.6,-4.5,-3.1,-0.6,-0.7,0.4,0.2,1.6,2.1,0.0,0.0,0.0
2021-03-10,sc2104,417.8,-5.7,-3.7,-1.2,-2.1,-0.7,-0.1,1.0,1.5,0.6,0.0,0.9
2021-03-11,sc2104,416.0,-5.1,-3.4,-1.0,-1.8,-0.6,-0.4,0.8,1.8,0.3,-1.0,0.2
2021-03-12,sc2104,421.8,-5.0,-3.3,-0.9,-1.8,-0.9,-0.5,1.2,0.4,0.3,-1.2,0.8
2021-03-15,sc2104,420.4,-6.0,-3.5,-1.3,-1.3,-0.4,-0.4,0.7,1.0,1.2,-0.7,-0.6
2021-03-16,sc2104,411.3,-6.3,-4.0,-1.2,-1.0,-1.0,-0.6,-1.2,2.0,0.2,-0.2,-1.2
2021-03-17,sc2104,409.3,-6.7,-3.7,-0.9,-1.1,-0.8,-0.7,-0.6,0.8,0.0,-0.6,-0.4
2021-03-18,sc2104,408.0,-4.6,-3.3,-0.8,-0.5,-1.0,-0.4,-1.4,0.5,1.4,-0.4,-0.7
2021-03-19,sc2104,390.9,-4.3,-3.6,-0.8,-0.9,-1.4,-0.5,-1.1,-1.2,0.0,-1.5,0.0
2021-03-22,sc2104,381.1,-6.9,-3.8,-1.2,-1.1,-1.9,-1.4,-0.4,-2.4,-0.4,-0.9,-0.3
2021-03-23,sc2104,387.9,-4.5,-3.9,-1.2,-0.9,-2.1,-1.2,-1.5,-1.8,-0.8,-1.0,-1.4
2021-03-24,sc2104,376.8,-3.2,-4.5,-1.3,-0.9,-2.1,-1.1,-2.0,-0.7,-1.6,-0.9,-0.8
2021-03-25,sc2104,382.5,-4.8,-4.1,-1.4,-1.0,-1.8,-1.1,-1.4,-0.2,-1.7,-1.7,0.2
2021-03-26,sc2104,373.9,-7.3,-4.2,-1.7,-1.1,-1.7,-1.3,-1.2,-0.4,-1.2,-1.3,-1.1
2021-03-29,sc2104,384.1,-7.9,-4.3,-1.9,-1.4,-1.6,-0.6,-1.0,-0.2,-1.3,-1.3,-0.7
2021-03-30,sc2104,388.3,-7.5,-4.3,-2.1,-1.4,-1.6,-0.4,-0.6,-0.5,-1.2,-0.8,-0.2
2021-03-31,sc2104,384.1,-12.0,-3.8,-2.1,-1.0,-1.4,-0.3,-0.2,-1.1,-0.7,-2.1,-0.7
2021-04-01,sc2105,393.4,-4.1,-2.3,-1.0,-1.5,-0.3,-0.3,-0.9,-0.2,-1.7,-0.5,0.7
2021-04-02,sc2105,399.1,-4.4,-2.8,-1.4,-1.0,-0.2,-1.0,0.4,-1.9,-1.9,0.3,-0.2
2021-04-06,sc2105,388.0,-4.6,-3.6,-1.9,-1.7,-0.8,-0.3,-1.6,-2.0,-2.6,0.5,0.7
2021-04-07,sc2105,388.6,-4.0,-3.1,-1.6,-1.8,-1.4,-1.1,-1.8,-2.1,-1.4,0.2,-0.7
2021-04-08,sc2105,384.8,-4.2,-3.3,-1.8,-1.9,-1.4,-1.1,-1.7,-3.5,0.1,-2.0,-0.3
2021-04-09,sc2105,386.7,-3.3,-2.6,-1.6,-1.6,-1.3,-1.3,-0.9,-3.8,-1.3,0.0,-0.7
2021-04-12,sc2105,387.2,-2.3,-1.9,-1.6,-1.4,-0.8,-2.2,0.1,-3.6,-1.4,-0.4,-0.3
2021-04-13,sc2105,390.6,-1.3,-1.1,-1.3,-1.4,-0.8,-1.4,0.3,-2.3,-1.2,-0.3,-0.3
2021-04-14,sc2105,393.7,-1.4,-0.9,-1.2,-2.0,-0.6,-0.3,-0.2,-1.9,-0.8,-0.7,0.5
2021-04-15,sc2105,407.4,-2.5,-1.0,-1.1,-1.7,-0.5,0.0,-0.6,-0.9,-1.0,1.3,-2.5
2021-04-16,sc2105,410.4,-4.4,-1.7,-1.0,-1.1,0.1,0.6,-0.7,0.2,-0.7,0.9,-1.7
2021-04-19,sc2105,408.7,-4.3,-1.2,-0.4,-0.1,0.1,0.0,-0.4,0.6,-1.8,0.5,-0.1
2021-04-20,sc2105,413.4,-0.1,-1.1,-0.6,0.0,0.3,0.0,-0.1,-0.5,-1.5,0.9,0.0
2021-04-21,sc2105,409.8,5.1,-1.8,-1.2,-0.2,-0.2,0.6,-0.9,-0.8,-1.2,-0.2,0.9
2021-04-22,sc2105,402.9,5.9,-1.5,-1.3,0.0,-0.7,-0.9,-1.0,-1.6,-1.3,0.8,-2.5
2021-04-23,sc2105,402.0,4.8,-1.5,-1.6,-0.6,-0.6,-0.5,-0.5,-2.3,-1.1,0.5,-1.7
2021-04-26,sc2105,407.3,6.9,-1.5,-1.4,-0.2,-0.8,-1.0,-1.3,-1.5,-0.9,0.2,-1.4
2021-04-27,sc2105,405.6,5.7,-1.5,-1.5,-0.1,-0.8,-1.1,-1.3,-1.0,-1.4,-0.1,-0.3
2021-04-28,sc2105,397.2,-6.3,-1.5,-1.6,0.2,-0.7,-1.1,-1.5,-1.0,-3.2,2.3,-2.4
2021-04-29,sc2105,407.9,-4.9,-0.3,-0.8,0.6,-0.9,-1.3,-2.4,-1.2,-0.8,0.9,-2.2
2021-04-30,sc2105,409.5,-9.5,1.1,1.1,1.5,-0.7,-1.0,-2.4,0.1,-1.4,1.0,-1.9
2021-05-06,sc2106,429.8,1.2,1.3,1.4,0.1,-0.6,-1.2,-0.3,-1.3,1.4,-2.8,1.4
2021-05-07,sc2106,424.1,-0.3,0.9,1.5,-0.2,-0.8,-0.9,1.0,-2.6,1.1,-0.7,0.0
2021-05-10,sc2106,424.3,-1.1,0.5,1.3,0.3,-0.9,-0.5,0.6,-3.2,1.5,-1.0,0.9
2021-05-11,sc2106,420.8,-1.4,0.4,1.1,0.4,-0.1,-0.8,1.2,-2.6,1.0,-0.3,1.0
2021-05-12,sc2106,421.5,-2.8,-0.1,0.6,0.3,0.1,-0.6,1.3,-2.9,1.1,0.2,0.6
2021-05-13,sc2106,429.0,-1.9,0.0,0.6,0.1,0.0,-0.7,0.2,-2.6,2.5,-1.8,1.0
2021-05-14,sc2106,417.1,0.0,-0.2,0.4,-0.4,0.2,-1.4,-0.3,-2.4,1.2,-1.5,0.6
2021-05-17,sc2106,425.7,0.8,0.4,0.5,-0.1,-0.3,-1.1,-0.2,-2.7,1.4,-0.8,0.0
2021-05-18,sc2106,434.2,0.9,0.7,1.0,0.6,0.3,-0.5,-0.4,-1.4,-0.2,-1.3,1.0
2021-05-19,sc2106,429.5,2.0,0.6,0.9,0.5,0.3,-0.8,0.4,-2.1,1.9,-0.2,0.2
2021-05-20,sc2106,409.5,-2.6,-0.6,-0.5,-1.0,-0.4,-0.6,1.5,-3.5,2.2,0.6,-0.9
2021-05-21,sc2106,403.2,-1.9,-0.8,-0.8,-1.5,-1.0,-1.7,-0.5,-3.0,-0.3,1.6,0.1
2021-05-24,sc2106,408.2,-2.3,-0.5,-0.6,-1.1,-0.8,-1.0,-1.6,-2.1,1.0,-2.2,0.7
2021-05-25,sc2106,423.4,1.1,0.4,0.6,0.1,0.0,-0.1,-1.5,-1.5,1.8,-3.0,0.0
2021-05-26,sc2106,427.9,2.5,1.3,1.2,0.9,1.0,0.5,-0.3,-0.4,2.0,-3.2,-0.8
2021-05-27,sc2106,428.8,4.7,2.3,1.6,1.1,0.9,0.4,-0.1,-0.9,1.1,-1.8,-0.8
2021-05-28,sc2106,432.7,2.4,3.2,2.4,1.6,0.9,0.7,-0.1,-0.5,0.4,-1.9,-0.1
2021-05-31,sc2106,427.6,-1.5,2.8,2.0,1.3,0.8,0.8,-0.1,-0.5,0.2,-0.3,-0.6
2021-06-01,sc2107,433.9,3.0,1.7,1.3,1.3,0.9,0.0,-0.8,0.9,-1.7,-0.5,-0.8
2021-06-02,sc2107,439.9,2.7,1.8,1.6,2.1,1.8,0.5,-0.4,0.8,-1.1,-1.3,2.1
2021-06-03,sc2107,445.4,2.9,1.8,1.8,2.3,2.1,0.4,-1.0,3.1,-2.4,0.1,3.1
2021-06-04,sc2107,443.2,2.8,1.8,1.6,2.2,2.0,0.1,0.1,1.3,-0.7,-0.4,1.6
2021-06-07,sc2107,447.3,3.6,2.0,1.9,2.1,2.2,0.7,-0.5,2.1,-2.8,-0.4,2.5
2021-06-08,sc2107,444.1,3.1,1.7,1.6,2.0,2.0,0.4,0.3,1.1,-1.9,-0.2,1.8
2021-06-09,sc2107,449.4,3.6,2.3,2.0,2.2,2.2,0.4,1.2,0.9,-2.1,0.1,2.7
2021-06-10,sc2107,447.7,3.1,2.2,2.3,2.4,2.4,1.1,0.5,0.0,-0.5,-0.1,1.0
2021-06-11,sc2107,450.2,3.2,2.4,2.7,2.4,2.2,1.0,0.3,-0.2,-0.4,-0.6,2.0
2021-06-15,sc2107,455.8,2.8,3.1,3.3,3.3,3.1,1.5,-0.3,1.5,-2.7,0.1,2.2
2021-06-16,sc2107,459.2,0.2,2.5,2.8,3.5,3.6,1.4,1.5,1.3,-2.5,-0.4,3.5
2021-06-17,sc2107,454.1,-4.6,2.0,2.5,3.4,3.7,1.0,1.5,-0.5,0.0,-0.2,-0.7
2021-06-18,sc2107,443.0,-5.5,1.3,1.7,2.9,3.2,0.9,0.3,-0.4,0.4,-0.3,0.2
2021-06-21,sc2107,443.5,-7.1,1.4,1.9,2.6,2.7,0.7,-0.2,0.0,-0.3,-0.1,1.2
2021-06-22,sc2107,449.4,-7.4,1.7,2.3,2.9,3.3,1.5,0.6,0.9,-1.8,0.0,4.2
2021-06-23,sc2107,453.3,-7.8,1.9,2.7,3.4,3.8,1.7,0.9,0.7,-2.2,-0.2,0.2
2021-06-24,sc2107,457.6,-8.0,2.3,3.3,3.5,3.3,2.4,0.2,-1.1,-0.3,-0.5,1.3
2021-06-25,sc2107,457.2,-9.2,2.3,3.2,3.4,3.6,2.0,0.3,0.7,-1.0,-0.2,3.3
2021-06-28,sc2107,459.6,-8.3,1.9,2.9,3.1,3.9,1.8,0.5,0.3,-1.5,0.8,3.0
2021-06-29,sc2107,449.3,-10.2,0.5,1.6,2.4,3.0,0.8,1.7,-1.1,-1.6,0.3,3.1
2021-06-30,sc2107,449.2,-11.2,0.2,1.4,2.3,2.8,0.5,0.4,-2.0,2.6,0.3,0.4
2021-07-01,sc2108,460.4,-1.3,0.6,1.7,3.2,1.4,-0.6,0.6,1.1,-0.7,3.1,-3.1
2021-07-02,sc2108,467.8,-1.5,-0.1,1.6,3.1,1.4,1.0,1.5,-0.3,0.1,-0.5,0.2
2021-07-05,sc2108,468.4,-2.0,-0.5,1.5,2.7,1.0,0.7,-0.7,1.8,-0.1,-0.3,1.4
2021-07-06,sc2108,473.1,-2.3,-0.8,1.3,2.5,1.2,0.7,0.4,1.1,-0.7,-0.1,-0.4
2021-07-07,sc2108,455.8,-3.9,-1.0,1.0,2.2,0.8,0.4,1.1,-0.2,-0.3,-0.8,0.8
2021-07-08,sc2108,442.1,-4.3,-1.4,0.6,0.9,0.0,0.5,0.6,1.3,1.3,-1.6,0.2
2021-07-09,sc2108,441.9,-4.8,-1.2,1.1,0.8,1.1,1.5,-0.5,1.5,-0.3,-1.2,0.2
2021-07-12,sc2108,451.1,-3.9,-0.5,1.4,1.0,1.6,1.3,0.1,-0.1,-1.0,1.1,-1.4
2021-07-13,sc2108,450.9,-3.8,0.9,2.0,0.9,1.7,1.2,-0.4,0.5,0.7,-1.4,-0.1
2021-07-14,sc2108,458.2,-5.6,1.3,2.4,1.2,1.8,1.1,1.6,-0.4,0.5,2.1,-1.8
2021-07-15,sc2108,449.6,-5.4,1.0,2.3,1.1,1.6,1.9,-0.5,1.6,0.5,-0.9,0.2
2021-07-16,sc2108,438.6,-5.7,-0.8,1.0,0.5,1.4,1.3,-1.6,3.2,0.3,-0.9,0.6
2021-07-19,sc2108,431.7,-5.8,-2.3,-0.2,-0.1,0.4,0.4,-0.9,1.9,0.8,-0.6,-0.4
2021-07-20,sc2108,410.0,-5.7,-2.4,-0.3,-0.6,-0.1,-0.3,-0.5,0.1,-0.1,-1.9,1.0
2021-07-21,sc2108,406.4,-7.6,-2.3,-0.6,-0.6,0.0,-0.4,-1.5,0.3,0.2,-1.5,0.2
2021-07-22,sc2108,416.6,-8.3,-2.1,-0.6,-0.4,0.0,0.3,0.0,-1.5,0.0,2.1,-1.4
2021-07-23,sc2108,427.2,-8.6,-3.0,-0.7,-0.3,0.4,0.2,-0.5,0.1,-0.1,3.0,-2.0
2021-07-26,sc2108,432.4,-8.2,-3.7,-0.9,-0.3,0.9,0.5,0.4,-0.6,0.5,2.7,-1.5
2021-07-27,sc2108,439.0,-8.5,-2.6,0.6,0.8,2.0,1.9,2.1,-0.7,1.4,1.1,-2.0
2021-07-28,sc2108,439.5,-8.9,-2.5,0.6,0.6,2.3,1.8,1.7,2.0,0.1,0.2,-1.0
2021-07-29,sc2108,447.9,-3.6,-1.7,0.6,0.8,2.5,1.5,2.0,-0.1,0.3,2.7,-2.2
2021-07-30,sc2108,445.2,-9.5,-1.9,0.5,0.7,2.1,1.6,3.1,-0.9,1.7,2.9,-2.3
2021-08-02,sc2109,452.9,-2.4,0.3,0.3,1.6,1.4,2.4,-0.1,0.7,3.0,-1.8,-0.8
2021-08-03,sc2109,440.7,-2.1,0.2,0.3,1.5,1.5,0.9,-0.4,-1.2,1.5,-0.5,-0.2
2021-08-04,sc2109,433.5,-2.6,-0.7,-0.5,0.9,1.1,1.0,0.7,-0.1,1.2,-1.1,0.1
2021-08-05,sc2109,428.3,-2.1,-0.8,-0.7,1.1,1.0,0.2,0.1,0.2,-0.2,0.6,0.0
2021-08-06,sc2109,429.1,-2.1,-0.7,-0.7,0.4,0.7,1.5,-1.4,1.0,1.9,-1.8,-0.8
2021-08-09,sc2109,425.0,-2.0,-1.0,-1.0,0.1,0.7,0.9,-0.4,-0.1,-0.5,0.5,-0.4
2021-08-10,sc2109,418.0,-2.2,-0.8,-0.9,-0.2,0.0,0.3,-0.5,0.2,-0.2,0.3,-0.5
2021-08-11,sc2109,430.6,-0.6,-0.2,-0.1,0.1,0.1,0.8,-2.6,1.4,0.2,0.5,-0.3
2021-08-12,sc2109,430.4,-0.7,-0.1,0.0,0.6,1.0,0.0,-1.4,0.1,0.6,-0.1,-0.5
2021-08-13,sc2109,431.4,-0.6,-0.2,-0.2,0.5,0.9,0.6,0.3,-0.9,1.0,-0.4,-0.8
2021-08-16,sc2109,428.4,-1.1,-0.5,-0.4,0.1,0.3,1.2,0.5,-0.9,0.5,-0.2,-0.2
2021-08-17,sc2109,423.6,0.5,-0.2,-0.3,-0.1,-0.3,0.3,1.4,-0.8,0.8,-0.8,0.1
2021-08-18,sc2109,423.9,2.7,-0.3,-0.3,-0.2,-0.1,0.5,1.4,-0.9,-0.7,0.8,-0.3
2021-08-19,sc2109,418.7,5.3,-0.7,0.0,-0.1,0.2,0.2,0.7,-1.0,-0.7,0.7,-0.2
2021-08-20,sc2109,407.8,5.1,-0.9,-0.6,-0.1,0.2,-0.1,-0.1,-0.3,1.2,0.0,0.0
2021-08-23,sc2109,403.6,2.6,-0.5,-0.3,-0.3,0.1,-0.1,-0.4,-0.5,0.2,1.0,0.7
2021-08-24,sc2109,421.4,2.9,1.5,0.9,0.6,0.2,0.5,-0.6,-0.6,2.0,-1.6,-0.4
2021-08-25,sc2109,431.4,1.8,2.8,2.0,1.3,1.0,0.6,0.5,0.4,-0.2,-1.7,-0.1
2021-08-26,sc2109,435.8,3.0,2.0,1.2,0.8,0.9,0.9,0.6,0.7,-0.4,-0.2,-0.1
2021-08-27,sc2109,438.6,5.2,1.8,1.1,1.0,0.8,0.1,1.3,-0.2,0.8,-0.8,0.4
2021-08-30,sc2109,445.3,6.5,2.0,1.6,1.1,1.0,1.0,0.3,0.1,2.0,-1.0,-0.4
2021-08-31,sc2109,450.2,10.3,2.2,1.7,0.9,0.8,1.4,-0.6,2.2,0.8,0.3,-0.6
2021-09-01,sc2110,440.5,2.1,1.9,1.3,0.9,0.2,0.3,0.9,1.9,-0.4,0.0,-0.5
2021-09-02,sc2110,439.3,2.4,2.0,1.8,1.0,0.5,1.8,-0.9,2.8,-0.2,0.7,0.3
2021-09-03,sc2110,456.2,2.6,2.0,2.0,1.4,0.9,1.1,0.5,1.5,1.0,0.7,0.8
2021-09-06,sc2110,451.4,2.6,1.5,1.8,1.1,0.9,0.7,1.8,1.1,1.6,0.8,0.8
2021-09-07,sc2110,453.8,4.1,2.4,2.2,1.5,1.8,0.8,0.5,1.2,0.8,0.5,1.7
2021-09-08,sc2110,450.9,5.4,2.8,2.3,1.4,2.2,-0.3,1.0,1.4,0.3,0.6,1.4
2021-09-09,sc2110,454.8,3.6,2.9,2.5,1.7,2.4,0.3,0.3,1.9,-0.4,0.2,1.0
2021-09-10,sc2110,454.6,8.5,2.9,2.6,1.5,1.8,1.1,1.2,0.3,-0.2,0.4,0.8
2021-09-13,sc2110,461.2,5.1,3.6,2.9,1.8,1.5,1.5,0.7,0.7,0.0,1.5,0.7
2021-09-14,sc2110,463.0,1.5,3.9,3.3,2.1,0.8,2.1,1.1,0.4,0.3,1.5,3.1
2021-09-15,sc2110,461.9,-1.2,4.4,3.7,2.3,0.7,2.0,1.5,1.9,0.9,1.3,2.0
2021-09-16,sc2110,473.4,-4.8,6.4,5.5,4.0,2.0,2.3,1.3,0.5,1.3,1.7,1.7
2021-09-17,sc2110,477.1,3.9,5.2,4.2,2.7,2.4,1.4,2.5,2.6,0.6,1.3,2.3
2021-09-22,sc2110,469.0,-3.0,5.0,4.1,3.6,2.2,1.9,2.8,2.3,1.7,1.4,0.1
2021-09-23,sc2110,469.4,-7.7,4.6,4.0,3.5,2.4,2.2,2.4,2.2,1.5,1.7,0.8
2021-09-24,sc2111,485.1,4.4,3.7,3.5,3.1,1.9,1.3,2.6,1.6,2.2,2.9,-1.4
2021-09-27,sc2111,492.1,3.9,3.7,3.7,2.6,2.5,2.2,2.1,1.8,2.0,1.3,1.3
2021-09-28,sc2111,501.8,4.1,3.8,3.5,2.2,2.2,2.7,2.0,3.3,1.7,1.3,1.3
2021-09-29,sc2111,495.4,2.4,2.6,3.0,2.8,1.5,2.4,2.0,3.0,3.5,2.1,1.8
2021-09-30,sc2111,495.9,2.3,3.0,3.1,1.5,1.2,2.6,1.9,2.5,2.7,2.4,1.8
2021-10-08,sc2111,527.1,2.8,3.8,3.5,2.3,2.8,1.5,2.3,4.0,2.1,7.5,-3.3
2021-10-11,sc2111,526.8,1.2,3.0,3.1,2.4,1.8,1.8,3.7,3.7,1.6,2.0,2.1
2021-10-12,sc2111,531.6,1.5,3.3,3.2,2.6,2.4,1.7,3.3,2.3,2.2,1.8,2.2
2021-10-13,sc2111,528.3,0.5,3.0,3.4,2.2,2.3,2.2,1.5,3.5,2.1,1.4,2.2
2021-10-14,sc2111,521.5,-2.3,1.4,2.5,1.8,2.1,1.3,3.1,2.7,2.0,1.3,2.0
2021-10-15,sc2111,525.5,-4.6,2.0,3.0,1.7,2.1,1.5,1.6,2.3,2.4,1.3,2.1
2021-10-18,sc2111,533.6,-3.8,3.7,4.0,1.8,2.5,1.6,1.9,0.9,2.1,1.2,2.9
2021-10-19,sc2111,528.6,-3.7,3.3,4.5,2.6,1.3,1.9,1.4,2.8,2.6,2.2,2.2
2021-10-20,sc2111,531.2,4.3,3.6,4.5,2.4,1.5,2.5,0.2,2.1,2.2,0.5,3.7
2021-10-21,sc2111,531.5,-0.5,3.4,4.2,2.2,2.4,1.9,2.8,-0.3,1.8,1.6,2.7
2021-10-22,sc2111,525.1,0.8,2.3,3.6,1.6,3.0,1.8,1.7,2.6,2.1,0.4,3.7
2021-10-25,sc2111,527.7,-2.5,2.5,3.9,1.9,2.5,2.0,3.0,1.3,1.8,1.9,2.4
2021-10-26,sc2111,527.3,-6.6,2.3,3.9,2.8,3.0,2.5,1.8,1.2,1.0,1.8,2.7
2021-10-27,sc2111,525.3,-7.0,1.7,3.5,2.4,2.4,2.8,3.5,3.2,2.5,0.7,2.1
2021-10-28,sc2111,511.2,-9.4,1.6,3.0,2.5,2.2,2.6,1.5,4.1,2.7,2.0,1.7
2021-10-29,sc2111,495.5,-23.9,0.6,2.3,2.4,2.8,2.0,0.9,3.6,2.5,3.5,1.0
2021-11-01,sc2112,521.7,1.1,2.8,2.5,2.7,2.6,1.6,2.5,2.2,2.3,2.0,0.7
2021-11-02,sc2112,531.6,1.8,3.5,3.5,3.7,3.4,2.5,1.2,3.0,3.7,0.8,0.4
2021-11-03,sc2112,526.7,1.7,3.3,3.6,3.6,3.4,2.7,1.8,4.1,3.3,0.2,3.7
2021-11-04,sc2112,513.0,1.7,3.0,3.2,2.9,2.6,2.5,4.7,3.9,2.7,2.1,2.6
2021-11-05,sc2112,513.6,2.8,3.0,3.6,2.8,2.5,2.3,4.0,3.5,3.4,1.9,2.9
2021-11-08,sc2112,524.0,5.3,3.7,4.0,3.7,2.6,3.4,2.2,3.8,3.1,1.9,2.9
2021-11-09,sc2112,526.3,4.6,3.5,4.1,3.5,2.8,2.5,4.5,3.7,3.0,2.4,2.7
2021-11-10,sc2112,531.6,4.2,3.1,3.8,3.7,3.4,2.8,3.5,4.0,2.9,2.5,3.1
2021-11-11,sc2112,525.9,3.3,2.7,3.5,3.3,3.2,2.5,4.7,4.0,2.4,2.6,2.8
2021-11-12,sc2112,517.3,3.1,2.6,3.3,2.8,2.1,4.3,3.7,3.8,2.3,2.5,3.2
2021-11-15,sc2112,513.4,3.8,2.6,3.2,2.5,2.8,3.1,4.0,3.2,2.8,2.6,3.1
2021-11-16,sc2112,511.9,3.7,2.5,3.0,2.8,2.2,2.0,5.0,2.8,3.8,2.8,3.2
2021-11-17,sc2112,515.0,2.8,2.5,3.1,3.0,2.2,3.3,4.7,2.6,2.6,3.2,2.9
2021-11-18,sc2112,511.6,11.3,2.7,3.0,2.5,2.0,2.1,4.9,2.7,2.8,2.7,3.3
2021-11-19,sc2112,513.5,13.2,3.8,3.3,2.3,2.0,2.6,2.7,0.5,4.8,3.3,3.3
2021-11-22,sc2112,501.9,13.3,2.8,2.6,2.3,2.0,1.7,4.2,2.4,3.7,2.7,3.4
2021-11-23,sc2112,504.8,12.6,2.7,2.7,2.2,2.1,1.6,3.8,1.5,4.2,3.1,3.1
2021-11-24,sc2112,518.8,10.3,3.8,3.4,2.5,2.6,3.2,1.0,1.9,3.5,3.1,3.2
2021-11-25,sc2112,521.7,10.0,3.6,3.4,2.9,2.2,3.0,2.2,2.2,3.4,2.8,3.5
2021-11-26,sc2112,505.0,-0.9,3.2,2.9,1.9,1.6,2.4,3.6,2.2,2.5,3.5,3.2
2021-11-29,sc2112,495.6,22.9,2.7,2.2,1.2,0.8,1.3,2.9,0.7,2.1,1.6,3.9
2021-11-30,sc2112,478.8,11.2,2.3,1.8,0.8,0.4,0.7,2.7,2.1,0.6,3.1,3.0
2021-12-01,sc2201,445.0,1.0,0.2,0.4,-0.1,0.3,0.3,0.7,1.5,0.0,1.8,0.8
2021-12-02,sc2201,444.1,0.9,0.2,-0.5,-0.8,-0.6,1.2,1.2,0.1,1.8,1.4,-2.1
2021-12-03,sc2201,439.2,2.1,1.1,-1.0,-0.8,-0.6,-0.3,0.6,-0.4,-1.0,2.5,3.2
2021-12-06,sc2201,450.6,3.1,1.6,-0.2,-0.9,-1.0,0.0,1.6,0.6,-0.8,0.7,1.0
2021-12-07,sc2201,457.6,3.1,1.5,-0.1,-1.0,-0.7,0.1,1.5,-1.2,1.4,0.6,2.6
2021-12-08,sc2201,473.8,2.9,1.4,0.3,-0.1,-0.6,0.3,0.8,-0.2,1.2,1.1,0.7
2021-12-09,sc2201,476.0,3.1,1.8,0.1,-0.2,-0.5,0.8,1.0,-0.1,0.9,1.8,1.0
2021-12-10,sc2201,472.9,3.7,1.6,0.4,-0.3,-0.7,0.6,1.7,1.0,-0.2,1.6,-0.2
2021-12-13,sc2201,477.0,2.9,1.6,0.9,0.3,-0.8,0.8,0.5,0.2,1.3,1.4,-0.3
2021-12-14,sc2201,474.2,4.9,1.6,0.9,0.1,-0.8,1.2,1.5,0.3,2.3,1.1,-0.3
2021-12-15,sc2201,460.0,-1.4,1.2,0.6,-0.7,-0.4,1.4,2.0,1.1,1.3,0.8,0.0
2021-12-16,sc2201,467.4,2.8,1.7,1.3,-0.7,-0.9,0.5,1.2,0.6,1.8,0.6,0.5
2021-12-17,sc2201,474.7,4.1,2.5,2.2,0.5,-0.4,-0.8,1.2,-0.4,2.5,-0.1,0.2
2021-12-20,sc2201,466.2,6.3,2.0,1.9,0.0,0.0,0.7,1.3,-0.8,2.0,0.5,1.6
2021-12-21,sc2201,453.1,4.4,1.7,1.8,0.3,-0.1,0.5,1.4,-1.0,1.3,1.3,-0.4
2021-12-22,sc2201,456.2,-7.3,1.8,1.9,0.7,0.3,1.2,1.6,0.7,0.5,1.8,-0.5
2021-12-23,sc2202,470.0,2.0,2.0,1.2,0.4,0.8,2.4,2.2,0.9,1.9,-1.5,
2021-12-24,sc2202,475.6,1.8,2.2,1.6,0.8,1.1,2.8,2.4,1.2,0.2,0.3,0.9
2021-12-27,sc2202,475.5,1.5,1.8,1.6,1.1,0.8,2.9,0.2,2.2,0.2,-0.1,3.9
2021-12-28,sc2202,487.0,2.0,2.3,2.1,1.4,1.6,2.3,0.4,2.1,1.6,0.8,4.0
2021-12-29,sc2202,492.8,2.6,2.6,2.4,1.6,1.9,3.4,0.3,3.3,1.2,3.2,0.9
2021-12-30,sc2202,494.5,2.7,3.0,2.8,2.3,2.1,2.4,0.7,2.5,3.2,1.0,3.1
2021-12-31,sc2202,496.8,2.3,3.1,2.9,2.4,2.1,2.1,2.1,1.6,2.4,0.4,3.8
2022-01-04,sc2202,496.9,2.1,3.7,2.0,2.7,1.9,16.6,-11.6,0.9,3.0,-1.3,32.8
2022-01-05,sc2202,501.1,2.3,2.9,2.8,2.6,1.8,2.6,2.3,1.6,2.2,0.5,3.0
2022-01-06,sc2202,504.6,2.1,3.1,2.8,2.6,2.1,2.9,0.8,3.0,2.0,1.7,2.1
2022-01-07,sc2202,516.4,2.1,3.7,3.6,3.2,2.6,2.6,1.1,3.0,1.9,1.3,4.8
2022-01-10,sc2202,511.1,1.6,3.7,3.6,3.6,3.2,2.6,2.3,2.1,3.1,0.5,5.2
2022-01-11,sc2202,508.9,2.8,3.8,3.8,3.3,3.2,3.5,2.1,2.6,3.0,1.1,4.9
2022-01-12,sc2202,514.8,-1.1,3.7,4.0,3.6,3.2,3.6,3.4,2.2,2.9,0.5,5.4
2022-01-13,sc2202,526.0,1.7,4.2,4.4,3.8,3.6,2.5,5.0,2.6,2.2,4.1,2.3
2022-01-14,sc2202,530.7,5.4,4.8,4.7,4.0,3.8,3.3,3.1,1.6,4.6,2.3,5.2
2022-01-17,sc2202,538.5,7.1,5.3,4.9,4.3,3.8,3.5,3.1,3.7,3.6,3.5,4.0
2022-01-18,sc2202,541.1,5.0,4.8,4.9,4.5,3.5,4.5,3.2,4.8,4.6,3.3,5.1
2022-01-19,sc2202,547.6,2.6,5.0,5.1,4.5,3.6,3.4,3.0,5.8,4.2,2.2,6.2
2022-01-20,sc2202,547.7,1.1,4.4,4.7,4.5,4.0,2.8,3.8,6.2,4.1,1.4,6.2
2022-01-21,sc2202,557.1,15.9,3.7,4.2,4.2,4.0,4.0,2.6,7.2,4.2,1.9,5.8
2022-01-24,sc2203,541.6,3.3,3.6,4.1,3.9,4.2,2.8,6.4,3.7,3.6,4.7,3.3
2022-01-25,sc2203,530.4,2.8,3.3,3.4,3.5,4.8,2.8,5.9,4.7,1.8,6.2,0.4
2022-01-26,sc2203,534.3,2.7,3.0,3.2,3.4,3.5,3.6,4.7,4.1,2.2,5.8,1.6
2022-01-27,sc2203,545.5,2.6,3.3,3.4,3.4,3.1,3.5,5.1,4.1,1.5,6.1,0.8
2022-01-28,sc2203,542.0,-0.6,3.2,3.5,3.7,2.9,3.2,4.9,4.1,2.3,4.0,2.2
2022-02-07,sc2203,567.3,-0.5,2.5,3.6,3.3,3.7,3.8,5.9,5.7,1.0,5.3,3.5
2022-02-08,sc2203,558.7,-2.8,1.8,2.7,3.1,3.5,3.7,5.3,3.4,2.0,6.3,3.2
2022-02-09,sc2203,547.5,-3.9,1.5,2.6,3.4,3.5,3.1,3.3,3.6,1.7,4.3,3.9
2022-02-10,sc2203,549.1,-4.5,1.6,2.6,3.1,3.4,3.0,3.6,3.5,1.3,4.7,3.7
2022-02-11,sc2203,553.3,-4.4,1.9,2.8,2.8,3.1,2.7,2.7,5.1,2.0,3.8,3.7
2022-02-14,sc2203,562.5,-5.0,3.2,3.5,3.2,3.4,2.9,2.9,4.4,2.8,3.5,2.9
2022-02-15,sc2203,566.5,-5.5,3.8,3.9,3.7,3.8,4.4,5.3,4.9,5.0,2.1,3.8
2022-02-16,sc2203,554.8,-4.9,4.2,4.2,4.1,3.9,4.3,4.7,5.5,3.8,3.3,4.0
2022-02-17,sc2203,560.8,-5.6,4.4,4.3,4.2,4.2,4.6,4.5,5.0,3.4,3.9,4.4
2022-02-18,sc2203,559.7,-5.0,4.6,4.7,5.5,4.7,5.1,3.4,5.1,5.1,3.2,4.2
2022-02-21,sc2203,561.4,-4.4,5.1,5.2,5.3,4.3,5.1,4.9,4.8,5.2,3.3,4.5
2022-02-22,sc2203,580.9,-4.8,6.2,6.0,5.6,4.7,5.2,5.3,5.7,3.7,2.7,5.3
2022-02-23,sc2203,585.3,-5.1,7.9,6.8,5.8,5.3,5.6,4.2,5.9,2.9,6.4,2.7
2022-02-24,sc2203,593.9,-4.8,7.9,6.8,6.2,5.7,5.7,3.7,7.1,3.7,4.9,2.7
2022-02-25,sc2203,613.8,-6.0,11.8,9.9,7.7,6.1,6.4,6.5,4.8,2.8,5.4,4.2
2022-02-28,sc2203,591.8,-9.7,11.8,9.3,7.4,7.4,6.5,5.2,6.1,1.9,7.8,4.5
2022-03-01,sc2204,615.9,13.6,11.1,8.4,7.6,6.5,7.3,6.6,2.4,6.0,5.1,4.1
2022-03-02,sc2204,654.2,15.2,15.5,12.9,10.6,9.3,8.5,9.6,3.3,7.5,2.0,4.2
2022-03-03,sc2204,699.5,18.4,17.7,23.0,15.0,11.8,12.1,11.8,4.4,13.8,2.0,10.2
2022-03-04,sc2204,704.8,17.0,19.0,18.6,17.3,13.8,13.2,10.8,6.7,12.5,6.5,6.4
2022-03-07,sc2204,723.6,16.5,16.8,14.2,11.0,16.0,12.2,17.0,5.7,18.5,-4.3,15.2
2022-03-08,sc2204,765.8,19.0,15.9,15.8,14.5,13.8,14.5,16.2,8.9,17.7,7.4,11.3
2022-03-09,sc2204,806.9,17.3,17.1,16.4,16.0,16.7,15.6,16.2,10.7,18.0,14.0,15.9
2022-03-10,sc2204,726.1,15.5,14.4,14.4,16.1,14.5,13.8,10.7,15.8,14.2,14.4,12.2
2022-03-11,sc2204,691.9,10.7,12.1,13.3,14.6,13.8,10.1,12.8,11.7,10.8,12.2,11.3
2022-03-14,sc2204,683.0,8.4,8.8,10.7,12.5,12.1,10.0,12.9,13.3,9.7,11.6,10.8
2022-03-15,sc2204,645.7,6.1,7.7,8.9,8.9,9.0,10.0,11.9,9.4,9.2,9.2,7.6
2022-03-16,sc2204,622.9,1.2,6.0,7.9,8.3,6.2,6.1,8.0,7.7,6.7,7.7,5.4
2022-03-17,sc2204,615.8,-2.5,5.6,7.9,8.0,6.9,7.1,10.8,1.1,11.4,7.5,7.5
2022-03-18,sc2204,657.0,-1.6,9.3,11.4,10.1,10.2,8.3,6.6,10.0,2.1,7.5,4.8
2022-03-21,sc2204,678.9,10.5,12.0,13.4,11.3,12.3,6.9,9.9,6.5,8.0,7.4,6.4
2022-03-22,sc2204,722.8,20.2,14.9,15.8,13.1,13.4,10.8,10.5,10.2,7.8,5.9,7.6
2022-03-23,sc2204,717.8,17.0,14.8,15.6,13.8,13.9,10.8,13.3,9.0,9.4,9.1,4.5
2022-03-24,sc2204,760.1,27.5,18.1,18.4,17.7,16.5,13.1,13.5,11.8,6.8,7.5,6.5
2022-03-25,sc2204,753.4,30.4,17.7,17.7,16.9,15.6,11.8,18.2,10.8,7.9,11.0,3.7
2022-03-28,sc2204,742.4,27.4,15.9,16.5,15.9,15.0,13.5,13.3,14.6,4.4,11.8,5.5
2022-03-29,sc2204,706.2,21.5,13.3,14.3,13.6,12.6,12.0,13.3,10.7,10.0,10.6,7.0
2022-03-30,sc2204,678.2,9.0,11.4,12.6,12.7,11.6,11.9,12.0,7.0,9.7,9.9,8.3
2022-03-31,sc2204,675.2,-9.4,10.3,12.5,12.9,12.2,12.2,12.6,9.8,8.6,9.5,7.7
2022-04-01,sc2205,666.4,5.4,10.4,10.8,9.4,9.9,12.8,7.5,9.1,9.1,5.0,9.7
2022-04-06,sc2205,675.4,4.1,8.7,8.6,8.5,7.5,9.9,8.0,10.5,12.9,3.3,9.5
2022-04-07,sc2205,643.1,-2.0,2.9,4.4,5.5,6.1,7.7,6.0,9.6,8.0,6.1,6.5
2022-04-08,sc2205,617.3,-3.5,-0.2,2.0,3.2,2.4,3.1,5.7,5.7,3.6,2.9,4.6
2022-04-11,sc2205,625.8,-1.7,0.3,3.0,3.4,2.6,1.5,5.6,3.7,2.8,4.0,3.3
2022-04-12,sc2205,618.4,-3.3,-0.7,2.3,2.6,2.7,3.6,3.7,6.5,3.5,4.0,3.6
2022-04-13,sc2205,649.9,-2.1,0.1,2.3,3.8,3.4,3.6,7.5,2.4,2.8,6.1,1.5
2022-04-14,sc2205,665.8,-2.0,0.2,2.5,4.0,4.2,3.9,7.1,5.9,0.6,8.4,0.1
2022-04-15,sc2205,679.7,-2.1,0.7,3.3,4.6,5.0,4.0,7.5,3.5,4.3,8.0,2.2
2022-04-18,sc2205,694.1,-2.3,2.0,4.4,6.5,6.3,3.7,10.0,3.8,1.2,6.3,3.3
2022-04-19,sc2205,705.9,3.1,4.5,5.8,7.8,7.8,5.6,7.8,6.0,1.1,6.2,3.1
2022-04-20,sc2205,674.5,0.2,2.1,4.3,7.5,7.6,6.6,6.9,6.4,4.7,5.2,5.9
2022-04-21,sc2205,674.4,-0.8,0.8,2.9,5.7,6.0,7.0,5.9,6.6,4.7,4.3,6.8
2022-04-22,sc2205,680.5,0.7,1.8,3.9,5.4,5.8,6.5,5.7,5.4,4.7,5.3,6.5
2022-04-25,sc2205,662.4,6.8,-0.8,1.9,3.8,3.8,4.1,3.5,8.1,4.9,5.3,8.0
2022-04-26,sc2205,637.6,5.9,-1.6,1.6,3.8,4.2,4.3,4.1,5.1,3.6,3.0,9.5
2022-04-27,sc2205,663.8,5.9,-1.2,3.0,4.3,4.7,5.3,5.4,4.5,3.7,4.5,8.9
2022-04-28,sc2205,659.1,8.5,-0.8,3.6,4.6,6.0,5.5,5.5,4.1,3.8,4.8,8.4
2022-04-29,sc2205,671.2,2.7,-0.4,4.0,5.4,6.7,7.0,6.1,4.1,4.5,5.9,6.8
2022-05-05,sc2206,692.4,-1.8,3.6,6.5,7.7,8.9,8.3,5.0,3.5,5.0,6.4,11.5
2022-05-06,sc2206,696.4,-1.4,3.8,6.6,8.7,9.3,10.3,5.4,4.1,7.1,4.3,13.8
2022-05-09,sc2206,705.6,-1.2,3.8,7.0,8.9,9.2,9.6,5.9,5.3,6.4,4.3,16.7
2022-05-10,sc2206,669.8,-0.6,3.4,7.3,7.4,8.9,8.3,7.2,8.0,3.9,7.0,-4.8
2022-05-11,sc2206,656.1,-0.7,2.0,4.7,7.0,8.4,8.5,6.2,9.7,4.8,7.2,6.4
2022-05-12,sc2206,680.0,-0.1,2.4,4.1,6.1,6.1,6.9,9.3,5.9,7.1,8.0,6.0
2022-05-13,sc2206,692.4,-0.6,2.8,4.5,6.7,6.7,7.4,6.3,6.7,9.0,5.7,5.5
2022-05-16,sc2206,704.6,1.8,3.0,4.5,6.3,6.4,7.4,8.4,6.7,5.8,8.8,6.9
2022-05-17,sc2206,721.8,5.0,3.9,4.9,7.2,6.6,8.5,9.0,6.7,7.0,6.9,9.9
2022-05-18,sc2206,721.9,6.3,4.3,6.0,7.1,8.0,8.5,6.8,7.7,6.6,8.3,12.8
2022-05-19,sc2206,698.6,5.2,2.9,4.5,6.7,7.1,7.9,8.6,8.1,2.1,13.4,8.2
2022-05-20,sc2206,699.8,6.3,2.9,4.4,6.6,7.1,7.4,7.9,7.9,3.5,11.5,4.3
2022-05-23,sc2206,706.2,4.3,3.8,4.8,7.0,7.7,7.7,6.9,6.4,6.6,8.1,4.4
2022-05-24,sc2206,699.0,5.6,3.0,4.3,7.3,7.5,8.7,7.1,7.5,7.3,7.8,5.6
2022-05-25,sc2206,710.8,8.8,4.0,4.8,6.8,7.5,8.2,7.3,6.4,8.8,5.7,8.0
2022-05-26,sc2206,716.1,7.3,5.5,5.4,6.9,7.3,8.8,8.4,4.6,13.4,0.8,10.0
2022-05-27,sc2206,740.4,7.6,6.3,6.3,7.6,8.8,8.5,11.0,5.3,12.3,-0.3,10.0
2022-05-30,sc2206,724.3,-9.5,5.4,6.3,7.3,8.7,9.2,11.7,6.2,11.8,1.0,9.1
2022-05-31,sc2206,737.3,-7.3,5.4,8.0,9.0,9.7,9.9,12.2,8.4,8.0,3.3,7.2
2022-06-01,sc2207,741.1,4.7,8.0,9.4,10.7,9.8,9.4,9.2,9.4,4.9,9.0,5.9
2022-06-02,sc2207,728.8,4.6,5.8,7.3,8.7,8.1,8.8,9.3,7.9,10.7,7.2,5.5
2022-06-06,sc2207,750.3,3.5,4.9,6.5,6.1,7.8,6.5,7.3,9.1,7.8,10.3,5.0
2022-06-07,sc2207,748.7,3.3,5.2,6.8,6.1,7.8,9.8,9.1,6.4,7.6,7.8,5.4
2022-06-08,sc2207,753.8,2.9,5.4,7.3,6.5,7.4,10.5,8.4,8.4,6.5,7.6,3.9
2022-06-09,sc2207,771.4,3.7,6.7,8.6,7.6,9.2,7.1,9.3,10.3,3.6,6.9,4.6
2022-06-10,sc2207,770.5,3.1,6.3,8.3,7.4,8.5,7.9,8.0,8.2,8.9,8.6,4.3
2022-06-13,sc2207,756.8,3.0,5.8,7.8,7.6,7.6,6.9,8.7,7.5,10.0,7.8,5.0
2022-06-14,sc2207,768.0,7.6,7.3,9.0,8.3,9.4,8.2,7.1,7.1,8.2,8.5,4.0
2022-06-15,sc2207,770.6,7.4,8.2,9.5,8.9,10.2,8.6,5.6,10.6,4.9,8.6,3.3
2022-06-16,sc2207,748.2,4.3,7.8,9.5,8.5,9.0,12.2,6.5,7.1,7.9,8.0,4.6
2022-06-17,sc2207,731.7,0.4,6.3,8.6,7.5,7.5,7.1,8.6,8.8,9.7,8.1,5.7
2022-06-20,sc2207,704.3,2.2,4.8,7.8,7.5,6.4,6.9,7.1,8.1,9.6,8.3,6.2
2022-06-21,sc2207,702.2,-1.0,4.9,6.9,7.2,6.9,6.5,5.9,7.8,7.1,7.7,6.7
2022-06-22,sc2207,703.7,-1.9,6.9,8.1,8.1,7.5,7.1,5.6,6.4,7.1,7.8,6.8
2022-06-23,sc2207,687.6,-2.3,4.8,6.2,8.1,7.8,8.5,6.5,5.6,7.8,7.2,7.3
2022-06-24,sc2207,684.0,-2.1,4.2,5.7,7.7,8.1,7.9,6.9,8.0,5.8,6.3,6.2
2022-06-27,sc2207,689.6,-4.5,5.3,5.8,7.6,7.6,8.4,5.6,9.0,6.0,6.6,9.8
2022-06-28,sc2207,707.1,-5.7,6.8,7.6,8.5,8.2,9.7,4.5,10.7,3.7,8.2,8.6
2022-06-29,sc2207,715.0,-14.1,7.1,8.5,9.1,9.1,10.5,5.2,7.9,5.5,8.6,7.0
2022-06-30,sc2207,731.1,-1.8,8.6,10.0,10.2,10.0,10.9,5.2,7.1,7.5,8.1,4.5
2022-07-01,sc2208,704.4,9.1,10.9,10.7,10.0,9.8,6.9,6.1,9.2,8.0,4.7,8.9
2022-07-04,sc2208,711.7,9.6,11.6,11.3,11.0,10.1,5.2,7.3,9.0,9.4,2.3,10.8
2022-07-05,sc2208,727.5,12.9,12.7,12.6,11.1,11.1,8.3,8.9,6.0,7.3,9.0,5.7
2022-07-06,sc2208,674.2,15.6,14.3,12.9,10.9,10.0,7.9,8.0,6.3,10.6,6.2,6.7
2022-07-07,sc2208,644.9,12.6,9.6,9.5,10.4,9.7,11.1,7.5,8.4,7.8,5.2,6.9
2022-07-08,sc2208,676.8,16.1,12.3,10.5,10.7,9.7,8.8,6.7,9.6,7.8,3.2,9.5
2022-07-11,sc2208,686.1,14.5,11.5,10.8,11.5,11.6,9.2,12.1,6.5,6.3,4.8,9.5
2022-07-12,sc2208,680.6,13.1,11.3,10.8,10.9,10.2,10.7,8.2,9.7,7.6,4.4,8.6
2022-07-13,sc2208,650.2,15.2,11.4,10.7,10.2,8.4,9.2,7.6,10.2,7.6,3.2,10.3
2022-07-14,sc2208,650.8,18.3,10.8,9.8,10.3,8.1,7.9,5.2,11.3,7.4,4.8,8.4
2022-07-15,sc2208,641.1,24.8,9.8,8.6,9.3,6.9,6.8,6.4,9.7,7.1,6.8,6.4
2022-07-18,sc2208,668.0,29.8,12.5,11.4,11.9,8.8,7.3,5.9,8.7,6.1,9.1,6.2
2022-07-19,sc2208,697.5,30.9,14.2,12.9,14.4,11.9,9.3,9.6,6.6,5.4,7.3,6.1
2022-07-20,sc2208,704.9,40.5,14.0,10.8,13.6,12.7,9.9,7.5,7.1,5.5,8.0,4.0
2022-07-21,sc2208,706.9,43.3,14.1,11.2,13.1,10.8,9.3,8.0,6.6,6.6,8.0,3.1
2022-07-22,sc2208,695.8,43.2,14.6,11.7,12.2,11.0,9.0,6.9,6.9,6.4,8.2,2.8
2022-07-25,sc2208,697.9,46.2,17.9,12.1,10.0,9.2,8.7,8.4,5.6,5.8,8.1,3.4
2022-07-26,sc2208,704.3,42.7,20.1,12.0,9.4,8.9,10.0,7.7,6.5,5.9,8.7,2.1
2022-07-27,sc2208,661.3,-3.3,21.4,13.0,9.0,8.1,9.5,8.8,7.4,6.2,6.7,2.7
2022-07-28,sc2208,676.1,-2.3,21.5,13.0,8.5,7.7,7.6,8.7,9.3,4.2,7.7,3.7
2022-07-29,sc2208,730.3,48.4,19.4,13.8,9.1,8.1,7.1,8.2,9.0,5.8,9.0,1.8
2022-08-01,sc2209,698.1,20.9,15.3,10.2,8.0,8.1,7.3,8.1,5.3,9.4,1.9,0.2
2022-08-02,sc2209,672.7,20.4,13.8,9.5,8.1,8.4,6.1,8.9,8.0,5.2,4.0,-0.5
2022-08-03,sc2209,681.6,16.1,10.2,8.1,7.4,7.7,5.4,11.2,5.9,7.7,3.7,-0.4
2022-08-04,sc2209,667.1,16.0,9.9,7.9,6.5,7.1,6.1,9.2,6.9,4.6,6.8,-0.4
2022-08-05,sc2209,650.3,18.0,9.1,7.9,7.1,6.6,6.1,7.6,6.6,4.9,6.9,-0.6
2022-08-08,sc2209,659.6,24.6,11.6,8.3,7.2,6.6,5.5,7.9,8.0,5.8,5.0,-0.7
2022-08-09,sc2209,665.7,21.0,14.5,9.4,7.6,6.4,6.1,6.8,8.0,5.2,5.4,-0.2
2022-08-10,sc2209,676.5,23.6,15.4,10.2,8.2,6.6,4.9,7.8,6.9,2.3,9.0,0.1
2022-08-11,sc2209,682.6,25.6,15.8,10.5,8.8,7.1,4.5,7.6,8.4,5.2,5.8,0.1
2022-08-12,sc2209,698.9,25.6,17.8,11.9,9.1,6.6,5.8,6.9,7.8,7.0,3.9,0.1
2022-08-15,sc2209,695.9,28.3,19.0,12.6,10.4,7.8,6.5,6.6,7.0,8.5,2.8,0.0
2022-08-16,sc2209,685.6,29.3,21.1,12.8,10.0,8.0,6.9,6.1,7.0,7.7,2.9,5.4
2022-08-17,sc2209,690.7,28.9,22.6,16.4,11.5,8.6,5.3,6.1,5.2,7.4,4.2,4.1
2022-08-18,sc2209,698.6,27.7,25.9,18.9,13.4,11.4,6.1,7.6,7.0,5.2,5.6,5.0
2022-08-19,sc2209,725.4,33.4,30.1,23.3,17.5,12.2,8.5,8.2,5.3,5.6,4.5,4.7
2022-08-22,sc2209,749.9,46.4,32.1,25.2,20.0,14.7,11.6,4.6,5.5,6.3,2.4,4.2
2022-08-23,sc2209,747.2,45.1,29.2,23.8,18.0,14.5,12.0,6.1,7.0,5.8,3.2,4.4
2022-08-24,sc2209,765.8,46.8,28.8,22.0,16.0,13.2,11.3,8.9,9.2,6.8,3.9,4.0
2022-08-25,sc2209,790.6,49.0,42.6,22.1,14.0,11.8,12.6,7.6,11.3,6.1,6.6,4.0
2022-08-26,sc2209,787.3,48.0,44.2,21.0,12.4,10.0,9.8,9.5,8.2,3.0,12.5,6.0
2022-08-29,sc2209,726.4,-1.2,39.1,20.4,10.7,9.2,8.8,12.3,7.3,5.7,6.9,7.3
2022-08-30,sc2209,738.7,-1.9,31.7,25.1,17.7,12.0,8.7,7.2,6.3,5.4,6.8,4.7
2022-08-31,sc2209,724.7,7.8,27.0,18.9,15.5,12.8,9.6,8.3,5.7,5.9,8.4,5.4
2022-09-01,sc2210,705.5,31.8,18.0,15.2,12.7,10.2,8.0,5.9,6.2,7.8,3.3,9.1
2022-09-02,sc2210,694.7,39.8,16.0,15.5,12.7,10.1,4.4,8.5,1.3,9.4,4.4,6.5
2022-09-05,sc2210,696.2,34.2,16.3,16.7,13.4,10.8,8.1,3.0,3.8,8.8,5.0,6.0
2022-09-06,sc2210,707.4,37.1,17.3,16.2,13.6,11.1,7.1,5.1,7.1,3.3,4.8,8.0
2022-09-07,sc2210,688.4,36.4,15.3,15.4,13.1,11.2,6.7,5.7,5.0,7.0,4.7,5.5
2022-09-08,sc2210,673.8,42.3,13.3,14.0,11.4,9.8,6.6,3.6,5.7,8.6,4.6,5.5
2022-09-09,sc2210,670.0,43.0,13.5,12.2,10.5,8.3,9.0,6.3,3.1,6.2,4.9,6.4
2022-09-13,sc2210,705.6,54.8,19.8,14.7,10.9,9.4,5.7,4.3,7.4,4.0,4.3,5.4
2022-09-14,sc2210,691.6,46.8,18.0,14.8,11.3,9.5,8.9,2.4,10.0,2.3,3.3,6.0
2022-09-15,sc2210,718.3,50.8,24.3,19.1,14.0,10.8,6.9,2.2,6.7,4.0,4.2,4.4
2022-09-16,sc2210,712.2,46.2,32.2,20.1,15.1,10.9,9.1,6.3,6.5,3.0,1.8,5.1
2022-09-19,sc2210,709.2,61.0,25.2,15.3,12.3,9.6,10.1,4.8,4.6,8.6,3.5,4.1
2022-09-20,sc2210,707.4,68.3,20.6,13.2,11.1,10.2,9.2,6.3,7.7,4.7,3.8,5.1
2022-09-21,sc2210,674.3,32.3,19.9,13.0,11.1,10.2,7.6,6.8,8.6,4.5,4.3,4.6
2022-09-22,sc2210,653.6,4.3,20.7,14.3,12.3,9.8,9.6,6.6,8.4,4.5,3.8,6.2
2022-09-23,sc2210,645.8,-9.4,18.7,12.8,11.6,10.3,7.0,5.7,8.2,4.0,4.6,8.5
2022-09-26,sc2211,624.8,11.8,10.1,10.8,8.4,8.1,5.7,6.8,4.3,5.9,3.8,4.0
2022-09-27,sc2211,612.0,8.2,8.6,9.2,7.8,8.2,5.6,4.6,4.4,7.3,3.4,5.5
2022-09-28,sc2211,612.2,8.3,8.0,8.6,7.7,7.9,5.8,2.4,6.8,8.3,5.5,1.1
2022-09-29,sc2211,628.6,5.3,8.4,8.8,7.8,7.9,7.3,4.6,6.3,5.3,3.7,6.6
2022-09-30,sc2211,631.5,3.8,10.6,11.6,8.8,7.4,4.5,7.6,4.9,5.5,4.1,4.7
2022-10-10,sc2211,699.6,10.3,13.0,13.2,10.8,9.3,10.6,7.7,5.6,6.4,6.2,0.5
2022-10-11,sc2211,702.2,8.2,13.3,13.3,11.0,9.3,10.1,4.9,8.1,5.1,4.5,5.6
2022-10-12,sc2211,688.2,8.5,14.4,13.1,11.2,9.3,8.6,8.6,4.8,4.5,1.8,5.8
2022-10-13,sc2211,684.8,13.2,15.4,14.6,11.6,9.0,6.6,5.4,6.9,6.0,-0.2,7.8
2022-10-14,sc2211,689.7,9.2,17.7,14.1,12.1,9.2,7.1,5.9,6.6,6.1,2.5,5.9
2022-10-17,sc2211,676.7,6.5,16.3,14.6,12.3,9.8,6.9,4.7,5.9,6.7,4.3,4.7
2022-10-18,sc2211,677.9,6.4,17.4,16.6,13.1,9.1,7.2,4.3,6.6,4.3,3.5,5.0
2022-10-19,sc2211,665.4,3.8,18.9,16.7,14.5,9.2,6.5,6.1,4.7,3.1,2.7,5.6
2022-10-20,sc2211,667.1,-0.4,19.0,14.2,13.6,10.7,6.5,6.5,6.3,3.1,4.2,3.7
2022-10-21,sc2211,669.6,0.2,15.1,13.2,12.9,9.2,8.4,7.0,4.8,1.1,4.6,5.8
2022-10-24,sc2211,670.1,-0.2,16.0,13.1,12.4,9.9,8.8,7.9,5.4,0.4,5.6,5.1
2022-10-25,sc2211,669.9,-1.4,15.2,12.7,11.8,10.2,9.4,7.7,5.4,1.5,3.2,3.4
2022-10-26,sc2211,671.3,-2.3,14.4,11.7,11.2,9.2,8.2,7.2,5.9,4.1,5.7,1.9
2022-10-27,sc2211,677.4,-2.3,10.3,12.3,11.9,9.7,7.7,5.9,7.9,3.5,3.0,5.8
2022-10-28,sc2211,684.9,-3.6,11.1,13.2,12.6,11.5,9.2,6.6,8.0,-0.2,2.6,6.2
2022-10-31,sc2211,686.8,4.1,14.3,12.1,12.3,11.3,11.5,7.8,4.9,2.2,2.5,7.6
2022-11-01,sc2212,685.5,15.4,12.3,11.5,10.9,11.3,7.9,5.1,1.9,4.6,5.8,0.3
2022-11-02,sc2212,696.3,11.7,15.1,13.0,11.5,11.5,9.0,6.0,1.9,4.5,6.4,0.5
2022-11-03,sc2212,698.4,10.7,15.1,14.6,13.6,13.0,10.1,6.6,3.3,6.9,-0.8,3.0
2022-11-04,sc2212,699.9,12.0,15.0,14.5,13.5,12.8,11.8,4.7,4.3,5.0,1.1,6.5
2022-11-07,sc2212,715.4,13.5,17.1,16.2,14.6,13.0,11.9,7.7,5.0,3.1,3.1,1.6
2022-11-08,sc2212,716.5,12.4,15.2,16.7,14.5,12.5,10.3,9.5,5.4,3.8,5.5,0.6
2022-11-09,sc2212,700.6,8.9,12.8,14.9,12.9,11.4,11.1,9.1,7.0,2.8,5.9,3.7
2022-11-10,sc2212,677.4,7.1,10.8,13.9,12.0,9.0,9.5,9.4,6.6,3.5,6.7,1.6
2022-11-11,sc2212,673.8,5.9,10.5,12.1,11.3,8.4,8.8,10.3,6.5,4.5,6.0,3.5
2022-11-14,sc2212,677.5,4.8,10.0,9.9,10.2,8.3,8.8,8.0,7.4,3.9,6.9,3.1
2022-11-15,sc2212,658.4,4.4,5.4,7.4,7.6,6.8,6.4,9.0,9.0,5.1,5.1,2.7
2022-11-16,sc2212,647.0,4.7,2.8,5.6,5.6,5.5,5.2,7.3,8.1,5.2,5.8,2.7
2022-11-17,sc2212,636.7,2.9,1.8,4.0,4.0,4.5,3.8,7.5,6.2,2.9,7.8,3.3
2022-11-18,sc2212,623.1,1.3,1.3,2.5,3.0,3.1,1.9,6.3,6.4,3.7,7.7,4.6
2022-11-21,sc2212,601.6,1.7,0.5,2.6,2.6,2.7,1.8,5.4,5.6,2.0,6.3,3.9
2022-11-22,sc2212,591.8,1.5,0.4,0.9,1.7,2.2,2.6,4.9,5.1,3.6,4.2,2.5
2022-11-23,sc2212,601.9,0.1,0.6,1.5,1.8,2.4,3.7,5.0,2.9,2.2,4.6,1.3
2022-11-24,sc2212,575.0,0.1,-0.4,-0.8,0.3,1.1,1.7,4.4,3.6,0.2,4.1,2.3
2022-11-25,sc2212,576.1,2.3,-2.0,-2.5,-0.2,0.5,1.6,1.7,3.1,-1.9,5.1,0.7
2022-11-28,sc2212,556.0,-4.1,-3.8,-3.2,-0.5,-0.4,0.2,0.7,2.0,-0.6,3.6,1.5
2022-11-29,sc2212,554.9,-10.4,-3.1,-3.2,-0.8,-0.6,-0.5,0.4,0.3,0.5,2.1,1.0
2022-11-30,sc2212,579.2,7.7,-3.7,-4.1,-2.0,-0.6,-0.3,1.0,0.8,0.3,2.7,2.1
2022-12-01,sc2301,578.9,-3.5,-3.8,-0.7,0.2,0.6,-0.1,1.0,3.1,0.4,1.8,1.9
2022-12-02,sc2301,577.7,-3.8,-3.7,-2.0,-0.1,0.1,1.0,1.7,1.3,1.2,1.9,-1.2
2022-12-05,sc2301,570.0,-4.4,-4.1,-1.8,-0.2,0.1,0.6,0.9,3.0,0.0,0.4,1.4
2022-12-06,sc2301,552.6,-4.8,-4.6,-2.0,-0.7,-0.4,0.7,0.9,0.1,1.8,-0.5,-1.1
2022-12-07,sc2301,523.3,-6.0,-4.6,-2.5,-1.4,-0.6,0.4,1.4,-1.9,1.4,-1.2,-1.7
2022-12-08,sc2301,512.6,-6.3,-4.9,-2.6,-1.5,-1.0,0.3,0.7,-0.4,-0.1,2.0,-6.3
2022-12-09,sc2301,505.1,-6.4,-5.3,-3.0,-0.6,-0.1,-0.1,0.8,-0.7,-0.9,1.0,-3.2
2022-12-12,sc2301,501.6,-7.1,-5.2,-3.5,-0.9,-0.4,0.7,0.0,-1.0,-0.9,0.9,-3.3
2022-12-13,sc2301,510.2,-7.7,-6.3,-3.4,-1.1,-0.4,1.3,-0.1,-1.8,0.1,1.4,-2.8
2022-12-14,sc2301,521.7,-7.8,-6.5,-3.4,-0.6,-0.1,0.1,0.7,-2.5,0.3,1.4,-1.9
2022-12-15,sc2301,530.3,-8.3,-5.9,-3.2,-0.5,-0.2,-0.3,0.5,-2.1,0.1,1.9,-1.6
2022-12-16,sc2301,528.4,-8.3,-6.4,-3.2,-0.5,-0.2,-0.2,0.7,-1.1,-1.7,1.8,-1.5
2022-12-19,sc2301,520.0,-8.5,-6.8,-3.3,-0.8,-0.2,-0.5,1.1,-1.3,-1.9,3.1,-1.6
2022-12-20,sc2301,528.4,-8.4,-6.3,-2.5,-0.1,0.2,-0.6,1.4,-2.6,-1.4,1.6,0.5
2022-12-21,sc2301,529.2,-7.8,-5.7,-2.4,0.0,1.6,0.4,0.9,-1.6,-1.9,1.4,-0.3
2022-12-22,sc2301,538.0,-10.4,-4.8,-2.6,0.1,0.9,1.6,0.6,-0.6,-2.9,1.2,0.2
2022-12-23,sc2302,546.8,-5.0,-2.5,-0.2,0.8,1.7,-1.2,0.9,-1.6,2.5,-1.9,1.9
2022-12-26,sc2302,559.7,-3.7,-1.7,0.1,0.8,1.8,3.0,0.1,-2.8,0.5,1.9,0.3
2022-12-27,sc2302,562.5,-5.1,-1.4,-0.4,0.8,1.7,3.5,2.8,-2.8,0.0,3.7,-1.5
2022-12-28,sc2302,565.5,-4.4,-0.4,0.0,1.0,2.0,1.1,0.9,-0.4,1.8,2.3,-2.6
2022-12-29,sc2302,552.9,-5.3,-1.7,-0.1,0.7,1.1,2.5,1.7,-2.4,3.1,-0.1,2.3
2022-12-30,sc2302,553.7,-6.8,-1.1,0.8,1.4,1.0,1.5,0.6,0.7,-0.2,-0.3,1.5
2023-01-03,sc2302,564.2,-5.9,0.4,2.0,2.6,4.1,-3.9,3.7,18.2,-18.8,1.4,-2.2
2023-01-04,sc2302,549.9,-5.6,-2.2,-0.2,1.5,1.2,1.0,4.5,1.5,0.0,0.7,2.0
2023-01-05,sc2302,521.1,-5.5,-3.5,-1.3,0.5,0.1,-0.3,0.1,2.1,4.5,-4.9,5.3
2023-01-06,sc2302,525.5,-0.8,-1.8,-2.0,-0.6,0.1,-0.8,-1.4,1.6,1.7,-0.9,1.0
2023-01-09,sc2302,525.7,-1.9,-0.5,-1.9,-0.4,-0.7,-1.4,1.8,-1.5,1.6,-3.3,2.8
2023-01-10,sc2302,524.4,-2.3,-1.2,-1.7,-0.4,-0.5,-1.5,0.6,-0.5,1.8,-1.3,0.8
2023-01-11,sc2302,519.5,-2.5,-1.7,-2.3,-1.3,-0.7,-1.5,-1.2,2.6,1.3,-3.3,3.2
2023-01-12,sc2302,527.3,-3.0,-1.9,-2.6,-0.9,-0.8,0.0,-0.6,0.8,0.9,-3.1,3.6
2023-01-13,sc2302,538.8,3.3,-2.0,-2.8,-1.1,-0.7,-0.4,-0.6,1.5,0.7,-2.8,5.0
2023-01-16,sc2302,539.4,-1.7,-1.5,-2.3,-0.1,-0.7,-0.5,-1.5,-0.5,1.9,-4.8,7.7
2023-01-17,sc2303,544.2,-2.2,-1.9,1.4,0.3,0.5,-3.0,-1.3,1.6,-2.1,3.4,-1.3
2023-01-18,sc2303,559.6,-1.0,-0.2,1.9,0.9,0.7,-0.8,-3.7,0.5,1.8,-1.4,1.1
2023-01-19,sc2303,556.2,-2.3,-0.7,1.4,1.2,0.8,-0.1,-0.8,0.1,1.3,0.8,1.9
2023-01-20,sc2303,559.8,-2.0,-0.9,1.5,0.9,0.7,1.1,-0.9,-1.0,3.2,-1.1,1.9
2023-01-30,sc2303,560.0,-2.3,-1.5,2.5,0.5,1.1,-2.0,5.8,20.0,-19.6,-25.1,25.4
2023-01-31,sc2303,546.6,-2.5,-1.6,1.9,0.7,0.1,-1.0,2.0,0.1,-0.7,2.2,2.2
2023-02-01,sc2303,548.4,-2.7,-1.5,1.3,0.3,0.1,0.1,1.6,0.8,-2.2,2.7,3.6
2023-02-02,sc2303,540.8,-2.6,-2.1,1.0,0.5,0.2,0.8,0.6,-0.5,1.0,1.3,1.7
2023-02-03,sc2303,532.3,-1.3,-2.1,0.5,0.1,0.1,-0.3,0.5,0.0,0.0,1.8,2.1
2023-02-06,sc2303,526.5,-1.2,-1.8,0.4,0.3,-0.5,-0.5,0.6,-0.3,1.5,0.7,1.7
2023-02-07,sc2303,523.8,-1.5,-1.7,-0.2,0.1,-0.7,-0.7,0.0,0.8,-1.4,3.6,1.7
2023-02-08,sc2303,537.9,-1.1,-1.4,0.1,-0.1,-0.6,-0.7,-0.3,1.9,-1.5,3.0,2.4
2023-02-09,sc2303,550.9,0.8,-0.8,1.3,0.2,-0.2,-0.4,0.7,-0.7,0.2,2.1,1.6
2023-02-10,sc2303,552.6,4.6,-0.7,1.8,0.5,-0.1,0.2,-0.6,-1.0,2.9,-0.6,0.8
2023-02-13,sc2303,563.0,5.4,0.3,2.3,0.7,0.7,0.5,-1.8,-0.1,3.4,-2.0,0.5
2023-02-14,sc2303,566.3,4.4,1.1,2.9,0.9,1.4,0.4,-2.1,1.6,0.9,-0.5,0.2
2023-02-15,sc2303,567.9,6.4,2.4,3.4,1.4,1.5,1.8,-0.3,-0.2,0.1,-0.4,0.6
2023-02-16,sc2303,572.4,7.3,3.8,4.0,2.5,1.7,1.5,1.1,-0.9,-0.1,0.3,0.6
2023-02-17,sc2303,579.1,8.9,5.4,3.9,2.8,1.8,1.0,1.2,-0.3,1.3,-0.4,0.4
2023-02-20,sc2303,559.1,6.3,2.2,1.8,1.3,1.0,1.2,2.1,0.7,-0.9,0.7,1.2
2023-02-21,sc2303,557.0,3.3,0.9,0.2,0.7,0.7,0.4,3.1,1.1,-1.0,2.2,1.0
2023-02-22,sc2303,556.1,8.2,0.1,-0.3,0.2,0.0,-0.9,3.1,1.4,-1.2,3.6,0.9
2023-02-23,sc2303,552.0,11.2,-0.3,-0.9,0.1,0.1,-0.7,1.9,1.6,-2.6,3.3,1.4
2023-02-24,sc2303,548.6,2.4,-0.4,-0.7,-0.2,-0.1,-0.3,0.6,-0.9,-1.5,1.2,1.1
2023-02-27,sc2303,561.2,11.4,0.2,0.5,0.3,0.4,0.3,-0.3,-1.0,-0.2,0.4,0.3
2023-02-28,sc2303,553.0,7.2,0.3,-0.2,-0.1,0.1,0.6,-0.1,0.4,-1.5,2.0,0.3
2023-03-01,sc2304,556.5,0.7,0.7,0.3,0.3,0.4,0.5,0.5,-1.0,1.0,0.5,-2.8
2023-03-02,sc2304,556.0,0.3,1.7,0.9,0.8,0.6,-0.2,1.3,-2.2,1.9,0.9,-2.8
2023-03-03,sc2304,566.5,1.2,2.7,1.6,1.3,1.0,1.0,-0.4,0.1,1.8,1.7,-3.1
2023-03-06,sc2304,568.7,1.9,2.6,1.6,1.4,1.0,1.0,0.0,0.1,1.8,1.6,-1.2
2023-03-07,sc2304,579.2,2.2,2.4,1.9,1.5,1.2,1.0,1.0,-1.5,2.5,1.6,0.6
2023-03-08,sc2304,571.1,0.6,2.1,1.2,1.2,0.9,0.8,1.7,-3.2,6.2,0.4,-2.5
2023-03-09,sc2304,560.5,0.3,0.3,0.6,0.7,0.9,1.3,1.5,-3.1,5.6,0.7,-2.0
2023-03-10,sc2304,557.3,-0.4,0.0,0.5,0.6,0.9,0.8,0.2,-1.7,5.9,1.0,-2.9
2023-03-13,sc2304,551.7,-1.7,-0.1,0.4,0.4,0.9,1.1,-0.6,-0.6,4.4,1.3,-5.0
2023-03-14,sc2304,535.6,-3.2,-1.1,-0.1,0.2,0.5,0.8,-1.4,-1.7,4.6,0.8,-6.8
2023-03-15,sc2304,526.7,-2.7,-1.5,-0.8,-0.3,0.0,0.6,-0.6,0.3,2.7,0.6,-1.9
2023-03-16,sc2304,496.4,-4.8,-2.6,-1.4,-0.5,-0.5,-0.5,-1.8,-1.0,4.3,-0.3,-3.0
2023-03-17,sc2304,496.1,-4.9,-2.2,-0.9,-0.6,-0.7,-0.4,-1.4,0.0,1.6,-0.1,-1.8
2023-03-20,sc2304,490.2,-3.8,-3.0,-1.2,-0.6,-0.6,-0.2,-0.2,-0.9,2.2,-0.1,-0.9
2023-03-21,sc2304,486.1,-5.0,-2.8,-0.8,-0.6,-0.5,-0.1,-0.3,-2.1,0.3,-1.3,0.4
2023-03-22,sc2304,497.7,-4.2,-3.3,-0.8,-0.5,-0.4,0.0,-0.7,-2.2,0.0,0.4,1.1
2023-03-23,sc2304,504.4,-3.2,-3.2,-0.8,-0.3,-0.4,-0.1,0.3,0.1,0.3,-0.5,2.2
2023-03-24,sc2304,505.2,-3.8,-2.5,-0.7,-0.3,-0.2,0.1,1.6,-0.2,0.6,0.4,1.1
2023-03-27,sc2304,498.0,-3.3,-2.3,-1.3,-0.5,-0.2,-0.2,1.1,-2.7,0.2,2.4,-0.5
2023-03-28,sc2304,514.8,-1.4,-2.6,-1.8,-0.6,0.1,-0.2,0.3,1.4,-1.4,2.0,0.1
2023-03-29,sc2304,524.3,-0.1,-2.5,-2.0,-0.6,0.1,0.4,0.3,1.5,1.3,2.5,1.5
2023-03-30,sc2304,525.8,2.1,-2.3,-2.0,-0.7,-0.1,0.6,0.3,0.4,1.4,4.0,2.7
2023-03-31,sc2304,531.0,4.1,-2.4,-1.7,-0.5,-0.1,0.8,1.2,1.0,1.7,1.3,3.2
2023-04-03,sc2305,547.2,-1.5,-1.0,0.4,0.4,1.2,0.9,2.0,0.7,2.3,0.9,3.2
2023-04-04,sc2305,576.9,1.4,1.2,2.3,2.0,1.8,1.5,1.0,0.4,2.4,2.7,0.7
2023-04-06,sc2305,583.0,1.3,1.3,2.3,2.7,2.1,2.6,1.8,-0.2,3.4,2.5,0.6
2023-04-07,sc2305,586.9,3.1,1.6,2.1,2.7,2.5,1.9,3.3,-0.2,3.8,1.9,0.5
2023-04-10,sc2305,589.3,4.8,1.5,2.0,2.4,2.1,2.4,2.2,1.0,3.1,1.9,1.1
2023-04-11,sc2305,586.3,5.3,2.1,2.2,2.4,2.0,2.4,1.5,0.7,3.6,2.6,0.4
2023-04-12,sc2305,591.9,6.8,3.8,2.8,2.9,1.9,2.3,0.9,1.7,2.4,1.9,1.9
2023-04-13,sc2305,601.8,7.1,3.7,2.9,3.1,2.6,2.7,3.3,1.6,2.4,1.4,2.2
2023-04-14,sc2305,597.4,4.6,3.4,2.6,2.8,2.4,2.9,1.7,2.9,2.5,1.8,1.5
2023-04-17,sc2305,599.2,6.4,3.9,2.5,2.6,2.3,2.9,0.6,2.7,4.3,2.2,1.3
2023-04-18,sc2305,597.5,11.7,3.8,2.2,2.3,1.9,2.4,-0.5,1.5,6.8,2.2,0.3
2023-04-19,sc2305,593.6,10.0,3.6,2.3,2.4,2.5,3.2,-0.1,1.2,3.3,1.8,1.0
2023-04-20,sc2305,580.9,9.9,2.9,1.5,1.7,0.8,2.7,-0.8,0.9,1.3,2.7,4.3
2023-04-21,sc2305,566.6,8.3,3.4,1.4,1.3,1.1,1.4,0.8,0.0,0.2,0.2,5.5
2023-04-24,sc2305,565.4,5.8,3.3,1.5,1.3,1.2,1.4,0.9,0.9,0.4,3.3,1.7
2023-04-25,sc2305,566.9,-0.4,2.7,1.8,1.4,0.8,1.9,0.0,0.1,0.2,1.8,3.2
2023-04-26,sc2305,561.8,7.0,1.1,0.6,0.2,0.2,0.7,-1.5,1.8,0.8,1.1,2.5
2023-04-27,sc2305,534.9,-3.7,-0.5,0.2,-0.1,0.2,-0.1,-1.1,1.5,1.4,1.3,1.7
2023-04-28,sc2305,545.9,17.5,-1.6,-0.5,-0.5,-0.2,-0.5,-1.2,0.8,1.7,1.6,1.4
2023-05-04,sc2306,494.9,-1.6,-0.7,-1.0,-0.5,-0.8,-1.5,-0.4,0.1,2.8,2.2,-1.0
2023-05-05,sc2306,491.7,-2.3,-0.6,-1.1,-0.7,-1.1,-1.1,0.0,1.5,0.4,0.8,-0.3
2023-05-08,sc2306,508.7,-1.4,-0.8,-0.8,-0.5,-0.8,-1.0,-0.4,0.8,-0.4,0.9,1.0
2023-05-09,sc2306,518.9,-1.3,-0.6,-0.6,-0.4,-0.5,-0.9,0.5,-0.1,2.0,0.3,0.0
2023-05-10,sc2306,517.5,-1.3,-0.2,-0.1,-0.4,-0.2,-0.7,0.9,0.1,1.0,-0.2,0.7
2023-05-11,sc2306,514.7,-2.4,-0.2,-0.3,-0.2,0.1,-0.9,1.5,1.2,0.4,-0.5,0.8
2023-05-12,sc2306,502.1,-3.6,-1.1,-0.9,-0.5,-0.1,-0.7,1.4,0.6,0.7,-0.7,0.8
2023-05-15,sc2306,496.2,-3.5,-1.2,-0.8,-0.7,-0.3,-1.1,1.6,1.3,-0.4,-0.2,0.7
2023-05-16,sc2306,505.7,-3.0,-0.8,-0.6,-0.2,0.1,-0.7,-0.3,0.6,0.1,0.2,1.3
2023-05-17,sc2306,504.1,-2.4,-1.3,-0.7,-0.3,0.0,-0.3,0.2,0.4,-0.1,-0.2,0.4
2023-05-18,sc2306,512.7,-3.2,-2.0,-0.9,-0.4,-0.1,-0.5,0.7,0.5,0.3,-0.2,0.5
2023-05-19,sc2306,514.4,-3.5,-1.9,-1.0,-0.5,-0.1,-0.1,0.6,0.4,1.4,0.7,1.0
2023-05-22,sc2306,509.6,-3.8,-1.4,-0.3,-0.3,0.3,-0.1,0.3,-0.1,0.7,1.2,0.3
2023-05-23,sc2306,513.7,-2.5,-1.1,-0.2,-0.1,0.1,-0.6,0.2,0.1,-0.1,0.0,0.9
2023-05-24,sc2306,523.5,-0.4,-0.9,-0.1,0.0,0.1,-0.5,0.3,0.8,0.2,0.7,1.2
2023-05-25,sc2306,529.4,-0.3,0.1,0.2,0.1,0.3,-0.1,0.9,2.0,0.8,1.0,-0.2
2023-05-26,sc2306,516.7,-1.3,-0.1,-0.1,-0.1,0.2,-0.3,0.6,1.7,1.2,0.8,0.5
2023-05-29,sc2306,527.4,-2.2,1.4,0.1,0.2,0.2,0.2,0.3,1.7,1.0,0.9,-0.1
2023-05-30,sc2306,528.2,-0.3,1.1,0.2,0.2,0.2,0.4,0.2,2.6,1.0,0.9,0.1
2023-05-31,sc2306,517.5,10.2,0.6,-0.8,0.0,-0.1,0.2,0.9,2.0,0.8,1.0,-0.1
2023-06-01,sc2307,501.9,-0.1,-1.0,-0.3,-0.2,0.6,0.8,0.3,1.5,1.5,1.5,2.4
2023-06-02,sc2307,511.8,-0.6,-0.6,0.2,0.3,1.0,-0.1,1.2,1.1,1.8,0.4,2.1
2023-06-05,sc2307,523.7,-0.8,-0.3,0.5,0.8,0.9,0.2,2.4,1.1,1.0,0.5,3.1
2023-06-06,sc2307,528.0,-0.3,-0.5,0.4,0.6,0.9,-0.1,3.7,0.1,0.9,0.3,2.9
2023-06-07,sc2307,524.1,-0.9,-0.5,0.4,0.6,0.5,1.5,3.2,0.7,0.8,-0.2,4.1
2023-06-08,sc2307,534.2,0.7,0.2,0.7,0.9,0.7,0.4,2.4,1.0,0.6,-0.1,5.5
2023-06-09,sc2307,527.3,0.2,0.3,0.5,0.7,0.8,0.7,2.2,1.5,0.9,0.1,3.4
2023-06-12,sc2307,523.1,-0.2,0.0,1.0,0.6,0.7,0.6,2.4,1.3,0.9,0.9,3.0
2023-06-13,sc2307,506.3,-2.2,-1.1,0.2,0.5,0.2,0.5,3.2,1.3,1.0,1.8,1.9
2023-06-14,sc2307,519.6,-1.9,-0.3,0.8,1.1,0.7,0.9,2.3,1.4,1.2,1.2,2.2
2023-06-15,sc2307,517.6,-2.2,-0.6,0.8,1.3,0.8,0.8,2.1,0.9,1.0,1.4,3.1
2023-06-16,sc2307,525.1,-2.2,-0.1,1.1,1.5,1.4,-0.2,1.8,1.1,1.6,1.2,4.8
2023-06-19,sc2307,530.0,-0.7,0.4,1.1,1.5,1.4,1.0,1.8,1.0,1.3,2.6,3.2
2023-06-20,sc2307,533.6,-0.9,-0.2,0.6,1.3,1.2,0.8,2.4,1.3,1.3,4.0,1.5
2023-06-21,sc2307,542.5,-0.2,0.7,2.3,2.3,2.3,0.9,1.4,0.4,1.0,4.1,3.0
2023-06-26,sc2307,539.3,0.0,0.5,3.1,3.3,2.8,1.7,2.9,2.3,-0.3,2.6,0.8
2023-06-27,sc2307,541.1,-1.6,1.0,3.4,3.4,2.9,1.8,2.7,1.3,-0.6,3.5,1.6
2023-06-28,sc2307,534.6,-0.6,0.8,3.4,3.1,2.7,2.3,2.7,2.1,-0.4,2.0,0.0
2023-06-29,sc2307,539.1,-1.7,0.8,3.4,3.1,3.2,1.4,3.3,1.3,0.3,2.1,1.5
2023-06-30,sc2307,542.1,-3.4,0.4,3.7,3.4,3.6,1.7,4.3,-0.4,0.4,1.4,2.6
2023-07-03,sc2308,551.7,0.1,3.4,3.7,3.8,1.9,3.9,2.7,-0.9,1.4,3.3,0.1
2023-07-04,sc2308,551.0,-0.2,3.2,3.8,3.7,2.3,2.4,7.8,-4.4,1.5,0.7,0.8
2023-07-05,sc2308,553.8,-0.6,2.8,3.7,3.7,2.3,3.5,3.9,-0.4,3.7,0.5,0.8
2023-07-06,sc2308,558.8,-1.2,2.6,3.4,3.4,2.5,3.8,4.6,0.1,2.5,2.7,2.1
2023-07-07,sc2308,556.5,-1.5,2.2,2.8,3.0,2.1,4.9,4.1,1.6,2.9,-0.1,3.1
2023-07-10,sc2308,565.3,-0.9,2.7,3.1,3.1,2.6,2.9,3.6,3.5,2.9,0.5,2.9
2023-07-11,sc2308,568.8,0.4,3.3,3.3,3.4,2.4,3.1,4.5,0.9,3.9,0.5,2.7
2023-07-12,sc2308,574.4,-0.4,3.1,3.8,3.9,3.0,3.3,4.4,0.3,4.2,3.0,1.8
2023-07-13,sc2308,578.6,-0.6,2.8,4.0,3.8,3.0,3.0,3.2,3.2,3.7,2.6,4.8
2023-07-14,sc2308,584.9,1.1,2.9,3.9,3.9,3.4,2.9,3.9,1.4,5.1,4.3,2.8
2023-07-17,sc2308,580.1,3.2,2.8,3.7,3.8,3.4,3.2,3.5,2.5,2.8,1.9,5.6
2023-07-18,sc2308,577.2,2.9,3.0,4.1,3.8,3.4,2.7,2.4,1.4,4.2,0.7,6.1
2023-07-19,sc2308,583.4,1.9,3.0,4.0,3.8,3.0,3.1,3.2,1.7,3.3,2.7,5.2
2023-07-20,sc2308,589.1,1.8,4.6,4.5,3.5,3.2,1.8,3.1,0.8,2.1,1.7,5.1
2023-07-21,sc2308,585.3,0.2,4.1,3.9,3.3,2.9,2.5,2.7,0.6,3.2,0.1,2.8
2023-07-24,sc2308,587.7,-1.6,4.3,4.5,3.2,3.0,2.5,2.7,0.2,5.2,-0.4,1.0
2023-07-25,sc2308,598.9,-1.1,4.3,4.6,3.7,3.3,2.3,2.9,0.8,4.6,1.1,0.2
2023-07-26,sc2308,601.8,-1.0,4.8,4.2,3.6,3.2,2.8,2.9,0.7,4.0,3.2,0.4
2023-07-27,sc2308,606.8,3.3,4.7,3.8,3.3,3.2,3.1,3.2,2.1,2.5,2.1,1.0
2023-07-28,sc2308,610.3,3.4,3.6,3.9,3.3,3.3,3.2,3.2,1.5,4.4,3.0,2.2
2023-07-31,sc2308,604.4,-3.5,3.4,4.1,3.4,3.2,3.3,3.3,3.3,1.9,2.4,2.2
2023-08-01,sc2309,618.2,4.5,4.5,3.6,3.3,3.6,3.7,2.5,2.1,2.1,2.1,2.1
2023-08-02,sc2309,621.8,4.5,5.0,3.9,3.4,3.2,3.1,3.8,2.5,3.8,1.6,0.6
2023-08-03,sc2309,610.6,4.0,4.7,3.8,3.7,3.4,2.7,2.2,3.4,2.2,2.5,0.5
2023-08-04,sc2309,619.3,4.6,4.9,4.1,3.7,3.9,3.4,2.9,2.1,2.7,2.3,0.4
2023-08-07,sc2309,627.5,4.8,5.6,4.7,4.0,4.2,3.5,3.2,2.5,3.9,2.0,0.6
2023-08-08,sc2309,625.5,4.6,5.4,4.7,3.8,4.0,3.3,3.0,3.3,4.2,2.5,2.6
2023-08-09,sc2309,626.9,5.0,5.6,5.0,4.3,4.4,3.7,2.5,2.5,3.8,2.6,2.7
2023-08-10,sc2309,638.1,5.8,6.1,5.7,5.0,4.9,4.1,3.3,2.7,3.3,4.1,3.5
2023-08-11,sc2309,639.4,7.9,7.1,6.4,5.3,5.1,3.7,3.4,2.0,3.4,3.3,3.4
2023-08-14,sc2309,658.7,20.1,9.9,8.2,6.9,5.7,4.6,3.0,2.5,4.2,5.2,-0.6
2023-08-15,sc2309,658.7,18.2,10.6,8.3,7.0,5.5,4.7,4.3,4.6,6.4,5.8,1.8
2023-08-16,sc2309,655.8,13.7,13.0,9.4,7.7,5.9,5.0,4.6,5.2,3.9,5.0,1.4
2023-08-17,sc2309,655.6,16.8,13.6,9.5,7.8,6.4,4.8,3.1,4.0,3.3,3.4,4.7
2023-08-18,sc2309,658.4,18.4,13.9,9.9,7.9,7.0,4.4,4.2,7.3,6.0,1.5,3.7
2023-08-21,sc2309,667.6,23.9,14.6,11.0,8.2,6.7,4.5,4.2,6.0,8.0,1.2,2.4
2023-08-22,sc2309,671.8,26.9,13.4,10.6,8.3,6.5,5.3,4.9,4.9,6.0,1.8,2.5
2023-08-23,sc2309,665.6,29.2,7.3,7.1,6.7,5.8,4.9,5.7,5.2,5.2,2.1,2.2
2023-08-24,sc2309,668.8,43.1,6.8,7.0,6.0,4.7,4.7,3.6,3.1,3.6,2.4,1.9
2023-08-25,sc2309,678.7,50.4,7.7,7.3,6.6,5.1,3.1,3.9,4.0,7.7,0.0,2.6
2023-08-28,sc2309,690.9,54.6,9.3,8.0,7.1,5.6,4.3,4.4,2.9,5.4,1.6,3.0
2023-08-29,sc2309,657.4,20.4,8.7,7.9,7.3,5.7,4.4,5.3,3.2,4.7,2.3,3.0
2023-08-30,sc2309,632.0,-7.1,8.4,8.3,7.3,5.8,4.9,5.0,3.7,5.1,2.2,2.6
2023-08-31,sc2309,607.6,-36.0,8.6,8.5,7.4,6.0,6.0,6.0,3.2,5.4,2.8,3.4
2023-09-01,sc2310,649.8,7.9,8.5,7.4,6.0,6.4,5.5,4.7,6.6,2.6,3.2,2.2
2023-09-04,sc2310,666.2,11.4,11.0,8.5,7.6,7.4,6.5,4.1,6.1,2.2,3.4,3.7
2023-09-05,sc2310,668.6,10.3,9.0,8.3,7.4,7.0,7.5,6.4,8.8,1.0,3.5,5.7
2023-09-06,sc2310,690.0,13.3,12.5,10.4,9.1,7.3,7.4,6.0,6.9,3.3,3.0,6.1
2023-09-07,sc2310,691.0,10.4,11.7,10.6,9.6,8.2,7.6,6.5,5.2,4.8,2.2,6.7
2023-09-08,sc2310,693.8,11.5,11.2,10.1,9.2,8.9,7.0,6.9,5.7,3.5,3.9,2.1
2023-09-11,sc2310,694.8,14.5,10.3,8.9,8.3,8.2,7.5,6.6,5.9,2.0,3.2,2.6
2023-09-12,sc2310,696.3,12.7,10.2,8.6,7.7,7.5,6.8,6.7,7.2,1.6,4.9,5.3
2023-09-13,sc2310,708.3,13.0,13.2,10.2,8.8,8.6,6.3,5.5,8.7,4.1,3.7,2.7
2023-09-14,sc2310,717.7,19.6,13.8,10.5,9.1,8.8,7.2,8.2,4.2,5.7,4.5,1.9
2023-09-15,sc2310,736.8,29.3,14.1,10.7,9.3,7.9,8.0,8.4,6.1,3.3,4.7,5.2
2023-09-18,sc2310,733.1,34.3,12.5,9.9,8.8,7.5,7.3,8.4,7.9,4.2,5.6,8.1
2023-09-19,sc2310,736.7,36.5,11.3,9.4,8.6,7.4,8.0,8.5,6.4,4.6,6.3,4.0
2023-09-20,sc2310,728.9,31.4,11.6,8.9,8.3,7.1,7.7,8.0,6.8,4.0,5.4,3.9
2023-09-21,sc2310,725.6,33.0,11.9,8.8,8.1,7.2,6.8,8.0,6.4,2.3,7.6,4.6
2023-09-22,sc2310,736.5,40.3,12.4,9.1,8.3,7.6,7.1,7.7,6.7,3.2,6.6,5.1
2023-09-25,sc2310,731.7,40.9,11.7,8.7,8.1,7.6,7.3,7.5,6.4,4.0,6.9,4.0
2023-09-26,sc2310,702.4,16.5,11.2,8.1,7.7,7.0,6.4,8.8,4.6,3.3,8.5,5.6
2023-09-27,sc2310,695.9,-0.3,11.5,8.6,7.8,7.2,7.0,6.9,6.5,2.9,7.3,5.5
2023-09-28,sc2310,700.9,-12.9,12.1,12.1,10.3,8.8,9.3,6.6,8.1,1.6,6.7,5.4
2023-10-09,sc2311,660.7,8.6,11.0,9.7,9.0,7.3,5.2,4.3,5.0,6.5,3.2,4.2
2023-10-10,sc2311,660.8,10.6,12.8,10.0,8.4,7.3,4.7,5.3,4.9,1.0,1.9,7.4
2023-10-11,sc2311,657.0,9.3,11.6,9.2,8.1,6.7,4.7,4.3,6.3,2.5,4.1,4.4
2023-10-12,sc2311,650.1,8.7,11.2,8.8,7.9,6.6,4.1,4.1,4.2,5.3,3.1,2.3
2023-10-13,sc2311,652.3,7.6,10.1,8.7,7.8,6.5,4.8,4.3,4.2,4.4,4.5,1.5
2023-10-16,sc2311,676.5,6.2,11.3,10.6,9.1,7.7,7.7,6.5,2.2,5.2,3.2,2.1
2023-10-17,sc2311,674.6,5.1,9.5,9.7,9.0,7.9,9.0,6.1,3.1,7.0,0.6,2.8
2023-10-18,sc2311,681.5,7.1,9.6,9.8,9.4,8.2,8.6,6.2,5.0,4.0,3.7,2.5
2023-10-19,sc2311,689.1,5.3,10.0,9.8,9.5,8.5,9.3,6.7,5.7,3.6,2.6,3.3
2023-10-20,sc2311,694.0,2.4,9.3,9.5,9.5,8.7,9.1,6.8,5.9,4.5,2.8,2.6
2023-10-23,sc2311,694.9,3.7,9.0,8.8,9.4,8.5,9.9,6.5,6.8,3.8,2.6,2.6
2023-10-24,sc2311,682.7,4.2,8.2,8.0,8.5,7.7,9.2,5.9,7.6,3.3,1.7,3.0
2023-10-25,sc2311,668.0,3.3,7.6,7.3,8.0,7.1,6.2,4.3,5.2,6.4,2.4,3.7
2023-10-26,sc2311,674.5,5.1,6.7,6.9,7.4,6.7,6.7,5.7,5.6,4.5,4.5,2.4
2023-10-27,sc2311,673.0,8.9,4.8,5.6,6.2,6.0,6.9,6.4,6.3,4.9,2.7,3.3
2023-10-30,sc2311,678.3,11.6,4.6,4.6,5.7,5.5,6.4,5.5,6.6,4.4,3.9,3.7
2023-10-31,sc2311,671.6,16.2,3.6,5.1,5.4,4.7,5.0,2.9,3.6,7.2,2.0,4.8
2023-11-01,sc2312,649.8,3.0,5.6,5.7,4.9,4.3,3.2,3.1,6.7,2.0,3.3,0.7
2023-11-02,sc2312,650.1,1.9,6.0,6.0,5.1,4.0,3.3,5.7,5.0,2.9,3.3,2.0
2023-11-03,sc2312,653.5,2.3,7.1,6.3,5.4,5.0,4.5,4.5,4.9,2.5,3.0,2.3
2023-11-06,sc2312,647.3,3.4,7.3,6.4,5.6,5.1,4.1,4.6,4.3,2.5,3.0,1.7
2023-11-07,sc2312,636.5,0.8,3.9,4.4,4.1,4.7,4.6,4.4,4.5,2.3,4.4,3.2
2023-11-08,sc2312,610.4,0.0,1.3,2.4,2.7,2.1,1.5,2.1,5.3,1.2,3.1,1.8
2023-11-09,sc2312,596.2,0.0,1.6,1.7,2.2,1.3,0.6,1.6,5.0,-0.2,4.4,4.3
2023-11-10,sc2312,596.9,-0.3,1.4,1.8,2.1,0.4,0.1,2.2,2.5,1.0,4.0,2.7
2023-11-13,sc2312,598.9,-1.2,0.6,1.6,1.9,0.6,0.6,2.2,2.4,0.6,2.8,1.6
2023-11-14,sc2312,602.7,-2.5,0.6,1.8,1.4,0.6,1.0,3.3,1.6,-0.5,3.2,2.4
2023-11-15,sc2312,604.1,-2.7,0.3,1.2,0.9,0.2,0.4,2.8,4.1,0.4,4.3,0.8
2023-11-16,sc2312,590.4,-3.2,-1.5,-0.2,0.7,0.2,-1.0,2.6,2.7,0.8,1.0,3.0
2023-11-17,sc2312,568.9,-3.4,-1.9,0.6,0.0,-0.6,-1.8,1.6,2.1,0.0,1.6,1.1
2023-11-20,sc2312,576.7,-4.0,-1.6,0.5,-0.3,-0.4,-0.9,1.5,2.1,-0.6,2.0,1.4
2023-11-21,sc2312,587.4,-5.1,-1.3,1.2,0.4,1.3,0.4,1.9,-0.2,-0.1,2.2,2.4
2023-11-22,sc2312,589.2,-1.0,-1.6,0.3,0.3,1.0,0.5,2.9,-0.2,2.2,1.5,1.1
2023-11-23,sc2312,571.9,-1.5,-2.8,0.3,0.0,0.2,-0.3,2.4,1.5,-0.1,2.1,1.7
2023-11-24,sc2312,575.9,-3.7,-2.7,0.4,-0.1,0.2,-0.1,1.5,2.0,2.0,0.3,0.7
2023-11-27,sc2312,573.3,-4.6,-3.3,0.4,0.2,0.4,-0.2,1.9,1.7,0.8,1.8,-0.5
2023-11-28,sc2312,566.9,-5.3,-3.5,0.5,0.3,0.3,-1.0,3.1,1.4,1.0,0.3,-1.0
2023-11-29,sc2312,573.7,-5.5,-3.3,0.4,0.6,0.4,-0.2,0.9,1.5,1.3,0.5,0.3
2023-11-30,sc2312,577.1,-7.0,-3.1,-0.4,0.4,0.4,-0.2,1.0,1.9,1.0,1.4,1.6
2023-12-01,sc2401,579.3,-3.1,-0.5,0.4,0.2,-0.4,1.5,0.8,2.4,0.4,0.1,2.4
2023-12-04,sc2401,566.0,-3.4,-1.0,-0.3,-0.7,-1.0,0.3,1.8,1.3,1.4,-0.9,2.1
2023-12-05,sc2401,556.7,-3.5,-2.2,-0.5,-0.8,-1.7,1.2,1.1,0.8,0.3,1.3,-0.2
2023-12-06,sc2401,554.3,-3.6,-2.5,-1.1,-0.4,-1.1,0.6,-0.3,1.5,2.5,-1.0,0.1
2023-12-07,sc2401,536.6,-3.7,-3.1,-1.2,-0.5,-1.0,0.7,-1.3,0.6,2.1,0.3,-1.8
2023-12-08,sc2401,546.7,0.8,-0.2,-0.2,-0.1,-0.4,1.1,-0.3,0.1,0.8,0.1,-0.7
2023-12-11,sc2401,551.5,0.2,-0.5,-0.5,-0.3,-0.4,1.7,1.2,0.3,2.5,-2.0,0.0
2023-12-12,sc2401,550.8,-1.9,-0.7,-0.4,-0.5,-0.6,1.7,0.9,0.9,1.6,-1.4,-0.2
2023-12-13,sc2401,530.2,-2.4,-1.6,-1.2,-1.0,-0.7,0.2,1.5,0.6,0.1,-1.0,-2.8
2023-12-14,sc2401,529.5,-2.2,-1.8,-1.6,-1.1,-0.4,0.7,1.0,-0.2,-0.1,1.1,0.5
2023-12-15,sc2401,542.9,-2.6,-2.2,-1.1,-0.3,-0.6,-0.1,1.0,1.2,0.1,-0.5,3.2
2023-12-18,sc2401,542.5,-3.9,-1.8,-0.7,-0.5,-0.8,-0.2,1.5,0.5,0.4,1.6,-0.2
2023-12-19,sc2401,553.8,-4.3,-1.8,-0.6,-0.4,-0.5,0.1,1.7,-1.4,1.9,1.2,-0.2
2023-12-20,sc2401,556.1,-4.8,-1.8,-0.8,-0.4,-0.5,0.1,0.8,0.1,0.6,1.9,1.8
2023-12-21,sc2401,560.2,-5.9,-1.3,-0.2,-0.2,-0.4,0.3,1.0,-0.8,0.3,1.8,1.7
2023-12-22,sc2401,554.9,-5.2,-1.7,0.2,-0.3,-0.3,0.6,0.8,-0.5,1.2,0.8,1.7
2023-12-25,sc2401,552.7,-5.8,-2.0,-0.4,-0.3,-0.6,0.3,0.9,-0.3,-0.4,2.9,0.3
2023-12-26,sc2401,553.7,-5.9,-2.1,-0.3,-0.3,-0.8,0.1,1.0,0.3,0.0,2.1,0.3
2023-12-27,sc2401,567.3,-5.5,-1.9,-0.1,0.2,0.1,1.0,0.6,0.5,-0.7,2.5,2.7
2023-12-28,sc2401,560.2,-6.8,-2.4,-0.4,-0.5,-0.3,0.4,1.1,1.0,-0.1,1.6,0.6
2023-12-29,sc2401,551.2,0.8,-2.9,-1.3,-0.9,-0.3,0.2,0.1,1.3,0.7,1.9,-0.3
2024-01-02,sc2402,547.2,-3.3,-2.5,-0.1,0.1,-0.9,3.7,-5.2,4.1,3.2,-1.6,2.4
2024-01-03,sc2402,544.7,-3.1,-1.6,-0.6,0.0,0.2,1.4,-0.1,-0.4,2.1,-1.8,-0.1
2024-01-04,sc2402,554.3,-3.2,-1.6,-0.3,-0.2,0.0,0.8,0.2,0.3,2.4,0.4,0.2
2024-01-05,sc2402,552.9,-3.5,-1.7,-0.3,-0.3,0.2,1.0,0.6,0.8,1.1,1.3,2.4
2024-01-08,sc2402,556.6,-2.4,-1.1,-0.4,-0.1,0.5,0.3,0.7,-0.1,1.6,1.3,1.4
2024-01-09,sc2402,539.0,-3.3,-1.5,-0.7,-0.6,0.0,1.3,0.2,0.8,0.7,-0.4,2.0
2024-01-10,sc2402,553.2,-3.0,-0.3,0.0,0.3,0.3,1.1,0.2,-0.4,1.9,0.6,-0.1
2024-01-11,sc2402,559.0,-1.7,1.0,1.9,1.4,1.6,1.3,1.0,-1.8,2.9,0.6,2.9
2024-01-12,sc2402,566.1,-1.3,1.5,2.1,2.2,2.8,1.0,-0.4,0.2,2.4,1.5,2.0
2024-01-15,sc2402,562.8,-2.3,0.2,0.6,0.8,1.6,0.7,2.7,0.9,2.6,-0.8,2.9
2024-01-16,sc2402,553.5,-3.8,-0.8,0.7,0.7,1.1,1.1,1.7,1.6,1.5,-0.5,0.8
2024-01-17,sc2402,554.5,-4.0,-0.9,0.7,1.1,1.2,1.7,0.7,2.4,1.5,-0.8,2.2
2024-01-18,sc2402,550.6,-4.1,-0.6,0.7,0.7,1.2,1.1,0.9,2.7,1.7,-0.9,2.0
2024-01-19,sc2402,557.9,-4.3,-0.4,0.9,1.1,1.3,1.4,1.6,1.1,2.4,1.2,1.3
2024-01-22,sc2402,557.9,-4.8,-0.8,0.6,1.4,1.8,1.5,1.4,0.9,2.0,1.1,2.1
2024-01-23,sc2402,564.2,-5.1,-0.3,1.7,3.0,2.0,1.1,1.3,0.3,3.2,1.1,1.2
2024-01-24,sc2402,562.0,-5.2,-0.4,1.2,2.2,2.1,1.3,1.5,1.2,3.1,1.5,0.6
2024-01-25,sc2402,567.7,-5.0,1.0,1.6,2.1,2.1,1.4,2.1,0.5,2.4,1.9,1.6
2024-01-26,sc2402,579.7,-5.2,2.9,1.0,2.1,1.9,1.6,1.2,2.6,2.6,2.5,3.2
2024-01-29,sc2402,587.6,-4.8,2.3,1.1,2.0,2.0,1.2,1.4,2.0,2.8,2.0,3.6
2024-01-30,sc2402,584.8,-3.7,-0.4,0.2,1.5,2.0,1.3,1.6,1.5,4.2,2.0,3.2
2024-01-31,sc2402,577.8,-6.6,-2.2,0.0,1.3,1.6,1.8,1.1,1.9,3.3,2.8,1.0
2024-02-01,sc2403,579.4,-2.4,0.1,1.2,1.5,2.0,0.6,1.6,2.6,0.9,3.8,-0.3
2024-02-02,sc2403,572.2,-3.0,0.1,1.4,1.8,2.3,0.7,2.1,1.8,1.1,3.3,1.6
2024-02-05,sc2403,555.9,-3.5,-0.2,1.0,1.6,2.0,0.8,2.0,0.6,1.6,2.4,0.7
2024-02-06,sc2403,556.6,-4.6,0.2,1.4,1.3,2.8,0.3,2.1,-0.3,2.6,1.5,1.7
2024-02-07,sc2403,562.1,-4.5,0.5,2.0,2.6,3.3,1.5,1.6,-1.5,1.8,1.9,-0.3
2024-02-08,sc2403,567.4,-5.0,0.9,2.0,2.5,2.3,2.2,1.6,0.0,3.2,1.7,0.4
2024-02-19,sc2403,581.7,-4.9,2.2,3.3,2.2,11.1,-7.3,-10.3,15.6,5.6,14.6,-15.5
2024-02-20,sc2403,598.7,-5.7,5.1,4.4,4.3,4.2,3.0,2.2,-0.2,5.6,2.2,1.0
2024-02-21,sc2403,592.2,-6.1,4.2,3.8,4.6,4.5,3.5,2.7,1.1,3.3,0.9,4.2
2024-02-22,sc2403,593.2,-5.8,4.1,3.8,4.7,5.4,2.7,3.8,0.8,3.9,4.6,0.4
2024-02-23,sc2403,598.7,-4.8,5.4,5.3,5.4,5.6,3.6,4.7,0.3,4.0,1.6,-0.3
2024-02-26,sc2403,595.7,-0.3,5.2,4.8,5.1,5.1,3.2,3.7,1.9,1.1,3.0,0.6
2024-02-27,sc2403,600.4,1.3,5.0,4.3,5.0,5.2,2.9,4.1,3.0,4.4,1.3,1.4
2024-02-28,sc2403,613.0,6.6,6.7,5.0,5.1,4.8,3.5,3.6,2.8,2.9,2.0,2.1
2024-02-29,sc2403,613.1,4.6,8.6,5.0,5.3,5.0,4.1,4.2,2.5,3.3,2.3,1.8
2024-03-01,sc2404,607.0,9.3,4.5,4.9,5.5,4.1,3.8,1.6,3.7,1.5,3.2,-0.7
2024-03-04,sc2404,617.9,11.8,5.7,5.8,6.5,5.3,3.8,2.5,3.0,2.2,0.7,1.4
2024-03-05,sc2404,615.4,12.1,5.2,5.9,6.6,5.0,4.4,3.4,2.8,1.0,2.0,2.5
2024-03-06,sc2404,608.9,9.6,4.6,5.1,5.2,4.7,4.7,3.8,2.3,2.9,1.7,0.8
2024-03-07,sc2404,614.2,8.1,5.2,5.6,5.7,5.5,3.8,3.0,4.3,3.0,0.6,2.1
2024-03-08,sc2404,613.6,7.3,5.2,5.3,5.7,5.5,3.0,2.7,5.9,3.7,2.0,0.1
2024-03-11,sc2404,610.0,7.6,6.5,5.7,5.4,5.0,3.8,2.4,5.2,2.5,1.3,0.7
2024-03-12,sc2404,616.1,11.4,6.6,6.4,5.7,4.9,5.2,2.7,3.5,2.8,0.7,0.7
2024-03-13,sc2404,621.0,13.8,7.6,6.6,5.8,4.8,4.9,3.4,3.0,3.1,2.2,-0.2
2024-03-14,sc2404,630.5,14.4,7.9,5.8,6.4,6.1,3.8,4.4,4.6,3.6,0.2,0.3
2024-03-15,sc2404,646.8,19.4,9.8,5.8,6.1,5.8,5.5,4.1,3.4,4.4,2.0,-0.4
2024-03-18,sc2404,635.7,7.7,6.5,5.4,5.3,5.6,4.9,3.8,5.0,2.4,4.1,1.5
2024-03-19,sc2404,632.9,1.1,5.7,5.2,5.4,5.0,4.3,4.6,4.9,2.4,4.4,1.7
2024-03-20,sc2404,637.0,-1.5,6.1,5.7,6.2,5.7,4.2,3.8,5.7,3.4,1.7,2.4
2024-03-21,sc2404,630.5,-1.6,5.7,5.5,5.5,5.3,4.2,4.0,3.9,4.3,3.4,0.7
2024-03-22,sc2404,626.7,-0.3,4.2,5.7,5.6,5.1,4.5,4.1,4.8,1.7,3.6,1.3
2024-03-25,sc2404,631.8,0.9,3.8,7.1,6.1,5.3,4.9,3.4,6.0,0.8,2.0,4.7
2024-03-26,sc2404,636.3,0.2,4.5,6.0,6.5,5.7,5.2,5.0,4.2,0.8,4.6,4.7
2024-03-27,sc2404,632.5,0.9,4.0,5.5,6.0,6.2,4.2,4.9,5.5,3.8,2.6,2.4
2024-03-28,sc2404,635.0,1.9,3.1,6.5,6.0,6.4,5.0,5.2,4.4,2.9,3.1,2.5
2024-03-29,sc2404,651.3,7.9,3.6,5.7,6.2,6.3,5.0,6.0,4.8,3.3,2.9,4.3
2024-04-01,sc2405,645.2,2.9,5.3,5.8,6.2,6.0,7.1,6.4,6.2,3.8,4.8,1.1
2024-04-02,sc2405,647.0,2.5,5.5,6.0,6.4,6.8,5.3,6.2,5.8,5.5,4.5,0.4
2024-04-03,sc2405,656.1,2.9,6.0,6.6,6.8,6.6,5.4,7.0,5.2,3.7,4.4,2.6
2024-04-08,sc2405,660.8,3.8,5.8,7.3,7.2,4.0,10.3,3.9,2.9,7.3,4.0,1.1
2024-04-09,sc2405,666.2,4.3,6.0,7.0,6.7,6.9,5.6,6.9,5.5,4.6,5.8,5.4
2024-04-10,sc2405,662.2,3.4,6.7,7.3,7.1,7.8,6.1,6.0,4.6,3.0,6.5,5.4
2024-04-11,sc2405,666.3,3.0,6.7,7.4,7.7,7.5,7.1,5.4,5.5,4.1,6.6,3.3
2024-04-12,sc2405,667.7,2.1,6.1,7.2,8.1,7.2,6.3,5.6,6.1,4.3,7.4,3.1
2024-04-15,sc2405,670.6,1.5,5.6,6.0,6.3,6.4,5.4,5.8,5.9,4.2,6.4,2.9
2024-04-16,sc2405,663.9,1.7,5.1,5.6,6.5,6.3,5.0,5.8,4.0,5.6,4.4,2.3
2024-04-17,sc2405,665.4,2.3,4.7,5.2,6.5,6.3,5.7,3.7,7.5,2.9,6.2,1.9
2024-04-18,sc2405,652.0,3.2,4.6,5.1,6.0,5.9,4.1,5.3,3.4,5.9,4.7,2.5
2024-04-19,sc2405,650.8,2.1,4.7,4.6,5.9,4.9,6.1,4.6,3.8,3.8,2.9,4.1
2024-04-22,sc2405,643.0,1.7,5.1,4.7,5.7,4.9,4.2,5.6,2.8,5.2,3.8,2.6
2024-04-23,sc2405,640.9,3.3,5.5,4.7,5.6,5.6,3.9,5.5,2.4,6.0,2.8,6.0
2024-04-24,sc2405,646.7,2.6,5.5,4.9,5.8,5.5,3.2,6.5,2.1,5.5,4.2,5.7
2024-04-25,sc2405,652.6,3.5,6.9,5.3,5.9,5.4,4.9,4.8,3.2,3.2,4.6,5.4
2024-04-26,sc2405,645.9,-2.8,6.3,5.1,5.9,6.1,4.9,5.1,4.5,3.9,3.5,3.6
2024-04-29,sc2405,652.5,0.4,4.7,4.9,6.1,5.3,4.9,6.0,4.1,4.3,3.6,4.2
2024-04-30,sc2405,649.6,3.4,2.8,5.8,6.1,5.7,5.1,5.4,3.7,4.3,4.0,3.4
2024-05-06,sc2406,634.0,3.0,4.9,5.1,7.2,5.7,2.7,3.1,2.2,5.9,4.8,1.1
2024-05-07,sc2406,617.6,2.5,3.9,4.7,4.7,3.5,4.6,2.4,4.0,3.1,1.8,1.8
2024-05-08,sc2406,615.5,2.2,3.3,4.3,4.5,3.5,4.6,2.1,2.5,4.2,2.4,1.4
2024-05-09,sc2406,615.8,1.2,3.3,4.1,4.1,3.4,4.6,2.9,3.1,3.2,2.2,1.3
2024-05-10,sc2406,620.1,1.8,3.4,4.4,4.5,4.8,3.8,3.1,3.6,2.2,2.5,1.8
2024-05-13,sc2406,616.2,2.0,3.5,4.3,4.4,4.7,3.7,3.6,4.1,2.4,2.1,2.5
2024-05-14,sc2406,618.2,1.7,4.0,4.3,4.5,4.6,3.6,2.3,3.9,3.2,2.1,4.2
2024-05-15,sc2406,613.5,2.4,3.8,4.0,3.9,3.9,3.6,3.2,3.2,3.6,0.7,2.6
2024-05-16,sc2406,610.3,2.8,3.5,3.5,3.6,3.7,3.3,2.7,2.5,3.9,2.2,3.5
2024-05-17,sc2406,616.5,2.9,3.5,3.8,3.9,4.3,3.4,3.3,3.8,4.8,2.7,2.9
2024-05-20,sc2406,619.6,1.0,3.1,3.3,4.2,4.4,3.6,3.0,4.6,2.3,2.6,2.7
2024-05-21,sc2406,616.6,-1.2,2.3,3.2,3.8,4.0,2.9,3.2,2.8,1.5,3.2,2.0
2024-05-22,sc2406,607.8,-2.8,1.5,2.6,3.4,3.4,3.1,2.8,1.1,4.4,-0.4,1.9
2024-05-23,sc2406,600.9,-3.1,0.8,2.1,3.6,2.8,2.3,3.1,3.1,1.4,1.2,1.1
2024-05-24,sc2406,599.3,-2.5,1.0,1.6,3.4,3.3,2.9,2.2,2.6,2.8,1.6,2.8
2024-05-27,sc2406,602.1,-3.2,1.9,1.7,3.5,3.7,2.4,3.9,2.6,2.2,-0.2,2.4
2024-05-28,sc2406,608.4,-2.8,1.5,2.1,3.9,3.9,3.5,2.9,2.9,2.8,1.7,1.6
2024-05-29,sc2406,616.2,-2.2,1.4,2.1,4.0,4.3,3.5,3.7,3.2,3.8,0.6,2.1
2024-05-30,sc2406,620.8,4.8,1.4,2.0,4.0,3.9,3.1,3.4,2.4,2.1,2.9,1.6
2024-05-31,sc2406,607.9,2.5,0.5,1.2,3.1,3.2,2.4,2.8,2.5,1.4,2.7,2.4
2024-06-03,sc2407,599.7,0.3,0.5,2.4,2.5,1.8,2.3,1.8,2.0,1.9,1.7,2.0
2024-06-04,sc2407,578.6,0.2,0.7,1.6,1.5,1.4,0.5,2.1,1.6,1.4,1.4,-0.1
2024-06-05,sc2407,570.5,0.4,0.6,1.7,1.6,2.0,1.9,2.2,0.1,1.6,1.9,-0.2
2024-06-06,sc2407,575.3,0.8,1.1,1.9,2.0,1.8,2.3,0.9,2.6,0.4,1.6,2.3
2024-06-07,sc2407,583.1,0.8,0.8,2.0,2.6,2.6,2.4,2.2,1.7,0.7,0.8,1.5
2024-06-11,sc2407,589.2,1.3,1.0,3.3,3.1,1.7,2.7,2.0,7.3,-7.8,6.0,0.6
2024-06-12,sc2407,601.9,1.6,1.9,3.1,3.3,3.2,3.0,3.3,2.2,1.9,1.6,2.5
2024-06-13,sc2407,605.7,3.8,1.9,3.1,3.2,2.9,2.3,1.7,2.5,2.3,1.3,1.7
2024-06-14,sc2407,606.4,4.2,2.1,3.0,2.9,2.7,3.3,1.9,2.8,1.5,1.7,2.4
2024-06-17,sc2407,605.1,2.9,3.1,3.0,2.5,2.4,2.6,1.8,2.7,1.6,1.7,4.1
2024-06-18,sc2407,612.8,5.7,3.1,3.0,2.7,3.1,2.8,3.2,1.8,2.1,2.3,3.5
2024-06-19,sc2407,620.6,5.8,2.7,2.9,2.8,3.2,3.3,3.5,2.4,2.7,3.7,2.6
2024-06-20,sc2407,623.6,6.0,2.6,2.4,2.9,3.1,3.3,3.1,3.2,2.2,3.1,2.5
2024-06-21,sc2407,626.0,5.6,2.8,2.5,2.8,3.1,3.0,2.8,3.3,3.6,3.0,2.5
2024-06-24,sc2407,625.1,7.0,3.0,2.7,3.0,3.3,3.1,3.6,3.2,2.3,4.2,3.3
2024-06-25,sc2407,626.6,4.6,3.1,2.5,3.1,3.4,3.4,3.3,4.2,0.6,4.6,2.4
2024-06-26,sc2407,625.1,5.6,2.0,2.6,2.7,3.4,2.7,4.9,2.7,3.4,4.0,-0.1
2024-06-27,sc2407,621.2,3.1,1.5,2.5,3.0,3.1,4.2,2.5,4.4,2.8,3.7,1.1
2024-06-28,sc2407,625.0,-0.3,2.5,3.6,3.7,3.4,3.1,3.7,3.2,3.1,5.2,2.2
2024-07-01,sc2408,623.5,2.0,3.3,3.8,3.5,3.5,2.9,3.2,2.5,5.6,1.4,1.5
2024-07-02,sc2408,631.1,2.1,3.1,4.2,4.4,3.6,4.4,3.6,3.4,4.3,1.7,0.6
2024-07-03,sc2408,634.5,2.6,2.8,4.4,4.7,4.1,4.3,3.7,3.0,4.5,1.5,0.0
2024-07-04,sc2408,634.3,2.8,3.2,4.6,4.6,3.9,3.9,4.3,2.4,4.0,2.8,0.7
2024-07-05,sc2408,636.8,2.4,2.7,4.6,4.6,4.4,5.8,4.3,2.5,4.9,1.1,1.1
2024-07-08,sc2408,634.2,3.2,3.3,4.7,4.6,4.7,4.3,4.8,2.8,3.2,2.4,1.0
2024-07-09,sc2408,626.8,3.2,3.3,4.7,4.6,4.5,4.5,3.2,2.7,3.0,2.3,2.2
2024-07-10,sc2408,620.2,3.1,3.2,4.2,4.3,3.8,4.0,3.7,2.7,2.1,2.7,3.2
2024-07-11,sc2408,622.5,2.5,3.5,4.1,4.3,3.5,3.4,3.8,1.8,4.1,3.0,0.7
2024-07-12,sc2408,620.7,2.4,3.8,4.3,4.6,3.6,4.9,2.1,3.3,3.5,3.1,3.0
2024-07-15,sc2408,619.8,1.5,4.1,4.3,4.8,5.1,4.4,3.1,2.9,2.9,1.2,1.8
2024-07-16,sc2408,615.9,0.8,4.1,4.2,4.4,4.7,3.9,3.6,2.8,4.0,2.1,1.4
2024-07-17,sc2408,608.1,-0.1,4.4,4.1,4.4,4.7,3.7,2.6,3.0,3.0,2.2,1.4
2024-07-18,sc2408,615.0,0.1,4.7,4.4,4.9,4.3,4.8,2.8,2.8,3.3,3.4,1.6
2024-07-19,sc2408,611.1,-1.3,4.3,4.3,4.8,4.3,4.2,2.8,3.2,3.9,3.1,2.3
2024-07-22,sc2408,600.1,-2.6,4.5,4.5,4.6,4.5,3.6,3.8,2.9,1.3,1.9,1.7
2024-07-23,sc2408,591.3,-2.9,3.7,3.6,3.7,3.6,4.3,2.0,4.1,0.9,1.6,3.2
2024-07-24,sc2408,583.6,-3.7,3.1,2.9,3.6,2.5,3.8,2.1,3.3,0.7,2.7,1.0
2024-07-25,sc2408,584.1,-4.2,3.9,2.5,3.5,2.8,2.5,3.4,3.2,3.6,1.3,2.2
2024-07-26,sc2408,585.3,-3.6,3.9,2.4,3.1,3.2,2.7,3.5,3.3,4.1,1.5,1.7
2024-07-29,sc2408,584.7,-1.3,4.1,2.3,3.0,3.1,2.8,3.2,2.8,2.3,2.8,1.1
2024-07-30,sc2408,586.3,8.3,4.5,2.6,2.8,2.2,2.2,1.9,3.4,1.0,2.2,2.7
2024-07-31,sc2408,581.2,7.2,3.8,2.8,3.0,2.0,2.3,1.5,2.4,0.8,3.4,2.0
2024-08-01,sc2409,587.9,3.6,3.4,3.4,2.9,3.1,2.7,2.0,2.0,2.9,-0.1,1.4
2024-08-02,sc2409,585.0,4.2,3.4,3.5,3.0,2.8,2.4,1.7,3.0,1.8,2.1,1.3
2024-08-05,sc2409,555.7,3.4,4.0,3.5,2.5,2.4,2.3,0.8,1.5,3.1,1.7,1.0
2024-08-06,sc2409,549.7,2.3,4.2,3.7,2.5,2.4,2.9,0.5,3.7,1.0,2.7,0.8
2024-08-07,sc2409,546.3,1.1,2.9,3.4,2.6,2.5,2.5,1.7,3.5,0.1,3.6,1.5
2024-08-08,sc2409,555.9,0.6,2.8,3.4,2.8,2.7,2.5,2.3,1.9,2.3,2.1,0.1
2024-08-09,sc2409,560.4,0.8,2.5,3.2,3.1,2.5,3.2,2.3,2.4,4.0,1.0,-0.4
2024-08-12,sc2409,563.4,0.3,2.2,2.7,3.0,2.8,2.4,2.9,2.9,3.3,2.3,-0.2
2024-08-13,sc2409,576.4,1.8,2.6,3.0,3.2,2.9,2.7,2.8,3.0,2.4,1.9,0.2
2024-08-14,sc2409,574.7,2.9,3.1,3.4,3.3,3.1,3.1,2.6,2.9,1.0,1.9,0.2
2024-08-15,sc2409,568.8,2.4,3.5,3.3,3.3,2.9,2.5,3.3,3.3,0.9,2.8,1.1
2024-08-16,sc2409,574.6,0.9,3.2,3.1,3.2,2.9,3.4,3.0,2.6,1.0,2.9,0.8
2024-08-19,sc2409,563.2,0.6,2.7,3.0,3.1,2.7,2.4,3.5,2.8,0.5,3.0,1.6
2024-08-20,sc2409,551.5,-1.2,1.9,2.9,3.0,2.4,2.4,3.4,2.9,1.4,3.0,1.2
2024-08-21,sc2409,545.2,-2.2,2.1,2.9,2.5,2.0,2.0,1.9,2.3,1.4,2.0,0.0
2024-08-22,sc2409,538.9,-2.4,1.7,2.6,2.6,2.0,2.2,1.8,1.6,1.2,2.4,0.0
2024-08-23,sc2409,540.2,-4.3,1.4,2.6,2.4,2.0,2.3,2.7,0.7,1.6,2.5,-0.4
2024-08-26,sc2409,552.6,-3.4,2.9,3.1,2.8,2.3,2.3,3.3,1.3,2.7,1.5,-0.2
2024-08-27,sc2409,566.9,-1.8,4.2,3.3,3.3,3.1,3.7,2.1,1.5,3.8,1.6,2.2
2024-08-28,sc2409,557.6,-3.3,4.0,3.6,3.4,3.1,3.1,2.8,1.7,1.6,3.1,1.5
2024-08-29,sc2409,551.9,-1.2,3.6,3.5,3.4,2.8,2.5,3.2,1.5,1.4,1.9,1.4
2024-08-30,sc2409,563.1,5.4,4.2,4.2,3.8,3.1,3.2,2.6,1.7,1.3,3.7,0.0
2024-09-02,sc2410,542.6,3.0,4.0,3.4,2.9,2.7,1.9,2.2,1.4,4.3,-0.2,1.6
2024-09-03,sc2410,547.8,3.6,4.1,3.7,3.0,3.2,2.4,2.0,2.0,2.2,1.6,1.0
2024-09-04,sc2410,526.2,2.9,3.6,2.6,2.1,2.2,3.0,1.0,2.1,3.0,1.4,1.2
2024-09-05,sc2410,522.2,3.6,3.7,2.6,2.0,2.4,2.3,1.6,1.9,2.6,1.9,2.6
2024-09-06,sc2410,520.5,3.4,3.3,2.7,2.2,1.8,1.7,2.1,1.0,2.1,2.4,1.8
2024-09-09,sc2410,511.7,2.0,3.1,2.6,2.1,1.7,1.5,2.0,1.8,2.2,1.9,1.1
2024-09-10,sc2410,510.9,1.5,3.3,2.6,2.4,1.9,1.9,1.6,1.3,2.4,1.2,1.1
2024-09-11,sc2410,499.1,2.4,3.0,1.9,1.4,1.1,1.0,1.2,1.8,2.4,1.7,0.1
2024-09-12,sc2410,505.1,2.1,3.1,2.8,2.1,1.0,1.4,0.7,2.1,0.7,2.9,1.0
2024-09-13,sc2410,514.0,0.7,3.0,2.8,2.0,1.4,1.6,1.8,0.7,1.9,1.0,1.9
2024-09-18,sc2410,514.3,-0.9,3.3,2.7,0.7,0.8,5.0,1.0,0.8,8.8,-5.8,2.5
2024-09-19,sc2410,514.6,-2.3,2.9,2.7,1.8,1.5,1.9,2.1,1.8,1.8,0.8,2.2
2024-09-20,sc2410,521.9,-2.4,2.9,3.2,2.3,1.8,1.8,2.5,1.8,2.1,0.7,2.0
2024-09-23,sc2410,520.9,-2.5,2.9,3.7,3.1,3.0,2.3,3.5,1.7,1.9,1.3,1.9
2024-09-24,sc2410,520.1,-2.9,3.3,3.5,3.1,3.1,2.3,2.8,0.6,3.3,1.2,1.9
2024-09-25,sc2410,526.2,-5.0,6.8,4.2,3.4,3.1,1.9,2.2,2.3,1.2,1.9,1.5
2024-09-26,sc2410,532.0,-1.2,13.0,6.5,3.9,3.2,2.8,2.9,1.2,2.9,1.4,2.0
2024-09-27,sc2410,518.9,-2.2,15.0,6.9,2.8,1.6,2.0,0.4,2.4,1.2,1.3,1.6
2024-09-30,sc2410,520.7,-7.3,17.7,6.6,2.2,1.4,0.5,1.4,1.6,1.0,1.6,2.4
2024-10-08,sc2411,551.1,20.9,6.5,-3.0,1.1,-1.9,4.7,4.2,-6.4,8.7,2.1,-7.5
2024-10-09,sc2411,564.0,12.2,4.7,3.4,3.2,2.5,2.4,1.7,2.4,0.7,1.4,2.1
2024-10-10,sc2411,554.3,9.1,3.3,3.0,2.7,2.4,2.2,1.2,1.5,1.3,1.0,4.0
2024-10-11,sc2411,570.3,10.1,3.0,3.3,3.3,2.7,2.3,2.5,0.7,1.9,3.5,1.2
2024-10-14,sc2411,574.5,13.6,4.9,3.9,3.0,2.7,2.7,1.5,0.4,3.2,4.4,-0.1
2024-10-15,sc2411,558.8,9.0,4.5,3.8,2.8,2.4,2.6,0.6,1.1,2.0,2.4,1.5
2024-10-16,sc2411,539.1,4.4,3.5,2.8,1.8,1.5,1.2,2.9,1.7,1.8,1.1,1.1
2024-10-17,sc2411,537.7,2.9,4.6,2.9,1.7,1.0,1.9,1.7,1.1,1.9,1.9,0.6
2024-10-18,sc2411,537.0,2.4,5.0,2.9,2.0,1.2,2.0,1.4,2.1,1.3,1.3,1.5
2024-10-21,sc2411,529.3,2.2,4.8,3.2,1.9,1.0,1.1,1.0,3.2,-0.4,1.6,1.8
2024-10-22,sc2411,535.9,2.6,3.8,3.2,2.2,1.3,1.4,1.9,1.5,0.5,2.5,0.6
2024-10-23,sc2411,550.4,5.9,4.5,3.0,2.3,1.7,1.5,1.6,1.3,1.2,1.9,1.4
2024-10-24,sc2411,551.9,9.3,5.6,3.7,3.0,2.3,2.1,1.0,1.5,1.1,2.1,1.1
2024-10-25,sc2411,543.8,7.5,5.0,3.2,2.4,2.1,1.9,1.0,1.6,2.0,1.2,3.1
2024-10-28,sc2411,535.9,0.5,5.0,3.0,2.3,1.6,1.4,1.4,0.8,1.8,0.4,3.9
2024-10-29,sc2411,512.1,-3.9,3.9,2.3,1.8,1.4,0.6,1.0,0.9,1.0,-0.4,2.1
2024-10-30,sc2411,509.6,-4.5,4.7,2.2,1.8,1.1,0.2,0.5,1.2,1.2,0.8,1.8
2024-10-31,sc2411,524.2,3.2,4.3,2.5,2.3,1.2,0.4,0.1,1.2,1.7,0.4,1.7
2024-11-01,sc2412,528.3,4.3,2.6,2.7,1.7,0.8,1.1,0.7,1.5,1.1,1.0,1.4
2024-11-04,sc2412,530.3,2.9,2.9,2.7,2.0,1.3,0.5,1.7,1.8,1.2,1.9,0.2
2024-11-05,sc2412,536.3,2.8,3.7,3.4,2.4,2.1,1.5,1.9,0.9,1.6,1.2,0.4
2024-11-06,sc2412,538.6,2.3,2.8,3.2,3.0,2.5,2.2,2.7,1.3,0.9,1.7,0.8
2024-11-07,sc2412,540.4,3.0,1.8,2.9,2.6,2.3,1.7,1.9,1.8,1.3,1.6,0.9
2024-11-08,sc2412,539.0,2.5,2.2,2.9,2.6,1.8,2.0,1.9,1.9,0.5,1.2,-0.9
2024-11-11,sc2412,532.2,1.5,2.0,2.6,2.2,1.9,1.2,2.2,2.0,-0.1,2.2,1.1
2024-11-12,sc2412,521.6,1.4,1.4,1.8,1.2,0.9,1.5,0.3,2.4,-0.1,2.5,1.4
2024-11-13,sc2412,525.7,3.3,1.7,1.7,0.9,0.5,0.9,1.1,0.9,0.9,1.4,2.0
2024-11-14,sc2412,523.6,3.5,1.7,1.7,0.9,0.7,0.8,1.2,0.4,1.4,1.9,0.2
2024-11-15,sc2412,526.5,3.0,1.4,1.7,1.0,1.1,0.7,0.9,1.2,2.5,1.4,0.6
2024-11-18,sc2412,520.0,3.4,0.9,1.4,0.5,0.6,1.0,1.4,0.7,0.8,2.5,1.6
2024-11-19,sc2412,527.7,3.0,1.0,1.4,0.9,0.7,1.3,0.6,0.6,2.0,1.8,0.5
2024-11-20,sc2412,531.5,3.5,1.4,1.7,1.6,1.6,1.2,0.3,0.4,1.7,1.3,0.2
2024-11-21,sc2412,536.0,6.5,1.9,1.7,2.0,1.8,1.9,0.7,0.5,1.2,1.0,1.9
2024-11-22,sc2412,543.9,7.8,2.8,1.7,2.1,1.7,2.4,1.0,-0.1,2.0,1.4,2.2
2024-11-25,sc2412,542.6,2.9,3.0,1.9,2.1,2.1,2.6,1.1,0.9,2.2,1.4,0.8
2024-11-26,sc2412,533.0,2.0,2.8,1.8,2.0,1.6,2.1,1.4,1.5,1.3,1.6,1.3
2024-11-27,sc2412,531.6,1.7,3.0,1.5,1.8,1.5,1.9,1.5,1.4,0.5,2.0,0.8
2024-11-28,sc2412,531.2,3.8,3.3,1.6,1.7,1.4,1.7,1.2,1.2,0.7,2.0,0.3
2024-11-29,sc2412,520.4,-8.5,3.2,1.6,2.0,1.4,1.6,1.3,1.1,0.9,1.2,0.7
2024-12-02,sc2501,529.9,3.4,1.9,1.9,1.8,1.6,1.3,0.8,0.8,1.4,0.7,1.0
2024-12-03,sc2501,529.9,3.6,2.2,2.2,1.8,1.5,1.3,1.1,0.8,1.2,1.3,2.9
2024-12-04,sc2501,538.2,3.4,2.4,2.3,2.6,2.3,2.0,1.4,1.1,1.5,0.5,0.8
2024-12-05,sc2501,535.4,3.8,2.1,2.4,2.3,1.7,2.0,1.7,0.8,1.9,0.9,0.7
2024-12-06,sc2501,528.3,3.6,1.7,2.2,1.8,1.5,1.7,1.2,0.5,1.8,0.6,1.9
2024-12-09,sc2501,522.1,2.6,1.5,1.8,1.3,1.3,1.5,1.0,1.2,1.1,1.2,1.3
2024-12-10,sc2501,529.5,3.5,2.0,2.2,2.0,1.3,1.5,1.1,1.3,0.6,0.5,1.6
2024-12-11,sc2501,530.6,2.9,2.4,2.5,2.5,1.9,1.6,1.5,0.3,1.0,0.6,2.8
2024-12-12,sc2501,537.7,2.9,2.6,3.0,2.5,2.2,1.7,1.2,1.7,1.1,0.6,1.6
2024-12-13,sc2501,542.5,5.1,2.9,2.9,2.6,2.3,1.9,1.4,2.4,1.3,0.3,1.9
2024-12-16,sc2501,548.9,3.6,3.2,3.1,3.1,2.8,2.0,1.6,2.4,0.8,1.2,1.7
2024-12-17,sc2501,548.7,2.4,3.2,3.0,3.0,2.8,2.1,2.5,0.6,2.4,0.6,1.9
2024-12-18,sc2501,543.8,3.4,3.1,2.9,2.9,3.0,2.0,2.3,1.6,1.4,0.8,1.0
2024-12-19,sc2501,548.5,4.2,3.1,3.2,3.4,3.1,2.5,1.7,1.7,0.7,0.6,1.5
2024-12-20,sc2501,546.1,5.5,3.2,3.1,3.0,3.0,2.4,1.5,1.6,0.9,0.6,2.6
2024-12-23,sc2501,543.7,4.5,3.5,3.0,3.0,3.0,2.7,0.7,1.9,1.0,1.0,1.3
2024-12-24,sc2501,542.5,3.5,3.6,2.7,2.8,3.1,2.6,0.9,2.0,0.3,0.6,3.9
2024-12-25,sc2501,548.5,2.8,3.7,2.8,3.1,3.3,2.5,0.6,2.3,1.8,0.1,2.4
2024-12-26,sc2501,551.9,4.9,3.4,2.7,3.1,3.2,2.4,1.1,2.6,1.4,0.3,2.2
2024-12-27,sc2501,552.8,4.9,4.5,3.4,3.1,3.0,2.2,1.2,1.7,0.5,0.9,4.0
2024-12-30,sc2501,550.0,0.4,4.1,3.5,3.4,3.3,2.7,1.9,1.2,0.9,1.6,3.2
2024-12-31,sc2501,549.8,-5.6,4.0,3.4,3.3,3.4,2.8,1.5,0.9,2.0,0.6,3.7
2025-01-02,sc2502,560.9,3.4,4.0,3.3,4.8,3.6,0.7,0.7,1.5,1.4,2.7,0.9
2025-01-03,sc2502,571.1,3.4,3.8,3.5,3.5,2.8,2.2,1.7,1.8,2.1,2.4,0.6
2025-01-06,sc2502,577.2,4.8,4.1,3.7,3.7,3.0,1.7,2.2,1.1,2.3,3.2,0.1
2025-01-07,sc2502,579.6,7.1,4.2,4.5,4.1,3.1,2.6,2.4,0.9,2.4,2.9,-0.6
2025-01-08,sc2502,587.8,12.2,5.0,5.0,4.6,3.3,2.9,2.2,1.5,2.1,4.4,-1.2
2025-01-09,sc2502,583.6,12.7,4.6,4.2,4.5,3.4,3.7,1.1,3.0,2.4,3.4,1.6
2025-01-10,sc2502,586.1,11.1,4.6,4.2,4.4,3.6,3.1,2.8,2.2,2.1,4.4,1.8
2025-01-13,sc2502,613.7,10.0,7.3,7.8,7.0,5.7,6.1,2.9,3.0,2.9,3.1,0.7
2025-01-14,sc2502,620.4,10.4,9.3,9.1,7.5,5.6,6.3,4.9,2.5,4.7,5.2,1.5
2025-01-15,sc2502,630.8,9.3,12.1,14.2,10.3,7.0,7.8,3.5,2.5,1.6,5.2,1.8
2025-01-16,sc2502,644.3,11.2,13.4,13.9,11.6,9.1,7.0,6.4,4.0,3.3,3.5,1.3
2025-01-17,sc2502,642.2,13.0,11.8,12.7,10.9,8.1,6.4,8.3,6.1,5.2,3.9,2.7
2025-01-20,sc2502,640.8,16.0,12.0,13.5,10.7,8.1,5.4,8.0,5.6,4.7,3.4,1.1
2025-01-21,sc2502,661.0,41.8,15.1,13.8,10.0,7.5,7.2,6.2,3.8,4.0,1.9,1.9
2025-01-22,sc2502,680.6,63.1,14.0,14.2,11.4,8.8,6.7,6.8,2.8,2.5,2.4,3.0
2025-01-23,sc2502,683.2,65.8,13.7,12.6,11.5,8.4,5.7,6.3,3.1,5.0,2.3,2.0
2025-01-24,sc2502,647.7,38.2,12.7,10.9,9.2,6.5,5.1,5.6,3.2,3.3,4.1,2.4
2025-01-27,sc2502,621.0,19.0,10.6,11.2,9.9,6.9,6.7,4.5,4.3,2.4,4.4,2.2
2025-02-05,sc2503,602.3,11.7,12.7,9.7,8.0,1.1,2.9,9.4,-2.1,18.2,-5.8,1.8
2025-02-06,sc2503,598.2,16.0,11.8,9.6,7.0,4.8,3.5,2.4,2.3,4.0,5.2,2.7
2025-02-07,sc2503,599.7,17.3,11.9,9.7,7.1,5.5,4.4,2.7,3.2,4.2,3.5,2.3
2025-02-10,sc2503,606.4,22.7,13.0,9.4,6.5,4.5,3.0,2.1,3.7,5.3,3.1,3.7
2025-02-11,sc2503,616.8,28.6,12.0,8.6,6.4,3.7,3.7,3.4,4.5,3.3,2.8,5.2
2025-02-12,sc2503,620.5,27.8,10.3,7.3,5.7,3.9,4.1,4.2,3.7,4.2,3.9,5.2
2025-02-13,sc2503,605.1,28.4,6.5,6.0,4.6,3.5,4.1,3.3,3.3,3.8,4.0,4.7
2025-02-14,sc2503,594.0,27.2,6.4,5.7,4.2,3.3,3.7,4.2,2.8,1.8,3.6,2.3
2025-02-17,sc2503,602.5,40.2,5.9,4.8,3.7,3.8,3.4,2.9,3.2,3.3,2.7,1.5
2025-02-18,sc2503,605.6,45.3,4.7,4.0,4.0,3.2,2.1,2.8,3.6,3.2,2.8,2.1
2025-02-19,sc2503,614.3,51.5,4.7,3.7,4.0,3.1,3.0,2.1,3.7,3.6,3.7,1.8
